InchiKey,Canonical_SMILES
ZUQBAQVRAURMCL-DOMZBBRYSA-N,C1[C@H](CNC2=C1C(=O)N=C(N2)N)CCC3=CC=C(C=C3)C(=O)N[C@@H](CCC(=O)O)C(=O)O
BCFGMOOMADDAQU-UHFFFAOYSA-N,CS(=O)(=O)CCNCC1=CC=C(O1)C2=CC3=C(C=C2)N=CN=C3NC4=CC(=C(C=C4)OCC5=CC(=CC=C5)F)Cl
VHXNKPBCCMUMSW-FQEVSTJZSA-N,CC[C@@]1(C2=C(COC1=O)C(=O)N3CC4=CC5=C(C=CC=C5[N+](=O)[O-])N=C4C3=C2)O
FJLRGFADCXTJNV-UHFFFAOYSA-N,CC(C(C1=CC2=C(C=C1)SCC2)O)NCCCCC3=CC=CC=C3
FJLRGFADCXTJNV-CAWMZFRYSA-N,CC([C@H](C1=CC2=C(C=C1)SCC2)O)NCCCCC3=CC=CC=C3
DDYJDIHOSRTMSE-FLIBITNWSA-N,CNC(=S)N/N=C\1/N(C(=O)CS1)CC=C
UVNHKOOJXSALHN-ILQPJIFQSA-N,C[C@@H]1CC[C@H]2[C@H]([C@H](O[C@H]3[C@@]24[C@H]1CC[C@](O3)(OO4)C)OCC5=CC=C(C=C5)C(=O)O)C
IZZYUABKZYIINT-UHFFFAOYSA-N,CC1=NSC(=C1)NC(=O)C(=O)C2=C3C=CC=CN3C(=C2)CC4=CC=C(C=C4)C#N
FUXVKZWTXQUGMW-FQEVSTJZSA-N,CC[C@@]1(C2=C(COC1=O)C(=O)N3CC4=CC5=C(C=CC=C5N=C4C3=C2)N)O
ZYJBOSYROBLSKR-UHFFFAOYSA-N,CC1=NC2=CC=CC=C2N1C3CC4CCC(C3)N4CCC5(CCN(CC5)C(=O)C6=CC(=C(C=C6Cl)F)S(=O)(=O)NC(C)(C)C)C7=CC(=CC=C7)F
NHUBNGBTNGRPMH-MFOYZWKCSA-N,C1=CC(=CC=C1C(=O)/C(=C/C2=C(C=C(C=C2)Cl)Cl)/N3C=CN=C3)Cl
LLVLMYRWABCVEU-UHFFFAOYSA-N,CC1=C2C(=CC(=C1N3CCC4=CC=CC=C4C3)N)C(=O)C(=CN2C5CC5)C(=O)O
OLCWFLWEHWLBTO-HSZRJFAPSA-N,C1[C@H](N(CC2=C(N1CC3=CN=CN3)C=CC(=C2)C#N)S(=O)(=O)C4=CC=CS4)CC5=CC=CC=C5
UARVFMMJGJJSNR-UHFFFAOYSA-N,CC(C)(C)NC(=O)NC1=C(C=C2C=NC(=NC2=N1)NC3=CC4=NSN=C4C=C3)C5=C(C=CC=C5Cl)Cl
YZQRAQOSAPWELU-UHFFFAOYSA-O,CC1=C2C=C[N+](=CC2=C(C3=C1NC4=C3C=C(C=C4)O)C)C
ZUQBAQVRAURMCL-IUODEOHRSA-N,C1[C@H](CNC2=C1C(=O)N=C(N2)N)CCC3=CC=C(C=C3)C(=O)N[C@H](CCC(=O)O)C(=O)O
ZUQBAQVRAURMCL-UHFFFAOYSA-N,C1C(CNC2=C1C(=O)N=C(N2)N)CCC3=CC=C(C=C3)C(=O)NC(CCC(=O)O)C(=O)O
ZHJGWYRLJUCMRT-QGZVFWFLSA-N,C[C@H](C1=CC=CC=C1C(F)(F)F)OC2=C(SC(=C2)N3C=NC4=C3C=C(C=C4)CN5CCN(CC5)C)C(=O)N
AYCPARAPKDAOEN-LJQANCHMSA-N,CC1=NC2=C(C(=N1)NC3=NNC4=C3CN(C4(C)C)C(=O)N[C@H](CN(C)C)C5=CC=CC=C5)SC=C2
QHADVLVFMKEIIP-UHFFFAOYSA-N,CC1=CC=C(C(=O)N1C2=CC=C(C=C2)F)C(=O)NC3=CC(=C(C=C3)OC4=C(C=C5C(=C4)C=NN5C)C6=CNN=C6)F
JMOVFFLYGIQXMM-UHFFFAOYSA-N,CC1=CC(=C(C2=C1C=CC=N2)O)Br
YLJOVCWVJCDPLN-UHFFFAOYSA-N,CC(C)OP(=O)(C(CC1=CC(=C(C(=C1)C(C)(C)C)O)C(C)(C)C)P(=O)(OC(C)C)OC(C)C)OC(C)C
HSQAARMBHJCUOK-UHFFFAOYSA-N,C1C2CC3CC1CC(C2)(C3)CNC(=O)C4=C(C=CC(=C4)CCCNCCCO)Cl
YVIUVYJJSZFGCX-LJQANCHMSA-N,CC(=O)N1C[C@H](C2=CC=CC=C21)CCN3CCC(=CC3)C4=CNC5=C4C=CC(=C5)Cl
DCRWIATZWHLIPN-UHFFFAOYSA-N,CC1=CC(=NN1)NC2=NC(=NC3=CC=CC=C32)C(C4=CC=C(C=C4)F)O
DCRWIATZWHLIPN-KRWDZBQOSA-N,CC1=CC(=NN1)NC2=NC(=NC3=CC=CC=C32)[C@H](C4=CC=C(C=C4)F)O
JPOJKNJIKXMZRB-UHFFFAOYSA-N,C1C(=O)NCN1C(=O)C2=NN(C(=C2)C3=CC(=CC(=C3)Cl)F)C4=CC(=C(C=C4)F)Cl
QWLNINWUBHHOLU-UHFFFAOYSA-N,CN1C2=C(C(=C(C1=O)C(=O)NCCO)O)N=CC(=C2)CC3=CC=C(C=C3)F
XJHSMFDIQHVMCY-UHFFFAOYSA-M,C(C(C(=O)[O-])S)C(=O)O.[Au+]
IXWNTLSTOZFSCM-YVACAVLKSA-N,COC1=C(C=C(C=C1)/C=C\C2=CC(=C(C(=C2)OC)OC)OC)NC(=O)[C@H](CO)N
REOJLIXKJWXUGB-UHFFFAOYSA-N,CCCCC1C(=O)NN(C1=O)C2=CC=CC=C2
UJEAABFSXKCSGI-UHFFFAOYSA-N,C1CN(CCC1OC2=C(C=CC(=C2)F)Br)C3=NOC(=C3)C4=NN(N=N4)CC(=O)O
SYYBDNPGDKKJDU-ZDUSSCGKSA-N,CC1=CC(=C(C=C1Br)NC(=O)NC2=NC=C(N=C2)C)OC[C@@H]3CNCCO3
SYYBDNPGDKKJDU-UHFFFAOYSA-N,CC1=CC(=C(C=C1Br)NC(=O)NC2=NC=C(N=C2)C)OCC3CNCCO3
PRXXYMVLYKJITB-IZZDOVSWSA-N,CN1C=C(C=N1)C2=CC=C(C=C2)S(=O)(=O)N3C=CC(=C3)/C=C/C(=O)NC4=CC=CC=C4N
VFUXSYAXEKYYMB-UHFFFAOYSA-N,CCC1=C(C(=C(C=C1O)O)C(=O)C2=CC(=C(C=C2)OCCN3CCOCC3)OC)CC(=O)N(CCOC)CCOC
HXGBXQDTNZMWGS-RUZDIDTESA-N,C1CN(C[C@@H]1C(C2=CC=CC=C2)(C3=CC=CC=C3)C(=O)N)CCC4=CC5=C(C=C4)OCC5
OGWKCGZFUXNPDA-CFWMRBGOSA-N,CC[C@@]1(C[C@H]2C[C@@](C3=C(CCN(C2)C1)C4=CC=CC=C4N3)(C5=C(C=C6C(=C5)[C@]78CCN9[C@H]7[C@@](C=CC9)([C@H]([C@@]([C@@H]8N6C=O)(C(=O)OC)O)OC(=O)C)CC)OC)C(=O)OC)O
OGWKCGZFUXNPDA-VCNVWOPNSA-P,CC[C@@]1(CC2C[C@@](C3=C(CC[NH+](C2)C1)C4=CC=CC=C4N3)(C5=C(C=C6C(=C5)C78CC[NH+]9[C@H]7[C@@](C=CC9)(C([C@@](C8N6C=O)(C(=O)OC)O)OC(=O)C)CC)OC)C(=O)OC)O
AHBKIEXBQNRDNL-UHFFFAOYSA-N,CC(=O)C12C(CC3C1(CCC4C3CCC5=CC(=O)CCC45C)C)OC(O2)(C)C6=CC=CC=C6
XKFTZKGMDDZMJI-HSZRJFAPSA-N,CN1CCN(CC1)C2=CC=C(C=C2)C(=O)NC3=NNC4=C3CN(C4)C(=O)[C@@H](C5=CC=CC=C5)OC
LFUMGIOQKSBEQA-UHFFFAOYSA-N,C1CCC2=C(CC1)SC(=C2C#N)NC(=O)CCl
ZEUITGRIYCTCEM-QGZVFWFLSA-N,CNCC[C@H](C1=CC=CS1)OC2=CC=CC3=CC=CC=C32
ZEUITGRIYCTCEM-KRWDZBQOSA-N,CNCC[C@@H](C1=CC=CS1)OC2=CC=CC3=CC=CC=C32
GUBJNPWVIUFSTR-UHFFFAOYSA-N,CN(C)CC(=O)N1CCC(CC1)C2=CC(=C(C=C2)NC(=O)C3=NC=C(N3)C#N)C4=CCCCC4
ISZNZKHCRKXXAU-UHFFFAOYSA-N,CC(C)N=C(N)N=C(N)NC1=CC(=C(C=C1)Cl)Cl
JXLYSJRDGCGARV-CFWMRBGOSA-N,CC[C@@]1(C[C@H]2C[C@@](C3=C(CCN(C2)C1)C4=CC=CC=C4N3)(C5=C(C=C6C(=C5)[C@]78CCN9[C@H]7[C@@](C=CC9)([C@H]([C@@]([C@@H]8N6C)(C(=O)OC)O)OC(=O)C)CC)OC)C(=O)OC)O
GDHMBNWVLWMONW-UHFFFAOYSA-N,C1CCC2=C(C1)C3=C(S2)N=C(NC3=O)CCl
CZRCFAOMWRAFIC-UHFFFAOYSA-N,CCCCCCCCCCCCCCOC1=CC=C(O1)C(=O)O
QXWKHSSBFQDQPR-UHFFFAOYSA-N,CCCCCCCCCCCCCCCCNC1=CC=C(C=C1)C(=O)O
AOCCBINRVIKJHY-UHFFFAOYSA-N,CCCCCCNC(=O)N1C=C(C(=O)NC1=O)F
JUSFANSTBFGBAF-IRXDYDNUSA-N,C[C@H]1COCCN1C2=NC(=NC3=C2C=CC(=N3)C4=CC(=CC=C4)C(=O)NC)N5CCOC[C@@H]5C
DOMWKUIIPQCAJU-LJHIYBGHSA-N,CCCCCC(=O)O[C@@]1(CC[C@@H]2[C@@]1(CC[C@H]3[C@H]2CCC4=CC(=O)CC[C@]34C)C)C(=O)C
DOMWKUIIPQCAJU-JKPPDDDBSA-N,CCCCCC(=O)O[C@@]1(CCC2[C@@]1(CCC3C2CCC4=CC(=O)CC[C@]34C)C)C(=O)C
DOMWKUIIPQCAJU-RNAXJELESA-N,CCCCCC(=O)O[C@@]1(CCC2C1(CCC3C2CCC4=CC(=O)CCC34C)C)C(=O)C
HHJUWIANJFBDHT-NYPCZBSSSA-N,CC[C@@]1(CC2C[C@@](C3=C(CCN(C2)C1)C4=CC=CC=C4N3)(C5=C(C=C6C(=C5)[C@]78CCN9[C@H]7[C@@](C=CC9)([C@H]([C@@]([C@@H]8N6C)(C(=O)N)O)O)CC)OC)C(=O)OC)O
JWQOJVOKBAAAAR-UHFFFAOYSA-N,COC1=C(C=C(C=C1)C2=CC3=NC=CN3C(=N2)NC4=C(C=CC=N4)C(=O)N)OC
SYBONVBDFTYUQP-UHFFFAOYSA-N,C1CCCC2=C(CC1)C=C(C(=O)N2CC3CCCCC3)C(=O)NC4=NC(=CS4)CCC(=O)O
WYBNGERDAGUCOY-UHFFFAOYSA-N,C1=CC=C(C=C1)C2=NOC(=C2)N3C=C(C4=CC=CC=C43)CN5C=CN=C5
WVLHHLRVNDMIAR-IBGZPJMESA-N,C1C[C@@H](C2=C(C1)C=CC=N2)N(CCCCN)CC3=NC4=CC=CC=C4N3
WVLHHLRVNDMIAR-UHFFFAOYSA-N,C1CC(C2=C(C1)C=CC=N2)N(CCCCN)CC3=NC4=CC=CC=C4N3
GWWLWDURRGNSRS-UHFFFAOYSA-N,CC1(C2=CC=CC=C2C(=CCCN(C)C)C3=CC=CC=C31)C
VSJKWCGYPAHWDS-FQEVSTJZSA-N,CC[C@@]1(C2=C(COC1=O)C(=O)N3CC4=CC5=CC=CC=C5N=C4C3=C2)O
VSJKWCGYPAHWDS-HXUWFJFHSA-N,CC[C@]1(C2=C(COC1=O)C(=O)N3CC4=CC5=CC=CC=C5N=C4C3=C2)O
PLDUPXSUYLZYBN-UHFFFAOYSA-N,C1CN(CCN1CCCN2C3=CC=CC=C3SC4=C2C=C(C=C4)C(F)(F)F)CCO
KXDROGADUISDGY-UHFFFAOYSA-N,C1=CC=C(C=C1)CN=C(N)NC(=O)C2=C(N=C(C(=N2)Cl)N)N
KDGFLJKFZUIJMX-UHFFFAOYSA-N,CCC1=CC2=C(C=C1N3CCC(CC3)N4CCOCC4)C(C5=C(C2=O)C6=C(N5)C=C(C=C6)C#N)(C)C
MMSNEKOTSJRTRI-LLVKDONJSA-N,C[C@H](C#CC1=CC=C(S1)CC2=CC=C(C=C2)F)N(C(=O)N)O
ZKRWPAYTJMRKLJ-BTYIYWSLSA-N,CC1=C(OC=N1)C2=NN=C(N2C)SCCCN3C[C@@H]4C[C@@]4(C3)C5=C(C=C(C=C5)C(F)(F)F)F
TWHSQQYCDVSBRK-UHFFFAOYSA-N,CC1=C2C(=CC=C1)C(=C3C=CC=C(C3=N2)C(=O)NC)NC4=C(C=C(C=C4)NS(=O)(=O)C)OC
WRADPCFZZWXOTI-BMRADRMJSA-N,CCCCCCCC/C(=C\CCCCCCCC(=O)O)/[N+](=O)[O-]
CUDUXVBVSUAOTK-VEOFNUSFSA-N,CC(C)[C@@H](C(=O)OC[C@@H]1[C@H]([C@H]([C@@H](O1)N2C=C(C(=O)NC2=O)F)O)O)N
CUDUXVBVSUAOTK-UHFFFAOYSA-N,CC(C)C(C(=O)OCC1C(C(C(O1)N2C=C(C(=O)NC2=O)F)O)O)N
ZVXNYZWXUADSRV-UHFFFAOYSA-N,CCCCCCCCN=C1C=CN(C=C1)CCCCCCCCCCN2C=CC(=NCCCCCCCC)C=C2
IJTPLVAAROHGGB-UHFFFAOYSA-N,CC1=NC2=C(C=C1)C(=CC(=C2OC(=O)C3=CC=CC=C3)Br)Br
RJIWZDNTCBHXAL-UHFFFAOYSA-N,C1=CC2=C(C=CC(=C2N=C1)O)[N+](=O)[O-]
OYVAGSVQBOHSSS-UHFFFAOYSA-O,CC1=C(N=C(N=C1N)C(CC(=O)N)NCC(C(=O)N)N)C(=O)NC(C(C2=CN=CN2)OC3C(C(C(C(O3)CO)O)O)OC4C(C(C(C(O4)CO)O)OC(=O)N)O)C(=O)NC(C)C(C(C)C(=O)NC(C(C)O)C(=O)NCCC5=NC(=CS5)C6=NC(=CS6)C(=O)NCCC[S+](C)C)O
ATEBXHFBFRCZMA-VXTBVIBXSA-N,C[C@H]1/C=C/C=C(\C(=O)NC2=C3C(=NC4(N3)CCN(CC4)CC(C)C)C5=C(C2=O)C(=C(C6=C5C(=O)[C@](O6)(O/C=C/[C@@H]([C@H]([C@H]([C@@H]([C@@H]([C@@H]([C@H]1O)C)O)C)OC(=O)C)C)OC)C)C)O)/C
KUXUALPOSMRJSW-IFWQJVLJSA-N,C1=CC(=CC=C1N/C(=N/C(=NCCCCCCN=C(/N=C(/NC2=CC=C(C=C2)Cl)\N)N)N)/N)Cl.C(O)[C@@H](O)[C@@H](O)[C@H](O)[C@@H](O)C(=O)O
GMJFVGRUYJHMCO-UHFFFAOYSA-N,C1=CC(=C(C=C1C(=N)N)Br)OCCCOC2=C(C=C(C=C2)C(=N)N)Br
HRHKSTOGXBBQCB-AQWFHMNCSA-N,CC1=C(C(=O)C2=C(C1=O)N3C[C@@H]4[C@H](C3([C@H]2COC(=O)N)OC)N4C)N
HRHKSTOGXBBQCB-UHFFFAOYSA-N,CC1=C(C(=O)C2=C(C1=O)N3CC4C(C3(C2COC(=O)N)OC)N4C)N
HRHKSTOGXBBQCB-VFWICMBZSA-N,CC1=C(C(=O)C2=C(C1=O)N3C[C@H]4[C@@H]([C@@]3([C@@H]2COC(=O)N)OC)N4C)N
BODKAQWWZBLGOU-UHFFFAOYSA-N,C1=CC=C(C=C1)[Hg+]
GZKLJWGUPQBVJQ-UHFFFAOYSA-N,C1CN(CCC1C2=CN(C3=C2C=C(C=C3)Cl)C4=CC=C(C=C4)F)CCN5CCNC5=O
ICUTUKXCWQYESQ-UHFFFAOYSA-N,C1=CC(=CC=C1NC(=O)NC2=CC(=C(C=C2)Cl)Cl)Cl
RTHCYVBBDHJXIQ-UHFFFAOYSA-N,CNCCC(C1=CC=CC=C1)OC2=CC=C(C=C2)C(F)(F)F
RTHCYVBBDHJXIQ-MRXNPFEDSA-N,CNCC[C@H](C1=CC=CC=C1)OC2=CC=C(C=C2)C(F)(F)F
RTHCYVBBDHJXIQ-INIZCTEOSA-N,CNCC[C@@H](C1=CC=CC=C1)OC2=CC=C(C=C2)C(F)(F)F
WDFKMLRRRCGAKS-UHFFFAOYSA-N,C1=CC2=C(C(=C(C=C2Cl)Cl)O)N=C1
ZADGGFKUEYIBJC-UHFFFAOYSA-N,CC1CCC(C(C1)OC(=O)C[N+](C)(C)CCCCCCCCCC[N+](C)(C)CC(=O)OC2CC(CCC2C(C)C)C)C(C)C
YMVWGSQGCWCDGW-UHFFFAOYSA-N,CN(C)CCCNC1=C2C(=NC3=CC=CC=C31)C=CC=C2[N+](=O)[O-]
HNTGDFCASLOZEZ-UHFFFAOYSA-N,CC1=C(C(=O)C2=C(C1=O)N3CC4C(C3(C2COC(=O)N)OC)N4)NC5=CC=C(C=C5)O
HNTGDFCASLOZEZ-PGDDNOQISA-N,CC1=C(C(=O)C2=C(C1=O)N3C[C@@H]4[C@H]([C@]3([C@H]2COC(=O)N)OC)N4)NC5=CC=C(C=C5)O
YEWQCWVEXRSMSB-UHFFFAOYSA-M,CC(=O)O[Hg]C1=C(C=CC(=C1)C(C)(C)CC(C)(C)C)O
YZPOQCQXOSEMAZ-UHFFFAOYSA-N,CN(C)CC1=NC2=C(C=C1)C(=CC(=C2O)Cl)Cl
LPFFKRSIFTURFF-SUMWQHHRSA-N,CC1=C(C(=CN2C1=C(C=C(C2=O)C(=O)O)C3CC3)F)N4C[C@@H]5CCCN[C@@H]5C4
RGTPDNXJDCPXAB-UHFFFAOYSA-N,CCCCCCCCN=C1C=CN(C=C1)CCCCCCCC
GABVDWALKPAUEQ-UHFFFAOYSA-M,C1=CC=C(C(=C1)O)[Hg]Cl
QGYGTMZEJNOHNU-UHFFFAOYSA-N,CN(C1=CC=C(C=C1)Cl)C2=CC=[N+](C3=CC=CC=C32)CC4=CC=C(C=C4)C5=CC=C(C=C5)C[N+]6=CC=C(C7=CC=CC=C76)N(C)C8=CC=C(C=C8)Cl
JQXXHWHPUNPDRT-WLSIYKJHSA-N,C[C@H]1/C=C/C=C(\C(=O)NC2=C(C(=C3C(=C2O)C(=C(C4=C3C(=O)[C@](O4)(O/C=C/[C@@H]([C@H]([C@H]([C@@H]([C@@H]([C@@H]([C@H]1O)C)O)C)OC(=O)C)C)OC)C)C)O)O)/C=N/N5CCN(CC5)C)/C
MJJALKDDGIKVBE-UHFFFAOYSA-N,CC(C)(C)C1=CC=C(C=C1)C(=O)CCCN2CCC(CC2)OC(C3=CC=CC=C3)C4=CC=CC=C4
QHMWCHQXCUNUAK-UHFFFAOYSA-N,C1=CC=C(C=C1)C(C2=CC=C(C=C2)F)(C3=CC=CC=C3F)N4C=CN=C4
HJYYPODYNSCCOU-SKSZWDJVSA-N,C[C@H]1/C=C/C=C(C(=O)NC2=CC(=C3C(=C2O)C(=C(C4=C3C(=O)[C@](O4)(O/C=C/[C@@H]([C@H]([C@H]([C@@H]([C@@H]([C@@H]([C@H]1O)C)O)C)OC(=O)C)C)OC)C)C)O)O)C
HJYYPODYNSCCOU-ODRIEIDWSA-N,C[C@H]1/C=C/C=C(\C(=O)NC2=CC(=C3C(=C2O)C(=C(C4=C3C(=O)[C@](O4)(O/C=C/[C@@H]([C@H]([C@H]([C@@H]([C@@H]([C@@H]([C@H]1O)C)O)C)OC(=O)C)C)OC)C)C)O)O)/C
JEGGQYICWGMXOZ-GMPMKFSHSA-N,CC1/C=C/C=C(\C(=O)NC2=C(C(=C3C(=C2O)C(=C(C4=C3C(=O)C(O4)(O/C=C/C(C(C(C(C(C(C1O)C)O)C)OC(=O)C)C)OC)C)C)O)O)/C=N/N=C/N5CCCCC5)/C
VEZJRJGLFIXQHG-UHFFFAOYSA-N,C1=CC=C2C(=C1)NC(=N2)C3=NC4=CC=CC=C4N3
ROWSTIYZUWEOMM-UHFFFAOYSA-N,CN(C)CCNC1=NC2=C(C=CC(=C2)O)C3=C1C(=O)C4=CC=CC=C43
WDZCUPBHRAEYDL-GZAUEHORSA-N,C[C@H]1/C=C/C=C(\C(=O)NC2=C(C(=C3C(=C2O)C(=C(C4=C3C(=O)[C@](O4)(O/C=C/[C@@H]([C@H]([C@H]([C@@H]([C@@H]([C@@H]([C@H]1O)C)O)C)OC(=O)C)C)OC)C)C)O)O)/C=N/N5CCN(CC5)C6CCCC6)/C
BUXNKFNNJJTLOS-UHFFFAOYSA-N,CCCCOC(=O)CS(=O)C1=NC2=C(S1)N=CC=C2
CJILPKIVYILOEF-UHFFFAOYSA-N,CN(C)C1=CC=C(C=C1)[P+](CCCCl)(C2=CC=C(C=C2)N(C)C)C3=CC=C(C=C3)N(C)C
QAWIHIJWNYOLBE-OKKQSCSOSA-N,C1[C@H](ON=C1Cl)[C@@H](C(=O)O)N
QAWIHIJWNYOLBE-UHFFFAOYSA-N,C1C(ON=C1Cl)C(C(=O)O)N
WXJFKKQWPMNTIM-VWLOTQADSA-N,CCCCCCCCCCCCCCCCOCCCOP(=O)(CO[C@@H](CN1C=CC(=NC1=O)N)CO)O
WXUUCRLKXQMWRY-UHFFFAOYSA-N,C1CC2COCC1N2C3=NC(=NC(=N3)N4CCOCC4)C5=CC=C(C=C5)NC(=O)NC6=CC=NC=C6
CNVPBZZBCDUDPL-NSHDSACASA-N,C[C@@H](C1=NC=C(C=C1)F)NC2=NC(=C(C=C2C#N)F)NC3=CC(=NN3)OC(C)C
XSIOKTWDEOJMGG-UHFFFAOYSA-O,C[N+]1=C2C=C(C=CC2=CC3=C1C=C(C=C3)N)N
AUZONCFQVSMFAP-UHFFFAOYSA-N,CCN(CC)C(=S)SSC(=S)N(CC)CC
XDXDZDZNSLXDNA-TZNDIEGXSA-N,C[C@H]1[C@H]([C@H](C[C@@H](O1)O[C@H]2C[C@@](CC3=C2C(=C4C(=C3O)C(=O)C5=CC=CC=C5C4=O)O)(C(=O)C)O)N)O
XDRYMKDFEDOLFX-UHFFFAOYSA-N,C1=CC(=CC=C1C(=N)N)OCCCCCOC2=CC=C(C=C2)C(=N)N
CFCUWKMKBJTWLW-OQCYXQHVSA-N,CC1C(C(CC(O1)OC2CC(OC(C2O)C)OC3=CC4=CC5=C(C(=O)[C@H]([C@@H](C5)[C@@H](C(=O)[C@H]([C@@H](C)O)O)OC)OC6CC(C(C(O6)C)O)OC7CC(C(C(O7)C)O)OC8CC(C(C(O8)C)O)(C)O)C(=C4C(=C3C)O)O)O)O
CFCUWKMKBJTWLW-BKHRDMLASA-N,C[C@@H]1[C@H]([C@@H](C[C@@H](O1)O[C@@H]2C[C@@H](O[C@@H]([C@H]2O)C)OC3=CC4=CC5=C(C(=O)[C@H]([C@@H](C5)[C@@H](C(=O)[C@H]([C@@H](C)O)O)OC)O[C@H]6C[C@H]([C@@H]([C@H](O6)C)O)O[C@H]7C[C@H]([C@H]([C@H](O7)C)O)O[C@H]8C[C@]([C@@H]([C@H](O8)C)O)(C)O)C(=C4C(=C3C)O)O)O)O
IFFPICMESYHZPQ-UHFFFAOYSA-N,CC(CC1=CC=CC=C1)NCCC(C2=CC=CC=C2)C3=CC=CC=C3
KIVUHCNVDWYUNP-UHFFFAOYSA-N,C1=CC=C2C(=C1)C=CC3=C2C=C(C4=CC=CC=C34)N
RANJJVIMTOIWIN-UHFFFAOYSA-N,CC(C)C(=O)NC1=CC=C(C=C1)C2=C(C3=C(S2)N(C=C(C3=O)C(=O)OC(C)C)CC4=C(C=CC=C4F)F)CN(C)CC5=CC=CC=C5
USZYSDMBJDPRIF-IBTSQXAUSA-N,CC[C@]1(C[C@@H](C2=C(C3=C(C=C2[C@H]1C(=O)OC)C(=O)C4=C(C3=O)C(=CC=C4)O)O)O[C@H]5CC([C@@H](C(O5)C)O[C@H]6CC([C@@H](C(O6)C)O[C@H]7CCC(=O)C(O7)C)O)N(C)C)O
USZYSDMBJDPRIF-SVEJIMAYSA-N,CC[C@]1(C[C@@H](C2=C(C3=C(C=C2[C@H]1C(=O)OC)C(=O)C4=C(C3=O)C(=CC=C4)O)O)O[C@H]5C[C@@H]([C@@H]([C@@H](O5)C)O[C@H]6C[C@@H]([C@@H]([C@@H](O6)C)O[C@H]7CCC(=O)[C@@H](O7)C)O)N(C)C)O
PDOQBOJDRPLBQU-QMMMGPOBSA-N,CC1=CC(=NN1)NC2=NC(=NC=C2Cl)N[C@@H](C)C3=NC=C(C=N3)F
OHUHVTCQTUDPIJ-JYCIKRDWSA-N,C[C@@H]1COCCN1C2=NC(=NC(=C2)C3(CC3)[S@](=N)(=O)C)C4=C5C=CNC5=NC=C4
OHUHVTCQTUDPIJ-RNHBAAACSA-N,C[C@@H]1COCCN1C2=NC(=NC(=C2)C3(CC3)S(=N)(=O)C)C4=C5C=CNC5=NC=C4
AILRADAXUVEEIR-UHFFFAOYSA-N,CN1CCN(CC1)C2CCN(CC2)C3=CC(=C(C=C3)NC4=NC=C(C(=N4)NC5=CC=CC=C5P(=O)(C)C)Cl)OC
NNBGCSGCRSCFEA-UHFFFAOYSA-N,COCCN1CCC(CC1)N(CC2=CC=C(C=C2)C3=CC=C(C=C3)C(F)(F)F)C(=O)CN4C5=CC=CC=C5C(=O)C=C4SCC6=C(C(=CC=C6)F)F
MPMZSZMDCRPSRF-UHFFFAOYSA-N,CC1=NN=C2N1C3=C(C=C(S3)C#CCN4C5=CC=CC=C5C6=CC=CC=C6C4=O)C(=NC2)C7=CC=CC=C7Cl
RXBWRFDZXRAEJT-SZNOJMITSA-N,CC(C)[C@@H](C(=O)N[C@@H](CC1=CC=CC=C1)[C@@H](CN2CC[C@H](C[C@H]2C(=O)NC(C)(C)C)OCC3=CC=NC=C3)O)NC(=O)C4=NC5=CC=CC=C5C=C4
WQUZPRFCWILZJO-AREMUKBSSA-N,C1COC2=C1C=C(C=C2)[C@@H]3C4=C(CN3C5=NC=C(C=N5)C6=CC=CC=N6)C(=O)C7=CC=CC=C7N4
VGIQUSQBXZXBGW-UHFFFAOYSA-N,CCN(CC)CCN(CC1=CC=C(C=C1)C2=CC=C(C=C2)C(F)(F)F)C(=O)CN3C=C(C(=O)N=C3SCC4=CC=C(C=C4)F)CC5=CN(N=C5)C
AZZRFSWIWLKNLQ-UHFFFAOYSA-N,COC1=CC=C(C2=CC=CC=C21)NC(=NC3=CC=C4CCC5=C4C3=CC=C5)N
MOXXQFNQDDSJHT-UHFFFAOYSA-N,CNC(=O)COC1=CC=CC(=C1)NC2=NC=C(C(=N2)NC3=CC4=C(C=C3)OC(C(=O)N4)(F)F)F
KSUDUUBCXJUFRL-SFHVURJKSA-N,C=CC(=O)N1CCC[C@@H](C1)N2C3=NC=NC(=C3N(C2=O)C4=CC=C(C=C4)OC5=CC=CC=C5)N
BBIPVJCGIASXJB-PKTZIBPZSA-N,CN1C(=O)C2=C(N(N=C2N3C1=N[C@H]4[C@@H]3CCC4)CC5=CC=C(C=C5)C6=NC(=CC=C6)F)NC7=CC=CC=C7
YYACLQUDUDXAPA-MRXNPFEDSA-N,C1CN(C[C@@H]1F)S(=O)(=O)NC2=C(C(=C(C=C2)F)C(=O)C3=CNC4=C3C=C(C=N4)C5=CN=C(N=C5)C6CC6)F
QQKKPWJFHBFCTH-UHFFFAOYSA-N,CN1C=C(C2=CC=CC=C21)C3=C(C(=O)NC3=O)C4=C5CC(CCN5C6=CC=CC=C64)CN
NGFFVZQXSRKHBM-FKBYEOEOSA-N,C1CC(=O)NC2=NC=CC(=C21)OC3=CC4=C(C=C3)O[C@H]5[C@@H]4[C@@H]5C6=NC7=C(N6)C=C(C=C7)C(F)(F)F
UCBSXTTUNYWOCC-UHFFFAOYSA-N,C1CCCC(CCC1)NC2=CC(=O)C3=C(C2=O)C=CC=N3
VHZNMKYXMGMYLV-RUINGEJQSA-N,CCC[C@@H](C(=O)NC1CCN(C1)C2=C(C=C3C4=C2OC5=CC=CC=C5N4C=C(C3=O)C(=O)O)F)N
ODEDPKNSRBCSDO-UHFFFAOYSA-N,CCCCCCCCCCCCCCCCSCC(COC)COP(=O)([O-])OCC[N+](C)(C)C
OVDSPTSBIQCAIN-UHFFFAOYSA-N,CN(C)C1CCN(CC1)C2=CC(=C(C=C2)NC3=NC=C(C(=N3)NC4=CC=CC=C4P(=O)(C)C)Cl)OC
QVFVAKQHELFATN-UHFFFAOYSA-N,CCCCC1=C(C(=O)N(C(=N1)C)CC2=C(C=CS2)C(=O)OC)CC3=CC=C(C=C3)C4=CC=CC=C4C5=NNN=N5
BKJIXTWSNXCKJH-UHFFFAOYSA-N,CN(C(=S)C1=CC=CC=C1)NC(=O)CC(=O)NN(C)C(=S)C2=CC=CC=C2
CHILCFMQWMQVAL-UHFFFAOYSA-N,C1=CC(=C(C=C1Cl)C(=O)NC2=CC(=CC(=C2)C(F)(F)F)C(F)(F)F)O
ULRDYYKSPCRXAJ-KRWDZBQOSA-N,C[C@@H](CNS(=O)(=O)C(C)C)C1=CC=C(C=C1)C2=CC=C(C=C2)CCNS(=O)(=O)C
YABJJWZLRMPFSI-UHFFFAOYSA-N,CN1C2=C(C=C(C=C2)OC3=CC(=NC=C3)C4=NC=C(N4)C(F)(F)F)N=C1NC5=CC=C(C=C5)C(F)(F)F
SJFBTAPEPRWNKH-CCKFTAQKSA-N,B([C@H](CC(C)C)NC(=O)[C@H]([C@@H](C)O)NC(=O)C1=CC=CC(=N1)C2=CC=CC=C2)(O)O
KASDHRXLYQOAKZ-XDSKOBMDSA-N,CC[C@@H]1/C=C(/C[C@@H](C[C@@H]([C@@H]2[C@H](C[C@H]([C@@](O2)(C(=O)C(=O)N3CCCC[C@H]3C(=O)O[C@@H]([C@@H]([C@H](CC1=O)O)C)/C(=C/[C@@H]4CC[C@@H]([C@@H](C4)OC)Cl)/C)O)C)OC)OC)C)\C
JBPUGFODGPKTDW-SFHVURJKSA-N,COC1=C(C=CC(=C1)NC(=O)NC2=CC=CC(=C2)CNC(=O)O[C@H]3CCOC3)C4=CN=CO4
GEZHEQNLKAOMCA-RRZNCOCZSA-N,CC(=CCC[C@@]1(C=CC2=C(C3=C(C(=C2O1)CC=C(C)C)O[C@@]45[C@H]6C[C@@H](C=C4C3=O)C(=O)[C@@]5(OC6(C)C)C/C=C(/C)\C(=O)O)O)C)C
DNTVJEMGHBIUMW-IBGZPJMESA-N,C[C@@H](C1=CC=C(C=C1)C(=O)NCCC(=O)O)N2C(=CC(=N2)C3=CC(=CC(=C3)Cl)Cl)C4=CC5=C(C=C4)C=C(C=C5)OC
PIMQWRZWLQKKBJ-SFHVURJKSA-N,CCC1=C2N=C(C=C(N2N=C1)NCC3=C[N+](=CC=C3)[O-])N4CCCC[C@H]4CCO
QTWZICCBKBYHDM-UHFFFAOYSA-N,CN(C)C1=CC2=C(C=C1)NC3=C(S2)C=C(C=C3)N(C)C
RJCWBNBKOKFWNY-IDPLTSGASA-N,C[C@@]12CC[C@]3(CCC(C[C@H]3[C@H]1C(=O)C=C4[C@]2(CC[C@@H]5[C@@]4(C=C(C(=O)C5(C)C)C#N)C)C)(C)C)NC(=O)C(C)(F)F
CTMCWCONSULRHO-UHQPFXKFSA-N,C[C@H]1[C@H]([C@H](C[C@@H](O1)O[C@H]2C[C@@](CC3=C2C(=C4C(=C3O)C(=O)C5=C(C4=O)C(=CC=C5)OC)O)(C(=O)CO)O)N6CCO[C@@H](C6)OC)O
UOBYJVFBFSLCTQ-UHFFFAOYSA-N,CN1CCOCCN(S(=O)(=O)NC(=O)C2=CC3=C(C=C2)C(=C4N3CC(=CC5=C4C=CC(=C5)OC)C1=O)C6CCCCC6)C
JSLORBCSMVYNTA-XBXARRHUSA-N,COCCOCOC1=C(C=C(C=C1)C(=O)/C=C/C2=CC=C(C=C2)C(=O)O)C34CC5CC(C3)CC(C5)C4
KPEUDULLQDHKAZ-VROINQGHSA-N,CC(C)S(=O)(=O)OC1=CC2=C(C=C1)[C@H]3CC[C@]4([C@H]([C@@H]3CC2)CC[C@]4(C#C)O)C
DVNQWYLVSNPCJZ-UHFFFAOYSA-N,CN1C(=CC=N1)C2=CC=C(C=C2)SC3=CC=CC(=C3)C4(CCOCC4)C(=O)N
GDCJHDUWWAKBIW-UHFFFAOYSA-N,CN(C)CCS(=O)(=O)NC1=CC=C(C=C1)C2=NC(=NC(=N2)N3CCOCC3)N4C5=C(C(=CC=C5)OC)N=C4C(F)F
QRGHOAATPOLDPF-BYICEURKSA-N,C1[C@@H]2[C@@H](C2NCC3=NC4=C(C=C3)C=C(C=C4)F)CN1C5=NC=C(C=N5)C(=O)NO
AIUJHENHBJHHMY-UHFFFAOYSA-N,CCCCCN(CCC12CC3CC(C1)CC(C3)C2)C(=O)NCCCC4=CC=NC=C4
UTDAKQMBNSHJJB-JWGURIENSA-N,C1CC2=C(/C(=N\NC(=S)N3CCN(CC3)C4=CC=CC=N4)/C1)N=CC=C2
UTDAKQMBNSHJJB-CJLVFECKSA-N,C1CC2=C(/C(=N/NC(=S)N3CCN(CC3)C4=CC=CC=N4)/C1)N=CC=C2
ZFUDULLGKXSPPH-UHFFFAOYSA-N,CC1=C(C(=O)C(=CC1=O)CCCCCCCCCC[P+](C2=CC=CC=C2)(C3=CC=CC=C3)C4=CC=CC=C4)C
DPHUWDIXHNQOSY-UHFFFAOYSA-N,CC(=O)C1=CC2=C(O1)C(=O)C3=CC=CC=C3C2=O
MBQKTLYFUYNAPZ-FEZMQHRXSA-N,C[C@@H]1C(=O)N[C@H](C(=O)N([C@H](C(=O)N[C@H](C(=O)N([C@H]2CC3=CC=C(C=C3)OC4=C(C=CC(=C4)C[C@@H](C(=O)N1)N(C2=O)C)OC)C)C)CC5=CC=C(C=C5)OC)C)C
JPLQUMVXDBHHSG-UHFFFAOYSA-N,CC1=CC(=C(C(=C1)C)N(C)CC(=O)NC2=NC=C(N2)C3=CC=CC=N3)C
NIRXBXIPHUTNNI-UHFFFAOYSA-N,CC1=C(C2=C(N1)C=CC(=C2)F)C3=NC4=C5C=CC=NC5=C6C(=C4N3)C=CC=N6
RBTBFTRPCNLSDE-UHFFFAOYSA-N,CN(C)C1=CC2=C(C=C1)N=C3C=CC(=[N+](C)C)C=C3S2
NEUSVAOJNUQRTM-UHFFFAOYSA-N,CCCCCCCCCCCCCCCC[N+]1=CC=CC=C1
ONIQOQHATWINJY-UHFFFAOYSA-N,COC1=CC2=C(C=CN=C2C=C1OC)OC3=CC=C(C=C3)NC(=O)C4(CC4)C(=O)NC5=CC=C(C=C5)F
FWFGIHPGRQZWIW-SQNIBIBYSA-N,CC(C)C[C@H]([C@@H](C(=O)NO)O)C(=O)N[C@@H](C1=CC=CC=C1)C(=O)OC2CCCC2
FWFGIHPGRQZWIW-ABHNRTSZSA-N,CC(C)CC([C@@H](C(=O)NO)O)C(=O)NC(C1=CC=CC=C1)C(=O)OC2CCCC2
FONCZICQWCUXEB-RUZDIDTESA-N,CC1=CC(=CC(=C1O[C@H](CC2=CC=CC=C2)C(=O)O)C)C3=C4C(=C(SC4=C(C5=CC=CC=C53)Br)C)C
RDALZZCKQFLGJP-UHFFFAOYSA-N,CC1=CC2=C(C=CC=C2N1C3=NC4=C(COCC4)C(=N3)NCC5=CC=CC=C5)C(=O)N
FASLTMSUPQDLIB-MHZLTWQESA-N,CC1=CC(=CC(=C1C2=CC=C(C=C2)C(C)(C)C)C)O[C@@H](CCC(F)(F)F)C3=CC=C(C=C3)C(=O)NCCC(=O)O
POERAARDVFVDLO-QGZVFWFLSA-N,C[C@@H]1CN(CCN1C2=NC=C(N=C2)C(C)(C)O)C3=NN=C(C(=C3C)C)CC4=CC=CC=C4
ZZQMUJGZCZTLQD-UHFFFAOYSA-N,CCCCCCCCN=C(N)NC(=NCC1=CC(=C(C=C1)Cl)Cl)N
SUJUHGSWHZTSEU-FYBSXPHGSA-N,CCC[C@]1(CC(=C(C(=O)O1)[C@H](CC)C2=CC(=CC=C2)NS(=O)(=O)C3=NC=C(C=C3)C(F)(F)F)O)CCC4=CC=CC=C4
MPUQHZXIXSTTDU-QXGSTGNESA-N,C1CC2=CC=CC=C2[C@H]1NC3=C4C=CN(C4=NC=N3)[C@@H]5C[C@H]([C@H](C5)O)COS(=O)(=O)N
VZXULFIUJKSVJY-UHFFFAOYSA-N,CCCCCCCCCCCCCCCCCC[S+](CCC)C1=CC=CC=C1C(=O)OCC
TXGZJQLMVSIZEI-UQMAOPSPSA-N,C[C@@]12CC[C@]3(CCC(C[C@H]3[C@H]1C(=O)C=C4[C@]2(CC[C@@H]5[C@@]4(C=C(C(=O)C5(C)C)C#N)C)C)(C)C)C(=O)O
TXGZJQLMVSIZEI-BOPWVZDGSA-N,C[C@@]12CC[C@]3(CCC(CC3C1C(=O)C=C4[C@]2(CCC5[C@@]4(C=C(C(=O)C5(C)C)C#N)C)C)(C)C)C(=O)O
KMSKQZKKOZQFFG-YXRRJAAWSA-N,C[C@H]1[C@H]([C@H](C[C@@H](O1)O[C@H]2C[C@@](CC3=C2C(=C4C(=C3O)C(=O)C5=C(C4=O)C(=CC=C5)OC)O)(C(=O)CO)O)N)O[C@@H]6CCCCO6
VLULRUCCHYVXOH-UHFFFAOYSA-N,CC1=CC=CC=C1CN2C(=O)C3=C(CCN(C3)CC4=CC=CC=C4)N5C2=NCC5
JTZZSQYMACOLNN-VDWJNHBNSA-N,CC1=C(C=CC2=C1N=C(C=C2O[C@@H]3C[C@@H]4[C@@H](C3)C(=O)N(CCCC/C=C\[C@@H]5C[C@]5(NC4=O)C(=O)NS(=O)(=O)C6CC6)C)C7=NC(=CS7)C(C)C)OC
FBWNMEQMRUMQSO-UHFFFAOYSA-N,CCCCCCCCCC1=CC=C(C=C1)OCCOCCOCCOCCOCCOCCOCCOCCOCCO
KPZQRBACZSLMPH-UHFFFAOYSA-N,CC1=C(C2=C(CCC(O2)(C)CN3CCN(CC3)C4=NC(=NC(=C4)N5CCCC5)N6CCCC6)C(=C1O)C)C
YYLKOELWSMRYHV-VXLYETTFSA-N,C/C(=N\NC(=S)NNC(=S)NC1=CC=CC=C1Cl)/C2=CC=CC=N2
NZOONKHCNQFYCI-UHFFFAOYSA-N,CC(C)(C)SC1=C(N(C2=C1C=C(C=C2)OCC3=NC4=CC=CC=C4C=C3)CC5=CC=C(C=C5)Cl)CC(C)(C)C(=O)O
YTAOBBFIOAEMLL-REQDGWNSSA-N,C1[C@H](S/C(=C(\C#N)/N2C=CN=C2)/S1)C3=C(C=C(C=C3)Cl)Cl
MXAYKZJJDUDWDS-LBPRGKRZSA-N,B([C@H](CC(C)C)NC(=O)CNC(=O)C1=C(C=CC(=C1)Cl)Cl)(O)O
OHRURASPPZQGQM-GCCNXGTGSA-N,C/C=C\1/C(=O)N[C@H](C(=O)O[C@H]\2CC(=O)N[C@@H](C(=O)N[C@H](CSSCC/C=C2)C(=O)N1)C(C)C)C(C)C
OHRURASPPZQGQM-HXFRDVPDSA-N,C/C=C\1/C(=O)N[C@H](C(=O)O[C@H]\2CC(=O)NC(C(=O)N[C@H](CSSCC/C=C2)C(=O)N1)C(C)C)C(C)C
VPTONMHDLLMOOV-UHFFFAOYSA-N,CC1=NC=CN1C2=CC=C(C=C2)SC3=CC=CC(=C3)C4(CCOCC4)C(=O)N
XHVAWZZCDCWGBK-WYRLRVFGSA-M,C([C@@H]1[C@H]([C@@H]([C@H]([C@H](O1)[S-])O)O)O)O.[Au+]
SIYLLGKDQZGJHK-UHFFFAOYSA-N,CC(C)(C)CC(C)(C)C1=CC=C(C=C1)OCCOCC[N+](C)(C)CC2=CC=CC=C2
AIIXYCDTEGICEE-HZVAOYAWSA-N,C[C@]12CC[C@H]3[C@H]([C@@H]1CC[C@]2(C#C)O)CC[C@@H]4[C@@]3(CC5=CN6C7=CC=CC=C7N=C6N=C5C4)C
BLSQLHNBWJLIBQ-ANWICMFUSA-N,CC(C)N1CCN(CC1)C2=CC=C(C=C2)OCC3CO[C@@](O3)(CN4C=NC=N4)C5=C(C=C(C=C5)Cl)Cl
BLSQLHNBWJLIBQ-OZXSUGGESA-N,CC(C)N1CCN(CC1)C2=CC=C(C=C2)OC[C@H]3CO[C@](O3)(CN4C=NC=N4)C5=C(C=C(C=C5)Cl)Cl
BLSQLHNBWJLIBQ-ZEQKJWHPSA-N,CC(C)N1CCN(CC1)C2=CC=C(C=C2)OC[C@@H]3CO[C@@](O3)(CN4C=NC=N4)C5=C(C=C(C=C5)Cl)Cl
ONJQDTZCDSESIW-UHFFFAOYSA-N,CCCCCCCCCCCCOCCOCCOCCOCCOCCOCCOCCOCCOCCO
MPYLDWFDPHRTEG-PAAYLBSLSA-N,C[C@]12CC/C(=N\OCCN)/C[C@@H]1C(=O)C[C@@H]3[C@@H]2CC[C@]4([C@H]3CCC4=O)C
SPBDXSGPUHCETR-JFUDTMANSA-N,CC[C@H](C)[C@@H]1[C@H](CC[C@@]2(O1)C[C@@H]3C[C@H](O2)C/C=C(/[C@H]([C@H](/C=C/C=C/4\CO[C@H]5[C@@]4([C@@H](C=C([C@H]5O)C)C(=O)O3)O)C)O[C@H]6C[C@@H]([C@H]([C@@H](O6)C)O[C@H]7C[C@@H]([C@H]([C@@H](O7)C)O)OC)OC)\C)C.C[C@H]1CC[C@]2(C[C@@H]3C[C@H](O2)C/C=C(/[C@H]([C@H](/C=C/C=C/4\CO[C@H]5[C@@]4([C@@H](C=C([C@H]5O)C)C(=O)O3)O)C)O[C@H]6C[C@@H]([C@H]([C@@H](O6)C)O[C@H]7C[C@@H]([C@H]([C@@H](O7)C)O)OC)OC)\C)O[C@@H]1C(C)C
AZSNMRSAGSSBNP-WBOWAXCQSA-N,CCC(C)[C@@H]1[C@H](CC[C@@]2(O1)CC3C[C@H](O2)C/C=C(/[C@H]([C@H](/C=C/C=C/4\CO[C@H]5[C@@]4([C@@H](C=C([C@H]5O)C)C(=O)O3)O)C)O[C@H]6C[C@@H]([C@H]([C@@H](O6)C)O[C@H]7C[C@@H]([C@H]([C@@H](O7)C)O)OC)OC)\C)C
WOVTUUKKGNHVFZ-UHFFFAOYSA-N,C1=CC=C2C(=C1)C3=CC=CC=C3C2=CC4=CC=C(C=C4)C(=N)N
BURHGPHDEVGCEZ-KJGLQBJMSA-N,CC/C(=C(/C1=CC=C(C=C1)/C=C/C(=O)O)\C2=CC3=C(C=C2)NN=C3)/C4=C(C=C(C=C4)F)Cl
BLZRQJYPLPCJTR-KWCYVHTRSA-N,CC(C)C[C@H]([C@@H](C(=O)NO)O)C(=O)N[C@H](C1=NOC(=N1)C2=CC=CS2)C(C)(C)C
VXHRQVMQVYQGQG-UHFFFAOYSA-N,C1=CC=C(C=C1)CC2=CN=C3C(=C2C4=CC(=CC=C4)OCC5=CC=C(C=C5)CC(=O)O)C=CC=C3C(F)(F)F
ZSERTYLZGRJLOO-QGZVFWFLSA-N,C1CC(C1)C[C@H](C2=CC(=C(C(=C2)Cl)OCC(F)(F)F)C3=CC=C(C=C3)C(F)(F)F)C(=O)O
RWZVMMQNDHPRQD-SFTDATJTSA-N,COC1=C(C=C2C(=C1)C(=O)N3CC(=C)C[C@H]3C=N2)OCCCOC4=C(C=C5C(=C4)N=C[C@@H]6CC(=C)CN6C5=O)OC
XMAYWYJOQHXEEK-NASUQTAISA-N,CC(=O)N1CCN(CC1)C2=CC=C(C=C2)OCC3CO[C@](O3)(CN4C=CN=C4)C5=C(C=C(C=C5)Cl)Cl
XMAYWYJOQHXEEK-ZEQKJWHPSA-N,CC(=O)N1CCN(CC1)C2=CC=C(C=C2)OC[C@@H]3CO[C@@](O3)(CN4C=CN=C4)C5=C(C=C(C=C5)Cl)Cl
XMAYWYJOQHXEEK-OZXSUGGESA-N,CC(=O)N1CCN(CC1)C2=CC=C(C=C2)OC[C@H]3CO[C@](O3)(CN4C=CN=C4)C5=C(C=C(C=C5)Cl)Cl
WPTTVJLTNAWYAO-KPOXMGGZSA-N,C[C@@]12CC[C@]3(CCC(C[C@H]3[C@H]1C(=O)C=C4[C@]2(CC[C@@H]5[C@@]4(C=C(C(=O)C5(C)C)C#N)C)C)(C)C)C(=O)OC
WPTTVJLTNAWYAO-GPJRJPTMSA-N,C[C@@]12CC[C@]3(CCC(CC3C1C(=O)C=C4[C@]2(CCC5C4(C=C(C(=O)C5(C)C)C#N)C)C)(C)C)C(=O)OC
SWHNZGMQMGFQGW-MSOLQXFVSA-N,CC1=NC(=C(C(=N1)N2CCN3CCOC[C@@H]3C2)F)NNC(=O)[C@H](CC4CCCC4)CN(C=O)O
MSCWLMXCFHMGMN-SHUXQVCQSA-N,C/C(=C/C(=O)O)/C(=C/C1=CC2=CC3=C(C=C2C=C1)C(CCC3(C)C)(C)C)/C4=CC(=CC=C4)C(=O)O
BKESGYCEDGCSAV-UHFFFAOYSA-N,CS(=O)(=O)NC1=C(C=C(C=C1)CNC2=C(C=CC(=N2)C(F)(F)F)C3=CC(=NC=N3)OC4=C5C(=CC=C4)SC(=N5)N)F
LANOLOBXTHGFCJ-DWXAVSTPSA-N,CC1=C(C=C(C=C1)F)[C@H]2CC3=NC=CC(=C3/C(=N/N=C(N)N)/C2)C
TXGZJQLMVSIZEI-RTGQUWHWSA-N,C[C@@]12CC[C@@]3(CCC(C[C@H]3[C@H]1C(=O)C=C4[C@]2(CC[C@@H]5[C@@]4(C=C(C(=O)C5(C)C)C#N)C)C)(C)C)C(=O)O
QBSGXIBYUQJHMJ-UHFFFAOYSA-N,C1=CC(=CC=C1NC(=O)C2=C(C=CC(=C2)Br)O)Cl
ONKUMRGIYFNPJW-WKPVTEASSA-N,CC(=O)OC1CCC2C3CCC4(C(C3CCC2=C1)CC[C@]4(C#C)OC(=O)C)C
LVASCWIMLIKXLA-LSDHHAIUSA-N,C1C[C@H]([C@@H](NC1)CC(=O)CN2C=NC3=CC(=C(C=C3C2=O)Cl)Br)O
LVASCWIMLIKXLA-UHFFFAOYSA-N,C1CC(C(NC1)CC(=O)CN2C=NC3=CC(=C(C=C3C2=O)Cl)Br)O
LVASCWIMLIKXLA-CABCVRRESA-N,C1C[C@@H]([C@H](NC1)CC(=O)CN2C=NC3=CC(=C(C=C3C2=O)Cl)Br)O
KUFRQPKVAWMTJO-LMZWQJSESA-N,C[C@H]1C[C@@H]([C@@H]([C@H](/C=C(/[C@@H]([C@H](/C=C\C=C(\C(=O)NC2=CC(=O)C(=C(C1)C2=O)NCCN(C)C)/C)OC)OC(=O)N)\C)C)O)OC
UQOSBPRTQFFUOA-SRZZPIQSSA-N,CC1=C2C(=CC=C1)C3=C(N2)N=C(N=N3)N/N=C(\C)/C4=CC=CC=N4
KTQUNVRSLAGBSY-RRFJAZBJSA-N,C[C@]12CC[C@H]3[C@H]([C@@H]1CC[C@@H]2OC(=O)N(CCCl)N=O)CCC4=CC(=O)CC[C@H]34
NJSMWLQOCQIOPE-OCHFTUDZSA-N,C1NC(=NC1)N/N=C/C2=C3C(=C(C4=CC=CC=C24)/C=N/NC5=NCCN5)C=CC=C3
NJSMWLQOCQIOPE-JEGUCOMDSA-N,C1NC(=NC1)N/N=C\C2=C3C(=C(C4=CC=CC=C24)/C=N\NC5=NCCN5)C=CC=C3
OAKGNIRUXAZDQF-TXHRRWQRSA-O,C[C@H]1C[C@@H]([C@@H]([C@H](/C=C(/[C@@H]([C@H](/C=C\C=C(\C(=O)NC2=CC(=C(C(=C2O)C1)[NH2+]CC=C)O)/C)OC)OC(=O)N)\C)C)O)OC
CGBJSGAELGCMKE-UHFFFAOYSA-N,COC1=C(C=C(C=N1)C2=CC3=C(C=CN=C3C=C2)C4=CN=NC=C4)NS(=O)(=O)C5=C(C=C(C=C5)F)F
WHPAGCJNPTUGGD-UHFFFAOYSA-N,C=C(C1=CC=CC=C1OCC2=CC(=CC=C2)Cl)N3C=CN=C3
QXOPTIPQEVJERB-JQWIXIFHSA-N,CC1=C(SC(=C1)C(=O)N[C@@H](CCC(=O)O)C(=O)O)CC[C@H]2CC3=C(NC2)NC(=NC3=O)N
JHDKZFFAIZKUCU-ZRDIBKRKSA-N,CCCCC1=NC2=C(N1CCN(CC)CC)C=CC(=C2)/C=C/C(=O)NO
LAMIXXKAWNLXOC-INIZCTEOSA-N,CC(C)[C@@H](C1=CC=CC=C1)C(=O)NC2=CC=C(C=C2)C(=O)NO
SEERZIQQUAZTOL-ANMDKAQQSA-N,CC(C)C1=C(C(=C(C(=N1)C(C)C)COC)C2=CC=C(C=C2)F)/C=C/[C@H](C[C@H](CC(=O)O)O)O
PHBRSMBCWZLOFO-PBSXUYDUSA-N,CC[C@@H]1[C@@]2([C@@H]([C@H](C(=O)[C@@H](C[C@@]([C@@H]([C@H](C(=O)[C@H](C(=O)O1)C)C)O[C@H]3[C@@H]([C@H](C[C@H](O3)C)N(C)C)O)(C)OC)C)C)N(C(=O)O2)C4CN(C4)CC5=C6C(=NC=C5O)C=CC=N6)C
KSOVGRCOLZZTPF-QMKUDKLTSA-N,CC1=C(C=CC(=C1)NC2=NC=C(C(=N2)N[C@@H]3[C@@H]4C[C@H]([C@@H]3C(=O)N)C=C4)F)N5CCN(CC5)C
YPHMISFOHDHNIV-FSZOTQKASA-N,C[C@H]1C[C@@H](C(=O)[C@@H](C1)[C@@H](CC2CC(=O)NC(=O)C2)O)C
MPAZKXHCZWDZDY-FFNUKLMVSA-L,C1C(C1)C2=NC3=CC=CC=C3C(=C2/C=C/[C@@H](O)C[C@@H](O)CC(=O)[O-])C4=CC=C(C=C4)F.C1C(C1)C2=NC3=CC=CC=C3C(=C2/C=C/[C@@H](O)C[C@@H](O)CC(=O)[O-])C4=CC=C(C=C4)F.[Mg+2]
RHGYHLPFVJEAOC-MAGGFSPCSA-L,C1C(C1)C2=NC3=CC=CC=C3C(=C2/C=C/[C@H](O)C[C@H](O)CC(=O)[O-])C4=CC=C(C=C4)F.C1C(C1)C2=NC3=CC=CC=C3C(=C2/C=C/[C@@H](O)C[C@@H](O)CC(=O)[O-])C4=CC=C(C=C4)F.[Ca+2]
RHGYHLPFVJEAOC-FFNUKLMVSA-L,C1C(C1)C2=NC3=CC=CC=C3C(=C2/C=C/[C@@H](O)C[C@@H](O)CC(=O)[O-])C4=CC=C(C=C4)F.C1C(C1)C2=NC3=CC=CC=C3C(=C2/C=C/[C@@H](O)C[C@@H](O)CC(=O)[O-])C4=CC=C(C=C4)F.[Ca+2]
GKJCVYLDJWTWQU-CXLRFSCWSA-N,C[C@H](C1=C(C=NC=C1Cl)Cl)OC2=CC3=C(C=C2)NN=C3/C=C/C4=CN(N=C4)CCO
BWDQBBCUWLSASG-MDZDMXLPSA-N,C1=CC=C2C(=C1)C(=CN2)CCN(CCO)CC3=CC=C(C=C3)/C=C/C(=O)NO
FPOHNWQLNRZRFC-ZHACJKMWSA-N,CC1=C(C2=CC=CC=C2N1)CCNCC3=CC=C(C=C3)/C=C/C(=O)NO
PAWIYAYFNXQGAP-UHFFFAOYSA-N,CN1C=C(C2=CC=CC=C21)CNCC3CCN(CC3)C4=NC=C(C=N4)C(=O)NO
SFFSGPCYJCMDJM-UHFFFAOYSA-N,C1=CC=C2C(=C1)C(=O)N([Se]2)CCN3C(=O)C4=CC=CC=C4[Se]3
PBCZSGKMGDDXIJ-HQCWYSJUSA-N,C[C@@]12[C@@H]([C@@H](C[C@@H](O1)N3C4=CC=CC=C4C5=C6C(=C7C8=CC=CC=C8N2C7=C53)[C@H](NC6=O)O)NC)OC
KJNNWYBAOPXVJY-UHFFFAOYSA-N,CCCCC1=NC(=CN1C2=CC=C(C=C2)OC3=CC=C(C=C3)Cl)C4=CC=C(C=C4)OCCCN(CC)CC
AQSSMEORRLJZLU-UHFFFAOYSA-N,CC1=CC(=CC2=C1N=C(N=N2)NC3=CC=C(C=C3)OCCN4CCCC4)C5=C(C=CC(=C5)O)Cl
OBMJQRLIQQTJLR-USGQOSEYSA-N,C[C@H]1[C@H]([C@H](C[C@@H](O1)O[C@H]2C[C@@](CC3=C2C(=C4C(=C3O)C(=O)C5=C(C4=O)C(=CC=C5)OC)O)(/C(=N/NC(=O)CCCCCN6C(=O)C=CC6=O)/CO)O)N)O
OBMJQRLIQQTJLR-DNFUEQBLSA-N,C[C@H]1[C@H]([C@H](C[C@@H](O1)O[C@@H]2C[C@](CC3=C2C(=C4C(=C3O)C(=O)C5=C(C4=O)C(=CC=C5)OC)O)(/C(=N/NC(=O)CCCCCN6C(=O)C=CC6=O)/CO)O)N)O
OBMJQRLIQQTJLR-ZGSYAQDKSA-N,C[C@H]1[C@H]([C@H](CC(O1)O[C@H]2C[C@@](CC3=C2C(=C4C(=C3O)C(=O)C5=C(C4=O)C(=CC=C5)OC)O)(/C(=N/NC(=O)CCCCCN6C(=O)C=CC6=O)/CO)O)N)O
QULDDKSCVCJTPV-UHFFFAOYSA-N,CC1=CN=C(C(=C1OC)C)CN2C=NC3=C2N=C(N=C3Cl)N
ZOCKGBMQLCSHFP-KQRAQHLDSA-N,CCCCC(=O)OCC(=O)[C@]1(C[C@@H](C2=C(C1)C(=C3C(=C2O)C(=O)C4=C(C3=O)C=CC=C4OC)O)O[C@H]5C[C@@H]([C@@H]([C@@H](O5)C)O)NC(=O)C(F)(F)F)O
ZOCKGBMQLCSHFP-UHFFFAOYSA-N,CCCCC(=O)OCC(=O)C1(CC(C2=C(C1)C(=C3C(=C2O)C(=O)C4=C(C3=O)C=CC=C4OC)O)OC5CC(C(C(O5)C)O)NC(=O)C(F)(F)F)O
STQGQHZAVUOBTE-VGBVRHCVSA-N,C[C@H]1[C@H]([C@H](C[C@@H](O1)O[C@H]2C[C@@](CC3=C2C(=C4C(=C3O)C(=O)C5=C(C4=O)C(=CC=C5)OC)O)(C(=O)C)O)N)O
STQGQHZAVUOBTE-MFXFIFEASA-N,CC1C(C(CC(O1)OC2C[C@@](CC3=C2C(=C4C(=C3O)C(=O)C5=C(C4=O)C(=CC=C5)OC)O)(C(=O)C)O)N)O
HBQCEICSYDCGJG-SZXLQUARSA-N,C[C@H]1[C@H]([C@H](C[C@@H](O1)O[C@H]2C[C@@](CC3=C2C(=C4C(=C3O)C(=O)C5=C(C4=O)C(=CC=C5)OC)O)(C(=O)C)O)N)O.C1=CN(C(=O)N=C1N)[C@H]2[C@H]([C@@H]([C@H](O2)CO)O)O
STQGQHZAVUOBTE-XDNDZMDQSA-N,CC1[C@H]([C@H](C[C@@H](O1)O[C@H]2C[C@@](CC3=C2C(=C4C(=C3O)C(=O)C5=C(C4=O)C(=CC=C5)OC)O)(C(=O)C)O)N)O
HVXKQKFEHMGHSL-GOOCMWNKSA-N,CN1C[C@H]2CC(C[C@H]2C1)COC3=C(C=C4C(=C3)N=CN=C4NC5=C(C(=C(C=C5)Cl)Cl)F)OC
HBNPJJILLOYFJU-VMPREFPWSA-N,CC(C)[C@H]1C2=C(CC[C@@]1(CCN(C)CCCC3=NC4=CC=CC=C4N3)OC(=O)COC)C=C(C=C2)F
HBNPJJILLOYFJU-URLMMPGGSA-N,CC(C)[C@H]1C2=C(CC[C@]1(CCN(C)CCCC3=NC4=CC=CC=C4N3)OC(=O)COC)C=C(C=C2)F
BPVBTSVRULALAY-GUGJDKNPSA-O,CC1=C2C=C[N+](=CC2=C(C3=C1NC4=C3C=C(C=C4)O)C)[C@H]5[C@@H]([C@H]([C@H](CO5)O)O)O
YQZNKYXGZSVEHI-VXKWHMMOSA-N,CCOC(=O)[C@H](CC1=CC=C(C=C1)F)NC(=O)[C@H](CC2=CC=C(C=C2)N(CCCl)CCCl)N
GFQVFURAITYPCT-UHFFFAOYSA-N,COC1=CC=CC=C1N2CCN(CC2)CCCCN3C4=C(C=C(C=C4)CCN5CCC(CC5)C(=O)C6=CC=C(C=C6)F)SC3=O
RVJIQAYFTOPTKK-UHFFFAOYSA-N,CC(C)(C)CNCCN1C2=C(C(=NC=C2)N)N=C1SC3=CC4=C(C=C3N(C)C)OCO4
DJUFPMUQJKWIJB-UHFFFAOYSA-N,COC1=NC2=C(C3=C(C=C(C=C3)Cl)N=C2C=C1)NC4=CC(=C(C(=C4)CN5CCCC5)O)CN6CCCC6
CVRXLMUYFMERMJ-UHFFFAOYSA-N,C1=CC=NC(=C1)CN(CCN(CC2=CC=CC=N2)CC3=CC=CC=N3)CC4=CC=CC=N4
RVAQIUULWULRNW-UHFFFAOYSA-N,CC(C)C1=C(C=C(C(=C1)C2=NNC(=O)N2C3=CC4=C(C=C3)N(C=C4)C)O)O
IFRGXKKQHBVPCQ-UHFFFAOYSA-N,CC(C)C1=CC(=C(C=C1O)O)C(=O)N2CC3=C(C2)C=C(C=C3)CN4CCN(CC4)C
HWXVIOGONBBTBY-ONEGZZNKSA-N,C1CCN(C1)CCOC2=C3COC/C=C/COCC4=CC(=CC=C4)C5=NC(=NC=C5)NC(=C3)C=C2
VTGBZWHPJFMTKS-UHFFFAOYSA-N,CCC1=CC=C(C=C1)OCC2=CC=CC=C2C(=O)NC3=CC4=C(C=C(N=C4C=C3)C)N
QZVNQOLPLYWLHQ-ZEQKJWHPSA-N,CC1=C([C@H](C(=C(N1)C)C(=O)O[C@@H]2CCCN(C2)CC3=CC=CC=C3)C4=CC(=CC=C4)[N+](=O)[O-])C(=O)OC
BLMPQMFVWMYDKT-NZTKNTHTSA-N,CC(C)C[C@@H](C(=O)[C@]1(CO1)C)NC(=O)[C@H](CC2=CC=CC=C2)NC(=O)[C@H](CC(C)C)NC(=O)[C@H](CCC3=CC=CC=C3)NC(=O)CN4CCOCC4
HCIBTBXNLVOFER-UHFFFAOYSA-N,C1=CC=C(C=C1)C2=C(C2=O)C3=CC=CC=C3
GKIRPKYJQBWNGO-OCEACIFDSA-N,CCN(CC)CCOC1=CC=C(C=C1)/C(=C(\C2=CC=CC=C2)/Cl)/C3=CC=CC=C3
GKIRPKYJQBWNGO-QPLCGJKRSA-N,CCN(CC)CCOC1=CC=C(C=C1)/C(=C(/C2=CC=CC=C2)\Cl)/C3=CC=CC=C3
QTBWCSQGBMPECM-UHFFFAOYSA-N,CCN1C=C(C(=N1)C2=CC=C(C=C2)NC(=O)N(C)C)C3=C4C=C(NC4=NC=C3)C5=CC=CC(=C5)CN(C)C
DXDRHHKMWQZJHT-FPYGCLRLSA-N,C1=CC(=CC=C1/C=C/C(=O)C2=C(C=C(C=C2)O)O)O
HFHZKZSRXITVMK-UHFFFAOYSA-N,CCCCC1C(=O)N(N(C1=O)C2=CC=C(C=C2)O)C3=CC=CC=C3
XMYKNCNAZKMVQN-NYYWCZLTSA-N,C1=CC(=C(N=C1)/C=N/NC(=S)N)N
PBHFNBQPZCRWQP-QUCCMNQESA-N,C[C@@]12CCN([C@@H]1N(C3=C2C=C(C=C3)OC(=O)NC4=CC=CC=C4)C)C
PBHFNBQPZCRWQP-AZUAARDMSA-N,C[C@]12CCN([C@H]1N(C3=C2C=C(C=C3)OC(=O)NC4=CC=CC=C4)C)C
BFCDFTHTSVTWOG-YLJYHZDGSA-N,CCCCCCCCN[C@H](C)[C@H](C1=CC=C(C=C1)SC(C)C)O
NRUKOCRGYNPUPR-QBPJDGROSA-N,COC1=CC(=CC(=C1O)OC)[C@H]2[C@@H]3[C@H](COC3=O)[C@@H](C4=CC5=C(C=C24)OCO5)O[C@H]6[C@@H]([C@H]([C@H]7[C@H](O6)CO[C@H](O7)C8=CC=CS8)O)O
NRUKOCRGYNPUPR-OMLXZSNTSA-N,COC1=CC(=CC(=C1O)OC)[C@H]2C3C(COC3=O)[C@@H](C4=CC5=C(C=C24)OCO5)O[C@H]6[C@@H]([C@H](C7C(O6)COC(O7)C8=CC=CS8)O)O
NRUKOCRGYNPUPR-QKZSFNSFSA-N,COC1=CC(=CC(=C1O)OC)[C@H]2[C@@H]3C(COC3=O)C(C4=CC5=C(C=C24)OCO5)OC6C(C(C7C(O6)COC(O7)C8=CC=CS8)O)O
GUGOEEXESWIERI-UHFFFAOYSA-N,CC(C)(C)C1=CC=C(C=C1)C(CCCN2CCC(CC2)C(C3=CC=CC=C3)(C4=CC=CC=C4)O)O
HAGHKJDWBDSFKC-UHFFFAOYSA-N,CC(C)C1=NC(=C(C=C1)C(=O)C2=CC=CS2)SCCCCCCCCN(C)C
AIUHRQHVWSUTGJ-UHFFFAOYSA-N,CC(=O)OCCN1CCN(CC1)CCCN2C3=CC=CC=C3SC4=C2C=C(C=C4)Cl
ASSNCSVJAZEMQG-UHFFFAOYSA-N,CN(C)C(=O)C1=C(C2=C(N1)C=CC(=C2)Cl)CC3=CC4=C(O3)C(=C(C=C4CC5=CN=C(N=C5N)N)OC)OC
YTHQUBIKIOUZBQ-UHFFFAOYSA-N,CC(CO)(CO)NCC1=C2C=CC=C3C2=C(C=C1)C4=CC=CC=C43
RIKZRSJVZWKHNX-UHFFFAOYSA-N,CC1=CC2=C(C=C1)N(C(=C2C(=O)C(=O)NC3=CC(=NC=C3)OC)C)CC4=CC=C(C=C4)Cl
VMJKUCKTXMESQR-UHFFFAOYSA-N,CC1=C(C(=CC=C1)C(=O)N2CCC(CC2)N3CCC(CC3)CC4=CC=C(C=C4)S(=O)(=O)C5=CC(=CC=C5)Cl)N
WLAVZAAODLTUSW-UHFFFAOYSA-N,COCCNCC1=CN=C(C=C1)C2=CC3=NC=CC(=C3S2)OC4=C(C=C(C=C4)NC(=O)C5(CC5)C(=O)NC6=CC=C(C=C6)F)F
ODUBEYQKYAQFNS-UHFFFAOYSA-N,CC(CNC(=O)C1=CC=CC=C1SSC2=CC=CC=C2C(=O)NCC(C)O)O
OVSKGTONMLKNPZ-UHFFFAOYSA-N,CN1C=C(C2=CC=CC=C21)C3=C(C(=O)NC3=O)C4=CN(C5=C4C=CC(=C5)[N+](=O)[O-])C
ARMFEKPMFQQBNM-UHFFFAOYSA-N,CN(C)CCCOC(CCCCC1=CC=CC=C1)C2=CC=CC=C2
JURYTIUJMYPBNN-GKCIPKSASA-N,C[C@@H](C(=O)N[C@H]1C2=CC=CC=C2C3=CC=CC=C3N(C1=O)C)NC(=O)[C@H](C(C)C)O
CVASBKDYSQKLSO-UHFFFAOYSA-N,CC1=CC=C(C=C1)SC2=CC=CC=C2C3CCNCC3
ITAMRBIZWGDOHW-UHFFFAOYSA-N,CC(C)C1=CN2C=CC=CC2=C1S(=O)(=O)C3=CC=C(C=C3)OCCCN(C)CCC4=CC(=C(C=C4)OC)OC
WFPIAZLQTJBIFN-BLLMUTORSA-N,C1CN(CCN1CC/C=C/2\C3=CC=CC=C3SC4=C2C=C(C=C4)Cl)CCO
ZDUZYDDAHVZGCI-UHFFFAOYSA-N,CC1=C2C=CN=C(C2=CC3=C1N(C4=C3C=C(C=C4)O)C)C(=O)NCCN(C)C
YIBOKAQCZWKXIM-UHFFFAOYSA-N,C1CN(CCN1CCCC(C2=CC=C(C=C2)F)C3=CC=C(C=C3)F)CC(CNC4=CC=CC=C4)O
YIBOKAQCZWKXIM-NDEPHWFRSA-N,C1CN(CCN1CCCC(C2=CC=C(C=C2)F)C3=CC=C(C=C3)F)C[C@H](CNC4=CC=CC=C4)O
MCMSJVMUSBZUCN-UHFFFAOYSA-N,CC1=CC(=C(C(=C1)C)N=C2C=C3C4=CC(=C(C=C4CCN3C(=O)N2C)OC)OC)C
UWXSAYUXVSFDBQ-CYBMUJFWSA-N,C[C@@H]1COC(=N1)NC2=CC3=C(C=C2)N=CN=C3NC4=CC(=C(C=C4)OCC5=NC=CS5)Cl
UWXSAYUXVSFDBQ-UHFFFAOYSA-N,CC1COC(=N1)NC2=CC3=C(C=C2)N=CN=C3NC4=CC(=C(C=C4)OCC5=NC=CS5)Cl
HESAJCAYRSKRSG-UHFFFAOYSA-N,CN(C)CCN1C2=CC=CC=C2C(=C1C(=O)N3CCN(CC3)C4=CC=CC=C4Cl)C(C5=CC=C(C=C5)O)C6=CC=C(C=C6)O
QGQFNQWZHHSZIC-UHFFFAOYSA-N,CC1=C(C(=O)C(=C(N1)CO)C2=CC=C(C=C2)OC3=CC=C(C=C3)OC(F)(F)F)Cl
XEZLBMHDUXSICI-UHFFFAOYSA-N,CCN1CCC(CC1)OC2=C3C4=C(NC3=CN=C2C#N)N=CC=C4
FGJIDQWRRLDGDB-FRKPEAEDSA-N,CC1=C(C(CCC1)(C)C)CC/C(=C/CCC2=CCC(OC2O)C3=CC(=O)OC3O)/C
FGJIDQWRRLDGDB-RFUDPZKQSA-N,CC1=C(C(CCC1)(C)C)CC/C(=C/CCC2=CC[C@@H](OC2O)C3=CC(=O)OC3O)/C
GPKJTRJOBQGKQK-UHFFFAOYSA-N,CCN(CC)CCCC(C)NC1=C2C=C(C=CC2=NC3=C1C=CC(=C3)Cl)OC
RZFNKJVCPDLQQA-UHFFFAOYSA-N,CCN(CC)CCCC(C)NC1=C2C=C(C=CC2=NC3=C1C=CC(=C3)Cl)OC.O.O.Cl.Cl
YTMOQFAFGKLYIW-CONSDPRKSA-N,CC(C)COC(=O)[C@H](CC1=CC=CC=C1)NP(=O)(COCCN2C=NC3=C(N=C(N=C32)N)NC4CC4)N[C@@H](CC5=CC=CC=C5)C(=O)OCC(C)C
NIFUKBQRKNNRPL-OMCISZLKSA-N,CC(C)COC(=O)C1(C(NC(=O)NC1=O)O/N=C/C2=CC=CO2)F
VZBVEWNPFLFUCS-FXADVQPWSA-N,C[C@@H]1CN(CCN1C2=NC3=C(C=C(C=C3N2)C(F)(F)F)C4=CC(=C(C(=C4)F)F)F)C5=C(C=C(C=N5)C(CO)O)Cl
CVEGTZWWWRJCFK-UHFFFAOYSA-N,CN(CC1=CC=C(C=C1)S(=O)(=O)N2CCOCC2)C3=C4C=CC=C5C4=C(C=C3)N=C5N
LOLPPWBBNUVNQZ-UHFFFAOYSA-N,C1CC1NC(=O)NC2=C(NN=C2)C3=NC4=C(N3)C=C(C=C4)CN5CCOCC5
GBOQUHPYCRYKGV-UHFFFAOYSA-N,C1CCN(C1)CCN2C(=O)C3=CC=CC4=CC(=CC(=C43)C2=O)[N+](=O)[O-]
ADGGYDAFIHSYFI-UHFFFAOYSA-N,C1COCCN1C2=NC(=NC(=N2)C3=CN=C(C=C3C(F)(F)F)N)N4CCOCC4
ZVYVPGLRVWUPMP-VOIUYBSRSA-N,CC[C@]1(C2=C(COC1=O)C(=O)N3CC4=C5[C@@H](CCC6=C5C(=CC(=C6C)F)N=C4C3=C2)N)O
ZVYVPGLRVWUPMP-FYSMJZIKSA-N,CC[C@@]1(C2=C(COC1=O)C(=O)N3CC4=C5[C@H](CCC6=C5C(=CC(=C6C)F)N=C4C3=C2)N)O
OKWNVUAQDQVEOQ-UHFFFAOYSA-N,CCCCCCNC(=O)NC(=NCCCN1CCN(CC1)CCCN=C(N)NC(=O)NCCCCCC)N
CVAKNHIXTWLGJO-UHFFFAOYSA-N,CN1C=CN=C1SC2=C(C=C(C=C2)NC3=C(C=NC4=CC(=C(C=C43)OC)N5CCC(CC5)N6CCCC6)C#N)Cl
HWKQYGBAAMKHDY-UHFFFAOYSA-N,C1=CC=C(C=C1)S(=O)(=O)N2C3=CC=CC=C3C=C2C4(C=CC(=O)C=C4)O
KSMZEXLVHXZPEF-UHFFFAOYSA-N,CC1=CC2=C(N1)C=CC(=C2F)OC3=C4C=C(C(=CC4=NC=C3)OCC5(CC5)N)OC
YALNUENQHAQXEA-UHFFFAOYSA-N,CCN(CC)CC1=CC2=C(C=C1)C=C(C=C2)COC(=O)NC3=CC=C(C=C3)C(=O)NO
WEEYASWRWODDTJ-ZDUSSCGKSA-N,C1CSC2=C(N1CC3=CN=C4C(=N3)C(=NC(=N4)N)N)C=CC(=C2)C(=O)N[C@@H](CCCC(=O)O)C(=O)O
GCVFQRRBTCHIPK-UHFFFAOYSA-N,CC(C)C1=C(N(C2=CC=CC=C21)C)S(=O)(=O)C3=CC=C(C=C3)OCCCN(C)CCC4=CC(=C(C=C4)OC)OC
GXJABQQUPOEUTA-LDCVWXEPSA-N,B(C(CC(C)C)NC(=O)[C@@H](CC1=CC=CC=C1)NC(=O)C2=NC=CN=C2)(O)O
MPVGZUGXCQEXTM-UHFFFAOYSA-N,CC1=CC(=C(C=C1)F)NC(=O)NC2=CC=C(C=C2)C3=C4C(=CC=C3)NN=C4N
ALKJNCZNEOTEMP-UHFFFAOYSA-N,CC(C)C1=NOC(=C1)CNC2=NC(=CC(=N2)N3CCN(CC3)C)NC4=NNC(=C4)C5CC5
VERWOWGGCGHDQE-UHFFFAOYSA-N,CC1=CC(=C(C=C1C2CCNCC2)OC(C)C)NC3=NC=C(C(=N3)NC4=CC=CC=C4S(=O)(=O)C(C)C)Cl
UJJUKZPBUMCSJZ-BQYQJAHWSA-N,C1=CC=C2C(=C1)C=CC(=N2)/C=C/C(=O)C3=CC=NC=C3
WKDACQVEJIVHMZ-UHFFFAOYSA-N,CCS(=O)(=O)C1=CC=CC(=C1)C2=CC(=C(C3=C2C4=C(N3)N=CC(=C4)C)C)C(=O)NC5CCN(CC5)C
OQBORDVFGPUGDV-UHFFFAOYSA-N,C1=NC2=C(N1)C(=NC=N2)SC(=O)NCCCl
OIIMUKXVVLRCAF-UHFFFAOYSA-N,CC1=C(C(=O)C(=C(C1=O)OC)OC)CCCCCCCCCC[P+](C2=CC=CC=C2)(C3=CC=CC=C3)C4=CC=CC=C4
DMQYDVBIPXAAJA-VHXPQNKSSA-N,CCN1CCC(CC1)NC2=CC\3=C(C=C2)NC(=O)/C3=C(/C4=CC(=CC=C4)F)\C5=NC=C(N5)C
WPSYODSLCGCWDB-UHFFFAOYSA-N,CC(CC1=C(C=CC(=C1)OC)C#CC2=CC=CC=C2)NCCC3=CC(=CC(=C3)OC)OC
BOIPLTNGIAPDBY-UHFFFAOYSA-N,C1=CC(=CC=C1OCCCCCCN=C(NC#N)NC2=CC=NC=C2)Cl
RXXJCNMVVRGOJB-UHFFFAOYSA-O,COCCOCCOCCOCCOC(=O)OC[N+]1=CC=C(C=C1)NC(=NCCCCCCOC2=CC=C(C=C2)Cl)NC#N
LUPHOOKVGNVAFT-UHFFFAOYSA-N,C1C2CC3CC1CC(C2)(C3)C(=O)NC4=CC=C(C=C4)C5=NC6=C(N5)C=C(C=C6)C(=O)NC7=CC=CC=N7
ZUZPCOQWSYNWLU-VIFPVBQESA-N,C[C@@H](C(F)(F)F)NC1=C(C(=NC2=NC=NN12)Cl)C3=C(C=C(C=C3F)OCCCNC)F
FJHBVJOVLFPMQE-QFIPXVFZSA-N,CCC1=C2CN3C(=CC4=C(C3=O)COC(=O)[C@@]4(CC)O)C2=NC5=C1C=C(C=C5)O
QAGYKUNXZHXKMR-HKWSIXNMSA-N,CC1=C(C=CC=C1O)C(=O)N[C@@H](CSC2=CC=CC=C2)[C@@H](CN3C[C@H]4CCCC[C@H]4C[C@H]3C(=O)NC(C)(C)C)O
XEEQGYMUWCZPDN-DOMZBBRYSA-N,C1CCN[C@H](C1)[C@H](C2=CC(=NC3=C2C=CC=C3C(F)(F)F)C(F)(F)F)O
XEEQGYMUWCZPDN-UHFFFAOYSA-N,C1CCNC(C1)C(C2=CC(=NC3=C2C=CC=C3C(F)(F)F)C(F)(F)F)O
GHASVSINZRGABV-UHFFFAOYSA-N,C1=C(C(=O)NC(=O)N1)F
GHASVSINZRGABV-SFIIULIVSA-N,C1=C(C(=O)NC(=O)N1)[18F]
GXDALQBWZGODGZ-UHFFFAOYSA-N,COC1=CC=C(C=C1)CCN2CCC(CC2)NC3=NC4=CC=CC=C4N3CC5=CC=C(C=C5)F
OZSXWXGDJLBJQO-UHFFFAOYSA-N,CCCCCN=C(N)NC1=NC(=CS1)C2=CN=C(N2)C
MJOGWNMYQLVUOU-UHFFFAOYSA-N,CC(C)COC(=O)N(CCN(C)C)CC(=O)N(CC1=CC(=CC=C1)C(F)(F)F)C2=CC=CC=C2SC
OHUCIUMMEAYVKS-UHFFFAOYSA-N,CN(C)CCOC1=CC2=C(C=C1)NC(=C2)C(=O)NCC#CC3=CC=C(C=C3)C(=O)NO
NVVPMZUGELHVMH-UHFFFAOYSA-N,CCC1=C(C=CC(=C1)C(=O)N)N2C3=NC=CC(=C3C(=N2)C(C)C)N4C=C(N=C4)C5=CN(N=C5)C
SRIOCKJKFXAKHK-UHFFFAOYSA-N,C1C2=C(C=CC(=C2)N)N=C3N1C(=O)C4=CC=CC=C43
DUYNJNWVGIWJRI-LJAQVGFWSA-N,CC1=C([C@@H](OC2=C1C=CC(=C2)O)C3=CC=C(C=C3)OCCN4CCCCC4)C5=CC=C(C=C5)O
PMTSPAGBAFCORP-YAIMHKQCSA-N,CC1[C@H](C(C([C@H](O1)O[C@H]2CC[C@]3([C@@H](C2)CC[C@@H]4[C@@H]3CC[C@]5([C@@]4(CC[C@@H]5C6=CC(=O)OC6)O)C)C=O)O)OC)O
BJDCWCLMFKKGEE-DOUYTJENSA-N,C[C@@H]1CC[C@H]2[C@H]([C@H](O[C@H]3[C@]24[C@H]1CCC(O3)(OO4)C)O)C
BJDCWCLMFKKGEE-CMDXXVQNSA-N,C[C@@H]1CC[C@H]2[C@H]([C@H](O[C@H]3[C@@]24[C@H]1CC[C@@](O3)(OO4)C)O)C
BJDCWCLMFKKGEE-ISOSDAIHSA-N,C[C@@H]1CC[C@H]2[C@H]([C@H](O[C@H]3[C@@]24[C@H]1CC[C@](O3)(OO4)C)O)C
CVCSXPUVXCTFBC-UHFFFAOYSA-N,C1CN(CCC1OC2=CC=CC=C2)C3=NN=C(C=C3)/C(=N/O)/N
QROUIGQWVUTWFM-RWBWCDHPSA-N,CC(C)[C@@]12[C@@H](O1)[C@H]3[C@@]4(O3)[C@]5(CCC6=C([C@@H]5C[C@H]7[C@]4([C@@H]2OCOP(=O)(O)O)O7)COC6=O)C
LUOUCHOLMUUZBO-SVSXJNCISA-N,CCOC(=O)OC1=C(C=C(C=C1)/C=C/C=C/C(=O)NCCN2CCC(CC2)OC(C3=CC=CC=C3)C4=CC=CC=C4)OC
RCSLUNOLLUVOOG-NSHDSACASA-N,C[C@H]1CN2C3=C(CN1CC=C(C)C)C=C(C=C3N=C2S)Cl
FBOZXECLQNJBKD-ZDUSSCGKSA-N,CN(CC1=CN=C2C(=N1)C(=NC(=N2)N)N)C3=CC=C(C=C3)C(=O)N[C@@H](CCC(=O)O)C(=O)O
FBOZXECLQNJBKD-UHFFFAOYSA-N,CN(CC1=CN=C2C(=N1)C(=NC(=N2)N)N)C3=CC=C(C=C3)C(=O)NC(CCC(=O)O)C(=O)O
XBGNERSKEKDZDS-UHFFFAOYSA-N,CN(C)CCNC(=O)C1=CC=CC2=CC3=CC=CC=C3N=C21
XVAPNQFQPDAROQ-CAPSWCROSA-N,C[C@@H]1[C@H]([C@H](C[C@@H](O1)O[C@H]2CC[C@]3([C@@H](C2)CC[C@@H]4[C@@H]3CC[C@]5([C@@]4(C[C@@H]([C@@H]5C6=CC(=O)OC6)O)O)C)C)O)O[C@H]7C[C@@H]([C@@H]([C@H](O7)C)O[C@H]8C[C@@H]([C@@H]([C@H](O8)C)O[C@H]9[C@@H]([C@H]([C@@H]([C@H](O9)CO)O)O)O)OC(=O)C)O
WDJUZGPOPHTGOT-UHFFFAOYSA-N,CC1C(C(CC(O1)OC2C(OC(CC2O)OC3C(OC(CC3O)OC4CCC5(C(C4)CCC6C5CCC7(C6(CCC7C8=CC(=O)OC8)O)C)C)C)C)O)O
ZCTJIMXXSXQXRI-KYJUHHDHSA-N,CN1CCC2=CC(=C(C3=C2[C@@H]1CC4=CC(=C(C=C43)OC)OC5=CC(=C(C=C5C[C@H]6C7=CC(=C(C=C7CCN6C)OC)OC)OC)OC)OC)OC
ZCTJIMXXSXQXRI-UHFFFAOYSA-N,CN1CCC2=CC(=C(C3=C2C1CC4=CC(=C(C=C43)OC)OC5=CC(=C(C=C5CC6C7=CC(=C(C=C7CCN6C)OC)OC)OC)OC)OC)OC
FFRFGVHNKJYNOV-DOVUUNBWSA-N,CCC1=C[C@@H]2C[C@@](C3=C(CCN(C2)C1)C4=CC=CC=C4N3)(C5=C(C=C6C(=C5)[C@]78CCN9[C@H]7[C@@](C=CC9)([C@H]([C@@]([C@@H]8N6C)(C(=O)OC)O)OC(=O)C)CC)OC)C(=O)OC
FFRFGVHNKJYNOV-ULCYVWNCSA-N,CCC1=C[C@H]2C[C@@](C3=C(CCN(C2)C1)C4=CC=CC=C4N3)(C5=C(C=C6C(=C5)C78CCN9[C@H]7[C@@](C=CC9)([C@H]([C@@]([C@@H]8N6C)(C(=O)OC)O)OC(=O)C)CC)OC)C(=O)OC
FFRFGVHNKJYNOV-ZCIMLLHDSA-N,CCC1=C[C@H]2C[C@@](C3=C(CCN(C2)C1)C4=CC=CC=C4N3)(C5=C(C=C6C(=C5)[C@]78CCN9[C@H]7[C@@](C=CC9)([C@H]([C@@]([C@@H]8N6C)(C(=O)OC)O)OC(=O)C)CC)OC)C(=O)OC
FLBNLJLONKAPLR-DQSJHHFOSA-N,CCNC(=O)C#CC1=CC2=C(C=C1)/C(=C(\C3=CC=CC=C3)/NC4=CC=C(C=C4)CN(C)C)/C(=O)N2
ZDRFDHHANOYUTE-IOSLPCCCSA-N,CSC1=NC=NC2=C1N=CN2[C@H]3[C@@H]([C@@H]([C@H](O3)CO)O)O
QDYLMAYUEZBUFO-UHFFFAOYSA-N,CCCCCCCCCCCCCCCC[N+](C)(C)CC1=CC=CC=C1
HBXMSJLNXYLVTA-KCWPFWIISA-N,CC1=C([C@@H](C(=C(N1)C)C(=O)OCCCCNC[C@H](COC2=CC=CC=C2)O)C3=CC(=CC=C3)[N+](=O)[O-])C(=O)OC
HBXMSJLNXYLVTA-HOFKKMOUSA-N,CC1=C([C@@H](C(=C(N1)C)C(=O)OCCCCNC[C@@H](COC2=CC=CC=C2)O)C3=CC(=CC=C3)[N+](=O)[O-])C(=O)OC
FDMUNKXWYMSZIR-NQWKWHCYSA-N,C[C@@H]1CC[C@H]2[C@H]([C@@H](O[C@H]3[C@@]24[C@H]1CC[C@](O3)(OO4)C)N5CCS(=O)(=O)CC5)C
YANGEESWIGIKOP-UUWRZZSWSA-N,C1CCCN(CC1)CCCOC2=CC=C(C=C2)CCCCN3CCC[C@@H]3CN4C(=O)C5=CC=CC=C5C(=N4)CC6=CC=C(C=C6)Cl
NOMSFNRBXCWAIE-UHFFFAOYSA-N,CN(CCC(C1=CC=C(C=C1)F)C2=CC=C(C=C2)F)CCN(C)CC3=CC(=C(C(=C3)OC)OC)OC
QROONAIPJKQFMC-UHFFFAOYSA-N,CC1=CN=C(C2=C1NC3=C2C4=C(C=C3)C=C(C=C4)O)NCCCN(C)C
GISXTRIGVCKQBX-UHFFFAOYSA-N,CN1C2=C(C=C(C=C2)N(CCCl)CCCl)N=C1CCCCCCC(=O)NO
GMYLVKUGJMYTFB-UHFFFAOYSA-N,CCN1C(=O)CNC2=NC=C(N=C21)C3=C(N=C(C=C3)C4=NC=NN4)C
OCAXFDULERPAJM-UHFFFAOYSA-N,CN1C2CCC1CC(C2)OC(C3=CC=CC=C3)C4=CC=C(C=C4)Cl
GLFDLEXFOHUASB-UHFFFAOYSA-N,CCCCCCCCCCCCCC[N+](C)(C)C
MRFOPLWJZULAQD-SWGQDTFXSA-N,C1CN(CCC1(F)F)C(=O)C2=CC=C(C=C2)C3=CC(=C4C(=C3)C=C(O4)CNC(=O)/C=C/C5=CN=C(C=C5)N)C6=CC=C(C=C6)F
PHXJVRSECIGDHY-UHFFFAOYSA-N,CC1=C(C=C(C=C1)C(=O)NC2=CC(=C(C=C2)CN3CCN(CC3)C)C(F)(F)F)C#CC4=CN=C5N4N=CC=C5
MDSQOJYHHZBZKA-GBXCKJPGSA-N,CCOC(=O)[C@H](CC1=CC=C(C=C1)C2=CC(=NC(=N2)N)O[C@H](C3=C(C=C(C=C3)Cl)N4C=CC(=N4)C)C(F)(F)F)N
MDLAAYDRRZXJIF-UHFFFAOYSA-N,C1CN(CCC1(C2=CC(=C(C=C2)Cl)C(F)(F)F)O)CCCC(C3=CC=C(C=C3)F)C4=CC=C(C=C4)F
MLDQJTXFUGDVEO-UHFFFAOYSA-N,CNC(=O)C1=NC=CC(=C1)OC2=CC=C(C=C2)NC(=O)NC3=CC(=C(C=C3)Cl)C(F)(F)F
MLDQJTXFUGDVEO-FIBGUPNXSA-N,[2H]C([2H])([2H])NC(=O)C1=NC=CC(=C1)OC2=CC=C(C=C2)NC(=O)NC3=CC(=C(C=C3)Cl)C(F)(F)F
MBBCVAKAJPKAKM-UHFFFAOYSA-N,C1CN(CCC1NC(=O)C2=CC=CC=C2C3=CC=C(C=C3)C(F)(F)F)CCCCC4(C5=CC=CC=C5C6=CC=CC=C64)C(=O)NCC(F)(F)F
WDPFJWLDPVQCAJ-UHFFFAOYSA-N,CCN(CC)CCN(CC1=CC=C(C=C1)C2=CC=C(C=C2)C(F)(F)F)C(=O)CN3C4=C(CCC4)C(=O)N=C3SCC5=CC=C(C=C5)F
LBHLFPGPEGDCJG-UHFFFAOYSA-N,CC1=CC(=NC2=C1C(=C(C=C2NC(C)CCCN)OC)OC3=CC=CC(=C3)C(F)(F)F)OC
JSPUCPNQXKTYRO-LWILDLIXSA-N,C[C@H]1CC[C@]2([C@H]([C@]1(C)CC3=C(C=CC(=C3)O)O)CCC=C2C)C
UCJGJABZCDBEDK-UHFFFAOYSA-N,CC1=C(N(C2=C1C=C(C=C2)O)CC3=CC=C(C=C3)OCCN4CCCCCC4)C5=CC=C(C=C5)O
RXWNCPJZOCPEPQ-DYIOZPFISA-N,CN(C)C1=NC=NC2=C1N=CN2[C@H]3[C@@H]([C@H]([C@H](O3)CO)NC(=O)[C@@H](CC4=CC=C(C=C4)OC)N)O
LNMRSSIMGCDUTP-UHFFFAOYSA-N,CC1=CC=C(C=C1)N2C(=CC(=N2)C(C)(C)C)NC(=O)NCC3=C(C=CC(=C3)F)OC4=CC5=C(C=C4)N(N=C5)CCO
MHFRGQHAERHWKZ-UHFFFAOYSA-N,CCCCCCCCCCCCCCCCCCOCC(COP(=O)([O-])OCC[N+](C)(C)C)OC
SQSZANZGUXWJEA-UHFFFAOYSA-N,CC1=CC(=NN1)NC2=NN3C(=C(N=C3C(=C2)CN4CCOCC4)C)CC5=C(C=C(C=C5)Cl)F
VFCRKLWBYMDAED-REWPJTCUSA-N,CCC[C@@H](C(=O)NC1=CN(C=N1)C(C)(C)CNCC(C)(C)C)N[C@H]2CCC3=C(C2)C(=CC(=C3)F)F
QGZYDVAGYRLSKP-UHFFFAOYSA-N,C1=CC=C(C=C1)N(C2=CC=CC=C2)C3=NC=C(C=N3)C(=O)NCCCCCCC(=O)NO
WAEXFXRVDQXREF-UHFFFAOYSA-N,C1=CC=C(C=C1)NC(=O)CCCCCCC(=O)NO
HGVNLRPZOWWDKD-UHFFFAOYSA-N,C1COCCN1C2=NC(=NC(=N2)N3C4=CC=CC=C4N=C3C(F)F)N5CCOCC5
WSMQUUGTQYPVPD-OAHLLOKOSA-N,CC1=C2C(=NC(=N1)N)C[C@@H](NC2=O)C3=C(C=C(C=C3)F)C4=NC(=CC=C4)OC
XPRDUGXOWVXZLL-UHFFFAOYSA-N,COC1=CC=CC(=C1)C2=CC(=C(C=C2)NC(=O)C3=C(CCC3)C(=O)O)F
GNNDEPIMDAZHRQ-UHFFFAOYSA-N,C1CC1C(=O)NC2=NC=CC(=C2)OC3=C(C=C(C(=C3)F)NC(=O)C4(CC4)C(=O)NC5=CC=C(C=C5)F)F
ZVHNDZWQTBEVRY-UHFFFAOYSA-N,C1COCCN1C2=CC=C(C=C2)NC3=NC=CC(=N3)C4=CC=C(C=C4)C(=O)NCC#N
PUOAETJYKQITMO-LANLRWRYSA-N,CC1=CN(C=N1)C2=C(C=C(C=C2)/C=C/3\CCCN(C3=O)[C@@H](C)C4=CC=C(C=C4)F)OC
MGGBYMDAPCCKCT-UHFFFAOYSA-N,CC(C)S(=O)(=O)C1=CC=CC=C1NC2=NC(=NC=N2)NC3=C(C=C(C=C3)N4CCC(CC4)N5CCN(CC5)C)OC
BCSHRERPHLTPEE-NRFANRHFSA-N,CNC(=O)C1=CC=CC=C1NC2=NC(=NC=C2Cl)NC3=C(C4=C(C[C@H](CCC4)N5CCN(CC5)CCO)C=C3)OC
BGLPECHZZQDNCD-UHFFFAOYSA-N,CCS(=O)(=O)N1CCN(CC1)C2=CC=C(C=C2)NC3=NC=C(C(=N3)NC4CC4)C(=O)N
QBGKPEROWUKSBK-QPPIDDCLSA-N,CCOC1=C(C=CC(=C1)C(C)(C)C)C2=N[C@@]([C@@](N2C(=O)N3CCN(CC3)CCCS(=O)(=O)C)(C)C4=CC=C(C=C4)Cl)(C)C5=CC=C(C=C5)Cl
GBOGMAARMMDZGR-TYHYBEHESA-N,C[C@@H]1CCC[C@H](/C=C/C(=O)O[C@]23[C@@H](/C=C/C1)[C@@H](C(=C)[C@H]([C@H]2[C@@H](NC3=O)CC4=CC=CC=C4)C)O)O
DHYXCTSDXUOXGE-UHFFFAOYSA-N,C1=CC=C2C(=C1)NC(=N2)NC3=NC4(C(N3)(NC(=N4)NC5=NC6=CC=CC=C6N5)C7=CC=CC=N7)C8=CC=CC=N8
SWZXEVABPLUDIO-QNLBTCDKSA-N,CC1=NC=C(S1)C(=O)N[C@@H](COC)C(=O)N[C@@H](COC)C(=O)N[C@@H](CC2=CC=CC=C2)C(=O)C3(CO3)C
SWZXEVABPLUDIO-WSZYKNRRSA-N,CC1=NC=C(S1)C(=O)N[C@@H](COC)C(=O)N[C@@H](COC)C(=O)N[C@@H](CC2=CC=CC=C2)C(=O)[C@]3(CO3)C
JRNJNYBQQYBCLE-UHFFFAOYSA-N,COC1=C(C(=C(C=C1)F)F)C(=O)C2=CN=C(N=C2N)NC3CCN(CC3)S(=O)(=O)C
GYLDXIAOMVERTK-UHFFFAOYSA-N,CC(C)N1C2=NC=NC(=C2C(=N1)C3=CC4=C(C=C3)OC(=N4)N)N
RXZMYLDMFYNEIM-UHFFFAOYSA-N,CC1(CC2=CN=C(N=C2C3=C1C(=NN3C)C(=O)NC)NC4=CC=C(C=C4)N5CCN(CC5)C)C
KXMZDGSRSGHMMK-VWLOTQADSA-N,C1CCN(C1)[C@H]2CCC3=C(CC2)C=C(C=C3)NC4=NN(C(=N4)N)C5=NN=C6C(=C5)CCCC7=CC=CC=C76
XNULRSOGWPFPBL-REWPJTCUSA-N,C1CCC(C1)[C@H]2[C@H]3CCC4=C(C3=NN2C5=CC(=C(C=C5)C#N)Cl)C=CC(=C4)C(=O)O
NEMNPWINWMHUMR-UHFFFAOYSA-N,C1=CC(=CC=C1OC2=C(C=C(C=C2)NC(=O)C3=C(C(=CC(=C3)I)I)O)Cl)Cl
VYKKDKFTDMVOBU-UHFFFAOYSA-N,C1=CC(=CC(=C1)NC(=O)C2=C(C(=CC(=C2)Br)Br)O)C(F)(F)F
PGXYIBJJCLWJST-MUUNZHRXSA-N,CC1=CC=C(C=C1)C(=O)N(CCCN)[C@@H](C2=C(C(=O)C3=C(O2)C=C(C=C3)Cl)CC4=CC=CC=C4)C(C)C
SVJMLYUFVDMUHP-MGBGTMOVSA-N,CC1=C([C@H](C(=C(N1)C)C(=O)OCCCN2CCC(CC2)(C3=CC=CC=C3)C4=CC=CC=C4)C5=CC(=CC=C5)[N+](=O)[O-])C(=O)OC
RYYNGWLOYLRZLK-UHFFFAOYSA-N,CC(=O)NCC(=O)N1C2CCC1C3=C2C=CC(=C3)NC4=NC=C(C(=N4)NC5CCC5)C(F)(F)F
MUOKSQABCJCOPU-UHFFFAOYSA-N,C1=CC(=CC(=C1)Cl)NC2=NC3=C(C=CC(=C3)C(=O)O)C4=C2C=CN=C4
DWZAEMINVBZMHQ-UHFFFAOYSA-N,CN(C)C1CCN(CC1)C(=O)C2=CC=C(C=C2)NC(=O)NC3=CC=C(C=C3)C4=NC(=NC(=N4)N5CCOCC5)N6CCOCC6
JOGKUKXHTYWRGZ-UHFFFAOYSA-N,CC(C)(C#N)C1=CC=C(C=C1)N2C3=C4C=C(C=CC4=NC=C3N(C2=O)C)C5=CC6=CC=CC=C6N=C5
AUVVAXYIELKVAI-CKBKHPSWSA-N,CC[C@H]1CN2CCC3=CC(=C(C=C3[C@@H]2C[C@@H]1C[C@@H]4C5=CC(=C(C=C5CCN4)OC)OC)OC)OC
ZFSXZJXLKAJIGS-UHFFFAOYSA-N,C1=CC(=CC=C1NC(=O)NC2=CC(=C(C=C2)Cl)C(F)(F)F)Cl
RJMUSRYZPJIFPJ-UHFFFAOYSA-N,C1=CC(=C(C=C1[N+](=O)[O-])Cl)NC(=O)C2=C(C=CC(=C2)Cl)O
UXZFQZANDVDGMM-UHFFFAOYSA-N,C1=CC2=C(C(=C(C=C2I)I)O)N=C1
NDAZATDQFDPQBD-UHFFFAOYSA-N,CCNC(=O)C1=NOC(=C1C2=CC=C(C=C2)CN3CCOCC3)C4=CC(=C(C=C4O)O)C(C)C
BMMXYEBLEBULND-UHFFFAOYSA-N,CN1C2=CN=C3C=CC(=CC3=C2N(C1=O)C4=CC(=C(C=C4)N5CCNCC5)C(F)(F)F)C6=CN=C(C=C6)OC
LLYYNOVSVPBRGV-MVNKZKPCSA-N,C[C@@H]1CC[C@@]23CCC(=O)[C@H]2[C@@]1([C@@H](C[C@@]([C@H]([C@@H]3C)O)(C)C=C)OC(=O)CSC(C)(C)CNC(=O)[C@@H](C(C)C)N)C
BGJMKHPWCFXMOW-UHFFFAOYSA-N,CC1=C(SC(=C1Br)C(=C)F)CNCCCNC2=CC(=O)C3=CC=CC=C3N2
LGLFFNDHMLKUMI-UHFFFAOYSA-N,CN(C)C1=CC=C(C=C1)C(=C2C=CC(=[N+](C)C)C=C2)C3=CC=C(C=C3)N(C)C
LMBWSYZSUOEYSN-UHFFFAOYSA-N,CCN(CC)C(=S)S
VNFPBHJOKIVQEB-UHFFFAOYSA-N,C1=CC=C(C=C1)C(C2=CC=CC=C2)(C3=CC=CC=C3Cl)N4C=CN=C4
NFTMKHWBOINJGM-UHFFFAOYSA-N,CCC1=CN=C(N=C1)N2CCC(CC2)C3=NC(=CS3)COC4=CC=C(C=C4)N5C=NN=N5
FNHKPVJBJVTLMP-UHFFFAOYSA-N,CNC(=O)C1=NC=CC(=C1)OC2=CC(=C(C=C2)NC(=O)NC3=CC(=C(C=C3)Cl)C(F)(F)F)F
QFJCIRLUMZQUOT-HPLJOQBZSA-N,C[C@@H]1CC[C@H]2C[C@@H](/C(=C/C=C/C=C/[C@H](C[C@H](C(=O)[C@@H]([C@@H](/C(=C/[C@H](C(=O)C[C@H](OC(=O)[C@@H]3CCCCN3C(=O)C(=O)[C@@]1(O2)O)[C@H](C)C[C@@H]4CC[C@H]([C@@H](C4)OC)O)C)/C)O)OC)C)C)/C)OC
QFJCIRLUMZQUOT-BLBZBZKNSA-N,C[C@@H]1CC[C@H]2C[C@@H](/C(=C\C=C/C=C\[C@H](C[C@H](C(=O)[C@@H]([C@@H](/C(=C\[C@H](C(=O)C[C@H](OC(=O)[C@@H]3CCCCN3C(=O)C(=O)[C@@]1(O2)O)[C@H](C)C[C@@H]4CC[C@H]([C@@H](C4)OC)O)C)/C)O)OC)C)C)/C)OC
DFBIRQPKNDILPW-CIVMWXNOSA-N,CC(C)[C@@]12[C@@H](O1)[C@H]3[C@@]4(O3)[C@]5(CCC6=C([C@@H]5C[C@H]7[C@]4([C@@H]2O)O7)COC6=O)C
XLSYZSRXVVCHLS-UHFFFAOYSA-N,COCCN1CCN(CC1)CC2=CC=C(C=C2)C3=NNC4=C3C(=O)C5=C4C=CC=C5NC(=O)NN6CCOCC6
KVLFRAWTRWDEDF-IRXDYDNUSA-N,C[C@H]1COCCN1C2=NC(=NC3=C2C=CC(=N3)C4=CC(=C(C=C4)OC)CO)N5CCOC[C@@H]5C
QPFYXYFORQJZEC-UHFFFAOYSA-N,C1=CC=C(C=C1)N=NC2=C(N=C(C=C2)N)N
QBKSWRVVCFFDOT-UHFFFAOYSA-N,CC1=CC2=C(C(=C(C(=C2C(C)C)O)O)C=O)C(=C1C3=C(C4=C(C=C3C)C(=C(C(=C4C=O)O)O)C(C)C)O)O
KKZJGLLVHKMTCM-UHFFFAOYSA-N,C1=CC(=C2C(=C1NCCNCCO)C(=O)C3=C(C=CC(=C3C2=O)O)O)NCCNCCO
CGTADGCBEXYWNE-JUKNQOCSSA-N,C[C@@H]1CC[C@H]2C[C@@H](/C(=C/C=C/C=C/[C@H](C[C@H](C(=O)[C@@H]([C@@H](/C(=C/[C@H](C(=O)C[C@H](OC(=O)[C@@H]3CCCCN3C(=O)C(=O)[C@@]1(O2)O)[C@H](C)C[C@@H]4CC[C@@H]([C@@H](C4)OC)N5C=NN=N5)C)/C)O)OC)C)C)/C)OC
OUSFTKFNBAZUKL-UHFFFAOYSA-N,CC(C)(C)C1=CN=C(O1)CSC2=CN=C(S2)NC(=O)C3CCNCC3
VWFVZMKHYHIITN-CEAXSRTFSA-N,CC(C)(C)C1=CN=C(O1)CSC2=CN=C(S2)NC(=O)C3CCNCC3.CC(C)(C)C1=CN=C(O1)CSC2=CN=C(S2)NC(=O)C3CCNCC3.[C@@H]([C@H](C(=O)O)O)(C(=O)O)O
YOVVNQKCSKSHKT-HNNXBMFYSA-N,CC1=C(SC2=C1N=C(N=C2N3CCOCC3)C4=CN=C(N=C4)N)CN5CCN(CC5)C(=O)[C@H](C)O
OOPDAHSJBRZRPH-UHFFFAOYSA-L,CC1=CC(=C(N1C2=CC=CC=C2)C)C=CC3=[N+](C4=C(C=C3)C=C(C=C4)N(C)C)C.CC1=CC(=C(N1C2=CC=CC=C2)C)C=CC3=[N+](C4=C(C=C3)C=C(C=C4)N(C)C)C.C1=CC=C2C(=C1)C=C(C(=C2CC3=C(C(=CC4=CC=CC=C43)C(=O)[O-])O)O)C(=O)[O-]
RJURFGZVJUQBHK-IIXSONLDSA-N,C[C@@H]1[C@@H](C(=O)N[C@@H](C(=O)N2CCC[C@H]2C(=O)N(CC(=O)N([C@H](C(=O)O1)C(C)C)C)C)C(C)C)NC(=O)C3=C4C(=C(C=C3)C)OC5=C(C(=O)C(=C(C5=N4)C(=O)N[C@H]6[C@H](OC(=O)[C@@H](N(C(=O)CN(C(=O)[C@@H]7CCCN7C(=O)[C@H](NC6=O)C(C)C)C)C)C(C)C)C)N)C
RJURFGZVJUQBHK-AQDADIDBSA-N,C[C@@H]1[C@H](C(=O)N[C@@H](C(=O)N2CCC[C@H]2C(=O)N(CC(=O)N([C@H](C(=O)O1)C(C)C)C)C)C(C)C)NC(=O)C3=C4C(=C(C=C3)C)OC5=C(C(=O)C(=C(C5=N4)C(=O)N[C@@H]6[C@H](OC(=O)[C@@H](N(C(=O)CN(C(=O)[C@@H]7CCCN7C(=O)[C@H](NC6=O)C(C)C)C)C)C(C)C)C)N)C
UIARLYUEJFELEN-LROUJFHJSA-N,C[C@@]12[C@](C[C@@H](O1)N3C4=CC=CC=C4C5=C6C(=C7C8=CC=CC=C8N2C7=C53)CNC6=O)(CO)O
HXQVQGWHFRNKMS-UHFFFAOYSA-M,CC[Hg]SC1=CC=CC=C1C(=O)O
ACAXGYADTLFREX-CQSZACIVSA-N,C[C@H](CN(C)C)NC(=O)C1=C2C(=CC=C1)N=C3C=CC4=C(C3=N2)C=CC=C4OC
NHTKGYOMICWFQZ-KKQYNPQSSA-N,C[C@@H](C(=O)OCC1=CC=CC=C1)NP(=O)(OC[C@@H]2[C@H](C([C@@H](O2)N3C=CC(=NC3=O)N)(F)F)O)OC4=CC=CC=C4
NHTKGYOMICWFQZ-PCFRKJDASA-N,C[C@H](C(=O)OCC1=CC=CC=C1)NP(=O)(OCC2C(C(C(O2)N3C=CC(=NC3=O)N)(F)F)O)OC4=CC=CC=C4
XDXDZDZNSLXDNA-MBQQHZQPSA-N,C[C@H]1[C@H]([C@H](CC(O1)O[C@H]2C[C@@](CC3=C2C(=C4C(=C3O)C(=O)C5=CC=CC=C5C4=O)O)(C(=O)C)O)N)O
XDXDZDZNSLXDNA-YMYDAGKFSA-N,CC1C(C(CC(O1)O[C@H]2C[C@@](CC3=C2C(=C4C(=C3O)C(=O)C5=CC=CC=C5C4=O)O)(C(=O)C)O)N)O
VXBAJLGYBMTJCY-NSCUHMNNSA-N,CN1C/C=C/CCOC2=CC=CC(=C2)C3=NC(=NC=C3)NC4=CC=CC(=C4)C1
PTQXTEKSNBVPQJ-UHFFFAOYSA-N,CC(C)C1=C(C(=CC=C1)C(C)C)OS(=O)(=O)NC(=O)CC2=C(C=C(C=C2C(C)C)C(C)C)C(C)C
HYFHYPWGAURHIV-JFIAXGOJSA-N,CC(C)(CCC[C@@](CC(=O)OC)(C(=O)O[C@H]1[C@H]2C3=CC4=C(C=C3CCN5[C@@]2(CCC5)C=C1OC)OCO4)O)O
HYFHYPWGAURHIV-UHFFFAOYSA-N,CC(C)(CCCC(CC(=O)OC)(C(=O)OC1C2C3=CC4=C(C=C3CCN5C2(CCC5)C=C1OC)OCO4)O)O
LLEJIEBFSOEYIV-UHFFFAOYSA-N,C[N+]1=C2C(=C3C=CC(=C(C3=C1)OC)OC)C=CC4=CC5=C(C=C42)OCO5
ACGUYXCXAPNIKK-UHFFFAOYSA-N,C1=C(C(=C(C(=C1Cl)Cl)CC2=C(C(=CC(=C2Cl)Cl)Cl)O)O)Cl
NNTYBKTXMKBRFA-CQSZACIVSA-N,C1COC2=C([C@@H]1NCCCNC3=CC(=O)C4=C(N3)C=CS4)C=C(C=C2Br)Br
OBATZBGFDSVCJD-UHFFFAOYSA-N,CC1C(C(CC(O1)OC2CCC3(C(C2)CCC4C3CC(C5(C4(CCC5C6=CC(=O)OC6)O)C)O)C)O)OC7CC(C(C(O7)C)OC8CC(C(C(O8)C)OC9C(C(C(C(O9)CO)O)O)O)O)O
AOJJSUZBOXZQNB-TZSSRYMLSA-N,C[C@H]1[C@H]([C@H](C[C@@H](O1)O[C@H]2C[C@@](CC3=C2C(=C4C(=C3O)C(=O)C5=C(C4=O)C(=CC=C5)OC)O)(C(=O)CO)O)N)O
AOJJSUZBOXZQNB-BLSUDJMZSA-N,C[C@H]1[C@H]([C@H](CC(O1)O[C@H]2C[C@@](CC3=C2C(=C4C(=C3O)C(=O)C5=C(C4=O)C(=CC=C5)OC)O)(C(=O)CO)O)N)O
MAJFXTGRPADJLU-UHFFFAOYSA-N,CC[N+](C)(CC)CCSC1=NC2=CC=CC=C2N=C(C1)C3=CC=C(C=C3)SC4=CC=CC=C4
LFVVNPBBFUSSHL-UHFFFAOYSA-N,CCCCC(CC)CN=C(N)NC(=NCCCCCCN=C(N)NC(=NCC(CC)CCCC)N)N
ZYVSOIYQKUDENJ-WKSBCEQHSA-N,C[C@@H]1[C@H]([C@@H](C[C@@H](O1)O[C@H]2[C@@H](CC3=C(C2=O)C(=C4C(=C3)C=C(C(=C4O)C)O[C@H]5C[C@H]([C@H]([C@H](O5)C)OC(=O)C)O[C@@H]6C[C@H]([C@H]([C@H](O6)C)OC)O)O)[C@@H](C(=O)[C@H]([C@@H](C)O)O)OC)O[C@H]7C[C@H]([C@@H]([C@H](O7)C)O)O[C@H]8C[C@]([C@H]([C@@H](O8)C)OC(=O)C)(C)O)O
VJXSSYDSOJBUAV-UHFFFAOYSA-N,CC1=C2C(=NC(=NC2=NC=C1CC3=C(C=CC(=C3)OC)OC)N)N
BIIVYFLTOXDAOV-YVEFUNNKSA-N,CN1CC[C@@H]([C@@H](C1)O)C2=C(C=C(C3=C2OC(=CC3=O)C4=CC=CC=C4Cl)O)O
BIIVYFLTOXDAOV-PXAZEXFGSA-N,CN1CC[C@H]([C@H](C1)O)C2=C(C=C(C3=C2OC(=CC3=O)C4=CC=CC=C4Cl)O)O
BIIVYFLTOXDAOV-UHFFFAOYSA-N,CN1CCC(C(C1)O)C2=C(C=C(C3=C2OC(=CC3=O)C4=CC=CC=C4Cl)O)O
LSXUTRRVVSPWDZ-MKKUMYSQSA-N,C[C@@H](C(=O)N[C@H]1CN(CC[C@H]2CC[C@H](N2C1=O)C(=O)NC(C3=CC=CC=C3)C4=CC=CC=C4)C(=O)CC(C)C)NC
GYCPCOJTCINIFZ-OXJNMPFZSA-N,CC[C@H](CC#N)OC(=O)N[C@@H](C)C1=CC(=CC=C1)NC(=O)NC2=CC(=C(C=C2)C3=CN=CO3)OC
GYCPCOJTCINIFZ-UHFFFAOYSA-N,CCC(CC#N)OC(=O)NC(C)C1=CC(=CC=C1)NC(=O)NC2=CC(=C(C=C2)C3=CN=CO3)OC
MUTBJZVSRNUIHA-UHFFFAOYSA-N,C1CN(CCN1C2=NC=C(C=N2)C(=O)NO)S(=O)(=O)C3=CC4=CC=CC=C4C=C3
KMSKQZKKOZQFFG-CXNRHWHDSA-N,CC1C(C(CC(O1)O[C@H]2C[C@@](CC3=C2C(=C4C(=C3O)C(=O)C5=C(C4=O)C(=CC=C5)OC)O)(C(=O)CO)O)N)OC6CCCCO6
KMSKQZKKOZQFFG-NCXNULAVSA-N,C[C@H]1[C@H]([C@H](C[C@@H](O1)O[C@H]2C[C@@](CC3=C2C(=C4C(=C3O)C(=O)C5=C(C4=O)C(=CC=C5)OC)O)(C(=O)CO)O)N)OC6CCCCO6
FGUCVLMMGZZQBB-NSHDSACASA-N,CC(=O)NC[C@H]1CN(C(=O)O1)C2=CC(=C(C=C2)C3=NC=C(S3)C#N)F
YBHNZQJIFKDDHM-UHFFFAOYSA-N,CCC(CC)N1C(=CC2=C1C=CC3=C2C(=NC(=N3)N)N)C
AOJJSUZBOXZQNB-VTZDEGQISA-N,C[C@H]1[C@@H]([C@H](C[C@@H](O1)O[C@H]2C[C@@](CC3=C2C(=C4C(=C3O)C(=O)C5=C(C4=O)C(=CC=C5)OC)O)(C(=O)CO)O)N)O
AOJJSUZBOXZQNB-OUSUFOHXSA-N,C[C@@H]1[C@@H]([C@@H](C[C@H](O1)O[C@H]2C[C@@](CC3=C2C(=C4C(=C3O)C(=O)C5=C(C4=O)C(=CC=C5)OC)O)(C(=O)CO)O)N)O
WIKYUJGCLQQFNW-UHFFFAOYSA-N,CN1CCN(CC1)CCCN2C3=CC=CC=C3SC4=C2C=C(C=C4)Cl
QYBGBLQCOOISAR-UHFFFAOYSA-N,CC1=NC2=C(N=C(N=C2N1C(C)C)N3CCOCC3)C4=CN=C(N=C4)N
LGWACEZVCMBSKW-UHFFFAOYSA-N,CC1(C2=NC3=C(N2CCO1)N=C(N=C3N4CCOCC4)C5=CN=C(N=C5)N)C
LYVZEIIGDIHNFA-UHFFFAOYSA-N,C1CC2=C(C=CC(=C2)C3=CC=CC=C3F)C4=NC5=C(C=C(C=C5)F)C(=C4C1)C(=O)O
GIIGAFADHXYOPM-UHFFFAOYSA-N,C1=CC=C2C(=C1)C(=O)N(C2=O)CCCCCOC3=CC=C(C=C3)N
CSBQPRGTYHAYKS-AATRIKPKSA-N,CC1=C(C(C(=C(N1)C)C(=O)OC/C=C/C2=CC=C(C=C2)CN3C=CN=C3)C4=CC(=CC=C4)[N+](=O)[O-])C(=O)OC
BEJJGVDFQORITE-UHFFFAOYSA-N,CC1C2=CC=CC=C2CCN1C3=C(C(=O)SS3)Cl
KJDAGXLMHXUAGV-DGWLBADLSA-N,C1[C@@H]([C@H]([C@H]([C@@H]1NC2=CC=NC3=CC(=NN23)C4=CC(=CC=C4)SC(F)(F)F)O)O)COS(=O)(=O)N
INVGWHRKADIJHF-UHFFFAOYSA-N,C[N+]1=C2C(=C3C=CC4=C(C3=C1)OCO4)C=CC5=CC6=C(C=C52)OCO6
HKVAMNSJSFKALM-GKUWKFKPSA-N,C[C@@H]1CC[C@H]2C[C@@H](/C(=C/C=C/C=C/[C@H](C[C@H](C(=O)[C@@H]([C@@H](/C(=C/[C@H](C(=O)C[C@H](OC(=O)[C@@H]3CCCCN3C(=O)C(=O)[C@@]1(O2)O)[C@H](C)C[C@@H]4CC[C@H]([C@@H](C4)OC)OCCO)C)/C)O)OC)C)C)/C)OC
HKVAMNSJSFKALM-ADNAJIBWSA-N,C[C@@H]1CC[C@H]2C[C@@H](/C(=C\C=C/C=C\[C@H](C[C@H](C(=O)[C@@H]([C@@H](/C(=C\[C@H](C(=O)C[C@H](OC(=O)[C@@H]3CCCCN3C(=O)C(=O)[C@@]1(O2)O)[C@H](C)C[C@@H]4CC[C@H]([C@@H](C4)OC)OCCO)C)/C)O)OC)C)C)/C)OC
ACCFLVVUVBJNGT-AWEZNQCLSA-N,C[C@@H](CN1C2=C3C=C(C=CC3=NC=C2N(C1=O)C)C4=CC(=CN=C4)C(C)(C)O)OC
HAVJATCHLFRDHY-KSZYUSJVSA-N,CC(C)(CC[C@@](CC(=O)OC)(C(=O)O[C@H]1[C@H]2C3=CC4=C(C=C3CCN5[C@@]2(CCC5)C=C1OC)OCO4)O)O
PHJVBZVDUNTGNR-UHFFFAOYSA-N,CC1=C(C(C(=C(N1)N)C(=O)OC(C)C)C2=C3C=C(C=NC3=CC=C2)C4=CC=CC=C4)C#N
NIBYCXOKANETJM-UHFFFAOYSA-N,C1CCC(CC1)N2C3=C(C=C(C=C3)C(=O)O)N=C2C4=C(C=C(C=C4)OCC5=C(C=CC(=C5)N6CCCC6=O)C7=CC=C(C=C7)Cl)F
UQOOPIMXBSPVJI-UHFFFAOYSA-N,CC1=C(C=CC(=C1)C(C)(C)CC(C)(C)C)OCCOCC[N+](C)(C)CC2=CC=CC=C2
JOWXJLIFIIOYMS-UHFFFAOYSA-N,CN(CC1=CC2=C(S1)C(=NC(=N2)C3=CN=C(C=C3)OC)N4CCOCC4)C5=NC=C(C=N5)C(=O)NO
NLJVXZFCYKWXLH-DXTIXLATSA-N,CC(C)C[C@H]1C(=O)N[C@@H](C(=O)N2CCC[C@H]2C(=O)N[C@H](C(=O)N[C@@H](C(=O)[C@@H](NC(=O)[C@@H](N[C@H](C(=O)N[C@H](C(=O)N[C@H](C(=O)N1)CCCN)C(C)C)CC3=CC=C(C=C3)O)CCC(=O)O)CC(=O)N)CC4=CC=CC=C4)CC5=CC=CC=C5)CC6=CC=CC=C6
PXBZKHOQHTVCSQ-QZTJIDSGSA-N,C[C@H](CNCCNC[C@@H](C)N1C(=O)C2=CC=CC3=CC(=CC(=C32)C1=O)[N+](=O)[O-])N4C(=O)C5=CC=CC6=CC(=CC(=C65)C4=O)[N+](=O)[O-]
JLPDBLFIVFSOCC-KRNKPDPWSA-N,C[C@H]1[C@@H]([C@H](C[C@@H](O1)O[C@H]2CC[C@]3(C(C2)CCC4C3CC[C@]5([C@@]4(C[C@@H]([C@@H]5C6=CC(=O)OC6)OC(=O)C)O)C)C)OC)O
FOFDIMHVKGYHRU-UHFFFAOYSA-N,C1CN(CCN1C2=NC=NC3=C2OC4=CC=CC=C43)C(=S)NCC5=CC6=C(C=C5)OCO6
XUOAKFNMJMYKBY-UHFFFAOYSA-N,C1=CC(=CC=C1C2=C(N=C(N2)S(=O)(=O)C(C(F)F)(F)F)C3=CC=C(C=C3)F)F
MFGSDSRTGUVZQG-DFQSSKMNSA-N,CCCCCC1=CC=C(C=C1)C2=CC3=CN(C(=O)N=C3O2)[C@H]4C[C@@H]([C@H](O4)CO)O
XOKJUSAYZUAMGJ-WOUKDFQISA-N,C1=C(C2=C(N=CN=C2N1[C@H]3[C@@H]([C@@H]([C@H](O3)CO)O)O)N)C#N
QNPNRSMUYWHWJK-RELWKKBWSA-N,CC(C)(C)C1=CC(=CC(=C1O)C(C)(C)C)/C(=N/O)/C2=CC=CC=C2
KIZITKARUSPCHY-UHFFFAOYSA-N,CC(C)C1=CC=C(C=C1)C2=NC(=O)N(C3=C2C=C(C=C3)OCC#C)CC4=CC=C(C=C4)Br
KGSZHKRKHXOAMG-HQKKAZOISA-N,CC(C)C(=O)[C@]12C(=O)C(=C([C@](C1=O)(C[C@@H]([C@@]2(C)CCC=C(C)C)CC=C(C)C)CC=C(C)C)O)CC=C(C)C
JROFGZPOBKIAEW-UHFFFAOYSA-N,COC1=CC=CC2=C1NC(=C2)C3=C4C(=NC=NN4C(=N3)C5CCC(CC5)C(=O)O)N
OEKXCVYZBVOWBR-BQYQJAHWSA-N,CN1C=C(C=C1C(=O)NC2=CN(C(=C2)C(=O)NCCN3CCOCC3)C)NC(=O)C4=CC=C(C=C4)/C=C/C5=CC6=CC=CC=C6N=C5
AFYOQRIZFPJUAR-KOBPMBMUSA-N,C[C@@H]1CC[C@@]23CCC(=O)[C@H]2[C@@]1([C@@H](C[C@@]([C@H]([C@@H]3C)O)(C)C=C)OC(=O)CS[C@H]4CCCN(C4)C(=O)[C@@H](C(C)C)N)C
WSEKTEUGRLFBSE-UHFFFAOYSA-N,C1=CC=NC(=C1)OCC2=CC=C(C=C2)CC3=NOC(=C3)C4=C(N=CC=C4)N
IBEANEPZNLVRRY-RCZVLFRGSA-N,CC(C)(C)[C@@H](C(=O)N1CCN(CC1)CC2=CC3=C(C=C2)OCO3)NC(=O)[C@H](CC4CCCC4)CN(C=O)O
RDONXGFGWSSFMY-UHFFFAOYSA-N,CCS(=O)(=O)NC1=CC(=C(C=C1)OC2=C(C=C(C=C2)F)F)C3=CN(C(=O)C4=C3C=CN4)C
QFLNTQDOVCLQKW-UHFFFAOYSA-N,CC(C(F)(F)F)(C(F)(F)F)OC(=O)C1=CC=C(C=C1)CC2=C(C3=CC=CC=C3OC2=O)O
FGBGXESDYFKUFX-UHFFFAOYSA-N,CC(C)(C)C1=CC(=CC(=C1O)C(C)(C)C)SC(C)(C)SC2=CC(=C(C(=C2)C(C)(C)C)OCC(=O)O)C(C)(C)C
CEDYGBVPEGWDRP-UHFFFAOYSA-N,CCCCN(CCCC)C1=CC2=C(C=C1)N=C3C=CC(=[N+](CCCC)CCCC)C=C3S2
BNVPFDRNGHMRJS-UHFFFAOYSA-N,CC1(CCC(=CC1)C2=C(C=CC(=N2)C3CC(OC(C3)(C)C)(C)C)NC(=O)C4=NC=C(N4)C#N)C
GQBRZBHEPUQRPL-LJQANCHMSA-N,CC1=NOC(=C1NC(=O)O[C@H](C)C2=CC=CC=C2)C3=CC=C(C=C3)C4=CC=C(C=C4)C5(CC5)C(=O)O
PICXIOQBANWBIZ-UHFFFAOYSA-N,C1=CC(=S)N(C=C1)[O-].C1=CC(=S)N(C=C1)[O-].[Zn+2]
WTHRRGMBUAHGNI-LCYNINFDSA-N,CC[C@@H]1C(=O)N2CCC[C@H]2C(=O)N([C@H](C(=O)N3C[C@H](C(=O)C[C@H]3C(=O)N[C@H](C(=O)O[C@@H]([C@@H](C(=O)N1)NC(=O)C4=C(C=CC=N4)O)C)C5=CC=CC=C5)CS[C@@H]6CN7CCC6CC7)CC8=CC=C(C=C8)N(C)C)C
WTHRRGMBUAHGNI-NCNRFQDUSA-N,CCC1C(=O)N2CCC[C@H]2C(=O)N([C@H](C(=O)N3C[C@H](C(=O)C[C@H]3C(=O)N[C@H](C(=O)O[C@@H]([C@@H](C(=O)N1)NC(=O)C4=C(C=CC=N4)O)C)C5=CC=CC=C5)CS[C@@H]6CN7CCC6CC7)CC8=CC=C(C=C8)N(C)C)C
BCJWHMFDQMMITC-AVPXBJHFSA-N,CCCC[C@@H]1[C@@H]([C@@H](OC(=O)[C@H]([C@H](OC1=O)C)N(C)C(=O)C2=C(C(=CC=C2)NC=O)O)C)CC(=O)CC(C)C
LTMHDMANZUZIPE-UHFFFAOYSA-N,CC1C(C(CC(O1)OC2C(OC(CC2O)OC3C(OC(CC3O)OC4CCC5(C(C4)CCC6C5CC(C7(C6(CCC7C8=CC(=O)OC8)O)C)O)C)C)C)O)O
DWYRIWUZIJHQKQ-SANMLTNESA-N,C[C@](C1=CC=C(C=C1)F)(C2=CN=C(N=C2)N3CCN(CC3)C4=NC=NN5C4=CC(=C5)C6=CN(N=C6)C)N
BYRVKDUQDLJUBX-UHFFFAOYSA-N,CC1=CNC2=C1C34CC3CN(C4=CC2=O)C(=O)C5=CC6=C(N5)C=CC(=C6)NC(=O)C7=CC8=CC=CC=C8O7
BYRVKDUQDLJUBX-JJCDCTGGSA-N,CC1=CNC2=C1[C@@]34C[C@@H]3CN(C4=CC2=O)C(=O)C5=CC6=C(N5)C=CC(=C6)NC(=O)C7=CC8=CC=CC=C8O7
JSKFWUPVIZYJMR-UDOAKELVSA-N,CCN(CC)CCN1C(=O)C2=C3C4=C(C(=CC=C4)Cl)NC3=C5C(=C2C1=O)C6=C(N5[C@H]7[C@@H]([C@H]([C@@H]([C@H](O7)CO)OC)O)O)C(=CC=C6)Cl
OPGSFDUODIJJGF-DVODSNNVSA-N,CC1/C=C/C=C/C=C/C=C/C=C/C=C/C=C/C(CC(C(C(CC(=O)CC(CC(CC(CC(=O)CCCC(=O)CC(=O)OC1C(C)CC(C)C(CC(=O)C2=CC=C(C=C2)N)O)O)O)O)O)C(=O)O)O)OC3C(C(C(C(O3)C)O)N)O
VMDWTZZCNDEKIO-CBNJBKGYSA-N,C[C@H]1[C@H]([C@H](C[C@@H](O1)O[C@H]2C[C@@](CC3=C2C(=C4C(=C3O)C(=O)C5=CC=CC=C5C4=O)O)(C(=O)C)O)N6CC6)OS(=O)(=O)C
JKDLOGLNPDVUCX-UHFFFAOYSA-N,CC1=C(C(=O)C(=C(C1=O)N2CC2)CO)N3CC3
PJFQWSNOXLEDDZ-MGPUTAFESA-N,CC[C@H](CC#N)OC(=O)N[C@@H](C)C1=CC(=CC=C1)NC(=O)NC2=CC(=C(C=C2)C#N)OC
QNLWMPLUWMWDMQ-YTTGMZPUSA-N,C1=CC=C2C(=C1)C3=CC=CC=C3N2CCOC4=CC=C(C=C4)C[C@@H](C(=O)O)NC5=CC=CC=C5C(=O)C6=CC=C(C=C6)F
GBVQWZXJDIIUCC-UHFFFAOYSA-N,C1=CC=C2C=C(C=CC2=C1)S(=O)(=O)C3=CC4=C(C=C3)N=C(N=C4N)N
SVGRIJCSKWXOPA-UHFFFAOYSA-N,C1=CC(=C(C=C1C(F)(F)F)NC(=O)C2=C(C=CC(=C2)Br)O)C(F)(F)F
SBHDKYTVDCRMOE-JPAPVDFESA-L,C/C(=N\NC(=NC)[S-])/C(=N/NC(=NC)[S-])/C.[Cu+2]
SBHDKYTVDCRMOE-NLRRAJSESA-L,C/C(=N\NC(=NC)[S-])/C(=N/NC(=NC)[S-])/C.[64Cu+2]
SBHDKYTVDCRMOE-BUXSGADYSA-L,C/C(=N\NC(=NC)[S-])/C(=N/NC(=NC)[S-])/C.[62Cu+2]
YZCUMZWULWOUMD-UHFFFAOYSA-N,COC1=C(C=CC(=C1)F)C2=CC(=NC=C2F)NC3=NC=CC(=C3)CS(=N)(=O)C
OVCDSSHSILBFBN-UHFFFAOYSA-N,CCN(CC)CC1=C(C=CC(=C1)NC2=C3C=CC(=CC3=NC=C2)Cl)O
BUPRVECGWBHCQV-UHFFFAOYSA-N,CC1(C2=NC(=C(N2CCN1C(=O)CN)NC3=CC=C(C=C3)F)C4=CC=C(C=C4)F)C
PHEZJEYUWHETKO-UHFFFAOYSA-N,CC1=C(C2=C(C=CC(=C2)F)N=C1C3=CC=C(C=C3)C4=CC=CC=C4F)C(=O)O
JKCSODVERGVDLT-UHFFFAOYSA-N,CC(C)NCCN1C2=C(C=C(C=C2)C(=O)C)C3=C1C=CC(=C3)C(=O)C
SFOADSRLCHRTKT-UHFFFAOYSA-N,CC1=C2C(=CC=C1)N=C3C=CC=C(C3=N2)C(=O)NCCNCCNCCNC(=O)C4=CC=CC5=NC6=CC=CC(=C6N=C54)C
XDBHURGONHZNJF-UHFFFAOYSA-N,CCOC1=C(C=C(C=C1)C2=NC(=CS2)C3=NC(=CC=C3)C(=O)O)OCC
AUJXLBOHYWTPFV-UHFFFAOYSA-N,CC1C(=O)N(C2CSC(C(C(=O)N(C(C(=O)OCC(C(=O)N1)NC(=O)C3=NC4=CC=CC=C4N=C3)C(C)C)C)N(C(=O)C(NC(=O)C(COC(=O)C(N(C2=O)C)C(C)C)NC(=O)C5=NC6=CC=CC=C6N=C5)C)C)SC)C
GCWOCVTZGLAYIS-FNTLCPBMSA-N,CC(C)(C)SC1=C(N(C2=C1C=C(C=C2)OCC3=NC4=CC=CC=C4C=C3)CC5=CC=C(C=C5)Cl)CC(C)(C)/C=N/OCC(=O)O
ZCJYUTQZBAIHBS-UHFFFAOYSA-N,C1=CC=C(C=C1)SC2=CC=C(C=C2)COC(CN3C=CN=C3)C4=C(C=C(C=C4)Cl)Cl
UPJSUQWHUVLLNW-XMMPIXPASA-N,C#CC[C@H](C1=NC2=C(C=CC(=C2)Cl)C(=O)N1NC3=CC=CC=C3)N(CCCN)C(=O)C4=C(C(=CC=C4)Cl)F
LVXJQMNHJWSHET-AATRIKPKSA-N,COC1=C(C=C2C(=C1)N=CN=C2NC3=CC(=C(C=C3)F)Cl)NC(=O)/C=C/CN4CCCCC4
HUXYBQXJVXOMKX-UHFFFAOYSA-N,CC(C)CC(=O)NC1=NNC2=C1CN(C2(C)C)C(=O)C3CCN(CC3)C
DYNHJHQFHQTFTP-UHFFFAOYSA-N,CC1(COC1)COC2=CC3=C(C=C2)N(C=N3)C4=NC5=C(C=CC=C5N6CCC(CC6)N)C=C4
QLUYMIVVAYRECT-OCCSQVGLSA-N,CN1CC[C@H]([C@@H]1CO)C2=C(C=C(C3=C2OC(=CC3=O)C4=CC=CC=C4Cl)O)O
QLUYMIVVAYRECT-PYMCNQPYSA-N,CN1CCC([C@@H]1CO)C2=C(C=C(C3=C2OC(=CC3=O)C4=CC=CC=C4Cl)O)O
GMIZZEXBPRLVIV-UHFFFAOYSA-N,CN1C=C(C=N1)C2=C3N=C(C(=C(N3N=C2)N)Br)C4CCCNC4
GMIZZEXBPRLVIV-VIFPVBQESA-N,CN1C=C(C=N1)C2=C3N=C(C(=C(N3N=C2)N)Br)[C@H]4CCCNC4
GMIZZEXBPRLVIV-SECBINFHSA-N,CN1C=C(C=N1)C2=C3N=C(C(=C(N3N=C2)N)Br)[C@@H]4CCCNC4
QJZRFPJCWMNVAV-HHHXNRCGSA-N,CC1=CC=C(C=C1)C(=O)N(CCCN)[C@@H](C2=NC3=C(C=CC(=C3)Cl)C(=O)N2CC4=CC=CC=C4)C(C)C
OPAKEJZFFCECPN-XQRVVYSFSA-N,C1=CC=NC(=C1)NNC(=O)/C=C\N2C=NC(=N2)C3=CC(=CC(=C3)C(F)(F)F)C(F)(F)F
PZBCKZWLPGJMAO-UHFFFAOYSA-N,COC1=C(C=CC2=C1N=C(N3C2=NCC3)NC(=O)C4=CN=C(N=C4)N)OCCCN5CCOCC5
HUNGUWOZPQBXGX-UHFFFAOYSA-N,C1COCCN1CCOC2=CC=C(C=C2)C3=CN=C(C=C3)CC(=O)NCC4=CC=CC=C4
HXQRGYNEDCHJPJ-UHFFFAOYSA-N,CCCCCCCCCCCCC(=O)N1CCCCC1CNC(=O)C(CCCCN)N
IAYGCINLNONXHY-GFCCVEGCSA-N,C1C[C@H](CNC1)NC(=O)C2=C(C=C(S2)C3=CC(=CC=C3)F)NC(=O)N
PZUJQWHTIRWCID-HXUWFJFHSA-N,CC(C)(CC1=CC2=CC=CC=C2C=C1)NC[C@H](COC3=C(C(=CC=C3)Cl)C#N)O
PTJGLFIIZFVFJV-UHFFFAOYSA-N,C1=CC(=CN=C1)NC(=O)CCCCCCC(=O)NO
GCIKSSRWRFVXBI-UHFFFAOYSA-N,CC1=CC(=NN1)NC2=CC(=NC(=N2)SC3=CC=C(C=C3)NC(=O)C4CC4)N5CCN(CC5)C
WVUNYSQLFKLYNI-AATRIKPKSA-N,CCOC1=C(C=C2C(=C1)N=CC(=C2NC3=CC(=C(C=C3)F)Cl)C#N)NC(=O)/C=C/CN(C)C
NCPLTAGJJVCHOW-UHFFFAOYSA-N,CCN(CC)CCCNC1=C2C=CC(=CC2=NC=C1)Cl
CNTMOLDWXSVYKD-PSRNMDMQSA-N,CC(C)[C@@H](/C=C(\C)/C(=O)O)N(C)C(=O)[C@H](C(C)(C)C)NC(=O)[C@H](C(C)(C)C1=CC=CC=C1)NC
MAUCONCHVWBMHK-UHFFFAOYSA-N,CN(C)CC1=C(OC2=CC=CC=C21)C(=O)NCCOC3=CC=C(C=C3)C(=O)NO
CXQHYVUVSFXTMY-UHFFFAOYSA-N,COC1=CC2=C(C=CN=C2C=C1OCCCN3CCOCC3)OC4=C(C=C(C=C4)NC(=O)C5(CC5)C(=O)NC6=CC=C(C=C6)F)F
PCHKPVIQAHNQLW-CQSZACIVSA-N,C1C[C@H](CNC1)C2=CC=C(C=C2)N3C=C4C=CC=C(C4=N3)C(=O)N
NCNRHFGMJRPRSK-MDZDMXLPSA-N,C1=CC=C(C=C1)NS(=O)(=O)C2=CC=CC(=C2)/C=C/C(=O)NO
KTEIFNKAUNYNJU-GFCCVEGCSA-N,C[C@H](C1=C(C=CC(=C1Cl)F)Cl)OC2=C(N=CC(=C2)C3=CN(N=C3)C4CCNCC4)N
GXJABQQUPOEUTA-RDJZCZTQSA-N,B([C@H](CC(C)C)NC(=O)[C@H](CC1=CC=CC=C1)NC(=O)C2=NC=CN=C2)(O)O
AYUNIORJHRXIBJ-TXHRRWQRSA-N,C[C@H]1C[C@@H]([C@@H]([C@H](/C=C(/[C@@H]([C@H](/C=C\C=C(\C(=O)NC2=CC(=O)C(=C(C1)C2=O)NCC=C)/C)OC)OC(=O)N)\C)C)O)OC
AYUNIORJHRXIBJ-BGGMETADSA-N,C[C@H]1C[C@@H]([C@@H]([C@H](/C=C(\[C@@H]([C@H](/C=C\C=C(/C(=O)NC2=CC(=O)C(=C(C1)C2=O)NCC=C)\C)OC)OC(=O)N)/C)C)O)OC
AYUNIORJHRXIBJ-DCKFFROFSA-N,C[C@@H]1C[C@@H]([C@H]([C@@H](/C=C(/[C@@H]([C@H](/C=C\C=C(\C(=O)NC2=CC(=O)C(=C(C1)C2=O)NCC=C)/C)OC)OC(=O)N)\C)C)O)OC
SERHTTSLBVGRBY-UHFFFAOYSA-N,CCCC1(CCC2(CC1)CCN(C2)CCCN(CC)CC)CCC
ZHAKYGFJVGCOAE-UHFFFAOYSA-N,CN(C)CCNC1=C2C3=C(C=C1)N(N=C3C4=C(C2=O)C=CN=C4)CCNCCO
IDUMOVRJNBNOTR-BIZLIJPVSA-N,C1=C(OC(=C1)[N+](=O)[O-])/C=C/C=N/NC(=O)C2=CC=C(S2)[N+](=O)[O-]
XCPGHVQEEXUHNC-UHFFFAOYSA-N,COC1=C(C=CC(=C1)NS(=O)(=O)C)NC2=C3C=CC=CC3=NC4=CC=CC=C42
GLVAUDGFNGKCSF-UHFFFAOYSA-N,C1=NC2=C(N1)C(=NC=N2)S
CWHUFRVAEUJCEF-UHFFFAOYSA-N,C1COCCN1C2=NC(=NC(=C2)C3=CN=C(C=C3C(F)(F)F)N)N4CCOCC4
WJEOLQLKVOPQFV-UHFFFAOYSA-N,CC1=C(C=C(C=C1)NC(=O)C2=CC=C(C=C2)CN3CCN(CC3)C)NC4=NC(=CS4)C5=CN=CC=C5
RGCVKNLCSQQDEP-UHFFFAOYSA-N,C1CN(CCN1CCCN2C3=CC=CC=C3SC4=C2C=C(C=C4)Cl)CCO
FECGNJPYVFEKOD-VMPITWQZSA-N,CN(C)CC1=CC=C(C=C1)S(=O)(=O)N2C=CC(=C2)/C=C/C(=O)NO
XXSMGPRMXLTPCZ-UHFFFAOYSA-N,CCN(CCCC(C)NC1=C2C=CC(=CC2=NC=C1)Cl)CCO
ATLJNLYIJOCWJE-CWMZOUAVSA-N,C[C@]12CC[C@@H](C[C@H]1CC[C@@H]3[C@@H]2CC[C@]4([C@]35[C@H](O5)C[C@@H]4C6=COC(=O)C=C6)C)O
ATLJNLYIJOCWJE-NEKURZDCSA-N,C[C@]12CC[C@@H](C[C@H]1CCC3C2CC[C@]4([C@]35[C@H](O5)C[C@@H]4C6=COC(=O)C=C6)C)O
WYWHKKSPHMUBEB-UHFFFAOYSA-N,C1=NC2=C(N1)C(=NC(=N2)N)S
FFGSXKJJVBXWCY-UHFFFAOYSA-N,C1=CC=C2C(=C1)C(=O)C3=C(C=CC(=C3C2=O)NCCNCCO)NCCNCCO
RYBOXBBYCVOYNO-UHFFFAOYSA-N,C1=CC=C2C(=C1)C(=CN2S(=O)(=O)C3=C(N=C4N3C=CS4)Cl)CCN
ZAJXXUDARPGGOC-UHFFFAOYSA-N,CC(C)(C#CC1=CC2=C(C=C1NC(=O)C=C)C(=NC=N2)NC3=CC(=C(C=C3)F)Cl)N4CCN(CC4)C
DOTGPNHGTYJDEP-UHFFFAOYSA-N,COC1=C(C(=CC=C1)OCCCN)C2=CC(=NN2)NC3=NC=C(N=C3)C#N
VGKDLMBJGBXTGI-SJKOYZFVSA-N,CN[C@@H]1CC[C@@H](C2=CC=CC=C12)C3=CC(=C(C=C3)Cl)Cl
VGKDLMBJGBXTGI-SJCJKPOMSA-N,CN[C@H]1CC[C@H](C2=CC=CC=C12)C3=CC(=C(C=C3)Cl)Cl
MHXGEROHKGDZGO-UHFFFAOYSA-N,CN1CCC(CC1)CNC2=NN3C(=NC=C3C4=CC(=CC=C4)OC(F)(F)F)C=C2
LRHPCRBOMKRVOA-UHFFFAOYSA-N,C1=CC=C2C(=C1)C3=C(C4=CC=CC=C4C3=O)N(C2=O)CCNCCO
SNHCRNMVYDHVDT-UHFFFAOYSA-N,CC1=NC2=CC=CC=C2C(=N1)N(C)C3=CC=C(C=C3)OC
BMKPVDQDJQWBPD-UHFFFAOYSA-N,C1COCCN1CCNC2=C(C(=O)C3=C(C2=O)N=CC=C3)Cl
PLIVFNIUGLLCEK-UHFFFAOYSA-N,COC1=C(C=C2C(=C1)N=CN=C2NC3=CC=CC(=C3)C#C)OCCCCCCC(=O)NO
SUPVGFZUWFMATN-UHFFFAOYSA-N,CC(C)NCCCN1C2=NC=NC(=C2N=C1SC3=C(C=C4C(=C3)OCO4)I)N
SUPVGFZUWFMATN-JVYRTNJDSA-N,CC(C)NCCCN1C2=NC=NC(=C2N=C1SC3=C(C=C4C(=C3)OCO4)[124I])N
XQVVPGYIWAGRNI-JOCHJYFZSA-N,CC[C@@H]1C(=O)N(C2=CN=C(N=C2N1C3CCCC3)NC4=C(C=C(C=C4)C(=O)NC5CCN(CC5)C)OC)C
ULXXDDBFHOBEHA-CWDCEQMOSA-N,CN(C)C/C=C/C(=O)NC1=C(C=C2C(=C1)C(=NC=N2)NC3=CC(=C(C=C3)F)Cl)O[C@H]4CCOC4
ULXXDDBFHOBEHA-XDXRKHGRSA-N,CN(C)C/C=C/C(=O)NC1=C(C=C2C(=C1)C(=NC=N2)NC3=CC(=C(C=C3)[18F])Cl)O[C@H]4CCOC4
ULXXDDBFHOBEHA-QDLOVBKTSA-N,CN(C)C/C=C/C(=O)NC1=C(C=C2C(=C1)C(=NC=N2)NC3=CC(=C(C=C3)F)Cl)O[C@@H]4CCOC4
UQRCJCNVNUFYDX-UHFFFAOYSA-N,CN1CCN(CC1)C2CCN(CC2)C(=O)NC3=NC=CC(=C3)OC4=CC(=C(C=C4)NC(=O)C5(CC5)C(=O)NC6=CC=C(C=C6)F)F
NDEXUOWTGYUVGA-LJQANCHMSA-N,CN1C=C(C=N1)C2=C3C=NNC(=O)C4=C3C(=CC(=C4)NC(=O)[C@@H](C5CCCCC5)N)N2
CUNDRHORZHFPLY-UHFFFAOYSA-N,CCN(CC)CCNC1=C2C3=C(C=C1)N=CN3C4=C(C2=O)C=C(C=C4)O
FNDVKMABQZJHKI-GMDKYCAISA-N,CCN(CC)CC1=C(C=CC(=C1)NC2=C3C=CC(=CC3=NC=C2)Cl)O.C[C@@H]1CC[C@H]2[C@H]([C@@H](O[C@H]3[C@@]24[C@H]1CC[C@](O3)(OO4)C)OC(=O)CCC(=O)O)C
LHRJCEIKDHGLPS-IWBSMJKCSA-N,C[C@@H]1CC[C@H]2[C@H]([C@@H](O[C@H]3[C@@]24[C@H]1CC[C@](O3)(OO4)C)OC(=O)CCC(=O)O)C.C1CCN[C@H](C1)[C@H](C2=CC(=NC3=C2C=CC=C3C(F)(F)F)C(F)(F)F)O
HHJUWIANJFBDHT-KOTLKJBCSA-N,CC[C@@]1(C[C@@H]2C[C@@](C3=C(CCN(C2)C1)C4=CC=CC=C4N3)(C5=C(C=C6C(=C5)[C@]78CCN9[C@H]7[C@@](C=CC9)([C@H]([C@@]([C@@H]8N6C)(C(=O)N)O)O)CC)OC)C(=O)OC)O
IAKHMKGGTNLKSZ-INIZCTEOSA-N,CC(=O)N[C@H]1CCC2=CC(=C(C(=C2C3=CC=C(C(=O)C=C13)OC)OC)OC)OC
MJZJYWCQPMNPRM-UHFFFAOYSA-N,CC1(N=C(N=C(N1OCCCOC2=CC(=C(C=C2Cl)Cl)Cl)N)N)C
XWPBINGFFFZAOZ-UMSFTDKQSA-N,CN(C)C(=O)NC1(CCN(CC1)CCC[C@@]2(CCCN(C2)C(=O)C3=CC=CC=C3)C4=CC(=C(C=C4)Cl)Cl)C5=CC=CC=C5
NERXPXBELDBEPZ-RMKNXTFCSA-N,CCOC1=C(C=C2C(=C1)N=CC(=C2NC3=CC(=C(C=C3)OCC4=CC(=CC=C4)F)Cl)C#N)NC(=O)/C=C/CN(C)C
LAGYWHSFHIMTPE-UHFFFAOYSA-N,C1CN(CCC1NC2=NC3=CC=CC=C3N2CC4=CC=C(C=C4)F)CCC5=CC=C(C=C5)O
TUOZJWZCVIRDKO-UHFFFAOYSA-N,CN1CCN(CC1)C2=CC=C(C=C2)C3=NC4=CC(=C(C=C4C(=N3)NCCN5CCOCC5)OC)OC
JADGCGSQDUSAED-UHFFFAOYSA-N,C1=CC=C2C(=C1)C(OC2=O)N3C=C(C(=O)NC3=O)F
ZKLIBSYZMKSRJE-UHFFFAOYSA-N,C1CCCN(CC1)CC#CCC2(C3=CC=CC=C3C4=CC=CC=C42)CC5=CC=CC=C5
MTUYOFGUEXWKLC-UHFFFAOYSA-N,CC1=NC2=C(S1)C(=O)C=C(C2=O)NCCN(C)C
VEVMYTDOWUQLGI-UHFFFAOYSA-N,CC(C)(C)NCC1=CC(=C2CCCCC2=C1O)NC3=C4C=CC(=CC4=NC=C3)Cl
IHOVFYSQUDPMCN-XAKVHENESA-N,C1CN(CCN1C[C@H](COC2=CC=CC3=C2C=CC=N3)O)C4C5=CC=CC=C5[C@H]6[C@H](C6(F)F)C7=CC=CC=C47
IHOVFYSQUDPMCN-QKUIIBHLSA-N,C1CN(CCN1C[C@H](COC2=CC=CC3=C2C=CC=N3)O)C4C5=CC=CC=C5C6C(C6(F)F)C7=CC=CC=C47
MZDKLVOWGIOKTN-UHFFFAOYSA-N,CN(C1=C(C=CC=N1)CNC2=NC(=NC=C2C(F)(F)F)NC3=CC4=C(C=C3)NC(=O)C4)S(=O)(=O)C
OTSOOHRUMBRSHZ-UHFFFAOYSA-N,CC1=[N+](C2=C(N1CCOC)C(=O)C3=CC=CC=C3C2=O)CC4=NC=CN=C4
HMABYWSNWIZPAG-UHFFFAOYSA-N,CNCC1=CC=C(C=C1)C2=C3CCNC(=O)C4=C3C(=CC(=C4)F)N2
XXVLKDRPHSFIIB-UHFFFAOYSA-N,CN(C)CCN1C(=O)C2=CC=CC3=CC(=CC(=C32)C1=O)[N+](=O)[O-]
LECZXZOBEZITCL-UHFFFAOYSA-N,CC1C2=CC=CC=C2CCN1C3=NC(=NC(=C3C)C)NC4=CC=C(C=C4)F
LECZXZOBEZITCL-INIZCTEOSA-N,C[C@H]1C2=CC=CC=C2CCN1C3=NC(=NC(=C3C)C)NC4=CC=C(C=C4)F
UDDPPYHULIXFDV-UHFFFAOYSA-N,CCN(CC)CC(CNC1=C2C=C(C=CC2=NC3=C1C=CC(=C3)Cl)OC)O
WIPRQKODGRKUEW-UHFFFAOYSA-N,CCN(CC)CCCNC1=C2C(=CC(=C1)OC)C=CC=N2
ZVMMVSSEAMUNGI-UHFFFAOYSA-N,CC(C)(C)NCC1=C(C=C(C=C1)NC2=C3C=CC(=CC3=NC=C2)Cl)O
TXGKRVFSSHPBAJ-JKSUJKDBSA-N,C1CC[C@H]([C@H](C1)N)NC2=NC=C(C(=N2)NC3=CC(=CC=C3)N4N=CC=N4)C(=O)N
HRNLUBSXIHFDHP-UHFFFAOYSA-N,C1=CC=C(C(=C1)N)NC(=O)C2=CC=C(C=C2)CNC3=NC=CC(=N3)C4=CN=CC=C4
ODJLBQGVINUMMR-HZXDTFASSA-N,C[C@]12CC[C@H]3[C@H]([C@]1(CC[C@@H]2C4=CC(=O)OC4)O)CC[C@]5([C@@]3(CC[C@@H](C5)O)C=O)O
ANEBWFXPVPTEET-UHFFFAOYSA-N,CC1=C(C(C(=C(N1)C)C(=O)OCCN2CCN(CC2)C(C3=CC=CC=C3)C4=CC=CC=C4)C5=CC(=CC=C5)[N+](=O)[O-])C(=O)OC
VQJHOPSWBGJHQS-UHFFFAOYSA-N,CC1=C(C(=NC(=N1)N)N)C2=CC(=C(C=C2)Cl)Cl
QXRSDHAAWVKZLJ-PVYNADRNSA-N,C[C@H]1CCC[C@@]2([C@@H](O2)C[C@H](OC(=O)C[C@@H](C(C(=O)[C@@H]([C@H]1O)C)(C)C)O)/C(=C/C3=CSC(=N3)C)/C)C
BKWJAKQVGHWELA-UHFFFAOYSA-N,CC(C)(C1=NC(=CC=C1)N2C3=NC(=NC=C3C(=O)N2CC=C)NC4=CC=C(C=C4)N5CCN(CC5)C)O
POPOYOKQQAEISW-UHFFFAOYSA-N,C1=CC2=C(C=C1Cl)SNC2=O
OOUGLTULBSNHNF-UHFFFAOYSA-N,C1=CC=C(C(=C1)C2=NC(=NO2)C3=CC(=CC=C3)C(=O)O)F
LUKBXSAWLPMMSZ-OWOJBTEDSA-N,C1=CC(=CC=C1/C=C/C2=CC(=CC(=C2)O)O)O
YJZSUCFGHXQWDM-UHFFFAOYSA-N,C1C2CC3CC1CC(C2)(C3)OC(=O)C4=CC=C(C=C4)NCC5=C(C=CC(=C5)O)O
DBRXOUCRJQVYJQ-RTZFTBETSA-N,CC1=C(C(=O)OC(C1)[C@@H](C)C2CCC3[C@@]2(CCC4C3C[C@@H]5[C@]6([C@@]4(C(=O)C=C[C@@H]6O)C)O5)C)CO
YFXGICNMLCGLHJ-RSKRLRQZSA-N,C[C@@H](C(=O)OCC(C)(C)C)NP(=O)(OC[C@@H]1[C@H]([C@@]([C@@H](O1)N2C=NC3=C2N=C(N=C3OC)N)(C)O)O)OC4=CC=CC5=CC=CC=C54
MFZWMTSUNYWVBU-UHFFFAOYSA-N,CCN(CC)CCNC1=C2C(=C(C=C1)CO)SC3=CC=CC=C3C2=O
JCYZMTMYPZHVBF-UHFFFAOYSA-N,C1C(S[As](S1)C2=CC=C(C=C2)NC3=NC(=NC(=N3)N)N)CO
NOYPYLRCIDNJJB-UHFFFAOYSA-N,CC1=C(C=CC2=C1C(=NC(=N2)N)N)CNC3=CC(=C(C(=C3)OC)OC)OC
MEKASOQEXYKAKM-UHFFFAOYSA-N,CCNCC1=CN=CC(=C1C)C2=CC3=C(C=C2)NN=C3C4=NC5=C(N4)C=C(C=C5F)F
SZQLTQPHXXXMNC-UHFFFAOYSA-N,CN(CCC1C2=CC=CC=C2COC3=CC=CC=C13)CC(COC4=CC=CC=C4)O
QMVPQBFHUJZJCS-NTKFZFFISA-N,C1=CC2=C(C=C1O)NC3=C4C(=C5C(=C23)C(=O)N(C5=O)NC(CO)CO)C6=C(N4[C@H]7[C@@H]([C@H]([C@@H]([C@H](O7)CO)O)O)O)C=C(C=C6)O
QMVPQBFHUJZJCS-FEFYABCISA-N,C1=CC2=C(C=C1O)NC3=C4C(=C5C(=C23)C(=O)N(C5=O)NC(CO)CO)C6=C(N4[C@@H]7[C@@H]([C@H]([C@@H]([C@H](O7)CO)O)O)O)C=C(C=C6)O
QMVPQBFHUJZJCS-AKGYMOPHSA-N,C1=CC2=C(C=C1O)NC3=C4C(=C5C(=C23)C(=O)N(C5=O)NC(CO)CO)C6=C(N4C7[C@@H]([C@H]([C@@H]([C@H](O7)CO)O)O)O)C=C(C=C6)O
LJIZUXQINHXGAO-ITWZMISCSA-N,CC(C)C1=C(C(=CC(=N1)C2=CC=CC=C2)C3=CC=C(C=C3)F)/C=C/[C@@H]4C[C@H](CC(=O)O4)O
LJIZUXQINHXGAO-OUKQBFOZSA-N,CC(C)C1=C(C(=CC(=N1)C2=CC=CC=C2)C3=CC=C(C=C3)F)/C=C/C4CC(CC(=O)O4)O
MSOUIIHPMJCUNI-LJAQVGFWSA-N,C1=CC(=CN=C1)[C@H](CNCCC2=CC=C(C=C2)NS(=O)(=O)C3=CC=C(C=C3)C4=NC(=CS4)C5=CC=C(C=C5)C(F)(F)F)O
JAUARQFUHQYXHN-UHFFFAOYSA-N,C1CN(C(=O)CN1CC2=CN=CN2CC3=CC(=C(C=C3)C#N)OC4=CC=CC=C4)C5=CC(=CC=C5)Cl
PADXFHBBNBUCNR-UMSFTDKQSA-N,CC[C@@]1(C2=C(COC1=O)C(=O)N3CC4=CC5=CC=CC=C5N=C4C3=C2)OC(=O)CNC(=O)CCCCCNC(=O)CNC(=O)C(=C)C
IBTISPLPBBHVSU-UVOOVGFISA-N,CC[C@@]1(C2=C(COC1=O)C(=O)N3CC4=C(C5=CC=CC=C5N=C4C3=C2)/C=N/OCCN)O
BAZRWWGASYWYGB-SNVBAGLBSA-N,C1C[C@H](CN(C1)C2=C3C(=CNC3=NC=C2Br)NC(=O)C4CC4)N
CVBWTNHDKVVFMI-LBPRGKRZSA-N,C[C@@H](C(=O)N1CCC(CC1)CCN2C3=NC=NC(=C3N=C2SC4=C(C=C5C(=C4)OCO5)Br)N)O
OGSBUKJUDHAQEA-WMCAAGNKSA-N,C#CCC(CC1=CN=C2C(=N1)C(=NC(=N2)N)N)C3=CC=C(C=C3)C(=O)N[C@@H](CCC(=O)O)C(=O)O
OGSBUKJUDHAQEA-UHFFFAOYSA-N,C#CCC(CC1=CN=C2C(=N1)C(=NC(=N2)N)N)C3=CC=C(C=C3)C(=O)NC(CCC(=O)O)C(=O)O
OGSBUKJUDHAQEA-IURRXHLWSA-N,C#CC[C@H](CC1=CN=C2C(=N1)C(=NC(=N2)N)N)C3=CC=C(C=C3)C(=O)NC(CCC(=O)O)C(=O)O
NMDYYWFGPIMTKO-HBVLKOHWSA-N,CC[C@@]12C=CCN3[C@@H]1[C@]4(CC3)[C@H]([C@]([C@@H]2OC(=O)C)(C(=O)OC)O)N(C5=CC(=C(C=C45)[C@]6(C[C@H]7C[C@H](CN(C7)CC8=C6NC9=CC=CC=C89)C(C)(F)F)C(=O)OC)OC)C
NMDYYWFGPIMTKO-UXSVTQCRSA-N,CC[C@@]12C=CCN3[C@@H]1[C@]4(CC3)[C@H](C([C@@H]2OC(=O)C)(C(=O)OC)O)N(C5=CC(=C(C=C45)[C@]6(CC7CC(CN(C7)CC8=C6NC9=CC=CC=C89)C(C)(F)F)C(=O)OC)OC)C
NMDYYWFGPIMTKO-ZSRSGXGDSA-N,CC[C@@]12C=CCN3[C@@H]1[C@]4(CC3)[C@H]([C@]([C@@H]2OC(=O)C)(C(=O)OC)O)N(C5=CC(=C(C=C45)[C@]6(C[C@@H]7C[C@@H](CN(C7)CC8=C6NC9=CC=CC=C89)C(C)(F)F)C(=O)OC)OC)C
AUGCSOFQTDKPSO-RGVLZGJSSA-N,CN(C)CCCNC(=O)/C(=C/CCCCC(=O)NO)/COC1=CC=CC2=CC=CC=C21
WMTNMICVHUBQRW-UHFFFAOYSA-N,CCN(CC)CCNC1=C2C(=C(C=C1)CNC)SC3=CC=CC=C3C2=O
DTGZHCFJNDAHEN-RCBISRMCSA-N,CCC1CN2CCC3=CC(=C(C=C3C2C[C@@H]1C[C@@H]4C5=CC(=C(C=C5CCN4)O)OC)OC)OC
VJKZUTFFMNSTTD-UHFFFAOYSA-N,C1=CC=C2C(=C1)C(=O)C3=C(C2=O)SC(=N3)C4=CC=CO4
NFSKEXQRNDSSAN-NSHDSACASA-N,C[C@@H](C1=CC=C(C=C1)NC(=O)C)C(=O)NC2=NC=C(S2)C(C)C
SCAGLYMBBLMFND-UHFFFAOYSA-N,C1CCC(C1)N2C=NC3=C(N=C(N=C32)NC4CCC(CC4)N)NCC5=CC(=CC=C5)I
XCOWUOOCXCXCNS-UHFFFAOYSA-N,C1=CC(=CC=C1CSSSCC2=CC=C(C=C2)F)F
ZGFJFBOLVLFLLN-MOLVWPNASA-N,CC1(CN(CC[C@@]1(C2=CC=C(C=C2)Cl)O)CC/C=C/3\C4=C(COC5=C3C=C(C=C5)C(C)(C)O)N=CC=C4)C
LGFLRHWJJKLPCC-ZDUSSCGKSA-N,C1=CC(=CC=C1CCC2=CN=C3C(=N2)C(=NC(=N3)N)N)C(=O)N[C@@H](CCC(=O)O)C(=O)O
CPRASSMXAHKLHY-UHFFFAOYSA-N,CCN(CC)CCCNC1=NC=CC2=C(C3=C(C(=C21)C)C4=C(N3)C=CC(=C4)O)C
RVFGKBWWUQOIOU-NDEPHWFRSA-N,CC[C@@]1(C2=C(COC1=O)C(=O)N3CC4=C(C5=CC6=C(C=C5N=C4C3=C2)OCCO6)CN7CCN(CC7)C)O
OEAXOGPMLCXNMV-UHFFFAOYSA-N,CN(C)CCN1C(=O)C2=CC=CC3=C2N(C1=O)C4=C3C5=C(C=C4)C(=O)CCC5
PAVKBQLPQCDVNI-UHFFFAOYSA-N,CCN(CC)CCCNC1=NC=CC2=C(C3=C(C(=C21)C)C4=C(N3)C=CC(=C4)OC)C
XQCGNURMLWFQJR-HLPDFKCVSA-N,C[C@@H]1[C@H]([C@H](C[C@@H](O1)O[C@H]2CCC3(C4CCC5(C(CCC5(C4CC[C@@]3(C2)O)O)C6=CC(=O)OC6)C)C=O)OC)O
HULMNSIAKWANQO-UZQFYTNMSA-N,C[C@H]1[C@@H]([C@H]([C@H](C(O1)O[C@H]2CC[C@@]3([C@H]4CC[C@@]5(C(CC[C@@]5([C@@H]4CC[C@@]3(C2)O)O)C6=CC(=O)OC6)C)C=O)O)O)O
LKRDZKPBAOKJBT-CNPIRKNPSA-N,C[C@@H]1[C@H]([C@H](C[C@@H](O1)O[C@@H]2[C@H](O[C@H](C[C@@H]2O)O[C@@H]3[C@H](O[C@H](C[C@@H]3O)O[C@H]4CC[C@]5([C@@H](C4)CC[C@@H]6[C@@H]5CC[C@]7([C@@]6(C[C@@H]([C@@H]7C8=CC(=O)OC8)O)O)C)C)C)C)O)O
YFGQJKBUXPKSAW-OQHPCPMASA-N,C[C@@H]1[C@H]([C@H](C[C@@H](O1)O[C@H]2CC[C@]3([C@@H](C2)CC[C@@H]4[C@@H]3CC[C@]5([C@@]4(CC[C@@H]5C6=CC(=O)OC6)O)C)C)O)O[C@H]7C[C@@H]([C@@H]([C@H](O7)C)O[C@H]8C[C@@H]([C@@H](C(O8)C)O[C@H]9[C@@H]([C@H]([C@@H]([C@H](O9)CO)O)O)O)OC(=O)C)O
MYEJFUXQJGHEQK-DYDCTSDLSA-N,CC1C(C(C(C(O1)O[C@H]2CC[C@@]3(C4CC[C@@]5([C@H](CC[C@@]5(C4CCC3=C2)O)C6=COC(=O)C=C6)C)C)O)O)O
MYEJFUXQJGHEQK-CZIOHNRYSA-N,C[C@H]1[C@@H]([C@H]([C@H]([C@@H](O1)O[C@H]2CC[C@@]3([C@H]4CC[C@@]5([C@H](CC[C@]5([C@@H]4CCC3=C2)O)C6=COC(=O)C=C6)C)C)O)O)O
WJHBDAIAIDOONY-UHFFFAOYSA-N,CC1(N=C(N=C(N1C2=CC(=C(C=C2)OCC3=CC(=CC=C3)C(=O)N(C)C)Cl)N)N)C
DBXHTQKBPYCCQK-GHVJWSGMSA-N,CC/C(=C(/C#N)\C1=CC=C(C=C1)OCCN(CC)CC)/C2=CC=C(C=C2)Cl
LSHVYAFMTMFKBA-TZIWHRDSSA-N,C1[C@H]([C@H](OC2=CC(=CC(=C21)O)O)C3=CC(=C(C=C3)O)O)OC(=O)C4=CC(=C(C(=C4)O)O)O
FABUFPQFXZVHFB-PVYNADRNSA-N,C[C@H]1CCC[C@@]2([C@@H](O2)C[C@H](NC(=O)C[C@@H](C(C(=O)[C@@H]([C@H]1O)C)(C)C)O)/C(=C/C3=CSC(=N3)C)/C)C
QAWBIEIZDDIEMW-FPYGCLRLSA-N,C1C2CC3CC1CC(C2)(C3)C4=C(C=CC(=C4)C5=CC=C(C=C5)/C=C/C(=O)O)O
QLLGKCJUPWYJON-HLTSFMKQSA-N,C1=CN(C(=O)N=C1N)[C@H]2[C@@H]([C@@H](C(=C2F)CO)O)O
RTGDFNSFWBGLEC-SYZQJQIISA-N,CC1=C2COC(=O)C2=C(C(=C1OC)C/C=C(\C)/CCC(=O)OCCN3CCOCC3)O
RTGDFNSFWBGLEC-TVPGTPATSA-N,CC1=C2COC(=O)C2=C(C(=C1OC)C/C=C(/C)\CCC(=O)OCCN3CCOCC3)O
HPNSFSBZBAHARI-RUDMXATFSA-N,CC1=C2COC(=O)C2=C(C(=C1OC)C/C=C(\C)/CCC(=O)O)O
BEMNJULZEQTDJY-UHFFFAOYSA-N,CC1=NC2=C(N1)C=C(C=C2)N3C(=C(C=N3)C(=O)C4=CC5=CC=CC=C5N4)N
KVSKGMLNBAPGKH-UHFFFAOYSA-N,C1=CC(=CC=C1NC(=O)C2=C(C(=CC(=C2)Br)Br)O)Br
BVLLRNZKAURPNA-UHFFFAOYSA-N,CC(=O)OC1=CC=CC=C1C(=O)NC2=NC=C(S2)Cl
XESARGFCSKSFID-FLLFQEBCSA-N,C([C@@H]1[C@H]([C@H]([C@@H](O1)C2=C(C(=NN2)C(=O)N)O)O)O)O
WYXSYVWAUAUWLD-SHUUEZRQSA-N,C1=NN(C(=O)NC1=O)[C@H]2[C@@H]([C@@H]([C@H](O2)CO)O)O
QQOBRRFOVWGIMD-OJAKKHQRSA-N,CC(=O)OC[C@@H]1[C@H]([C@H]([C@@H](O1)N2C(=O)NC(=O)C=N2)OC(=O)C)OC(=O)C
KPBNHDGDUADAGP-VAWYXSNFSA-N,C1CN(CCC1CCCCNC(=O)/C=C/C2=CN=CC=C2)C(=O)C3=CC=CC=C3
RFIXURDMUINBMD-UHFFFAOYSA-N,CC(CCC1=CC=CC=C1)NC(C)C(C2=CC(=C(C(=C2)I)O)I)O
YULUCECVQOCQFQ-UHFFFAOYSA-N,C1=CC=C2C(=C1)C=CC3=C2C=CC(=C3)C4=CC(=NN4C5=CC=C(C=C5)NC(=O)CN)C(F)(F)F
DXTYGLAQRALLEG-LFYBBSHMSA-N,CC1=NC2=C(N1C3=CC=C(C=C3)OCC4=CC(=CC=C4)/C=C/C5=NC6=C(S5)C=CC(=C6)F)C=CN=C2
ZGTYTFYRCIRWBL-HYVNUMGLSA-N,C[C@@H]1CC[C@H]([C@@H](C1)C(=O)N2C3=C(C=C(C=C3)OC)N(C2=O)CCN)C(C)C
QEZYDSSGVBTNBH-UHFFFAOYSA-N,CC(C)N1C2=CC=CC=C2C(=N1)C(=O)NCCN3CCC(CC3)NC(=O)C45CC6CC(C4)CC(C6)C5
QDWKGEFGLQMDAM-JJIBRWJFSA-N,CCN(CC)CCNC(=O)C1=C(NC(=C1C)/C=C/2\C3=C(C=CC(=C3)C4=CSC(=N4)C5=CC=CC=C5)NC2=O)C
KDCVCMJTEQZMEL-GOSISDBHSA-N,CC1=CC(=CC=C1)CN2CCN(C[C@H](C2)NC(=O)C3=NNC4=CC=CC=C43)C
IZAOBRWCUGOKNH-OAHLLOKOSA-N,C[C@H](C1=C(C=C(C=C1)F)CCCC(=O)O)N(C2=C(C=CC(=C2)F)F)S(=O)(=O)C3=CC=C(C=C3)Cl
OALDDSAHYZPJQM-UHFFFAOYSA-N,CN1CCN(CC1)C2=CC(=CC(=C2)C(=O)NC3=C(NN=C3)C(=O)NC4CCCCC4)Cl
GAOHLWCIAJNSEE-JTQLQIEISA-N,C[C@@H](C(=O)NC1=CC=C(C=C1)SC2=CC3=C(C=C2)N=C(N3)NC(=O)OC)N
FZGVEKPRDOIXJY-UHFFFAOYSA-N,CC1=CC=C(C=C1)C(=O)OC2=C(C=C(C=C2)C(CNC(C)(C)C)O)OC(=O)C3=CC=C(C=C3)C
IPGLIOFIFLXLKR-UHFFFAOYSA-N,CC(C)NCC(COC1=CC=C(C=C1)CC(=O)OCCC23CC4CC(C2)CC(C4)C3)O
UBUIUJDXHGPJQV-UHFFFAOYSA-L,C1CCC(CC1)(C[NH-])C[NH-].[O-]S(=O)(=O)[O-].[Pt+4]
CYXKNKQEMFBLER-UHFFFAOYSA-N,C1CCC(CC1)C(CC2CCCCN2)C3CCCCC3
WBBZUHMHBSXBDT-UHFFFAOYSA-N,CCOC1=CC(=CC2=C1C3=C(CCCN3)C(=O)N2)CN4CCOCC4
NCUCGYYHUFIYNU-UHFFFAOYSA-N,CC1=C(C(C(=C(N1)C)C(=O)OCC(=O)C)C2=CC=CC=C2[N+](=O)[O-])C(=O)OC
DENYZIUJOTUUNY-MRXNPFEDSA-N,C[C@]12CCCN1CC3=NNC(=O)C4=C5C3=C2NC5=CC(=C4)F
HXEHCCYOTHDPPI-NBHSMZAVSA-N,C[C@@H](C(=O)N[C@H]1C2=CC=CC=C2C=NN(C1=O)C)NC(=O)[C@H](C3=CC(=CC(=C3)F)F)O
YYCCUFKHCNSRIA-HJWRWDBZSA-N,CCCCCC/C=C\CCCCCCCCCC1=CC(=O)C=C(C1=O)OC
KHAWQRZRRJLHHX-UHFFFAOYSA-N,CC1=CC(=C(C=C1OC(=O)CC(C)(C)SN=O)C(C)C)OCCN(C)C
MHXVDXXARZCVRK-WCWDXBQESA-N,C1=CC=C(C=C1)/C(=C(/C2=CC=CC=C2)\C(F)(F)F)/C3=CC=C(C=C3)OCCNCCO
FQSDVGNRPHHQCE-UHFFFAOYSA-N,CN1C(=C)C2(CCN(CC2)CCC=C(C3=CC=C(C=C3)F)C4=CC=C(C=C4)F)OC1=O
UPKQVEWZTKGCAR-ILWGZMRPSA-N,C[C@@H](C(=O)N[C@@H](CC1=CC=CC=C1)[C@@H](CN(CCC(C)C)C(=O)NC(C)(C)C)O)C(C)(C)C(=O)N
PGSRKJVMAOWDEC-SXOMAYOGSA-N,CC1=CC(=C(C(=C1)Cl)OCCOC2=NC=C(C=C2)[C@H]3CCNC[C@@H]3C(=O)N(CC4=C(C=CC(=C4)CCOC)Cl)C5CC5)Cl
PGSRKJVMAOWDEC-UHFFFAOYSA-N,CC1=CC(=C(C(=C1)Cl)OCCOC2=NC=C(C=C2)C3CCNCC3C(=O)N(CC4=C(C=CC(=C4)CCOC)Cl)C5CC5)Cl
UXNJSZBEHANTSL-YGCMUPCZSA-N,CC(C)OC(=O)CCC/C=C\C[C@@H]1[C@H](C=CC1=O)/C=C/[C@H](CCC2=CC=CC=C2)O
JVCPIJKPAKAIIP-UHFFFAOYSA-N,CCCCCCCOC1=C(C=C(C=C1)CCC(CO)(CO)N)C(F)(F)F
WMBWREPUVVBILR-WIYYLYMNSA-N,C1[C@H]([C@H](OC2=CC(=CC(=C21)O)O)C3=CC(=C(C(=C3)O)O)O)OC(=O)C4=CC(=C(C(=C4)O)O)O
PFTAWBLQPZVEMU-DZGCQCFKSA-N,C1[C@@H]([C@H](OC2=CC(=CC(=C21)O)O)C3=CC(=C(C=C3)O)O)O
ORDHXXHTBUZRCN-NTEUORMPSA-N,CC(C)(C1=CC=CC=C1C2=CC3=C(C=C2)N=C(N3)/C=C/C4=CC=C(C=C4)C(F)(F)F)O
OWBFCJROIKNMGD-BQYQJAHWSA-N,COC1=C(C=C(C=C1)CS(=O)(=O)/C=C/C2=C(C=C(C=C2OC)OC)OC)NCC(=O)O
UNRCMCRRFYFGFX-TYPNBTCFSA-N,CC(C)(C)C1=C(N=CN1)/C=C\2/C(=O)N/C(=C\C3=CC=CC=C3)/C(=O)N2
LHNIIDJUOCFXAP-UHFFFAOYSA-N,CS(=O)(=O)N1CCN(CC1)CC2=CC3=C(S2)C(=NC(=N3)C4=C5C=NNC5=CC=C4)N6CCOCC6
GFMMXOIFOQCCGU-UHFFFAOYSA-N,C1CC1CONC(=O)C2=C(C(=C(C=C2)F)F)NC3=C(C=C(C=C3)I)Cl
VAZAPHZUAVEOMC-UHFFFAOYSA-N,CC(=O)NC1=CC=C(C=C1)C(=O)NC2=CC=CC=C2N
JOOXLOJCABQBSG-UHFFFAOYSA-N,CC1=CN=C(N=C1NC2=CC(=CC=C2)S(=O)(=O)NC(C)(C)C)NC3=CC=C(C=C3)OCCN4CCCC4
VRQMAABPASPXMW-HDICACEKSA-N,C[C@@H]1CN(C[C@@H](N1)C)C2=CC=C(C=C2)C(=O)NC3=NNC(=C3)CCC4=CC(=CC(=C4)OC)OC
OIZSVTOIBNSVOS-UHFFFAOYSA-N,CC1=NC2=NC(=NN2C(=C1)NC3=CC=C(C=C3)S(F)(F)(F)(F)F)C(C)(F)F
ZPEIMTDSQAKGNT-UHFFFAOYSA-N,CN(C)CCCN1C2=CC=CC=C2SC3=C1C=C(C=C3)Cl
KKGQTZUTZRNORY-UHFFFAOYSA-N,CCCCCCCCC1=CC=C(C=C1)CCC(CO)(CO)N
INVTYAOGFAGBOE-UHFFFAOYSA-N,C1=CC=C(C(=C1)N)NC(=O)C2=CC=C(C=C2)CNC(=O)OCC3=CN=CC=C3
PQLXHQMOHUQAKB-UHFFFAOYSA-N,CCCCCCCCCCCCCCCCOP(=O)([O-])OCC[N+](C)(C)C
BSMCAPRUBJMWDF-QGZVFWFLSA-N,C1CCN[C@H](C1)C2(CN(C2)C(=O)C3=C(C(=C(C=C3)F)F)NC4=C(C=C(C=C4)I)F)O
QDITZBLZQQZVEE-YBEGLDIGSA-N,C1=CC2=NC=CC(=C2C=C1/C=C\3/C(=O)NC(=O)S3)C4=CC=NC=C4
QDITZBLZQQZVEE-MHWRWJLKSA-N,C1=CC2=NC=CC(=C2C=C1/C=C/3\C(=O)NC(=O)S3)C4=CC=NC=C4
ZTFBIUXIQYRUNT-MDWZMJQESA-N,C1=CC(=CC=C1CCCCN2C=CN=N2)OCC3=COC(=N3)/C=C/C4=CC=C(C=C4)C(F)(F)F
CDJNNOJINJAXPV-UHFFFAOYSA-N,CC1=CC(=NN1CC2=CC(=NC=C2)N3CCN(CC3)C4CC4)C5=NC(=NO5)C6=CC=C(C=C6)OC(F)(F)F
WXHHICFWKXDFOW-BJMVGYQFSA-N,C1=CC(=CN=C1)/C=C/C(=O)NCC2=CC=C(C=C2)C(=O)NC3=C(C=CC(=C3)F)N
JXONINOYTKKXQQ-CQSZACIVSA-N,COC1=C(C(=CC(=C1)[C@@H]2C3=C(C(=C(C=C3)N)N)OC(=C2C#N)N)Br)OC
RITAVMQDGBJQJZ-FMIVXFBMSA-N,CNC(=O)C1=CC=CC=C1SC2=CC3=C(C=C2)C(=NN3)/C=C/C4=CC=CC=N4
QBATWTOFDFHEDZ-UHFFFAOYSA-N,CC1=C(C=CC(=N1)C2=CC=C(C=C2)F)C(=O)NC3=CC4=C(C=C3)SC(=N4)C
DYKFIFLJEJVONL-UHFFFAOYSA-O,CCCCCCCCCCCCNC(=O)C[N+](C)(C)CC1=CC=CC=C1
HWGQMRYQVZSGDQ-HZPDHXFCSA-N,CN1C(=NC=N1)[C@@H]2[C@H](NC3=CC(=CC4=C3C2=NNC4=O)F)C5=CC=C(C=C5)F
XSMSNFMDVXXHGJ-UHFFFAOYSA-N,C1COCCN1C2=CC=C(C=C2)NC3=NC(=CN4C3=NC=C4)C5=CC6=C(C=C5)C=NN6
JEGHXKRHKHPBJD-UHFFFAOYSA-N,CS(=O)(=O)N1CCC2=C(N=C(N=C21)N3CCOCC3)C4=CN=C(N=C4)N
RCLQNICOARASSR-SECBINFHSA-N,CN1C2=C(C(=C(C1=O)F)NC3=C(C=C(C=C3)I)F)C(=O)N(C=N2)C[C@H](CO)O
BUXIWTJVINPFPP-UHFFFAOYSA-N,C1CN(CCC1OC(=O)NC(C2=CC=CC=C2)C3=CC=CC=C3)CC4=CC(=CC=C4)N
KTCJYACFOQWRDO-SFHVURJKSA-N,C1CCNC(=O)[C@H](C1)N(CC2=CC=C(C=C2)Br)S(=O)(=O)C3=CC=C(C=C3)Cl
JCZYXTVBWHAWLL-UHFFFAOYSA-N,C1CN(CCC1N2C3=C(C=C(C=C3)Cl)NC2=O)CCCC(C4=CC=C(C=C4)F)C5=CC=C(C=C5)F
WPHKIQPVPYJNAX-UHFFFAOYSA-N,C1=CC(=CC(=C1)F)NC(=O)NC2=CC=C(C=C2)C3=CSC4=C3C(=NC=C4C5=CN(N=C5)CCO)N
PSJNVUMNHFTSSI-SREVYHEPSA-N,CCN(C/C=C\C1=CC(=C(C(=C1)Cl)C2C3CC4CC(C3)CC2C4)Cl)C5CCCCC5
TVGRUCPXRHSHGG-UHFFFAOYSA-N,C1=CC=C(C=C1)CCNCCOC(C2=CC=C(C=C2)F)C3=CC=C(C=C3)F
SBEOBYJLAQKTQX-UHFFFAOYSA-N,CC(C)NC1CCC(CC1)(C2=CC=CC=C2)C3=CC=CC=C3
OEMZSJXPCJVMGB-UHFFFAOYSA-N,COC1=C(C=C2C(=C1)CCC(C2=O)CN3CCC(CC3)(C4=CC=CC=C4)O)OC
WFTSRDISOMSAQC-CYMJSXLZSA-N,CCN(CC)CCN1C2=C(C=CC(=C2)OC)C3=C1[C@H]4C[C@H]5[C@H](C[C@H]([C@@H](C5C(=O)OC)OC)OC(=O)C6=CC(=C(C(=C6)OC)OC)OC)CN4CC3
AUXCHYJDVJZEPG-UHFFFAOYSA-N,C1CCC(CC1)C2=CC3=C(C=C2)N4CCNC5C4=C3CCC5
AUXCHYJDVJZEPG-SFHVURJKSA-N,C1CCC(CC1)C2=CC3=C(C=C2)N4CCN[C@@H]5C4=C3CCC5
WIQRCHMSJFFONW-HNNXBMFYSA-N,C1=CC=C(C=C1)[C@H](CCN)OC2=CC=C(C=C2)C(F)(F)F
FDMQDKQUTRLUBU-UHFFFAOYSA-N,CN1CCN(CC1)C2=CC=C(C=C2)NC3=NC4=C(C(=N3)OC5=CC=CC(=C5)NC(=O)C=C)SC=C4
PWWVAXIEGOYWEE-UHFFFAOYSA-N,CC(CN1C2=CC=CC=C2SC3=CC=CC=C31)N(C)C
HYNBNUYQTQIHJK-UHFFFAOYSA-N,COC1CCN(CC1)C(=O)C2=C(C=CC(=C2)CC3=NNC(=O)C4=CC=CC=C43)F
HPLNQCPCUACXLM-PGUFJCEWSA-N,CN(C)CC[C@H](CSC1=CC=CC=C1)NC2=C(C=C(C=C2)S(=O)(=O)NC(=O)C3=CC=C(C=C3)N4CCN(CC4)CC5=CC=CC=C5C6=CC=C(C=C6)Cl)[N+](=O)[O-]
OEXJBTRYLHGHNY-UHFFFAOYSA-N,C=CCCCCCCCCCSC(=N)N
XPEXCFSBFPOSQR-UHFFFAOYSA-N,CCCNCC(C1=C(C2=CC=CC=C2O1)CCC3=CC=CC=C3)O
YLHJUSKJLHTVJY-UHFFFAOYSA-N,CNC1=CC=C(C=C1)CN2CCC(CC2)OC(=O)NC(C3=CC=CC=C3)C4=CC=CC=C4
KXDIHAQCVNNLIB-UHFFFAOYSA-N,C1=CC(=C(C=C1OCC2=C3C=CC(=NC3=NN2)N)OC4=CC(=CC(=C4)C#N)Cl)Cl
LJIUXAHLYIPHOK-UHFFFAOYSA-N,C1=CC=C2C(=C1)C(=CN2CC3=CC=C(C=C3)Cl)C(=O)C(=O)NC4=CC5=C(C=C4)N=CC=C5
AKLMUGFDGONMAA-UHFFFAOYSA-N,CCCC(CCC)N1CCN2C3=C1C=C(N=C3C(=N2)C4=C(C=C(C=C4)Cl)Cl)C
RGJOJUGRHPQXGF-INIZCTEOSA-N,CCNC(=O)NC1=CC=C(C=C1)C2=NC3=C(CCN(C3)C4COC4)C(=N2)N5CCOC[C@@H]5C
CQVAQQNDZCZBSU-UHFFFAOYSA-N,CN(C)CCNC(=O)COC1=C2CC3=C(C(=CC=C3)CC4=C(C(=CC=C4)CC5=CC=CC(=C5OCC(=O)NCCN(C)C)CC1=CC=C2)OCC(=O)NCCN(C)C)OCC(=O)NCCN(C)C
JLFSBHQQXIAQEC-UHFFFAOYSA-N,C1C2=CC=CC=C2CN1CC3=NC4=CC=CC5=C4C(=N3)NNC5=O
HYIMSNHJOBLJNT-UHFFFAOYSA-N,CC1=C(C(C(=C(N1)C)C(=O)OC)C2=CC=CC=C2[N+](=O)[O-])C(=O)OC
ZXFQRFXLFWWKLX-UHFFFAOYSA-N,CC1=C(OC2=C(C1=O)C=CC(=C2CN(C)C)OC)C3=CC=CC=C3
DHZBEENLJMYSHQ-UHFFFAOYSA-N,CC12C3CCC(C1(C(=O)OC2=O)C)O3
DHZBEENLJMYSHQ-XCVPVQRUSA-N,C[C@@]12[C@H]3CC[C@@H]([C@@]1(C(=O)OC2=O)C)O3
UIEATEWHFDRYRU-UHFFFAOYSA-N,CC(C)COCC(CN(CC1=CC=CC=C1)C2=CC=CC=C2)N3CCCC3
AHOUBRCZNHFOSL-UHFFFAOYSA-N,C1CNCC(C1C2=CC=C(C=C2)F)COC3=CC4=C(C=C3)OCO4
AHOUBRCZNHFOSL-YOEHRIQHSA-N,C1CNC[C@H]([C@@H]1C2=CC=C(C=C2)F)COC3=CC4=C(C=C3)OCO4
AHOUBRCZNHFOSL-SVLNYFRSSA-N,[2H]C1(OC2=C(O1)C=C(C=C2)OC[C@@H]3CNCC[C@H]3C4=CC=C(C=C4)F)[2H]
YQNWZWMKLDQSAC-UHFFFAOYSA-N,CC1=CC(=C(C=C1)SC2=CC=CC=C2N3CCNCC3)C
ILAYIAGXTHKHNT-UHFFFAOYSA-N,CC1=CC(=C(C(=C1)C)NC2=NC(=NC=C2)NC3=CC=C(C=C3)C#N)C
HNAIZJDQDDXEGC-UHFFFAOYSA-N,C1=CC(=CC(=C1)OC(C(F)F)(F)F)NC2=NC=CC(=N2)C3=C4C=CN(C4=CC=C3)CCCN
PSXOKXJMVRSARX-SCSAIBSYSA-N,C1=C(SC(=C1)Cl)S(=O)(=O)N[C@H](CO)C(C(F)(F)F)C(F)(F)F
OPQRBXUBWHDHPQ-UHFFFAOYSA-N,CCN1C2=NC=C(C(=C2C=N1)NN=C(C)C)C(=O)OCC
OOXQDZTUGOJLHK-CZIZESTLSA-N,CCCCCCCCCCC/C(=N\O)/C1=C(C=CC(=C1)C)O
YJGVMLPVUAXIQN-XVVDYKMHSA-N,COC1=CC(=CC(=C1OC)OC)[C@H]2[C@@H]3[C@H](COC3=O)[C@H](C4=CC5=C(C=C24)OCO5)O
YJGVMLPVUAXIQN-HAEOHBJNSA-N,COC1=CC(=CC(=C1OC)OC)[C@H]2[C@H]3[C@H](COC3=O)[C@H](C4=CC5=C(C=C24)OCO5)O
YZBUIQWOLSBWEX-OAQYLSRUSA-N,C1CN(C2=C1C=C(C=C2)S(=O)(=O)N3C[C@@H](NC3=O)C4=CC=CC=C4)C(=O)C5=CC=C(C=C5)N
PIQCTGMSNWUMAF-UHFFFAOYSA-N,CN1CCN(CC1)C2=CC3=C(C=C2)N=C(N3)C4=C(C5=C(C=CC=C5F)NC4=O)N
QIIVJLHCZUTGSD-CUBQBAPOSA-N,C1CCC(CC1)[C@@H]2C[C@@]2(C3=CC=C(C=C3)S(=O)(=O)C4CC4)C(=O)NC5=NC=C(S5)SCCN6CCCC6
YLBMXAVGXLBUCX-UHFFFAOYSA-N,CCN(CC)CCCN1C(=O)C2=C(C=CC3=C2N=C(N3)C4=CC=CC=C4)C(C1=O)(C)C
USAVJXBLQJXTSR-UHFFFAOYSA-N,CCCNC1=NC(=NC2=C1C=CC(=C2)N3C=CC(=C3)CCC(=O)NCCN4CCCCC4)NC
BTKHXNIRAYKGMN-KHPPLWFESA-N,CCCCCCCC/C=C\CCCCCCCC(=O)NCC1=CC(=C(C=C1)OCCN)OC
GUTCYOKMCPFRGH-UHFFFAOYSA-N,CC1=C(N=C(O1)C2=CC=CC=C2)CCOC3=CC=C(C=C3)CC4C(=O)NC(=O)S4
YXUPZGKORWTXID-UHFFFAOYSA-N,CCCCCCCCCCCC[N+](C)(C)CCOC1=CC=CC=C1
YPQVDFLBDPTGLB-UHFFFAOYSA-N,CCCCCCCCCCCCCCCC[N+](C)(C)C1CCCCC1O
UEVKMCOZLJYVNG-FOQLTGGSSA-N,C[C@@H]1[C@H]2C([C@H]3[C@@H](C(=O)/C(=C(\N)/O)/C(=O)[C@]3(C(=O)C2=C(C4=C1C=CC=C4O)O)O)N(C)C)O
SGKRLCUYIXIAHR-AKNGSSGZSA-N,C[C@@H]1[C@H]2[C@@H]([C@H]3[C@@H](C(=O)C(=C([C@]3(C(=O)C2=C(C4=C1C=CC=C4O)O)O)O)C(=O)N)N(C)C)O
GOCUUDXEOKIQRU-GVDBMIGSSA-N,CC(C)([C@@H](C(=O)NO)NC(=O)C1=CC=C(C=C1)C#CC#C[C@H]2C[C@@H]2CO)N
XDBMBHVYXPBOPL-UHFFFAOYSA-N,CC(C)C1=CC2=C(C=C1)SC3=C(CC2N4CCN(CC4)CCO)C=CC(=C3)F
AYOUDDAETNMCBW-GSHUGGBRSA-N,CN1C2=CC=CC=C2C(=N[C@@H](C1=O)NC(=O)[C@H](CCC(F)(F)F)[C@H](CCC(F)(F)F)C(=O)N)C3=CC=CC=C3
DUYJMQONPNNFPI-UHFFFAOYSA-N,CN1C=C(C2=CC=CC=C21)C3=NC(=NC=C3)NC4=C(C=C(C(=C4)NC(=O)C=C)N(C)CCN(C)C)OC
MMURVNDSFNJHAM-OWOJBTEDSA-N,C1=CC(=CC=C1/C=C/C2=CC=C(C=C2)C(=N)N)C(=N)N
WJRRGYBTGDJBFX-UHFFFAOYSA-N,CC1=NC=C(N1C(C)C)C2=NC(=NC=C2)NC3=CC=C(C=C3)S(=O)(=O)C
TXOKWXJQVFUUDD-UHFFFAOYSA-N,CCN(CC)CCOC1=CC=C(C=C1)C2=NC3=C(S2)C=CC(=C3)Cl
YQNQNVDNTFHQSW-UHFFFAOYSA-N,CC(=O)OC1=CC=CC=C1C(=O)NC2=NC=C(S2)[N+](=O)[O-]
RPWFJAMTCNSJKK-UHFFFAOYSA-N,CCCCCCCCCCCCOC(=O)C1=CC(=C(C(=C1)O)O)O
MWULMTACIBZPGN-UHFFFAOYSA-N,COC1=C(C=CC(=C1)N2C=NC3=C(C2=O)SC(=C3)C4=CC=C(C=C4)Cl)OCCN5CCCC5
GQJFGCIETONRNJ-UHFFFAOYSA-N,CC1=C(C(C(=C(N1)C)C(=O)OC)C2=C(C=CC(=C2)[N+](=O)[O-])OCCCCNCC(COC3=CC=CC=C3)O)C(=O)OC
DRXHAKVGNKHFMB-UHFFFAOYSA-N,CC1=CC=CC=C1C(=O)N2C(=O)C(=CN(C2=O)C(=O)C)F
OKRSVUYYCJPECG-LFGMFVMYSA-N,CC(C)[C@@]12[C@@H](O1)[C@H]3[C@@]4(O3)[C@]5(CCC6=C([C@@]5(C[C@H]7[C@]4([C@@H]2O)O7)O)COC6=O)C
VCAVAURZPNANDQ-UHFFFAOYSA-N,CCCCCCCCCCCCCCCC[N+](C)(C)CC
YNIGIJNKAURBRK-CPJSRVTESA-N,CC(C)(C)[C@H](C1=NC(=CN1CC2=CC=CC=C2)C3=C(C=CC(=C3)F)F)N(CC[C@@H](CF)N)C(=O)CO
QNLSCNDZNSALTM-OYRHEFFESA-N,C[C@@H]1CN(C[C@@H](N1)C)C2=C(C=C3CCN(C3=C2)C(=O)C4=CC=C(C=C4)C5=C(C=C(C=C5)C6=NOC(=N6)C)C)OC
ACWKGTGIJRCOOM-UHFFFAOYSA-N,COC1=C(C=CC(=C1)F)C2=NC(=NC=N2)NC3=CC=CC(=C3)CS(=N)(=O)C
GFFPVFWRCCFTOC-UHFFFAOYSA-N,CC(C)OCCN(C1=CC=C(C=C1)C(=O)N2CCN(CC2)CCC3=CC=C(C=C3)Cl)C(=O)CCl
QQJHRQZZCNYDMX-VPUSJEBWSA-N,C1[C@@H]2COC3=C([C@H]2CN1CCCCNC(=O)C4=CC=C(C=C4)C5=CC=CC=C5)C=C(C=C3)C#N
VLFJECXUHXIQBJ-HNNXBMFYSA-N,CC1=C(C=CC=C1O[C@@H](C)C2=CC(=CC=C2)F)C3CCNCC3
ZBYQBWHQMGPCBT-UHFFFAOYSA-N,C1=CC=C2C(=C1)C(=NC3=CC=CC=C3O2)C4=CC=C(C=C4)C(=O)NO
ZQTNQVWKHCQYLQ-UHFFFAOYSA-N,CCCCC1=C(C2=C(O1)C=CC(=C2)NS(=O)(=O)C)C(=O)C3=CC=C(C=C3)OCCCN(CCCC)CCCC
XZXHXSATPCNXJR-ZIADKAODSA-N,CN1CCN(CC1)CC(=O)N(C)C2=CC=C(C=C2)N/C(=C\3/C4=C(C=C(C=C4)C(=O)OC)NC3=O)/C5=CC=CC=C5
AKJHMTWEGVYYSE-FXILSDISSA-N,CC1=C(C(CCC1)(C)C)/C=C/C(=C/C=C/C(=C/C(=O)NC2=CC=C(C=C2)O)/C)/C
TXUZVZSFRXZGTL-QPLCGJKRSA-N,CC/C(=C(\C1=CC=C(C=C1)O)/C2=CC=C(C=C2)OCCN(C)C)/C3=CC=CC=C3
TXUZVZSFRXZGTL-OCEACIFDSA-N,CC/C(=C(/C1=CC=C(C=C1)O)\C2=CC=C(C=C2)OCCN(C)C)/C3=CC=CC=C3
HAYYBYPASCDWEQ-UHFFFAOYSA-N,CN1CCN(CC1)C2=CC(=C(C=C2)C(=O)NC3=NNC4=C3C=C(C=C4)CC5=CC(=CC(=C5)F)F)NC6CCOCC6
VIUAUNHCRHHYNE-JTQLQIEISA-N,C1=CC(=C(C=C1I)F)NC2=C(C=CN=C2)C(=O)NC[C@@H](CO)O
XEAOPVUAMONVLA-QGZVFWFLSA-N,C1=CC(=CC=C1S(=O)(=O)N(CC2=C(C=C(C=C2)C3=NOC=N3)F)[C@H](CCC(F)(F)F)C(=O)N)Cl
HHCBMISMPSAZBF-UHFFFAOYSA-N,CC1=CC(=C(C=C1C2=C(N=C3C(=C2)C=NC(=N3)NC)C)NC(=O)NCCC(C)(C)C)F
OJPLJFIFUQPSJR-INIZCTEOSA-N,CC(C)(C(=O)NCC(C(F)(F)F)(F)F)C(=O)N[C@H]1C2=CC=CC=C2C3=CC=CC=C3NC1=O
YCBAQKQAINQRFW-UGSOOPFHSA-N,C[C@@H](C(=O)N[C@H]1C2=CC=CC=C2C3=C(N=CC=C3)N(C1=O)CCO)NC(=O)CCC(F)(F)F
IAJOMYABKVAZCN-AATRIKPKSA-N,C1=CC(=CC2=C1C=CC(=N2)/C=C/C(=O)C3=CC=NC=C3)C(F)(F)F
DZMVCVHATYROOS-ZBFGKEHZSA-N,CC[C@H](C)[C@@H]([C@@H](CC(=O)N1CCC[C@H]1[C@@H]([C@@H](C)C(=O)NCCC2=CC=CC=C2)OC)OC)N(C)C(=O)[C@H](C(C)C)NC(=O)[C@H](C(C)C)N(C)C
WDEKUGNKKOGFOA-UHFFFAOYSA-N,CCC1=CC(=C(C=C1C)C)NC2=NC(=CS2)C3=CC(=C(C=C3)N4C=C(N=C4)C)F
MAFACRSJGNJHCF-UHFFFAOYSA-N,CC1=CC(=C(C=C1)OC)NC(=O)NC2=NC3=C(S2)C=C(C=C3)NC4=NC=NC5=CC(=C(C=C54)OC)OCCCN6CCN(CC6)C
FWYMMXUDTATKLG-PGLMLKKXSA-N,CC(C)[C@@H](/C=C(\C)/C(=O)O)N(C)C(=O)[C@H](C(C)(C)C)NC(=O)[C@H]1CCCCN1C(C)C
HGOAIWZFTWACBD-UHFFFAOYSA-O,CCCCCCCCCCCCCCCCCCNC(=O)OC1CCN(CC1)C(=O)OCC(COC(=O)N(CC2=CC=CC=[N+]2CC)C(=O)C3=CC=CC=C3OC)OC
HGOAIWZFTWACBD-RRHRGVEJSA-O,CCCCCCCCCCCCCCCCCCNC(=O)OC1CCN(CC1)C(=O)OC[C@H](COC(=O)N(CC2=CC=CC=[N+]2CC)C(=O)C3=CC=CC=C3OC)OC
QCSDJDQOJBQTDV-UHFFFAOYSA-N,COC1=C(C=C2C(=C1)C3=C(C4=CC5=C(C=C4C3=O)OCO5)N(C2=O)CCCNCCO)OC
WVXNSAVVKYZVOE-UHFFFAOYSA-N,CC(C)(C)C1=NN(C(=C1)NC(=O)NC2=C(C=C(C=C2)OC3=CC(=NC=C3)C(=O)NC)F)C4=CC5=C(C=C4)N=CC=C5
KOHIRBRYDXPAMZ-UHFFFAOYSA-N,C1CC2=C(C=CC(=C2)F)OC1C(CNCC(C3CCC4=C(O3)C=CC(=C4)F)O)O
WJIGGYYSZBWCGC-MRXNPFEDSA-N,C1CCC(CC1)COC2=CC=CC(=C2)[C@@H](CCN)O
ALBKMJDFBZVHAK-UHFFFAOYSA-N,CCOC(=O)C1=NC=C2C(=C1COC)C3=C(N2)C=CC(=C3)OCC4=CC=CC=C4
ULDXWLCXEDXJGE-UHFFFAOYSA-N,C1CC(C1)(C2=CC=C(C=C2)C3=C(C=C4C(=N3)C=CN5C4=NNC5=O)C6=CC=CC=C6)N
GBABOYUKABKIAF-IELIFDKJSA-N,CCC1=C[C@H]2C[C@@](C3=C(CN(C2)C1)C4=CC=CC=C4N3)(C5=C(C=C6C(=C5)[C@]78CCN9[C@H]7[C@@](C=CC9)([C@H]([C@@]([C@@H]8N6C)(C(=O)OC)O)OC(=O)C)CC)OC)C(=O)OC
GBABOYUKABKIAF-DAIMWMSVSA-N,CCC1=C[C@H]2C[C@@](C3=C(CN(C2)C1)C4=CC=CC=C4N3)(C5=C(C=C6C(=C5)[C@]78CCN9[C@H]7[C@@](C=CC9)([C@H]([C@@](C8N6C)(C(=O)OC)O)OC(=O)C)CC)OC)C(=O)OC
MTJHLONVHHPNSI-IBGZPJMESA-N,CCC[C@@H](C1=CN=CC=C1)NC2=NC(=NC=C2C)C3=CC(=C(C=C3)NC(=O)NCC)OC
KLRRGBHZCJLIEL-UHFFFAOYSA-N,CC1=C(C=C(C=C1)CNC)NC(=O)C2=CC=C(C=C2)NC3=NC4=CC=CC=C4C(=N3)C5=CC=CC=C5
JNKQAHJZAUFSLB-BAWYVGMJSA-N,CCN(CC)CCOC1=CC=C(C=C1)[C@H]2C[C@]3([C@@H](CC[C@@H]3O)[C@H]4[C@H]2C5=C(CC4)C(=C(C=C5)O)Cl)C
XXJWYDDUDKYVKI-UHFFFAOYSA-N,CC1=CC2=C(N1)C=CC(=C2F)OC3=NC=NC4=CC(=C(C=C43)OC)OCCCN5CCCC5
JFIWEPHGRUDAJN-DYUFWOLASA-N,C#C[C@]1([C@H](O[C@H]([C@@H]1O)N2C=CC(=NC2=O)N)CO)O
AFSDNFLWKVMVRB-UHFFFAOYSA-N,C1=C2C3=C(C(=C1O)O)OC(=O)C4=CC(=C(C(=C43)OC2=O)O)O
LFDOEFHQLNGBQQ-HNNXBMFYSA-N,CC1=C(C=CC(=C1)C2=NC3=C(S2)C=CC(=C3)F)NC(=O)[C@H](CCCCN)N
AHYMHWXQRWRBKT-UHFFFAOYSA-N,CN1CCC(CC1)COC2=CN=C(N=C2)C3=CC=CC(=C3)CN4C(=O)C=CC(=N4)C5=CC=CC(=C5)C#N
GNMUEVRJHCWKTO-FQEVSTJZSA-N,CC1=C(SC2=C1C(=N[C@H](C3=NN=C(N32)C)CC(=O)NC4=CC=C(C=C4)O)C5=CC=C(C=C5)Cl)C
YEASNVKEKVHQLR-UHFFFAOYSA-N,CCCC(CCC)C(=O)NCC(=O)NCCCCCCNC(=O)N1C=C(C(=O)NC1=O)F
HQDXNTRZJRNPLD-UHFFFAOYSA-N,CC(CCC1=C(C=CC(=C1)OC)C#CC2=CC=CC=C2)N(C)CCC3=CC(=C(C=C3)OC)OC
MNHDKMDLOJSCGN-UHFFFAOYSA-N,COC1=CC=CC=C1N2CCN(CC2)CCCCNC(=O)C3=CC4=CC=CC=C4C=C3
XRVDGNKRPOAQTN-FQEVSTJZSA-N,CC(C)OC1=C(C=C(C=C1)C2=NC(=NO2)C3=C4CC[C@@H](C4=CC=C3)NCCO)C#N
KPJDVVCDVBFRMU-AREMUKBSSA-N,COCCNCCC1=CC(=CC=C1)NC2=NC=C3C[C@H](C4=CC=CC=C4C3=N2)C5=CC=CC=C5F
NJMYODHXAKYRHW-BLLMUTORSA-N,C1CN(CCN1CC/C=C/2\C3=CC=CC=C3SC4=C2C=C(C=C4)C(F)(F)F)CCO
NJMYODHXAKYRHW-DVZOWYKESA-N,C1CN(CCN1CC/C=C\2/C3=CC=CC=C3SC4=C2C=C(C=C4)C(F)(F)F)CCO
OVPNQJVDAFNBDN-UHFFFAOYSA-N,C1CNCCC1NC(=O)C2=C(C=NN2)NC(=O)C3=C(C=CC=C3Cl)Cl
GNRIZKKCNOBBMO-UHFFFAOYSA-N,CC(=CCC1=C(C2=C(C=C1O)OC3=C(C2=O)C(=C(C(=C3)O)OC)CC=C(C)C)O)C
SZFPYBIJACMNJV-UHFFFAOYSA-N,CCCCCCCCCCCCCCCCCCOP(=O)([O-])OC1CC[N+](CC1)(C)C
RWEVIPRMPFNTLO-UHFFFAOYSA-N,CC1=CC(=C(N(C1=O)C)NC2=C(C=C(C=C2)I)F)C(=O)NOCCO
VBSPHZOBAOWFCL-UHFFFAOYSA-O,CC(C1=CC=CC=C1)(C2=CC=C(C=C2)Cl)OCC[NH+]3CCCCCC3
XXBDOTXPQDVHIP-JTQLQIEISA-N,CCOC(=O)NC1=NC(=C2C(=C1)N[C@H](C(=N2)C3=CC=CC=C3)C)N
DKGZKTPJOSAWFA-UHFFFAOYSA-N,C1CN(CCC12C(=O)NCN2C3=CC=CC=C3)CCCC(=O)C4=CC=C(C=C4)F
BQWPMXGVSJTVAL-UHFFFAOYSA-N,C1CN=C(N1)C(CCCC2=CC=CC=C2)OC3=CC=CC=C3OCC4=CC=CC=C4
SETMAZMOXYOEJA-NRFANRHFSA-N,CN(C)CC[C@@H]1CCC2=C(C1)C=CC(=C2)OCC3=CC=C(C=C3)C4=CC=CC=C4
OBJKLVFDRLAGJI-UHFFFAOYSA-N,COCCN1CCC(CC1)N(CC2=CC=C(C=C2)C3=CC=C(C=C3)C(F)(F)F)C(=O)CN4C(=CC(=O)C5=C4N=CC=C5)CCC6=C(C(=CC=C6)F)F
GDXHUQOLWNEHCJ-UHFFFAOYSA-N,CC1=CSC(=C1OCC(CNCC(C)C)OC)C(=O)CCC2=CC=CC=C2
SWFXMFDHMPMWMA-UHFFFAOYSA-N,CC1=C(C2=C(N1C(=O)C3=CC=C(C=C3)Cl)C=CC(=C2)OC)CC(=O)OCCSCC(=O)NCCCOC4=CC=CC(=C4)CN5CCCCC5
KQZVSTAVTJCKDG-DRSBITMPSA-N,CC(=C)[C@@H]1CC[C@]2([C@H]1[C@H]3CC[C@@H]4[C@]5(CC[C@@H](C([C@@H]5CC[C@]4([C@@]3(CC2)C)C)(C)C)OC(=O)C)C)C(=O)OCC(CO)(CO)N
SBRXTSOCZITGQG-UHFFFAOYSA-N,CC(CO)(CO)NCC1=CC2=C(C=CC3=CC=CC=C32)C4=CC=CC=C41
VKBBVOVNGWGZCA-HVIPQOSHSA-N,CC1=C(C(=CC=C1)CN(C2CC2)C(=O)C3=C(C[C@@H]4CNC[C@H]3N4)C5=CC=C(C=C5)OCCOC6=C(C=C(C=C6Cl)C)Cl)C
YAKRKFCZKPDKHG-UHFFFAOYSA-N,CCCCC1=C(C2=CC=CC=C2O1)C(=O)C3=CC=C(S3)OCCN(CC)CC
URLYINUFLXOMHP-HTVVRFAVSA-N,CN1C2=NC=NC3=C2C(=CN3[C@H]4[C@@H]([C@@H]([C@H](O4)COP(=O)(O)O)O)O)C(=N1)N
URLYINUFLXOMHP-UHFFFAOYSA-N,CN1C2=NC=NC3=C2C(=CN3C4C(C(C(O4)COP(=O)(O)O)O)O)C(=N1)N
NGGMYCMLYOUNGM-CSDLUJIJSA-N,CC(=CC[C@@H]1[C@@](O1)(C)[C@H]2[C@@H]([C@@H](CC[C@]23CO3)OC(=O)/C=C/C=C/C=C/C=C/C(=O)O)OC)C
NGGMYCMLYOUNGM-HTYDLQADSA-N,CC(=CCC1C(O1)(C)[C@H]2[C@@H]([C@@H](CC[C@]23CO3)OC(=O)/C=C/C=C/C=C/C=C/C(=O)O)OC)C
MQTOSJVFKKJCRP-UHFFFAOYSA-N,CCC1C(C(C(N(CC(CC(C(C(C(C(C(=O)O1)C)OC2CC(C(C(O2)C)O)(C)OC)C)OC3C(C(CC(O3)C)N(C)C)O)(C)O)C)C)C)O)(C)O
MQTOSJVFKKJCRP-FHZDSTMTSA-N,CC[C@@H]1[C@@]([C@@H]([C@H](N(C[C@@H](C[C@@]([C@@H]([C@H]([C@@H]([C@H](C(=O)O1)C)OC2CC(C(C(O2)C)O)(C)OC)C)OC3C(C(CC(O3)C)N(C)C)O)(C)O)C)C)C)O)(C)O
MQTOSJVFKKJCRP-BICOPXKESA-N,CC[C@@H]1[C@@]([C@@H]([C@H](N(C[C@@H](C[C@@]([C@@H]([C@H]([C@@H]([C@H](C(=O)O1)C)O[C@H]2C[C@@]([C@H]([C@@H](O2)C)O)(C)OC)C)O[C@H]3[C@@H]([C@H](C[C@H](O3)C)N(C)C)O)(C)O)C)C)C)O)(C)O
IXXFZUPTQVDPPK-ZAWHAJPISA-N,CC[C@@H]1[C@@]2([C@@H]([C@H](C(=O)[C@@H](C[C@@]([C@@H]([C@H](C(=O)[C@](C(=O)O1)(C)F)C)O[C@H]3[C@@H]([C@H](C[C@H](O3)C)N(C)C)O)(C)OC)C)C)N(C(=O)O2)CCCCN4C=C(N=N4)C5=CC(=CC=C5)N)C
IXXFZUPTQVDPPK-VPBIPTBPSA-N,CC[C@@H]1[C@@]2([C@@H]([C@H](C(=O)[C@@H](C[C@]([C@@H]([C@H](C(=O)[C@](C(=O)O1)(C)F)C)O[C@H]3[C@@H]([C@H](C[C@H](O3)C)N(C)C)O)(C)OC)C)C)N(C(=O)O2)CCCCN4C=C(N=N4)C5=CC(=CC=C5)N)C
ABJKWBDEJIDSJZ-UHFFFAOYSA-N,CC(C)(C)C1=CC=C(C=C1)CN(C)CC2=CC=CC3=CC=CC=C32
ULGZDMOVFRHVEP-TXJUTXNDSA-N,CC[C@@H]1[C@@]([C@@H]([C@H](C(=O)[C@@H](C[C@@]([C@@H]([C@H]([C@@H]([C@H](C(=O)O1)C)OC2CC(C(C(O2)C)O)(C)OC)C)OC3C(C(CC(O3)C)N(C)C)O)(C)O)C)C)O)(C)O
ULGZDMOVFRHVEP-ZTCLHLGDSA-N,CC[C@@H]1[C@@]([C@@H]([C@H](C(=O)[C@@H](C[C@@]([C@@H]([C@H]([C@@H]([C@H](C(=O)O1)C)OC2C[C@@]([C@H]([C@@H](O2)C)O)(C)OC)C)OC3[C@H]([C@@H](C[C@@H](O3)C)N(C)C)O)(C)O)C)C)O)(C)O
ULGZDMOVFRHVEP-RWJQBGPGSA-N,CC[C@@H]1[C@@]([C@@H]([C@H](C(=O)[C@@H](C[C@@]([C@@H]([C@H]([C@@H]([C@H](C(=O)O1)C)O[C@H]2C[C@@]([C@H]([C@@H](O2)C)O)(C)OC)C)O[C@H]3[C@@H]([C@H](C[C@H](O3)C)N(C)C)O)(C)O)C)C)O)(C)O
NSHPHXHGRHSMIK-JRIKCGFMSA-N,C[C@H]/1CC[C@@H]2C[C@H](C[C@@](O2)([C@@H]3CSC(=O)N3)O)OC(=O)/C=C(\CC/C=C1)/C
NSHPHXHGRHSMIK-ZHKLBRLOSA-N,C[C@H]1CC[C@@H]2C[C@H](C[C@@](O2)([C@@H]3CSC(=O)N3)O)OC(=O)C=C(CCC=C1)C
ZKEMUPZLDSXZCX-CEVDDVLHSA-N,CC(=CC[C@H]1O[C@@]1([C@@H]2[C@]3(OC3)CC[C@H]([C@H]2OC)OC(=O)/C=C/C4=CC=C(C=C4)OCCN(C)C)C)C.CC(=CC[C@H]1O[C@@]1([C@@H]2[C@]3(OC3)CC[C@H]([C@H]2OC)OC(=O)/C=C/C4=CC=C(C=C4)OCCN(C)C)C)C.C(=O)(O)C(=O)O
ZEZFKUBILQRZCK-LLKQQYEVSA-N,CC(=CC[C@@H]1[C@@](O1)(C)C2[C@@H]([C@@H](CC[C@]23CO3)OC(=O)/C=C/C4=CC=C(C=C4)OCCN(C)C)OC)C
ZEZFKUBILQRZCK-MJSCXXSSSA-N,CC(=CC[C@@H]1[C@@](O1)(C)[C@H]2[C@@H]([C@@H](CC[C@]23CO3)OC(=O)/C=C/C4=CC=C(C=C4)OCCN(C)C)OC)C
MSHZHSPISPJWHW-PVDLLORBSA-N,CC(=CC[C@@H]1[C@@](O1)(C)[C@H]2[C@@H]([C@@H](CC[C@]23CO3)OC(=O)NC(=O)CCl)OC)C
RXZBMPWDPOLZGW-XMRMVWPWSA-N,CC[C@@H]1[C@@]([C@@H]([C@H](/C(=N/OCOCCOC)/[C@@H](C[C@@]([C@@H]([C@H]([C@@H]([C@H](C(=O)O1)C)O[C@H]2C[C@@]([C@H]([C@@H](O2)C)O)(C)OC)C)O[C@H]3[C@@H]([C@H](C[C@H](O3)C)N(C)C)O)(C)O)C)C)O)(C)O
RXZBMPWDPOLZGW-KMAKEOJNSA-N,CC[C@@H]1[C@@]([C@@H]([C@H](/C(=N/OCOCCOC)/[C@@H](C[C@@]([C@@H]([C@H]([C@@H]([C@H](C(=O)O1)C)OC2CC(C(C(O2)C)O)(C)OC)C)OC3C(C(CC(O3)C)N(C)C)O)(C)O)C)C)O)(C)O
RXZBMPWDPOLZGW-DMXPWGSESA-N,CC[C@@H]1[C@@]([C@@H]([C@H](/C(=N/OCOCCOC)/[C@@H](C[C@@]([C@@H]([C@H]([C@@H]([C@H](C(=O)O1)C)OC2C[C@@]([C@H]([C@@H](O2)C)O)(C)OC)C)OC3[C@@H]([C@H](C[C@H](O3)C)N(C)C)O)(C)O)C)C)O)(C)O
HBOMLICNUCNMMY-XLPZGREQSA-N,CC1=CN(C(=O)NC1=O)[C@H]2C[C@@H]([C@H](O2)CO)N=[N+]=[N-]
YJEFYCWLQDIDFY-HLYDGJMNSA-N,CC1=C2C(=NC=C1)N(C3=C(C=CC=N3)C(=O)N2)C4CC4.CC1=CN(C(=O)NC1=O)[C@H]2C[C@@H]([C@H](O2)CO)N=[N+]=[N-].C1[C@H](O[C@H](S1)CO)N2C=CC(=NC2=O)N
HBOMLICNUCNMMY-UHFFFAOYSA-N,CC1=CN(C(=O)NC1=O)C2CC(C(O2)CO)N=[N+]=[N-]
SRVFFFJZQVENJC-IHRRRGAJSA-N,CCOC(=O)[C@@H]1[C@H](O1)C(=O)N[C@@H](CC(C)C)C(=O)NCCC(C)C
SRVFFFJZQVENJC-UHFFFAOYSA-N,CCOC(=O)C1C(O1)C(=O)NC(CC(C)C)C(=O)NCCC(C)C
WRLFHDDGGGWFLH-UHFFFAOYSA-N,CN(C)CCNC(=O)C1=CC(=CC(=C1)C2=C(SC(=C2)Cl)Cl)C(=O)N=C(N)N
PPUXXDKQNAHHON-BJLQDIEVSA-N,CC[C@@H](C(=O)C(=O)NC1CC1)NC(=O)[C@H](CS(=O)(=O)CC2CC2)N[C@@H](C3=CC=C(C=C3)F)C(F)(F)F
KRMMQWXJLDORCJ-OALUTQOASA-N,CC(C)C[C@@H](C(=O)N[C@@H](C(C)C)C(=O)NCC(=O)C=[N+]=[N-])NC(=O)OCC1=CC=CC=C1
BTZCSXIUAFVRTE-CHGLIHOBSA-N,C[C@@H]1CS/C(=N\NC(=O)C(=O)[C@H](C2CCOCC2)NC(=O)C3CCCCCC3)/N1C
BJCJYEYYYGBROF-UHFFFAOYSA-N,CC1=C(C=C(C=N1)NC(=O)C2=CC(=C(C=C2)CN3CCN(CC3)C)C(F)(F)F)NC4=NC=CC(=N4)C5=CN=CC=C5
RKEWSXXUOLRFBX-UHFFFAOYSA-N,CC(C)COC1=CC=C(C=C1)CNC(=O)N(CC2=CC=C(C=C2)F)C3CCN(CC3)C
RGSULKHNAKTFIZ-CEAXSRTFSA-N,CC(C)COC1=CC=C(C=C1)CNC(=O)N(CC2=CC=C(C=C2)F)C3CCN(CC3)C.CC(C)COC1=CC=C(C=C1)CNC(=O)N(CC2=CC=C(C=C2)F)C3CCN(CC3)C.[C@@H]([C@H](C(=O)O)O)(C(=O)O)O
QUXRAOQDUJFWIA-UHFFFAOYSA-N,CN1CCC(=C2C3=CC=CC=C3OC4=C2C=C(C=C4)Cl)CC1
VQPFSIRUEPQQPP-MXBOTTGLSA-N,CC(C)(C(=O)N[C@H](CC1=CNC2=CC=CC=C21)C(=O)N3CCC[C@](C3)(CC4=CC=CC=C4)C(=O)N(C)N(C)C)N
HOKDBMAJZXIPGC-UHFFFAOYSA-N,C1CN2CCC1C(C2)CN3C4=CC=CC=C4SC5=CC=CC=C53
HOKDBMAJZXIPGC-MRXNPFEDSA-N,C1CN2CCC1[C@H](C2)CN3C4=CC=CC=C4SC5=CC=CC=C53
HOKDBMAJZXIPGC-INIZCTEOSA-N,C1CN2CCC1[C@@H](C2)CN3C4=CC=CC=C4SC5=CC=CC=C53
LYHNZWIPSZUYDT-UHFFFAOYSA-N,CN1CCC(CC1)C2=CN(C3=C2C=C(C=C3)OS(=O)(=O)C4=C(C=CC=C4F)F)C
QXRUCDDVUMKOPI-UHFFFAOYSA-N,CC1(C2=CC=CC=C2N(C3=CC=CC=C31)C(=O)SCCN(C)C)C
IKKXOSBHLYMWAE-QRPMWFLTSA-N,C#C[C@]1([C@H](C[C@@H](O1)N2C=NC3=C(N=C(N=C32)F)N)O)CO
VYQNWZOUAUKGHI-UHFFFAOYSA-N,C1=CC=C(C=C1)COC2=CC=C(C=C2)O
UPQJYTNALAIZCC-UHFFFAOYSA-N,CC1=CC(=C(C=C1)OC)NS(=O)(=O)C2=CC(=C3C(=C2)C=CO3)OC4CCNCC4
WCWSTNLSLKSJPK-LKFCYVNXSA-N,C[C@H]1CO[C@H]2N1C(=O)C3=C(C(=O)C(=CN3C2)C(=O)NCC4=C(C=C(C=C4)F)F)O
WCWSTNLSLKSJPK-CUVJYRNJSA-N,C[C@H]1COC2N1C(=O)C3=C(C(=O)C(=CN3C2)C(=O)NCC4=C(C=C(C=C4)F)F)O
ZEYTZKVCOZMUKL-KRWDZBQOSA-N,CNC[C@@H]1CCN2C=C(C3=CC=CC=C32)C4=C(C5=CN(CCO1)C6=CC=CC=C65)C(=O)NC4=O
QIHLUZAFSSMXHQ-UHFFFAOYSA-N,CC(C)(C)N1CCC(CC1)(C2=CC=CC=C2)C3=CC=CC=C3
LDYMIBZOCSHLBG-QGTPRVQTSA-N,C1CC[C@H]2[C@@H](C1)C3=C(O2)C(=CC(=C3)Cl)C(=O)N[C@@H]4CN5CCC4CC5
LDYMIBZOCSHLBG-UHFFFAOYSA-N,C1CCC2C(C1)C3=C(O2)C(=CC(=C3)Cl)C(=O)NC4CN5CCC4CC5
AAKJLRGGTJKAMG-UHFFFAOYSA-N,COCCOC1=C(C=C2C(=C1)C(=NC=N2)NC3=CC=CC(=C3)C#C)OCCOC
AAKJLRGGTJKAMG-JVVVGQRLSA-N,COCCOC1=C(C=C2C(=C1)N=CN=C2NC3=CC=CC(=C3)C#C)OCCO[11CH3]
VNIWZCGZPBJWBI-UHFFFAOYSA-N,CN1C(=O)C(=C(N=C1N2CCCCS2(=O)=O)C(=O)NCC3=CC=C(C=C3)F)O
FYDWDCIFZSGNBU-UHFFFAOYSA-N,CN(CCN1CCC(CC1)OC(=O)NC2=CC=CC=C2C3=CC=CC=C3)C(=O)C4=CC=C(C=C4)CN5CCC(CC5)C(=O)N
UXXQOJXBIDBUAC-UHFFFAOYSA-N,CC(C)OC1=CC=C(C=C1)NC(=O)N2CCN(CC2)C3=NC=NC4=CC(=C(C=C43)OC)OCCCN5CCCCC5
KDDVVMDIQCUZDI-UHFFFAOYSA-N,CCCOC1=CC(=C(C=C1C(=O)NC2CCN(CC2)CCCC3CCCO3)Cl)N
YSXKPIUOCJLQIE-UHFFFAOYSA-N,C1CCN(CC1)CCC(C2CC3CC2C=C3)(C4=CC=CC=C4)O
YSXKPIUOCJLQIE-UYWIDEMCSA-N,C1CCN(CC1)CC[C@]([C@@H]2C[C@@H]3C[C@H]2C=C3)(C4=CC=CC=C4)O
LVEXHFZHOIWIIP-UHFFFAOYSA-N,CC1=C(C=C(C=C1)C(CNCCOC2=CC=CC=C2OC)O)S(=O)(=O)N
FIADGNVRKBPQEU-UHFFFAOYSA-N,CN1CCC(=C2C3=C(CCC4=CC=CC=C42)SC=C3)CC1
SOLUWJRYJLAZCX-LYOVBCGYSA-N,C1C[C@@H]2C[C@H]1N3[C@H](O2)CN4C=C(C(=O)C(=C4C3=O)O)C(=O)NCC5=C(C=C(C=C5F)F)F
GMIGIKGMWTUBHA-UKQLQXPXSA-N,C[C@H](CN1C=NC2=C(N=CN=C21)N)OC[P@@](=O)(N[C@@H](C)C(=O)OC(C)C)OC3=CC=CC=C3.C1C[C@@H]2C[C@H]1N3[C@H](O2)CN4C=C(C(=O)C(=C4C3=O)O)C(=O)NCC5=C(C=C(C=C5F)F)F.C1[C@H](O[C@H](S1)CO)N2C=C(C(=NC2=O)N)F
JLUPGSPHOGFEOB-WQLSENKSSA-N,CC1(O/C(=C\C(=O)N(CC2=CC=C(C=C2)F)OC)/C(=O)O1)C
IWUCXVSUMQZMFG-RGDLXGNYSA-N,C1=NC(=NN1[C@@H]2[C@H]([C@H]([C@@H](O2)CO)O)O)C(=O)N
IWUCXVSUMQZMFG-ORYDJHDTSA-N,C1=NC(=NN1[C@H]2[C@H](C([C@H](O2)CO)O)O)C(=O)N
IWUCXVSUMQZMFG-LBSIEXDVSA-N,C1=NC(=NN1[C@H]2[C@@H](C([C@H](O2)CO)O)O)C(=O)N
DZSMTMGGLVZZLW-UHFFFAOYSA-N,C1CCN(CC1)CC2=CC(=CC=C2)OCCCNC(=O)CCCNC(=S)NC3=CC4=C(C=C3)OCO4
WUWFMJLSHFBJBN-IBGZPJMESA-N,CCOC(=O)[C@H](CC1=CC=C(C=C1)C2=C(N(C(=O)N(C2=O)C)C)C)NC(=O)C3=C(C=CC=C3F)F
CFOOTBBXHJHHMT-UHFFFAOYSA-N,CC(C)N1CCC(CC1)(C2=CC=CC=C2)C3=CC=CC=C3
XNDCPFTULXRWQH-HNENSFHCSA-N,C1CN2CCC1/C(=C(/COC3=CC4=C(C=C3)C5=CC=CC=C5N4)\F)/C2
DIWDGCJUJQGVOU-RUZDIDTESA-N,CC(C)(C(=O)N[C@@H]1CCC2=CC=CC=C2N(C1=O)CC3=CC=C(C=C3)C4=CC=CC=C4CNC(=O)NC)N
AQASRZOCERRGBL-ROJLCIKYSA-N,CN1CCC2=CC(=C(C=C2[C@H]1CC3=CC=C(C=C3)OC4=C(C=CC(=C4)C[C@@H]5C6=CC(=C(C=C6CCN5C)OC)OC)O)OC)OC
GYNNRVJJLAVVTQ-UHFFFAOYSA-N,CCN(CC)CCC1=C(C2=C(C(=C(C=C2)OCC(=O)OCC)Cl)OC1=O)C
HDFMVHGMQMBXPU-AATRIKPKSA-N,CN(C)CCCN1C(=O)C2=C(C=C(C=C2)/C=C/C3=CC=C(C=C3)OC)C=N1
MREBEPTUUMTTIA-PCLIKHOPSA-N,CN1CCN(CC1)CCCCN2C(=O)CN(C2=O)/N=C/C3=CC=C(O3)C4=CC=C(C=C4)Cl
JXJPYHDHJZJWRI-UHFFFAOYSA-N,C1CCN(CC1)CCC(C2=CC=CC=C2)C3=CC=CC=C3
VHEJZMZHDUPRNV-UZYVYHOESA-N,CCN(CC)CCO/N=C(/C1=C(C(=C(C=C1)OC)Cl)Cl)\C2=CC=CO2
HKPQFVAUXAZCDY-OAHLLOKOSA-N,C[C@@H]1CN(CCN1C)C2=CN=C(N=C2NC3=NN(C(=C3)C)C)NC4=NC(=C(C(=C4)C5CC5)F)C
YKFWMDHZMQLWBO-UHFFFAOYSA-N,CC(C)N(CCC(CCN1CCCCC1)(C2=CC=CC=C2Cl)C(=O)N)C(C)C
ANZVBVKYXOGOQC-UHFFFAOYSA-N,CCOC1=CC2=C(C=C1)C(=C3CCN(CC3)C)C4=C(C=CC=C4S2)OC
VRQXRVAKPDCRCI-ZNMIVQPWSA-N,C[C@H]1C[C@H](C[C@H](C1)N)C2=C(C=NC=C2)NC(=O)C3=NC(=C(C=C3)F)C4=C(C=CC=C4F)F
BENUHBSJOJMZEE-UHFFFAOYSA-N,C1CCN(C1)CCNC(=O)C2=CC(=NC3=C2C=C(C=C3)F)C4=CC=C(C=C4)CN5CCOCC5
FJZZPCZKBUKGGU-AUSIDOKSSA-N,CCCCCCCC(=O)N[C@H](CN1CCCC1)[C@@H](C2=CC3=C(C=C2)OCCO3)O
KUBARPMUNHKBIQ-VTHUDJRQSA-N,CCCCCCCC(=O)N[C@H](CN1CCCC1)[C@@H](C2=CC3=C(C=C2)OCCO3)O.CCCCCCCC(=O)N[C@H](CN1CCCC1)[C@@H](C2=CC3=C(C=C2)OCCO3)O.[C@@H]([C@H](C(=O)O)O)(C(=O)O)O
NUNIWXHYABYXKF-UHFFFAOYSA-N,CN(C)CCOC(C1=CC=CC=C1)C2=CC=C(C=C2)Br
OIFWQOKDSPDILA-XLPZGREQSA-N,CC1=CN(C(=O)NC1=O)[C@H]2C[C@@H]([C@H](O2)COP(=O)(O)O)N=[N+]=[N-]
WRHGGQFJPWBBTG-UHFFFAOYSA-N,CN(C)CCCN1C2=CC=CC=C2C(=NC3=C1N=CC=C3)C4=CC=CC=C4
BYKBUQDQTLDNLE-KBPBESRZSA-N,CCOC(=O)[C@H](C)NP(=O)(C1=CC=C(O1)C2=C(SC(=N2)N)CC(C)C)N[C@@H](C)C(=O)OCC
WVXRAFOPTSTNLL-NKWVEPMBSA-N,C1C[C@@H](O[C@@H]1CO)N2C=NC3=C(N=CN=C32)N
WVXRAFOPTSTNLL-UHFFFAOYSA-N,C1CC(OC1CO)N2C=NC3=C(N=CN=C32)N
YNWCUCSDUMVJKR-UHFFFAOYSA-N,C1CCN(C1)CC2=C(C=CC(=C2)NC3=C4C=CC(=CC4=NC=C3)Cl)O
FJADIVYKWUDMEW-PSXMRANNSA-N,CC(C)N(CCCCCCCN1CC[C@H](C1)C(C2=CC=CC=C2)(C3=CC=CC=C3)C(=O)N)C4CCN(CC4)CC5=C(C=CN=C5)OC
QIADQCOYEFCREQ-UHFFFAOYSA-N,CC(CCC(C#C)N)N
FFSKQESNYWHALV-UHFFFAOYSA-N,CN1CCC2=CC(=C(C=C2CC1)OC)NS(=O)(=O)C3=CC=C(C=C3)C4=CC=C(S4)Cl
VZWWTHTUQTYAGH-UHFFFAOYSA-N,CN1CCC(=C2C3=C(SCC4=CC=CC=C42)SC=C3)CC1
LLCRBOWRJOUJAE-UHFFFAOYSA-N,CCCN1CCN(CC1)C2=CC=C(C=C2)C(=O)NC3(CCCCC3)C(=O)NCC#N
VHEOUJNDDFHPGJ-UHFFFAOYSA-N,CCN(CC)CCC(=O)N1C2=CC=CC=C2SC3=C1C=C(C=C3)C(F)(F)F
QJNSUCWIIAABPO-UHFFFAOYSA-N,CC(=O)C(=O)N(C)C1=NC(=C(C2=C1C=CC=N2)O)C(=O)NCC3=CC=C(C=C3)F
HXXOFKXVESEZNB-XLPZGREQSA-N,CC1=CN(C(=O)NC1=O)[C@H]2C[C@@H]([C@H](O2)COP(=O)O)N=[N+]=[N-]
QVZCXCJXTMIDME-UHFFFAOYSA-P,COC1=CC(=CC(=C1OC)OC)C(=O)OCCC[NH+]2CCC[NH+](CC2)CCCOC(=O)C3=CC(=C(C(=C3)OC)OC)OC
XURFYCWNUGWGDL-VQJWOFKYSA-N,CC1=CN(C(=O)NC1=O)[C@H]2C[C@@H]([C@H](O2)COP(=O)(O)OC[C@@H]3CC[C@@H](O3)N4C=NC5=C4NC=NC5=O)N=[N+]=[N-]
XURFYCWNUGWGDL-VAQLIOGMSA-N,CC1=CN(C(=O)NC1=O)[C@H]2CC([C@H](O2)COP(=O)(O)OC[C@H]3CC[C@H](O3)N4C=NC5=C4NC=NC5=O)N=[N+]=[N-]
KJEBULYHNRNJTE-DHZHZOJOSA-N,CC1=C(C(C(=C(N1)C)C(=O)OC/C=C/C2=CC=CC=C2)C3=CC(=CC=C3)[N+](=O)[O-])C(=O)OCCOC
KNCHHDLOWPRRRD-YADXHAIOSA-N,CCCCC(=O)N(CC1=CC=C(C=C1)C2=CC=CC=C2C3=NNN=N3)[C@@H](C(C)C)C(=O)O.CC1=C(C(C(=C(N1)C)C(=O)OC/C=C/C2=CC=CC=C2)C3=CC(=CC=C3)[N+](=O)[O-])C(=O)OCCOC
RQTZMTMTBWAQAI-UHFFFAOYSA-N,CN1CCC(=CC1)C2=CC3=C(C=C2)NC=C3CCN(C)C
YNZFUWZUGRBMHL-UHFFFAOYSA-N,C1CN(CCN1CCCN2C3=CC=CC=C3C=CC4=CC=CC=C42)CCO
KWPACVJPAFGBEQ-IKGGRYGDSA-N,C1C[C@H](N(C1)C(=O)[C@@H](CC2=CC=CC=C2)N)C(=O)N[C@@H](CCCN=C(N)N)C(=O)CCl
JJCFRYNCJDLXIK-UHFFFAOYSA-N,CN1CCC(=C2C3=CC=CC=C3C=CC4=CC=CC=C42)CC1
UHIXWHUVLCAJQL-MPBGBICISA-N,C[C@H]([C@](CN1C=NC=N1)(C2=C(C=C(C=C2)F)F)O)N3C=NC4=C(C3=O)C=CC(=C4)Cl
ZBSURXIIEJERBJ-KMUZCZNQSA-N,C[C@@H](C(=O)OC)NP(=O)(OC[C@@H]1C=C[C@@H](O1)N2C=NC3=C(N=CN=C32)N)OC4=CC=CC=C4
RYBJORHCUPVNMB-UHFFFAOYSA-N,C1=CC=C(C=C1)CCNCCCCCCNCCC2=CC(=C(C=C2)O)O
HGEYJZMMUGWEOT-UHFFFAOYSA-N,C1CN(CC=C1C2=CC=CC=C2)CCCCC3=CNC4=C3C=C(C=C4)O
PUFQVTATUTYEAL-UHFFFAOYSA-N,CCCCOC1=NC2=CC=CC=C2C(=C1)C(=O)NCCN(CC)CC
CMJCXYNUCSMDBY-ZDUSSCGKSA-N,C[C@@H](CNC1=NC=CC(=N1)C2=CN(N=C2C3=C(C(=CC(=C3)Cl)NS(=O)(=O)C)F)C(C)C)NC(=O)OC
AAFJXZWCNVJTMK-GUCUJZIJSA-N,C1[C@@H](O1)[C@@H]([C@@H]([C@@H]2CO2)O)O
AAFJXZWCNVJTMK-UHFFFAOYSA-N,C1C(O1)C(C(C2CO2)O)O
CZFFBEXEKNGXKS-UHFFFAOYSA-N,CC1=NN=C(O1)C(=O)NC(C)(C)C2=NC(=C(C(=O)N2C)O)C(=O)NCC3=CC=C(C=C3)F
FFTVPQUHLQBXQZ-KVUCHLLUSA-N,C[NH+](C)[C@H]1[C@@H]2C[C@@H]3CC4=C(C=CC(=C4C(=C3C(=O)[C@@]2(C(=C(C1=O)C(=O)N)[O-])O)O)O)N(C)C
JYJKOWWSKTWAJA-RTWAWAEBSA-N,C1CN(C[C@H]([C@H]1NCC2=CC3=C(C=N2)OCCO3)F)CCN4C(=O)C=CC5=C4C=C(C=C5)C#N
JYRHGXXQSIPDDP-IACUBPJLSA-N,COC1=C2C(=CC(=C1N3C[C@H](C4(C3)CC4)N)F)C(=O)C(=CN2[C@@H]5C[C@@H]5F)C(=O)O
XDJYMJULXQKGMM-BZUHZWDSSA-N,CCC(C)CCCCC(=O)N[C@@H](CCN)C(=O)N[C@@H]([C@@H](C)O)C(=O)N[C@@H](CCN)C(=O)N[C@H]1CCNC(=O)[C@@H](NC(=O)[C@@H](NC(=O)[C@@H](NC(=O)[C@@H](NC(=O)[C@H](NC(=O)[C@@H](NC1=O)CCN)CC(C)C)CC(C)C)CCN)CCN)[C@@H](C)O
NZCRJKRKKOLAOJ-XRCRFVBUSA-N,C[C@H]1/C=C/C=C(\C(=O)NC2=C(C3=C(C4=C(C(=C3O)C)O[C@@](C4=O)(O/C=C/[C@@H]([C@H]([C@H]([C@@H]([C@@H]([C@@H]([C@H]1O)C)O)C)OC(=O)C)C)OC)C)C5=C2N6C=CC(=CC6=N5)C)O)/C
NZCRJKRKKOLAOJ-VJYREXROSA-N,C[C@H]1/C=C/C=C(C(=O)NC2=C(C3=C(C4=C(C(=C3O)C)O[C@@](C4=O)(O/C=C/[C@@H]([C@H]([C@H]([C@@H]([C@@H]([C@@H]([C@H]1O)C)O)C)OC(=O)C)C)OC)C)C5=C2N6C=CC(=CC6=N5)C)O)C
DZOJBGLFWINFBF-UMSFTDKQSA-N,CC(=O)N(C)C1(CCN(CC1)CCC[C@@]2(CCCN(C2)C(=O)C3=CC=CC=C3)C4=CC(=C(C=C4)Cl)Cl)C5=CC=CC=C5
LRMJAFKKJLRDLE-UHFFFAOYSA-N,C1CN(CCN1CCCC2(OCCO2)C3=CC=CC=C3)C(C4=CC=CC=C4)C5=CC=CC=C5
DHMTURDWPRKSOA-RUZDIDTESA-N,C1CN(CCC1CC(=O)N2CCC(CC2)[C@@H]3C4=C(CCC5=C3N=CC(=C5)Br)C=C(C=C4Br)Cl)C(=O)N
AZEXWHKOMMASPA-UHFFFAOYSA-N,CN1C=C(C(=N1)C2=CC=C(C=C2)OCC3=NC4=CC=CC=C4C=C3)C5=CC=NC=C5
FAYAUAZLLLJJGH-UHFFFAOYSA-N,C1=CC(=CC(=C1)Cl)NC(=O)NC2=NC=C(S2)CCNC3=NC=NC4=C3SC=C4
XCTYLCDETUVOIP-UHFFFAOYSA-N,CCSC1=CC2=C(C=C1)SC3=CC=CC=C3N2CCCN4CCN(CC4)C
IINUNQPYJGJCJI-UHFFFAOYSA-N,C1=CC=C(C=C1)COC2=CC(=CC=C2)SC3=CC(=C(C=C3)CCC(CO)(CO)N)Cl
JEYWNNAZDLFBFF-UHFFFAOYSA-N,COC1=CC2=C(C=C1)C(=C(CC2)C3=CC=CC=C3)C4=CC=C(C=C4)OCCN5CCCC5
YVUQSNJEYSNKRX-UHFFFAOYSA-N,C1CN(CCC1N2C3=CC=CC=C3NC2=O)CCCC(C4=CC=C(C=C4)F)C5=CC=C(C=C5)F
HSKAZIJJKRAJAV-KOEQRZSOSA-N,CC1=CC(=CC=C1)/C=N/NC2=CC(=NC(=N2)OCCC3=CC=CC=N3)N4CCOCC4
WJUGGKGTCAVATA-UHFFFAOYSA-N,C1CCN(CC1)CC2=CC=C(C=C2)C3=CC4=CC=CC=C4C5=NCCN35
GFBKORZTTCHDGY-UWVJOHFNSA-N,CN1CCN(CC1)CC/C=C\2/C3=CC=CC=C3SC4=C2C=C(C=C4)S(=O)(=O)N(C)C
FPQSMZBBNHABRA-UHFFFAOYSA-N,CCN(CC)CCOC1=CC=CC(=C1)CNC2=NC=C3C=C(C(=O)N(C3=N2)C)C4=CC=CC=C4
XFCLJVABOIYOMF-QPLCGJKRSA-N,CN(C)CCOC1=CC=C(C=C1)/C(=C(/CCCl)\C2=CC=CC=C2)/C3=CC=CC=C3
ZEWQUBUPAILYHI-UHFFFAOYSA-N,CN1CCN(CC1)CCCN2C3=CC=CC=C3SC4=C2C=C(C=C4)C(F)(F)F
GUDVQJXODNJRIJ-CALCHBBNSA-N,C[C@@H]1CN(C[C@@H](N1)C)CCCN2C3=CC=CC=C3C4=CC=CC=C42
IYIKLHRQXLHMJQ-UHFFFAOYSA-N,CCCCC1=C(C2=CC=CC=C2O1)C(=O)C3=CC(=C(C(=C3)I)OCCN(CC)CC)I
PRXZOPNJRFEGRH-UHFFFAOYSA-N,CC1=C(C=C(N1NC(=O)C2=CC=NC=C2)C3=CC=CC=C3)CN4CCN(CC4)C5=CC=CC(=C5)C(F)(F)F
GZUITABIAKMVPG-UHFFFAOYSA-N,C1CCN(CC1)CCOC2=CC=C(C=C2)C(=O)C3=C(SC4=C3C=CC(=C4)O)C5=CC=C(C=C5)O
NKANXQFJJICGDU-QPLCGJKRSA-N,CC/C(=C(\C1=CC=CC=C1)/C2=CC=C(C=C2)OCCN(C)C)/C3=CC=CC=C3
GERNFWKTMKWULM-UHFFFAOYSA-N,C=CCNC1=NC(=NC(=N1)N2CCC(CC2)NCC(C3=CC=C(C=C3)F)C4=CC=C(C=C4)F)NCC=C
XPPBBJCBDOEXDN-UHFFFAOYSA-N,CC(C)(C)CN1C2=C(C=CC(=N2)C3=C(N=C(N3)C(C)(C)C)C4=CC=C(C=C4)F)N=C1N
TULGGJGJQXESOO-UHFFFAOYSA-N,COC(=O)C1=CN=C2N1CCC3=CC=CC=C3C2=C4CCN(CC4)CCC5=CC=C(C=C5)OCC6=NC7=CC=CC=C7C=C6
TULGGJGJQXESOO-BJUDXGSMSA-N,[11CH3]OC(=O)C1=CN=C2N1CCC3=CC=CC=C3C2=C4CCN(CC4)CCC5=CC=C(C=C5)OCC6=NC7=CC=CC=C7C=C6
QGWIQIAWOCJRPI-WSCVWKGISA-N,C[C@@H]1CCC[C@@H](N1CC2=CC=C(C=C2)C[C@H](C(=O)N(C)C(C)C)NC(=O)C[C@H](C3=CC4=C(C=C3)OCO4)NS(=O)(=O)C5=CC6=C(C=C5)C=C(C=C6)OC)C
QGWIQIAWOCJRPI-BYQXAJIQSA-N,C[C@@H]1CCC[C@@H](N1CC2=CC=C(C=C2)CC(C(=O)N(C)C(C)C)NC(=O)CC(C3=CC4=C(C=C3)OCO4)NS(=O)(=O)C5=CC6=C(C=C5)C=C(C=C6)OC)C
KKHZFGDLQNWZMS-VAWYXSNFSA-N,COC1=CC(=C(C=C1/C=C/C(=O)C2=CC=C(C=C2)C(=O)O)C3=CC4=CC=CC=C4N3)OC
BABFYCSPNDKXRI-UHFFFAOYSA-N,C1CN(CCN1CCCN2C3=CC=CC=C3SC4=C2C=C(C=C4)Cl)CCOC(=O)CCCN
PURKAOJPTOLRMP-UHFFFAOYSA-N,CC(C)(C)C1=CC(=C(C=C1NC(=O)C2=CNC3=CC=CC=C3C2=O)O)C(C)(C)C
PURKAOJPTOLRMP-NBDUPMGQSA-N,[2H]C([2H])([2H])C(C1=CC(=C(C=C1NC(=O)C2=CNC3=CC=CC=C3C2=O)O)C(C([2H])([2H])[2H])(C([2H])([2H])[2H])C([2H])([2H])[2H])(C([2H])([2H])[2H])C([2H])([2H])[2H]
PURKAOJPTOLRMP-ASMGOKTBSA-N,[2H]C([2H])([2H])C(C1=C(C=C(C(=C1)C(C)(C)C)NC(=O)C2=CNC3=CC=CC=C3C2=O)O)(C([2H])([2H])[2H])C([2H])([2H])[2H]
WHTVZRBIWZFKQO-UHFFFAOYSA-N,CCN(CC)CCCC(C)NC1=C2C=CC(=CC2=NC=C1)Cl
VSWBSWWIRNCQIJ-HUUCEWRRSA-N,CN1C[C@H]2[C@H](C1)C3=C(C=CC(=C3)Cl)OC4=CC=CC=C24
ZSDCIRYNTCVTMF-GIGWZHCTSA-N,CCC[C@H](C1=CC2=C(C=C1)OCO2)NC(=O)N3[C@H](C(C3=O)(CC)CC)OC4=CC=C(C=C4)C(=O)N5CCN(CC5)C
ZSDCIRYNTCVTMF-UHFFFAOYSA-N,CCCC(C1=CC2=C(C=C1)OCO2)NC(=O)N3C(C(C3=O)(CC)CC)OC4=CC=C(C=C4)C(=O)N5CCN(CC5)C
FOHHNHSLJDZUGQ-UHFFFAOYSA-N,CCCCN(CCCC)CCC(C1=C2C=CC(=CC2=C3C=C(C=C(C3=C1)Cl)Cl)C(F)(F)F)O
AFJRDFWMXUECEW-LBPRGKRZSA-N,CN1C(=C(C=N1)Cl)C2=C(SC(=C2)C(=O)N[C@@H](CC3=CC(=CC=C3)F)CN)Cl
ZDXUKAKRHYTAKV-UHFFFAOYSA-N,CC1=C(C(C(=C(N1)C)C(=O)OC(C)(C)CN(C)CCC(C2=CC=CC=C2)C3=CC=CC=C3)C4=CC(=CC=C4)[N+](=O)[O-])C(=O)OC
XCBUWCBDKKNTRF-DYERUGSUSA-N,CCCCC(=O)N(CC1=CC=C(C=C1)C2=CC=CC=C2C3=NNN=N3)[C@@H](C(C)C)C(=O)O.CC1=C(C(C(=C(N1)C)C(=O)OC(C)(C)CN(C)CCC(C2=CC=CC=C2)C3=CC=CC=C3)C4=CC(=CC=C4)[N+](=O)[O-])C(=O)OC
CSATZFOKBJPVHH-CRHVHDRLSA-N,CCOC(=O)[C@H](CCC1=CC=CC=C1)N[C@@H](C)C(=O)N2CCC[C@H]2C(=O)O.CC1=C(C(C(=C(N1)C)C(=O)OC(C)(C)CN(C)CCC(C2=CC=CC=C2)C3=CC=CC=C3)C4=CC(=CC=C4)[N+](=O)[O-])C(=O)OC
LSPANGZZENHZNJ-UHFFFAOYSA-N,COC1=C(C=C2C(=C1)C(=NC=N2)NC3=CC(=CC=C3)Br)OC
LSPANGZZENHZNJ-BJUDXGSMSA-N,COC1=C(C=C2C(=C1)N=CN=C2NC3=CC(=CC=C3)Br)O[11CH3]
DADASRPKWOGKCU-FVTQAUBDSA-N,C[C@@H]1CN(C[C@@H](O1)C)CC2=CC=C(C=C2)/C=C/C3=NNC4=C3C=CC(=C4)[C@@H]5C[C@]56C7=C(C=CC(=C7)OC)NC6=O
VFCRSIORGUNNGT-UHFFFAOYSA-N,CC(C)N1C=C(C2=C(N=CN=C21)N)C(=O)C3=CC(=C(C=C3)OC)NC(=O)NC4=C(C=C(C=C4)Cl)Cl
FOIVPCKZDPCJJY-JQIJEIRASA-N,C/C(=C\C1=CC=C(C=C1)C(=O)O)/C2=CC3=C(C=C2)C(CCC3(C)C)(C)C
ZBIAKUMOEKILTF-UHFFFAOYSA-N,CC1=C(C(=CC=C1)C)NC(=O)CN2CCN(CC2)CCCC(C3=CC=C(C=C3)F)C4=CC=C(C=C4)F
QOYHHIBFXOOADH-UHFFFAOYSA-N,C1CN(CCC12C(=O)NCN2C3=CC=CC=C3)CCCC(C4=CC=C(C=C4)F)C5=CC=C(C=C5)F
DBOUGBAQLIXZLV-UHFFFAOYSA-N,CCN(CC)CCCN1C2=CC=CC=C2SC3=C1C=C(C=C3)Cl
LHFTWCKXENCOHI-UHFFFAOYSA-N,CC(C)C(=O)C1=CC=C(C=C1)OCCCN2CCC(CC2)C(C3=CC=C(C=C3)F)(C4=CC=C(C=C4)F)O
HTAFVGKAHGNWQO-UHFFFAOYSA-N,CC(CC1CCCCC1)NCCC(C2=CC=CC=C2)C3=CC=CC=C3
GLTHSRFPHHLMIW-UHFFFAOYSA-N,CCCCC1CCC2=C3N1C(=C(C3=CC(=C2)O)CCN4CCN(CC4)C5=NC=CC(=C5)C)C
MHJBZVSGOZTKRH-IZHYLOQSSA-N,CC/C(=C(\C1=CC=C(C=C1)O)/C2=CC=C(C=C2)OCCNC)/C3=CC=CC=C3
XPNMCDYOYIKVGB-JSOSNVBQSA-N,CC(C)C1=CC(=C(C=C1)OC)CN[C@H]2[C@@H](N3CCC2CC3)C(C4=CC=CC=C4)C5=CC=CC=C5
XPNMCDYOYIKVGB-CONSDPRKSA-N,CC(C)C1=CC(=C(C=C1)OC)CN[C@@H]2[C@@H](N3CCC2CC3)C(C4=CC=CC=C4)C5=CC=CC=C5
BIZCZAJFIUSFDU-UHFFFAOYSA-N,CC1=C(C(=CC=C1)C)OCCN2CCC(CC2)C(C3=CC=C(C=C3)F)(C4=CC=C(C=C4)F)O
ZCENNVQCOZQSGH-UHFFFAOYSA-N,CCCCC1=C(C2=C(O1)C=CC(=C2)C(=O)OC(C)C)C(=O)C3=CC=C(C=C3)CCCN(CCCC)CCCC
UJCYUJOQBXHJFH-DNTJNYDQSA-N,CN1CCN(CC1)C2=CC3=C(C=CC(=C3)Cl)/C(=C\C#N)/C4=CC=CC=C42
FIVSJYGQAIEMOC-ZGNKEGEESA-N,C[C@H](C1=CC(=CC(=C1)C(F)(F)F)C(F)(F)F)OC[C@]2(CC[C@]3(CCC(=O)N3)CN2)C4=CC=CC=C4
FIVSJYGQAIEMOC-SOJKGPRNSA-N,C[C@H](C1=CC(=CC(=C1)C(F)(F)F)C(F)(F)F)OCC2(CC[C@]3(CCC(=O)N3)CN2)C4=CC=CC=C4
WZHJKEUHNJHDLS-QTGUNEKASA-N,CN1C[C@@H](C[C@H]2[C@H]1CC3=CN(C4=CC=CC2=C34)C)CNC(=O)OCC5=CC=CC=C5
WZHJKEUHNJHDLS-JRSYVHTFSA-N,CN1CC(C[C@H]2C1CC3=CN(C4=CC=CC2=C34)C)CNC(=O)OCC5=CC=CC=C5
ODKNJVUHOIMIIZ-FBHMCPIQSA-N,C1[C@@H]([C@H](O[C@H]1N2C=C(C(=O)NC2=O)[18F])CO)O
NFEZZTICAUWDHU-RDTXWAMCSA-N,C[C@H]([C@](CN1C=NC=N1)(C2=C(C=C(C=C2)F)F)O)N3CCC(=C)CC3
NFEZZTICAUWDHU-UHFFFAOYSA-N,CC(C(CN1C=NC=N1)(C2=C(C=C(C=C2)F)F)O)N3CCC(=C)CC3
IDYKCXHJJGMAEV-RRKCRQDMSA-N,C1[C@@H]([C@H](O[C@H]1N2C=C(C(=NC2=O)N)F)CO)O
IDYKCXHJJGMAEV-FBHMCPIQSA-N,C1[C@@H]([C@H](O[C@H]1N2C=C(C(=NC2=O)N)[18F])CO)O
JTNIHNJCRCYZSU-UHFFFAOYSA-N,CC(C(CN1C=NC=N1)(C2=C(C=C(C=C2)F)F)O)N3CCN(C3=O)C4=CC=C(C=C4)N5C=NN=N5
PULHLIOPJXPGJN-UHFFFAOYSA-N,C=C1C(C(OC1N2C=CC(=NC2=O)N)CO)O
QMOQDXXLQFOVNP-UHFFFAOYSA-N,CC1=CC(=CC=C1)C(=O)N2C(=O)C(=CN(C2=O)C3CC(C(O3)CO)O)F
AFNXATANNDIXLG-UHFFFAOYSA-N,C1=CC(=CC=C1CSC(CN2C=CN=C2)C3=C(C=C(C=C3)Cl)Cl)Cl
RSWOJTICKMKTER-QXLBVTBOSA-O,C[C@@H](C1=NC(=CS1)C2=CC=C(C=C2)C#N)[C@](C[N+]3=C[N+](=CN3)C(C)OC(=O)N(C)C4=C(C=CC=N4)COC(=O)CNC)(C5=C(C=CC(=C5)F)F)O
WNGFKUOERJDDIY-OQLLNIDSSA-N,C1=CC(=CC=C1/C(=C/C2=C(C=C(C=C2)Cl)Cl)/CN3C=CN=C3)Cl
BCEHBSKCWLPMDN-MGPLVRAMSA-N,C[C@@H](C1=NC=NC=C1F)[C@](CN2C=NC=N2)(C3=C(C=C(C=C3)F)F)O
BCEHBSKCWLPMDN-QLJPJBMISA-N,C[C@H](C1=NC=NC=C1F)[C@](CN2C=NC=N2)(C3=C(C=C(C=C3)F)F)O
ODKNJVUHOIMIIZ-RRKCRQDMSA-N,C1[C@@H]([C@H](O[C@H]1N2C=C(C(=O)NC2=O)F)CO)O
ODKNJVUHOIMIIZ-JXBXZBNISA-N,C1[C@@H](O[C@@H](C1O)CO)N2C=C(C(=O)NC2=O)F
RNKZWLLOIOLSMA-UHFFFAOYSA-N,C=C(C1=CC=CC=C1Cl)C(CN2C=NC=N2)(C3=CC=C(C=C3)Cl)O
IDUYJRXRDSPPRC-NRFANRHFSA-N,C1=CC(=CC=C1C2=CN=C(C=C2)C([C@](CN3C=NN=N3)(C4=C(C=C(C=C4)F)F)O)(F)F)OCC(F)(F)F
OCAPBUJLXMYKEJ-UHFFFAOYSA-N,C1=CC=C(C=C1)C2=CC=C(C=C2)C(C3=CC=CC=C3)N4C=CN=C4
KUNDLEJVAIBADY-UHFFFAOYSA-N,C1CN(CCC1CCCOC2=CC=C(C=C2)C(=N)N)CCCOC3=CC=C(C=C3)C(=N)N
OWEGWHBOCFMBLP-UHFFFAOYSA-N,CC(C)(C)C(=O)C(N1C=CN=C1)OC2=CC=C(C=C2)Cl
JHBWYQRKOUBPCA-UHFFFAOYSA-N,COC1=CC2=C(C=C1)N=C(S2)NC(=O)NC3=CC=CC=C3
SRQKTCXJCCHINN-NYYWCZLTSA-N,CSCC1CN(C(=O)O1)/N=C/C2=CC=C(O2)[N+](=O)[O-]
UQOQENZZLBSFKO-POPPZSFYSA-N,CCCCC[C@@H](/C=C/[C@@H]1[C@H](C=CC1=O)C/C=C\CCCC(=O)O)O
TUTBQGAMVCUYQM-UHFFFAOYSA-N,CC1(C2=CC=CC=C2CCN1)C3=CC=CC=C3
CTAHRHRYCPEDSR-UHFFFAOYSA-N,CCCS(=O)(=O)NC(=O)C1=NN=C(C=C1)N(CC)CC2=C(C=CC(=C2)Br)OCC3CC3
IAIWVQXQOWNYOU-FPYGCLRLSA-N,C1=C(OC(=C1)[N+](=O)[O-])/C=N/NC(=O)N
IPHKVWAKDXKJRE-UHFFFAOYSA-N,C1C2=C(C(=O)C3=C(O1)C=CC(=C3)CCCCO)SC=C2
IOQRTGZPCYYQLE-RBUKOAKNSA-N,C1C[C@@H]([C@@H](C1)C(=O)O)C(=O)C2=CC=C(C=C2)C3=CC(=C(C=C3)NC4=NC5=C(S4)C=C(C=C5)F)F
CMLUGNQVANVZHY-POURPWNDSA-N,CC(=O)OCC(C)(C)CN1C2=C(C=C(C=C2)Cl)[C@H](O[C@@H](C1=O)CC(=O)N3CCC(CC3)CC(=O)O)C4=C(C(=CC=C4)OC)OC
ARPYQKTVRGFPIS-UHFFFAOYSA-N,CC(C1=CC2=C(C=C1)OC(=N2)C3=CC=C(C=C3)F)C(=O)O
ARPYQKTVRGFPIS-VIFPVBQESA-N,C[C@@H](C1=CC2=C(C=C1)OC(=N2)C3=CC=C(C=C3)F)C(=O)O
XZEUAXYWNKYKPL-UHFFFAOYSA-N,CC1(C(C(C2=C(O1)C=C(C=C2)OC)C3=CC=C(C=C3)OCCN4CCCC4)C5=CC=CC=C5)C
XZEUAXYWNKYKPL-WDYNHAJCSA-N,CC1([C@H]([C@@H](C2=C(O1)C=C(C=C2)OC)C3=CC=C(C=C3)OCCN4CCCC4)C5=CC=CC=C5)C
JBSNALXXNTWUEC-SFQUDFHCSA-N,CN1C2=C(C=CC(=C2)C(=O)NC3(CCC3)C(=O)NC4=CC=C(C=C4)/C=C/C(=O)O)C(=C1C5=CC=CC=N5)C6CCCC6
MITFXPHMIHQXPI-UHFFFAOYSA-N,CC(C1=CC2=C(C=C1)OC(=N2)C3=CC=C(C=C3)Cl)C(=O)O
NYKPKXPWOWUPJV-UHFFFAOYSA-N,CC(C)OC1=CC2=C(C=C1)OC3=C(C2=O)C=C(C=C3)C(=O)O
YECRYLBCIYSJSO-UHFFFAOYSA-N,CC1CCCC(C1CCC(C)[N+](C)(C)CCCCCC[N+](C)(C)C(C)CCC2C(CCCC2(C)C)C)(C)C
MIWWSGDADVMLTG-UHFFFAOYSA-N,CN1C(=CN=C1COC2=CC=C(C=C2)SC)[N+](=O)[O-]
LHIALLMPKJMSIQ-NSCUHMNNSA-N,CN1C(=CN=C1/C=C/C2=NC(=NC=C2)N)[N+](=O)[O-]
OIQJEQLSYJSNDS-UHFFFAOYSA-N,CC1=CC(=O)N(C(=C1)CC(C)CC(C)(C)C)O
ZISJNXNHJRQYJO-CMDGGOBGSA-N,CC(C)C1=C(C=C(C=C1O)/C=C/C2=CC=CC=C2)O
BMQGVNUXMIRLCK-TXCRISOESA-N,CC1=C2[C@H](C(=O)[C@@]3([C@H](CC4[C@](C3[C@@H]([C@@](C2(C)C)(C[C@@H]1OC(=O)[C@@H]([C@H](C5=CC=CC=C5)NC(=O)OC(C)(C)C)O)O)OC(=O)C6=CC=CC=C6)(CO4)OC(=O)C)OC)C)OC
BMQGVNUXMIRLCK-OAGWZNDDSA-N,CC1=C2[C@H](C(=O)[C@@]3([C@H](C[C@@H]4[C@]([C@H]3[C@@H]([C@@](C2(C)C)(C[C@@H]1OC(=O)[C@@H]([C@H](C5=CC=CC=C5)NC(=O)OC(C)(C)C)O)O)OC(=O)C6=CC=CC=C6)(CO4)OC(=O)C)OC)C)OC
VLPADTBFADIFKG-UHFFFAOYSA-N,C1=CC2=C(C(=O)C(=O)C3=C2C=CC=N3)N=C1
WKLGNFJHVJIZPK-UHFFFAOYSA-N,COC1=CC=C(C=C1)NC2=NN(C=C2)C3=CC=CC=C3
CNSIELLVDSSIAM-JTQLQIEISA-N,C1[C@@H](COC2=NC(=CN21)[N+](=O)[O-])NC(=O)OCC3=CC=C(C=C3)OC(F)(F)F
ZRCVYEYHRGVLOC-HMAPJEAMSA-N,CO/N=C\1/CN(CC1CN)C2=C(C=C3C(=O)C(=CN(C3=N2)C4CC4)C(=O)O)F
ZRCVYEYHRGVLOC-HYARGMPZSA-N,CO/N=C/1\CN(CC1CN)C2=C(C=C3C(=O)C(=CN(C3=N2)C4CC4)C(=O)O)F
SNUDIPVBUUXCDG-QHSBEEBCSA-N,C[C@@H]1[C@@H]2[C@H](C(=O)N2C(=C1SC3CN(C3)C4=NCCS4)C(=O)OCOC(=O)C(C)(C)C)[C@@H](C)O
QKDHBVNJCZBTMR-UHFFFAOYSA-N,CC1CN(CCN1)C2=C(C=C3C(=C2)N(C=C(C3=O)C(=O)O)C4=C(C=C(C=C4)F)F)F
GSDSWSVVBLHKDQ-JTQLQIEISA-N,C[C@H]1COC2=C3N1C=C(C(=O)C3=CC(=C2N4CCN(CC4)C)F)C(=O)O
QGPKADBNRMWEQR-UHFFFAOYSA-N,C1CC1N2C=C(C(=O)C3=CC(=C(C(=C32)Cl)N4CCC(C4)N)F)C(=O)O
QUHARGDBJJUOEB-UHFFFAOYSA-N,CCC1=CC(=C(C=C1F)OC2=C(C=C(C=C2)C(=O)N)F)O
WUWFMDMBOJLQIV-UHFFFAOYSA-N,C1CN(CC1N)C2=C(C=C3C(=O)C(=CN(C3=N2)C4=C(C=C(C=C4)F)F)C(=O)O)F
XWFCFMXQTBGXQW-GOSISDBHSA-N,C1CC1N2C=C(C(=O)C3=CC(=C(C=C32)N4CCC(CC4)(COC5=C(C=C(C=C5)N6C[C@@H](OC6=O)CO)F)O)F)C(=O)O
VRXORHRXNRJZCQ-ZUZCIYMTSA-N,C1C[C@H]2CN(C[C@H]2NC1)C3=C(C=C4C(=C3Cl)N(C=C(C4=O)C(=O)O)C5CC5)F
UUZPPAMZDFLUHD-IRFSDBDPSA-N,C[C@@H](C(=O)N[C@@H](C)C(=O)NC1C2C1CN(C2)C3=C(C=C4C(=O)C(=CN(C4=N3)C5=C(C=C(C=C5)F)F)C(=O)O)F)N
SPFYMRJSYKOXGV-UHFFFAOYSA-N,CCN1CCN(CC1)C2=C(C=C3C(=C2)N(C=C(C3=O)C(=O)O)C4CC4)F
PEQPFISMWLZTJZ-UHFFFAOYSA-N,COC1=C2C(=CC(=C1N3CCC(=NO)CC3)F)C(=O)C(=CN2C4CC4)C(=O)O
YNCLPFSAZFGQCD-UHFFFAOYSA-N,C1CN(CCN1C(=NC(=NC2=CC=C(C=C2)Cl)N)N)C(=NC(=NC3=CC=C(C=C3)Cl)N)N
OKLKAFJDLMXNMT-GFCCVEGCSA-N,CC(C)([C@@H]1CCN(C1)C2=C(C3=C(C=C2)C(=O)C(=CN3C4CC4)C(=O)O)OC)N
JDWLROHWYAZRBW-UHFFFAOYSA-N,CC1CN(CC1N)C2=C(C=C3C(=C2OC)N(C=C(C3=O)C(=O)O)C4CC4)F
ATHBCDQPZRXUNJ-UHFFFAOYSA-N,C1C(CN1C2=C(C=C3C(=C2Cl)N(C=C(C3=O)C(=O)O)C4=C(C=C(C(=C4)N)F)F)F)N
UGGPRXAHUOKTKV-IINYFYTJSA-N,C[C@H]1COC2=C3N1C=C(C(=O)C3=CC(=C2N4C[C@H](C5(C4)CCC5)N)F)C(=O)O
FYMHQCNFKNMJAV-HOTGVXAUSA-N,C1CC1N2C=C(C(=O)C3=CC(=C(C(=C32)C#N)N4C[C@H]5[C@H](C4)OCCN5)F)C(=O)O
XFALPSLJIHVRKE-GFCCVEGCSA-N,CN1N=C(N=N1)C2=NC=C(C=C2)C3=C(C=C(C=C3)N4C[C@@H](OC4=O)CO)F
POXUJOYUVLWPQN-ZDUSSCGKSA-N,CC(=O)C1=CC=C(C=C1)N2C[C@@H](OC2=O)CNC(=O)C
ZVGNESXIJDCBKN-UUEYKCAUSA-N,CC[C@H]1/C=C(/[C@H](C/C=C/C=C(/C(=O)O[C@@H](C/C=C(/C=C(/[C@@H]1O[C@H]2[C@H]([C@H]([C@@H](C(O2)(C)C)OC(=O)C(C)C)O)O)\C)\C)[C@@H](C)O)\CO[C@H]3[C@H]([C@H]([C@@H]([C@H](O3)C)OC(=O)C4=C(C(=C(C(=C4O)Cl)O)Cl)CC)O)OC)O)\C
NSYZCCDSJNWWJL-HEESAXMSSA-N,CC[C@@H]1[C@@]([C@@H]([C@H](C(=O)[C@@H](C[C@@]([C@@H]([C@H]([C@@H]([C@H](C(=O)O1)C)O[C@H]2C[C@@]([C@H]([C@@H](O2)C)O)(C)OC)C)O[C@@H]3[C@H]([C@@H](C[C@@H](O3)C)N(C)C)OC(=O)CCC(=O)OCC)(C)O)C)C)O)(C)O
NSYZCCDSJNWWJL-YXOIYICCSA-N,CC[C@@H]1[C@@]([C@@H]([C@H](C(=O)[C@@H](C[C@@]([C@@H]([C@H]([C@@H]([C@H](C(=O)O1)C)O[C@H]2C[C@@]([C@H]([C@@H](O2)C)O)(C)OC)C)O[C@H]3[C@@H]([C@H](C[C@H](O3)C)N(C)C)OC(=O)CCC(=O)OCC)(C)O)C)C)O)(C)O
MYPYJXKWCTUITO-LYRMYLQWSA-N,C[C@H]1[C@H]([C@@](C[C@@H](O1)O[C@@H]2[C@H]([C@@H]([C@H](O[C@H]2OC3=C4C=C5C=C3OC6=C(C=C(C=C6)[C@H]([C@H](C(=O)N[C@H](C(=O)N[C@H]5C(=O)N[C@@H]7C8=CC(=C(C=C8)O)C9=C(C=C(C=C9O)O)[C@H](NC(=O)[C@H]([C@@H](C1=CC(=C(O4)C=C1)Cl)O)NC7=O)C(=O)O)CC(=O)N)NC(=O)[C@@H](CC(C)C)NC)O)Cl)CO)O)O)(C)N)O
MYPYJXKWCTUITO-GCTWTFLZSA-N,C[C@H]1C([C@@](C[C@@H](O1)O[C@@H]2[C@H]([C@@H]([C@H](O[C@H]2OC3=C4C=C5C=C3OC6=C(C=C(C=C6)[C@H](C(C(=O)N[C@H](C(=O)NC5C(=O)N[C@@H]7C8=CC(=C(C=C8)O)C9=C(C=C(C=C9O)O)C(NC(=O)C([C@@H](C1=CC(=C(O4)C=C1)Cl)O)NC7=O)C(=O)O)CC(=O)N)NC(=O)[C@@H](CC(C)C)NC)O)Cl)CO)O)O)(C)N)O
GSDSWSVVBLHKDQ-SNVBAGLBSA-N,C[C@@H]1COC2=C3N1C=C(C(=O)C3=CC(=C2N4CCN(CC4)C)F)C(=O)O
GSDSWSVVBLHKDQ-UHFFFAOYSA-N,CC1COC2=C3N1C=C(C(=O)C3=CC(=C2N4CCN(CC4)C)F)C(=O)O
TYZROVQLWOKYKF-ZDUSSCGKSA-N,CC(=O)NC[C@H]1CN(C(=O)O1)C2=CC(=C(C=C2)N3CCOCC3)F
HSJFYRYGGKLQBT-UHFFFAOYSA-N,CC(=O)OC1=CC=CC=C1C(=O)OC2=CC=CC=C2OC
ARFHIAQFJWUCFH-IZZDOVSWSA-N,CC1CS(=O)(=O)CCN1/N=C/C2=CC=C(O2)[N+](=O)[O-]
PSBAIJVSCTZDDB-UHFFFAOYSA-N,CC(=O)OC1=CC=CC=C1C(=O)OC2=CC=CC=C2
SRIJFPBZWUFLFD-UHFFFAOYSA-N,C1CN(CCN1CC2=CC=CC=C2)C(=O)C3=CC4=CC=CC=C4O3
DNVVZWSVACQWJE-UHFFFAOYSA-N,C1=CC=C(C=C1)OC(=O)C2=C(C=C(C=C2)N)O
CUCSSYAUKKIDJV-FAXBSAIASA-N,CC(C)C[C@@H](C(=O)N[C@@H](CCSC)C(=O)N)NC(=O)[C@@H](CC1=CNC2=CC=CC=C21)NC(=O)[C@H](CC3=CC=CC=C3)N(C)C(=O)[C@@H](CC4=CNC5=CC=CC=C54)NC(=O)[C@H](CCCN=C(N)N)N
RPDFDSQFBCJTDY-GAQXSTBRSA-N,CC(C)OC1=CC=CC(=C1)CC(=O)N2CCC[C@](C2)(CC[N+]34CCC(CC3)(CC4)C5=CC=CC=C5)C6=CC(=C(C=C6)Cl)Cl
RPDFDSQFBCJTDY-PXODCTBUSA-N,CC(C)OC1=CC=CC(=C1)CC(=O)N2CCC[C@@](C2)(CC[N+]34CCC(CC3)(CC4)C5=CC=CC=C5)C6=CC(=C(C=C6)Cl)Cl
XFILPEOLDIKJHX-QYZOEREBSA-N,CC(C)C[C@H]([C@H](CSC1=CC=CS1)C(=O)NO)C(=O)N[C@@H](CC2=CC=CC=C2)C(=O)NC
RWZVPVOZTJJMNU-UHFFFAOYSA-N,CN(CCCCCCCCCCN(C)C(=O)OC1=CC=CC(=C1)[N+](C)(C)C)C(=O)OC2=CC=CC(=C2)[N+](C)(C)C
VCFBPAOSTLMYIV-SANMLTNESA-N,CS(=O)(=O)NC1=C(C=C(C=C1)C(=O)O[C@@H](CC2=C(C=[N+](C=C2Cl)[O-])Cl)C3=CC(=C(C=C3)OC(F)F)OCC4CC4)OCC5CC5
IICCLYANAQEHCI-UHFFFAOYSA-N,C1=C2C(=C(C(=C1I)O)I)OC3=C(C(=C(C=C3C24C5=C(C(=C(C(=C5Cl)Cl)Cl)Cl)C(=O)O4)I)O)I
WSFSSNUMVMOOMR-UHFFFAOYSA-N,C=O
PSTDMIAVUUYOOQ-UHFFFAOYSA-N,CC1=C(C=CC(=C1)OC)N2C(=O)C3=C(C(=O)N2)NC4=C(C3=O)C=CC(=C4)Cl
YTFBNFMILWHYAP-UWJYYQICSA-N,CC(=O)[C@@]1(CN(C[C@H]1C2=CC(=C(C=C2)OC)OC3CCCC3)C(=O)OC)C
BEUQXVWXFDOSAQ-UHFFFAOYSA-N,CC1=NN(C(=N1)C2=CN3CCOC4=C(C3=N2)C=CC(=C4)C5=CN(N=C5)C(C)(C)C(=O)N)C(C)C
SRVJKTDHMYAMHA-WUXMJOGZSA-N,CC(=O)NC1=CC=C(C=C1)/C=N/NC(=S)N
SIMWTRCFFSTNMG-AWEZNQCLSA-N,CC(=O)NC[C@H]1CN(C(=O)O1)C2=CC(=C(C=C2)N3CCN(CC3)C(=O)CO)F
LKCWBDHBTVXHDL-RMDFUYIESA-N,C1[C@@H]([C@H]([C@@H]([C@H]([C@@H]1NC(=O)[C@H](CCN)O)O[C@@H]2[C@@H]([C@H]([C@@H]([C@H](O2)CO)O)N)O)O)O[C@@H]3[C@@H]([C@H]([C@@H]([C@H](O3)CN)O)O)O)N
BBTFKAOFCSOZMB-UHFFFAOYSA-N,CNC1=NC2=CC(=C(C=C2C(=N1)C3=CC(=CC=C3)NC(=O)C4=CC=C(C=C4)C(=O)OC)OC)OC
KKKRKRMVJRHDMG-UHFFFAOYSA-N,CN1C2=NC(=NC=C2C=C(C1=O)OC3=C(C=C(C=C3)F)F)NC4CCOCC4
DGGKRIGJIQRXQD-LLVKDONJSA-N,CCCC1=C(C(=CC(=C1)C2=N[C@H](CO2)C(=O)NO)OC)OC
YSWHPGYAPJLREH-UHFFFAOYSA-N,CC1=C(C=C(C=C1)NC2=NC=C(C(=N2)NC3=CC=C(C=C3)OCC#C)F)S(=O)(=O)N
GPSZYOIFQZPWEJ-UHFFFAOYSA-N,CC1=C(SC(=N1)N)C2=NC(=NC=C2)NC3=CC=C(C=C3)N4CCOCC4
PRXHANOJNVGVGC-UHFFFAOYSA-N,CCOC1=CC=C(C=C1)NC(=NC2=CC=C(C=C2)OCC)S
KAKPGJJRYRYSTP-UHFFFAOYSA-N,COC1=CC(=CC(=C1)N2CCN(CC2)C(=O)NC3=NC4=C(C=CC(=C4)F)N=C3OC)OC
KYLIZBIRMBGUOP-UHFFFAOYSA-N,COC1=CC=C(C=C1)C2=CC(=S)SS2
FIMYFEGKMOCQKT-UHFFFAOYSA-N,C1CC(=O)N(OC1)CC2=CC(=C(C(=C2F)F)NC3=C(C=C(C=C3)I)F)C(=O)NOCCO
AGRJUZPPATWGHI-FQEVSTJZSA-N,COC1=C2C(=CC(=C1N3CC[C@@](C3)(CN)CF)F)C(=O)C(=CN2C4CC4)C(=O)O
KFXCYOSJSWUOEO-UHFFFAOYSA-N,CC1(CC(OC2=C1C=C(C=C2)C#CC3=CC=C(C=C3)C(=O)O)(C)C)C
WWCIFIOLOMCRET-UHFFFAOYSA-N,C1=CN=CC=C1C(=O)NNCNNC(=O)C2=CC=NC=C2
BTXNYTINYBABQR-UHFFFAOYSA-N,CC1=CC(=C2C3=C4C5=C(C(=CC(=C5C2=O)O)O)C6=C7C4=C8C(=C13)C(=CC(=C8C(=O)C7=C(C=C6O)O)O)C)O
FXQIIDINBDJDKL-SNVBAGLBSA-N,B1(C2=C(C=CC=C2OCCCO)[C@H](O1)CN)O
DEOYQVBCXCVHII-GSNHDGFMSA-N,CCC(C)N1CCC2(CC1)NC3=C4C(=O)C5=C(C3=N2)C6=C(C(=C5O)C)O[C@@](C6=O)(O/C=C/[C@@H]([C@H]([C@H]([C@@H](C([C@@H]([C@H]([C@H](/C=C/C=C(/C(=O)N4)\C)C)O)C)O)C)O)C)OC)C
XPIJWUTXQAGSLK-UHFFFAOYSA-N,CC1=CC(=CN=C1NC)C2=C(C3=C(C=C2)C(=O)C(=CN3C4CC4)C(=O)O)C
TVYLLZQTGLZFBW-HOCLYGCPSA-N,CN(C)C[C@@H]1CCCC[C@@]1(C2=CC(=CC=C2)OC)O
TVYLLZQTGLZFBW-BZSJEYESSA-N,CN(C)CC1CCCC[C@]1(C2=CC(=CC=C2)OC)O
TVYLLZQTGLZFBW-GOEBONIOSA-N,CN(C)C[C@@H]1CCCC[C@]1(C2=CC(=CC=C2)OC)O
AETHRPHBGJAIBT-UHFFFAOYSA-N,CC(C)(C)COC1=C(C=C(C=C1)N2C=C(C=N2)C(=O)O)C#N
ZJVFLBOZORBYFE-UHFFFAOYSA-N,CC(C)C1=NN2C=CC=CC2=C1C(=O)C(C)C
BLPUOQGPBJPXRL-FNORWQNLSA-N,C1CCN(CC1)C(=O)/C=C/C2=CC3=C(C=C2)OCO3
ZSBXGIUJOOQZMP-JLNYLFASSA-N,C1C[C@@H]2[C@H]3CCCN4[C@H]3[C@@H](CCC4)CN2C(=O)C1
YEOTYALSMRNXLJ-UHFFFAOYSA-N,CC(C(=O)N1CCN(CC1)C2=NC3=CC(=C(C=C3C(=N2)N)OC)OC)OC
HTYBEXPZARGDNU-UHFFFAOYSA-N,CC1=C(C(=NN1CC(=O)N2CCN(CC2)C3=CC=C(C=C3)F)C(F)(F)F)Cl
CBQJSKKFNMDLON-UHFFFAOYSA-N,CC(=O)NC(CC1=CC=CC=C1)C(=O)O
GLBJJMFZWDBELO-UHFFFAOYSA-N,CC1CC(=O)NN=C1C2=CC3=C(C=C2)N=C(N3)C4=CC=C(C=C4)OC
JIVPVXMEBJLZRO-UHFFFAOYSA-N,C1=CC=C2C(=C1)C(=O)NC2(C3=CC(=C(C=C3)Cl)S(=O)(=O)N)O
SPMVMDHWKHCIDT-UHFFFAOYSA-N,CC1=CC(=NO1)NC(=O)NC2=C(C=C(C=C2)OC3=C4C=C(C(=CC4=NC=C3)OC)OC)Cl
HJORMJIFDVBMOB-UHFFFAOYSA-N,COC1=C(C=C(C=C1)C2CC(=O)NC2)OC3CCCC3
HJORMJIFDVBMOB-ZYZCRDMLSA-N,[11CH3]OC1=C(C=C(C=C1)[C@H]2CC(=O)NC2)OC3CCCC3
RJKFOVLPORLFTN-LEKSSAKUSA-N,CC(=O)[C@H]1CC[C@@H]2[C@@]1(CC[C@H]3[C@H]2CCC4=CC(=O)CC[C@]34C)C
QFGMXJOBTNZHEL-UHFFFAOYSA-N,C1C2=CC=CC=C2C(=O)C3=C(O1)C=CC(=C3)CC(=O)O
JXAGDPXECXQWBC-UHFFFAOYSA-N,C1=CC=C(C=C1)SCC(CC(=O)C2=CC=C(C=C2)C3=CC=C(C=C3)Cl)C(=O)O
JXAGDPXECXQWBC-LJQANCHMSA-N,C1=CC=C(C=C1)SC[C@@H](CC(=O)C2=CC=C(C=C2)C3=CC=C(C=C3)Cl)C(=O)O
PDMUULPVBYQBBK-UHFFFAOYSA-N,CCCCOC1=C(C=CC(=C1)CC2CNC(=O)N2)OC
UCHDWCPVSPXUMX-TZIWLTJVSA-N,CC(C)(C1=CC=CC=C1CC[C@H](C2=CC=CC(=C2)/C=C/C3=NC4=C(C=CC(=C4)Cl)C=C3)SCC5(CC5)CC(=O)O)O
VEPKQEUBKLEPRA-UHFFFAOYSA-N,C1=CC(=C(C(=C1)Cl)C2=C3C=CC(=NN3C=NC2=O)SC4=C(C=C(C=C4)F)F)Cl
ACTRVOBWPAIOHC-UHFFFAOYSA-N,C(C(C(=O)O)S)(C(=O)O)S
AEOCXXJPGCBFJA-UHFFFAOYSA-N,CCC1=NC=CC(=C1)C(=N)S
JHBIMJKLBUMNAU-UHFFFAOYSA-N,CS(=O)(=O)C1=CC=C(C=C1)N2C(=CC(=N2)C(F)(F)F)C3=CC=C(C=C3)F
ASQRQYODAQUVBR-UHFFFAOYSA-L,C1CC(C1)(C(=O)[O-])C(=O)[O-].C1COCCC1(CN)CN.[Pt+2]
IIJQICKYWPGJDT-UHFFFAOYSA-L,C1CC(C1)(C(=O)O)C(=O)[O-].C1CC(C1)(C(=O)O)C(=O)[O-].N.N.[Pt+2]
UFICVEHDQUKCEA-UHFFFAOYSA-N,CN1C=C(N=C1)C2=CC3=NC=CC(=C3S2)OC4=C(C=C(C=C4)NC(=S)NC(=O)CC5=CC=CC=C5)F
UFPFGVNKHCLJJO-SSKFGXFMSA-N,C[C@@H](C(=O)N[C@@H](C1CCCCC1)C(=O)N2CCC[C@H]2C3=NC(=CS3)C(=O)C4=CC=C(C=C4)F)NC
HZQHAAFWVRDHMZ-JKSUJKDBSA-N,C[C@@H](CN[C@@H]1COC2=CC=CC=C2SC1)CSC3=CC=CC=C3OC
WELIVEBWRWAGOM-UHFFFAOYSA-N,C(CN)C(=O)NCCSSCCNC(=O)CCN
VVRREURVTJNTQQ-UHFFFAOYSA-N,C1C(N(N=N1)C2=CC=C(C=C2)Cl)C3=CC=NC=C3
TVXOXGBTADZYCZ-UHFFFAOYSA-N,CCCCCCCN(CCCCCSC1=NC(=C(N1)C2=CC=CC=C2)C3=CC=CC=C3)C(=O)NC4=C(C=C(C=C4)F)F
STPKWKPURVSAJF-LJEWAXOPSA-N,CCCCC1(CS(=O)(=O)C2=C(C=C(C=C2)N(C)C)[C@H]([C@H]1O)C3=CC=C(C=C3)OCC4=CC=C(C=C4)C[N+]56CCN(CC5)CC6)CCCC
STPKWKPURVSAJF-SWGHGFEUSA-N,CCCCC1(CS(=O)(=O)C2=C(C=C(C=C2)N(C)C)[C@H](C1O)C3=CC=C(C=C3)OCC4=CC=C(C=C4)C[N+]56CCN(CC5)CC6)CCCC
JKOQGQFVAUAYPM-UHFFFAOYSA-N,C(CN)CNCCSP(=O)(O)O
YBBLVLTVTVSKRW-UHFFFAOYSA-N,CC(C)(C#N)C1=CC(=CC(=C1)CN2C=NC=N2)C(C)(C)C#N
VKSPIPWLHGKJQO-UHFFFAOYSA-N,CCCCC1=CN=C(C=C1)C(=O)N
LWQQLNNNIPYSNX-NNEHDCEKSA-N,CC(/C=C/C(C1CC1)O)C2CCC\3C2(CCC/C3=C\C=C\4/CC(CC(C4=C)O)O)C
LWQQLNNNIPYSNX-UROSTWAQSA-N,C[C@H](/C=C/[C@H](C1CC1)O)[C@H]2CC[C@@H]\3[C@@]2(CCC/C3=C\C=C/4\C[C@H](C[C@@H](C4=C)O)O)C
SCKYRAXSEDYPSA-UHFFFAOYSA-N,CC1=CC(=O)N(C(=C1)C2CCCCC2)O
JXTHNDFMNIQAHM-UHFFFAOYSA-N,C(C(=O)O)(Cl)Cl
MJIHNNLFOKEZEW-UHFFFAOYSA-N,CC1=C(C=CN=C1CS(=O)C2=NC3=CC=CC=C3N2)OCC(F)(F)F
MJIHNNLFOKEZEW-RUZDIDTESA-N,CC1=C(C=CN=C1C[S@@](=O)C2=NC3=CC=CC=C3N2)OCC(F)(F)F
ZBJBRUSGEJORQL-UHFFFAOYSA-N,C1=CC=C(C=C1)CC2=CC=C(C=C2)OC(=O)N
WQXNXVUDBPYKBA-YFKPBYRVSA-N,CC1=NCC[C@H](N1)C(=O)O
QGFORSXNKQLDNO-UHFFFAOYSA-N,C1CSC(=O)C1NC(=O)CSCC(=O)O
WDOGQTQEKVLZIJ-WAYWQWQTSA-N,COC1=C(C=C(C=C1)/C=C\C2=CC(=C(C(=C2)OC)OC)OC)OP(=O)(O)O
VRTWBAAJJOHBQU-KMWAZVGDSA-N,CC(C)[C@@H](C(=O)N1CC2(CC2)C[C@H]1C3=NC=C(N3)C4=CC5=C(C=C4)C6=C(C5(F)F)C=C(C=C6)C7=CC8=C(C=C7)N=C(N8)[C@@H]9[C@H]1CC[C@H](C1)N9C(=O)[C@H](C(C)C)NC(=O)OC)NC(=O)OC
AQWKVJFRGORALM-UHFFFAOYSA-N,CC1=CC(=C(C=C1)O)C2=CC(=NN2)C3=CC=CC=C3
PCAWDBXDEJVICI-UHFFFAOYSA-N,C=CCNC(=O)N1CC(C1)OC2=CC=C(C=C2)Cl
MNDBXUUTURYVHR-UHFFFAOYSA-N,C1CC1COC2=C(C=CC(=C2)C(=O)NC3=C(C=NC=C3Cl)Cl)OC(F)F
DDNCQMVWWZOMLN-UHFFFAOYSA-N,CCC12CCCN3C1C4=C(CC3)C5=CC=CC=C5N4C(=C2)C(=O)OCC
DDNCQMVWWZOMLN-IRLDBZIGSA-N,CC[C@@]12CCCN3[C@@H]1C4=C(CC3)C5=CC=CC=C5N4C(=C2)C(=O)OCC
IDCHQQSVJAAUQQ-UHFFFAOYSA-N,CCN(CC)CCC1=NC(=NO1)C2=CC=CC=C2
RRGUKTPIGVIEKM-UHFFFAOYSA-N,C1CCC(CC1)N2C(=NN=N2)CCCCOC3=CC4=C(C=C3)NC(=O)CC4
RNLQIBCLLYYYFJ-UHFFFAOYSA-N,C1=CN=CC=C1C2=CNC(=O)C(=C2)N
MDFXJBQEWLCGHP-RQZCQDPDSA-N,C1=CC=C(C(=C1)C=NNC(=O)C2=CC=NC=C2)OCC(=O)O
HYXITZLLTYIPOF-UHFFFAOYSA-N,CC1=COC2=C1C(=O)C(=O)C3=C2C=CC4=C3CCCC4(C)C
RUZYUOTYCVRMRZ-UHFFFAOYSA-N,COC1=C(C=C2C(=C1)C(=NC(=N2)N3CCN(CC3)C(=O)C4COC5=CC=CC=C5O4)N)OC
RUZYUOTYCVRMRZ-FQEVSTJZSA-N,COC1=C(C=C2C(=C1)C(=NC(=N2)N3CCN(CC3)C(=O)[C@@H]4COC5=CC=CC=C5O4)N)OC
MFDFERRIHVXMIY-UHFFFAOYSA-N,CCN(CC)CCOC(=O)C1=CC=C(C=C1)N
QTSJJDIDTYFLFC-BJMVGYQFSA-O,C1=CN=CC=C1/C=[NH+]/NC(=S)N
UEBBYLJZCHTLEG-LAUBAEHRSA-N,CN(C[C@@H]1CCC2=C([C@@H]1C3=CC=CC=C3)C=CC(=C2)OC)CC(=O)O
TVYLLZQTGLZFBW-ZBFHGGJFSA-N,CN(C)C[C@H]1CCCC[C@@]1(C2=CC(=CC=C2)OC)O
HFNKQEVNSGCOJV-HNNXBMFYSA-N,C1CCC(C1)[C@H](CC#N)N2C=C(C=N2)C3=C4C=CNC4=NC=N3
AXNGJCOYCMDPQG-UHFFFAOYSA-N,C1CN(CCC1C(C2=CC=CC=C2)O)CCC3=CC=CC=C3
DWAFYCQODLXJNR-UHFFFAOYSA-L,C1CCC(C(C1)[NH-])[NH-].C(=O)(C(=O)[O-])[O-].[Pt+4]
APQPVVOYBLOJDY-UHFFFAOYSA-N,COC1=CC2=C(C=C1)N=C3CCCCC3=C2N
SUDAHWBOROXANE-SECBINFHSA-N,C1=CC(=C(C=C1I)F)NC2=C(C=CC(=C2F)F)C(=O)NOC[C@@H](CO)O
WPMJNLCLKAKMLA-UHFFFAOYSA-N,CC1CCC(CC1)C(=O)N(C2CCC(CC2)O)C3=C(SC(=C3)C#CC(C)(C)C)C(=O)O
ACWZRVQXLIRSDF-UHFFFAOYSA-N,CN1C=NC2=C1C=C(C(=C2F)NC3=C(C=C(C=C3)Br)F)C(=O)NOCCO
SCVHJVCATBPIHN-SJCJKPOMSA-N,C[C@@H](C(=O)N[C@@H](CC(=O)O)C(=O)COC1=C(C(=CC(=C1F)F)F)F)NC(=O)C(=O)NC2=CC=CC=C2C(C)(C)C
JWNPDZNEKVCWMY-VQHVLOKHSA-N,CCOC1=C(C=C2C(=C1)N=CC(=C2NC3=CC(=C(C=C3)OCC4=CC=CC=N4)Cl)C#N)NC(=O)/C=C/CN(C)C
URWAJWIAIPFPJE-YFMIWBNJSA-N,C[C@@]1(CO[C@@H]([C@@H]([C@H]1NC)O)O[C@H]2[C@@H](C[C@@H]([C@H]([C@@H]2O)O[C@@H]3[C@@H](CC=C(O3)CN)N)N)N)O
OJZYRQPMEIEQFC-UAWLTFRCSA-N,CCCC[C@H](C)C[C@@H](/C=C/[C@H]1[C@@H](CC(=O)[C@@H]1CCCC/C=C/C(=O)O)O)O
XIUUSFJTJXFNGH-UHFFFAOYSA-N,CN1C2C(N(C1=O)C)N(C(=O)N2C)C
URCVCIZFVQDVPM-UHFFFAOYSA-N,COC1=CC=C(C=C1)S(=O)(=O)NC2=C(N=CC=C2)NC3=CC=C(C=C3)O
WEEGYLXZBRQIMU-UHFFFAOYSA-N,CC1(C2CCC(O1)(CC2)C)C
BOFMSBVSYVESTM-UHFFFAOYSA-N,C1C(CC2=CC=CC=C21)NC(=O)C3=CC=C(C=C3)F
OKFDRAHPFKMAJH-UHFFFAOYSA-N,CS(=O)(=O)NC1=CC2=C(C=C1)OC3=C(C=CC(=C23)C(=O)NC4=C(C=NC=C4Cl)Cl)OC(F)F
BATCTBJIJJEPHM-UHFFFAOYSA-N,C1CN(CCC1=CC2=CC(=CC=C2)OC3=NC=C(C=C3)C(F)(F)F)C(=O)NC4=NN=CC=C4
YREYEVIYCVEVJK-UHFFFAOYSA-N,CC1=C(C=CN=C1CS(=O)C2=NC3=CC=CC=C3N2)OCCCOC
KGPGQDLTDHGEGT-VBZOGQDBSA-N,CC(C)CCCCCCCCC(=O)N[C@@H]1[C@H]([C@@H]([C@H](O[C@H]1OC2=C3C=C4C=C2OC5=C(C=C(C=C5)[C@H]([C@H]6C(=O)NC(C7=C(C(=CC(=C7)O)O[C@@H]8[C@H]([C@H]([C@@H]([C@H](O8)CO)O)O)O)C9=C(C=CC(=C9)[C@H](C(=O)N6)NC(=O)[C@@H]4NC(=O)[C@@H]1C2=C(C(=CC(=C2)OC2=C(C=CC(=C2)[C@H](C(=O)N[C@H](CC2=CC=C(O3)C=C2)C(=O)N1)NC)O)O)Cl)O)C(=O)NCCCN(C)C)O)Cl)C(=O)O)O)O
VPBYZLCHOKSGRX-UHFFFAOYSA-N,CCCNC(=O)NC1=C(C=C(C=C1)OC2=NC=NC3=CC(=C(C=C32)OC)OC)Cl
WWONFUQGBVOKOF-UHFFFAOYSA-N,C1=CC(=C(C=C1Cl)Cl)C(=O)NS(=O)(=O)C2=CC=C(S2)Br
UEMLYRZWLVXWRU-UHFFFAOYSA-N,C1=CC(=CC=C1N)S(=O)(=O)N=C(N)S
KJVQYDYPDFFJMP-UHFFFAOYSA-N,CC1=CSC(=N1)NS(=O)(=O)C2=CC=C(C=C2)N
MCIACXAZCBVDEE-CUUWFGFTSA-N,CCOC1=CC=C(C=C1)CC2=C(C=CC(=C2)[C@@]34[C@@H]([C@H]([C@@H]([C@@](O3)(CO4)CO)O)O)O)Cl
ANNPALXBOKTDBF-VYIIXAMBSA-N,CC(C)[C@@H](C(=O)NC(CC(=O)O)C(=O)CF)NC(=O)OCC1=C(C=C(C=C1)Cl)Cl
LITNEAPWQHVPOK-FFSVYQOJSA-N,COC1=C(C=C(C=C1)C2CNC(=O)NC2)O[C@H]3C[C@@H]4CC[C@H]3C4
GVEZIHKRYBHEFX-NQQPLRFYSA-N,C/C=C/C/C=C/CCC(=O)[C@@H]1[C@@H](O1)C(=O)N
UDYUIWXQUBNDHC-UHFFFAOYSA-N,CC1=CC(=O)N(C(=C1)COC2=CC=C(C=C2)OC3=CC=C(C=C3)Cl)O
GUOQUXNJZHGPQF-UHFFFAOYSA-N,CC1=NN=C2N1N=C(C=C2)C3=CC(=CC=C3)C(F)(F)F
SSLKKMZJCJBOML-UHFFFAOYSA-N,CCN(CC)C(=O)CSC1=NN=C(C=C1)Cl
KRVMLPUDAOWOGN-UHFFFAOYSA-N,COC1=CC2=C(C=C1)NC=C2C3=CCNCC3
QTNZYVAMNRDUAD-UHFFFAOYSA-N,CC(=O)NC1=CC=C(C=C1)OC(C)(C)C
JZRWCGZRTZMZEH-UHFFFAOYSA-N,CC1=C(SC=[N+]1CC2=CN=C(N=C2N)C)CCO
GNDPAVKYAUIVEB-ZROIWOOFSA-N,C/C(=N/NC(=O)C1=CC=NC=C1)/C2=CC=CO2
PVBQYTCFVWZSJK-UHFFFAOYSA-O,C[N+](C)(C)NCCC(=O)O
SFNSLLSYNZWZQG-VQIMIIECSA-N,CN1CC[C@H](C[C@@H]1C2=NC3=CC=CC=C3N2)NC(=O)NC4=CC=C(C=C4)C#N
SFNSLLSYNZWZQG-LRTDYKAYSA-N,CN1CCC(C[C@@H]1C2=NC3=CC=CC=C3N2)NC(=O)NC4=CC=C(C=C4)C#N
FUWFSXZKBMCSKF-UHFFFAOYSA-N,C1=CC(=CN=C1)C(=O)OCC2C(C(C(O2)(COC(=O)C3=CN=CC=C3)O)OC(=O)C4=CN=CC=C4)OC(=O)C5=CN=CC=C5
GQYIWUVLTXOXAJ-UHFFFAOYSA-N,C1CCC(CC1)NC(=O)N(CCCl)N=O
ZRJBHWIHUMBLCN-QDEBKDIKSA-N,C/C=C/1\C2CC3=C(C1(CC(=C2)C)N)C=CC(=O)N3
ZRJBHWIHUMBLCN-HZRLMBICSA-N,C/C=C/1\[C@@H]2CC3=C([C@@]1(CC(=C2)C)N)C=CC(=O)N3
GQZQCROBCYNTMU-UHFFFAOYSA-N,C1=CN=CC=C1C(=O)NNCS(=O)(=O)O
VRQVVMDWGGWHTJ-CQSZACIVSA-N,C[C@@H](CN1C2=CC=CC=C2SC3=C1C=C(C=C3)OC)CN(C)C
VRQVVMDWGGWHTJ-UHFFFAOYSA-N,CC(CN1C2=CC=CC=C2SC3=C1C=C(C=C3)OC)CN(C)C
GMVPRGQOIOIIMI-DWKJAMRDSA-N,CCCCC[C@@H](/C=C/[C@H]1[C@@H](CC(=O)[C@@H]1CCCCCCC(=O)O)O)O
GMVPRGQOIOIIMI-ZWLIRFKBSA-N,CCCCC[C@@H](/C=C/C1[C@@H](CC(=O)[C@@H]1CCCCCCC(=O)O)O)O
YVPGZQLRPAGKLA-UHFFFAOYSA-N,CC1=C(C=CC(=C1)C(=O)N)N2C(=CC=C2C3=CC=C(C=C3)N4C=CN=C4)CCC(=O)O
NCXMLFZGDNKEPB-FFPOYIOWSA-N,C[C@@H]1C/C=C/C=C/C=C/C=C/[C@@H](C[C@H]2[C@@H]([C@H](C[C@](O2)(C[C@H](C[C@@H]3[C@H](O3)/C=C/C(=O)O1)O)O)O)C(=O)O)O[C@H]4[C@H]([C@H]([C@@H]([C@H](O4)C)O)N)O
NCXMLFZGDNKEPB-YLTFDBFKSA-N,CC1C/C=C/C=C/C=C/C=C/C(CC2C(C(CC(O2)(CC(CC3C(O3)/C=C/C(=O)O1)O)O)O)C(=O)O)OC4C(C(C(C(O4)C)O)N)O
JFWGYKRUMPKNKF-UHFFFAOYSA-N,CC1(CC(=O)C2=C(C=C(C=C2O1)O)O)C
GXWKSXUPEFVUOO-UHFFFAOYSA-N,CC1=C(C=C(C=C1)NC2=NN=C(C3=CC=CC=C32)CC4=CC=NC=C4)Br
HPIUHDCRVYDAEJ-UHFFFAOYSA-N,CNC(=O)C1=NC(=C(C=C1)C2=C(C(=CC(=C2)Cl)Cl)Cl)N
FASDKYOPVNHBLU-UHFFFAOYSA-N,CCCNC1CCC2=C(C1)SC(=N2)N
FASDKYOPVNHBLU-SSDOTTSWSA-N,CCCN[C@@H]1CCC2=C(C1)SC(=N2)N
FASDKYOPVNHBLU-ZETCQYMHSA-N,CCCN[C@H]1CCC2=C(C1)SC(=N2)N
XWRBMHSLXKNRJX-UHFFFAOYSA-N,C=CC1=CC=CC=[N+]1[O-]
XRVJPLDTMUSSDE-UHFFFAOYSA-N,CC(=CC(=O)NS(=O)(=O)C1=CC=C(C=C1)N)C
KLBQZWRITKRQQV-UHFFFAOYSA-N,CN1CCCCC1CCN2C3=CC=CC=C3SC4=C2C=C(C=C4)SC
XFYDIVBRZNQMJC-UHFFFAOYSA-N,C1CN=C(N1)NC2=C(C=CC3=NSN=C32)Cl
MKPLKVHSHYCHOC-AHTXBMBWSA-N,CC(C)OC(=O)CCC/C=C\C[C@H]1[C@H](C[C@H]([C@@H]1/C=C/[C@H](COC2=CC=CC(=C2)C(F)(F)F)O)O)O
MKPLKVHSHYCHOC-VAOHUEEVSA-N,CC(C)OC(=O)CCC/C=C\C[C@H]1[C@H](C[C@H]([C@H]1/C=C/[C@H](COC2=CC=CC(=C2)C(F)(F)F)O)O)O
YIMGGHGOVMBIJO-UHFFFAOYSA-N,CN(C)C(=NC1=CC=CC=C1N2CCOCC2)N
FOOHYFUHXGIXNK-UHFFFAOYSA-N,C1C=CCC1CC2=CNC(=S)N2
BLUAFEHZUWYNDE-NNWCWBAJSA-N,C[C@@H]1CC[C@H]2[C@H](C(=O)O[C@H]3[C@@]24[C@H]1CC[C@](O3)(OO4)C)C
BLUAFEHZUWYNDE-DCJAHCNHSA-N,C[C@@H]1CC[C@H]2[C@H](C(=O)O[C@H]3[C@@]24[C@H]1CCC(O3)(OO4)C)C
CJXAEXPPLWQRFR-UHFFFAOYSA-N,C1CCN(C1)CC2=NC3=CC=CC=C3N2CC4=CC=C(C=C4)Cl
DSLPMJSGSBLWRE-UHFFFAOYSA-N,C1CCC2=C(CC1)C(=O)OC3=C2C=CC(=C3)OS(=O)(=O)N
AELCINSCMGFISI-UHFFFAOYSA-N,C1C(C1N)C2=CC=CC=C2
AELCINSCMGFISI-BDAKNGLRSA-N,C1[C@@H]([C@H]1N)C2=CC=CC=C2
FEJKLNWAOXSSNR-UHFFFAOYSA-N,CC(=O)NC1=CC=C(C=C1)OC(=O)C2=CC=CC=C2OC(=O)C
ZBYVTTSIVDYQSO-UWTATZPHSA-N,C([C@H](C(=O)O)N)C(=O)NO
GWRSATNRNFYMDI-UHFFFAOYSA-N,CN1CCC(CC1)NC(=O)C2=CC(=C(C=C2F)NC3=NC=C4C(=N3)N(CC(C(=O)N4C)(F)F)C5CCCC5)OC
GBJVVSCPOBPEIT-UHFFFAOYSA-N,CCN(CCCOC1=CC2=C(C=C1)C(=NC=N2)NC3=NNC(=C3)CC(=O)NC4=CC(=CC=C4)F)CCOP(=O)(O)O
RXTHKWVSXOIHJS-UHFFFAOYSA-N,CCC(=O)N(CC(C)N(C)CCC1=CC=CC=C1)C2=CC=CC=C2
UMSHZWFCVXIDEO-UHFFFAOYSA-N,COC1=CC(=CC(=C1OC)OC)COC2=NN3C=C(N=C3C=C2)NC(=O)OC
JHWVXMIUCOQOCI-UHFFFAOYSA-N,CCOC1=CC(=C(C=C1)C2=CN=CC=C2)NC(=O)CC(C)N
OZOGDCZJYVSUBR-UHFFFAOYSA-N,C1=CC2=C(C(=C1)Cl)N=C(C=C2)NC3=CC=C(C=C3)OC(F)(F)F
JABSKGQQWUDVRU-UHFFFAOYSA-O,CCN(C1=CC=CC=C1)C2=CC(=[N+](C(=N2)C)C)NC
SMTZFNFIKUPEJC-UHFFFAOYSA-N,CC(=O)OCC(=O)NCCCOC1=CC=CC(=C1)CN2CCCCC2
BFSMGDJOXZAERB-UHFFFAOYSA-N,CC(C)(C)C1=NC(=C(S1)C2=NC(=NC=C2)N)C3=C(C(=CC=C3)NS(=O)(=O)C4=C(C=CC=C4F)F)F
HFNKQEVNSGCOJV-OAHLLOKOSA-N,C1CCC(C1)[C@@H](CC#N)N2C=C(C=N2)C3=C4C=CNC4=NC=N3
HFNKQEVNSGCOJV-FBXGHSCESA-N,[2H]C1(C(C(C(C1([2H])[2H])([2H])[2H])([2H])[2H])[C@@H](CC#N)N2C=C(C=N2)C3=C4C=CNC4=NC=N3)[2H]
DQKXQSGTHWVTAD-UHFFFAOYSA-N,CCCCOC1=CC=C(C=C1)OCCCN2CCOCC2
UFULAYFCSOUIOV-UHFFFAOYSA-N,C(CS)N
OFCNXPDARWKPPY-UHFFFAOYSA-N,C1=C2C(=NC=NC2=O)NN1
VRDIULHPQTYCLN-UHFFFAOYSA-N,CCCC1=NC=CC(=C1)C(=N)S
MXJWRABVEGLYDG-UHFFFAOYSA-N,CCCCOC1=CC=C(C=C1)CC(=O)NO
WUBBRNOQWQTFEX-UHFFFAOYSA-N,C1=CC(=C(C=C1N)O)C(=O)O
MNABRWLVTSGIMU-FQEVSTJZSA-N,CC(=O)NC[C@H]1CN(C(=O)O1)C2=CC(=C(C=C2)OCC3(CCN(CC3)C4=C(C=C5C(=C4)N(C=C(C5=O)C(=O)O)C6CC6)F)OP(=O)(O)O)F
HNIFCPBQMKPRCX-UHFFFAOYSA-N,COCC1=NN=C(N1C2=CN=C(C=C2)OC)N3CC(C3)OC4=C(C=C(C=C4)F)Cl
RCJYGWGQCPDYSL-HZPDHXFCSA-N,CCN1C(=O)C2=C(N=C(N2CC3=CC(=C(C=C3)OC)Br)N[C@@H]4CCC[C@H]4O)N(C1=O)CCO
RCJYGWGQCPDYSL-OEMAIJDKSA-N,CCN1C(=O)C2=C(N=C(N2CC3=CC(=C(C=C3)OC)Br)NC4CCC[C@H]4O)N(C1=O)CCO
KELRBTWVTDHIHS-VENPPMLCSA-N,C[C@H]1[C@@H]([C@](C[C@H]([C@@]2(C(CCC13C2C(=O)CC3)C)C)OC(=O)CSC4=CC=CC(=C4)CO)(C)C=C)O
KELRBTWVTDHIHS-KGTFJIFRSA-N,C[C@@H]1CC[C@@]23CCC(=O)[C@H]2[C@@]1([C@@H](C[C@@]([C@H]([C@@H]3C)O)(C)C=C)OC(=O)CSC4=CC=CC(=C4)CO)C
JYVIMETTWDHLFH-UHFFFAOYSA-N,CC(=O)OCCCCC1=CC2=C(N=CC=C2)N(C1=O)C3=CC=CC=C3
NOZIJMHMKORZBA-KJCUYJGMSA-N,CCCCCCO[C@@H](C)C1=CC=CC(=C1OC)C2=CSC(=N2)NC(=O)C3=CC(=C(C(=C3)Cl)/C=C(\C)/C(=O)O)Cl
DGWUVKLBXCWNTA-UHFFFAOYSA-N,C1=CC=C2C(=C1)C=CN3C2=NC(=N3)C4=CC=C(C=C4)Cl
ZWUFGBNOUKQGBR-UHFFFAOYSA-N,CC1=NC2=CC=CC(=C2C(=O)N1C3=CC=C(C=C3)OC4CCN(CC4)C5CCC5)C(F)(F)F
LRIFUWJWOSDOMV-UHFFFAOYSA-N,C1=CC(=CN=C1)C(=NCCO[N+](=O)[O-])NC#N
HPHBOJANXDKUQD-UHFFFAOYSA-N,C(C#N)C(=O)NN
LACIBZRFAYFTOV-UHFFFAOYSA-N,CC(C)CC1=CC=C(C=C1)C(C2=CC=C(C=C2)CC(C)C)NC3=CC=CC(=C3)C(=O)C4=CN(C5=CC=CC=C54)CCCC(=O)O
KZCMMZOLCBZLNG-QHCPKHFHSA-N,CC1=CC=CC=C1C2=C(C=CC(=C2)CNCC3=CN=CN3)C(=O)N[C@@H](CCSC)C(=O)OC
BTUDYMZUFKDIFZ-PWSAKUHLSA-N,CCCCOC(=O)C1=CC=CC=C1OP2(=O)CO[C@@H](CO2)CN3C=CC(=NC3=O)N
GGBCJUPWMZGCKM-UHFFFAOYSA-N,CCN(CC)CCCC1=C(NC(=NC1=O)CCSCC2=CSC(=N2)N=C(N)N)C
JRFYJULGAGLHHN-KCJUWKMLSA-O,C1[C@@H](NC(=O)[C@]1(C[N+]2=CC=CC=C2)N)C(=O)O
BMGQWWVMWDBQGC-IIFHNQTCSA-N,C[C@@]12[C@@H]([C@@H](C[C@@H](O1)N3C4=CC=CC=C4C5=C6C(=C7C8=CC=CC=C8N2C7=C53)CNC6=O)N(C)C(=O)C9=CC=CC=C9)OC
UDSFVOAUHKGBEK-CNQKSJKFSA-N,CCCCCCCCCCC(=O)O[C@H]1CC[C@@H]2[C@@]1(CC[C@H]3[C@H]2CCC4=CC(=O)CC[C@]34C)C
WHMXDBPHBVLYRC-OFVILXPXSA-N,C[C@@H](C1=CC=CN2C1=NC(=C2)C3=CC=C(C=C3)C[C@@H](CNC(=O)CN(C)C)NC(=O)C4=CC(=C(C=C4)OC(C)C)Cl)O
IJMBOKOTALXLKS-UHFFFAOYSA-N,C1COCCN1C2=NC=NC(=C2)N3C(=O)C(=CN3)N4C=CN=N4
UAUIUKWPKRJZJV-QPLHLKROSA-N,CC1=CN=C(C=N1)C(=O)N[C@H]2CCCCC/C=C\[C@@H]3C[C@]3(NC(=O)[C@@H]4C[C@H](CN4C2=O)OC5=NC6=CC=CC=C6C7=CC=CC=C75)C(=O)NS(=O)(=O)C8CC8
NRJKIOCCERLIDG-GOSISDBHSA-N,C[C@H](C1=CC=C(C=C1)F)C(=O)NC2=CC=C(C=C2)C3=CN4C(=NC(=N4)NC5=C(C=C(C=C5)S(=O)(=O)C)OC)C=C3
QXTWSUQCXCWEHF-JXMROGBWSA-N,CC1=C(OC2=CC=CC=C12)CN(C)C(=O)/C=C/C3=CC4=C(NC(=O)CC4)N=C3
CJPLEFFCVDQQFZ-UHFFFAOYSA-N,CC1=CC(=C(C=C1)C(=O)C)NC(C2=C(C=CC=C2Cl)Cl)C(=O)N
ORJRYNKVKJAJPY-UHFFFAOYSA-N,CC1=C(ON=C1NS(=O)(=O)C2=CC=CC=C2C3=C(C=C(C=C3)C4=NC=CO4)CN(C)C(=O)CC(C)(C)C)C
PDGIENBVJWBSNG-GMAHTHKFSA-N,C1OC2=C(O1)C=C(C=C2)[C@H](CC(=O)O)NC(=O)N[C@@H](CSCC3=CC=CC=C3)CSC4=CC=CC=C4
REOZWEGFPHTFEI-CVEARBPZSA-N,CCCC1=CC(=C(C(=C1)O)[C@H]2C=C(CC[C@@H]2C(=C)C)C)O
FHELGPHQJUXHMT-VXKWHMMOSA-N,C1C[C@H]([C@@H](C1)C2=CN=C(N=C2)C3=CC=C(C=C3)C(F)(F)F)C4=CC=C(C=C4)C(=O)NCCC(=O)O
QTTYQKNTVMKMMI-GQCTYLIASA-N,CN(CCCNC(=O)C/C=C/C1=CC=C(C=C1)N2C=CN=C2)CCC3=CC(=CC(=C3)OC)OC
PXSOHRWMIRDKMP-UHFFFAOYSA-N,C1CN1C2=CC(=O)C(=C(C2=O)N3CC3)N4CC4
CPVZPPFHQBIJNB-KRWDZBQOSA-N,COC1=CC(=C(C=C1C(=O)N[C@H]2CCN(C2)CC3=CC=CC=C3)Cl)NC(=O)C4CC4
GAQZNFUDILDDDI-UHFFFAOYSA-N,CCC(=O)NS(=O)(=O)C1=CC(=C(C=C1)NC(=O)COC2=C(C=C(C=C2)Cl)C(=O)C3=CC(=CC(=C3)C#N)Cl)C
OVRBKKLFIRJPKY-UHFFFAOYSA-N,COC1=CC(=CC2=C1C3=C(C24C(=O)NC(=O)N4)C=C(C=C3OC)F)F
BZGHPHUNZKSCKZ-UHFFFAOYSA-N,C1=CC=C2C(=C1)C(=NN=C2NC3=CC(=CC(=C3)C(F)(F)F)Br)CC4=CC=NC=C4
XOZUGNYVDXMRKW-AATRIKPKSA-N,C(=O)(N)/N=N/C(=O)N
VMZMNAABQBOLAK-DBILLSOUSA-N,C1[C@H](CN2[C@@H]1C(=O)N[C@H](C(=O)N[C@@H](C(=O)N[C@H](C(=O)N[C@H](C(=O)N[C@H](C2=O)CC3=CC=CC=C3)CC4=CC=C(C=C4)OCC5=CC=CC=C5)CCCCN)CC6=CNC7=CC=CC=C76)C8=CC=CC=C8)OC(=O)NCCN
VMZMNAABQBOLAK-UHTANWJSSA-N,C1[C@H](CN2C1C(=O)N[C@H](C(=O)N[C@@H](C(=O)N[C@H](C(=O)N[C@H](C(=O)N[C@H](C2=O)CC3=CC=CC=C3)CC4=CC=C(C=C4)OCC5=CC=CC=C5)CCCCN)CC6=CNC7=CC=CC=C76)C8=CC=CC=C8)OC(=O)NCCN
DLMNZGAILMQDHA-UHFFFAOYSA-N,CCCN(CC1=CC=C(C=C1)C2=CC=CC=C2C3=NNN=N3)C4=C(C=CC=N4)C(=O)O
FDXQKWSTUZCCTM-UHFFFAOYSA-N,CNCC(CC12CCC(C3=CC=CC=C31)C4=CC=CC=C24)O
FDXQKWSTUZCCTM-ZUIJCZDSSA-N,CNC[C@@H](CC12CCC(C3=CC=CC=C31)C4=CC=CC=C24)O
CYCXZGUVPDRYLG-UHFFFAOYSA-N,CC(C)NCC(COC1=CC=C(C=C1)OCCOCCC2=CC=C(C=C2)F)O
CYCXZGUVPDRYLG-FQEVSTJZSA-N,CC(C)NC[C@@H](COC1=CC=C(C=C1)OCCOCCC2=CC=C(C=C2)F)O
UWJUQVWARXYRCG-HIFRSBDPSA-N,CN(C)C[C@H]1CCCC[C@@]1(C2=CC(=CC=C2)O)O
UWJUQVWARXYRCG-UHFFFAOYSA-N,CN(C)CC1CCCCC1(C2=CC(=CC=C2)O)O
RNRYULFRLCBRQS-UHFFFAOYSA-N,C1CN(CCC1CN2CC3=CC=CC=C3C2=O)CC(=O)C4=CC=C(C=C4)F
KDLRVYVGXIQJDK-AWPVFWJPSA-N,CCC[C@@H]1C[C@H](N(C1)C)C(=O)N[C@@H]([C@@H]2[C@@H]([C@@H]([C@H]([C@H](O2)SC)O)O)O)[C@H](C)Cl
KDLRVYVGXIQJDK-NOWPCOIGSA-N,CCC[C@@H]1C[C@H](N(C1)C)C(=O)NC([C@@H]2[C@@H]([C@@H]([C@H]([C@H](O2)SC)O)O)O)C(C)Cl
FDCJRJKVESWRDK-XJQDNNTCSA-N,CCC[C@@H]1C[C@H](N(C1)C)C(=O)N[C@@H]([C@@H]2[C@@H]([C@@H]([C@H]([C@H](O2)SC)O)O)O)[C@H](C)Cl.C1=CC=C(C=C1)C(=O)OOC(=O)C2=CC=CC=C2
PJSRXCKFAODLHJ-MVWHHIKCSA-N,CCC[C@@H]1C[C@H](N(C1)C)C(=O)N[C@@H]([C@@H]2[C@@H]([C@@H]([C@H]([C@H](O2)SC)O)O)O)[C@H](C)Cl.CC1=C(C(CCC1)(C)C)/C=C/C(=C/C=C/C(=C/C(=O)O)/C)/C
QNIVIMYXGGFTAK-UHFFFAOYSA-N,CC(C)CCCC(C)N
WWOXKWLDMLMYQY-UHFFFAOYSA-N,CN1C=C(C=N1)C2=NC=CC(=C2)OC3=C(C=C(C(=C3)F)NC(=O)C4(CC4)C(=O)NC5=CC=CC=C5)F
WIDKTXGNSOORHA-CJHXQPGBSA-N,CC1([C@@H](N2[C@H](S1)[C@@H](C2=O)NC(=O)CC3=CC=CC=C3)C(=O)O)C.CC1([C@@H](N2[C@H](S1)[C@@H](C2=O)NC(=O)CC3=CC=CC=C3)C(=O)O)C.C1=CC=C(C=C1)CNCCNCC2=CC=CC=C2.O.O.O.O
WHRVRSCEWKLAHX-LQDWTQKMSA-N,CCN(CC)CCOC(=O)C1=CC=C(C=C1)N.CC1([C@@H](N2[C@H](S1)[C@@H](C2=O)NC(=O)CC3=CC=CC=C3)C(=O)O)C
JGSARLDLIJGVTE-MBNYWOFBSA-N,CC1([C@@H](N2[C@H](S1)[C@@H](C2=O)NC(=O)CC3=CC=CC=C3)C(=O)O)C
GQNZGCARKRHPOH-RQIKCTSVSA-N,CCC(=O)O[C@@H]1CC(=O)O[C@@H](C/C=C/C=C/[C@@H]([C@@H](C[C@@H]([C@@H]([C@H]1OC)O[C@H]2[C@@H]([C@H]([C@@H]([C@H](O2)C)O[C@H]3C[C@@]([C@H]([C@@H](O3)C)OC(=O)CC)(C)OC(=O)C)N(C)C)O)CC=O)C)OC(=O)C)C
FVIZARNDLVOMSU-IRFFNABBSA-N,CC(=CCC[C@@](C)([C@H]1CC[C@@]2([C@@H]1[C@@H](C[C@H]3[C@]2(CC[C@@H]4[C@@]3(CC[C@@H](C4(C)C)O)C)C)O)C)O[C@H]5[C@@H]([C@H]([C@@H]([C@H](O5)CO)O)O)O)C
UIAGMCDKSXEBJQ-UHFFFAOYSA-N,CC1=C(C(C(=C(N1)C)C(=O)OC(C)C)C2=CC(=CC=C2)[N+](=O)[O-])C(=O)OCCOC
AQLVRTWKJDTWQQ-SDBHATRESA-N,C1CCC(C1)NC2=C3C(=NC=N2)N(C=N3)[C@H]4[C@@H]([C@@H]([C@H](O4)CO[N+](=O)[O-])O)O
BVRPESWOSNFUCJ-UHFFFAOYSA-N,CCC(C)C(C(=O)NC(CC1=CNC2=CC=CC=C21)C(=O)O)N
VHRSUDSXCMQTMA-PJHHCJLFSA-N,C[C@H]1C[C@H]2[C@@H]3CC[C@@]([C@]3(C[C@@H]([C@@H]2[C@@]4(C1=CC(=O)C=C4)C)O)C)(C(=O)CO)O
FVZJIAUYFDQQKJ-DQEYMECFSA-N,CC1=CC=C(C=C1)S(=O)(=O)NC2=CC=C(C=C2)C3=N[C@H]4CCN(C[C@H]4C5=CC(=C(C=C53)OC)OC)C
FVZJIAUYFDQQKJ-JWQCQUIFSA-N,CC1=CC=C(C=C1)S(=O)(=O)NC2=CC=C(C=C2)C3=N[C@@H]4CCN(C[C@@H]4C5=CC(=C(C=C53)OC)OC)C
CLPSAAPUJUVQPP-UHFFFAOYSA-N,C1CC1C2=NC(=NO2)C3=C4N5CCN=C5C6=C(N4C=N3)C=CC(=C6)Cl
VDGXZSSDCDPCRF-UHFFFAOYSA-N,CCC1=C(C(=NC(=N1)N)N)OCCCOC2=CC=CC=C2CCC(=O)O
GWQCGQYPYHOMSJ-UHFFFAOYSA-M,C1=CC=C2C(=C1)C(=O)OC23C4=CC(=C(C=C4OC5=C=C([C](C=C35)Br)O)[O-])Br.O.[Hg+]
SVYRYFAUQHVGAI-BMWLXYDHSA-N,C[C@H](CO)NC(=O)C1=CC=CC(=C1)/C=C\CCCC(=O)N(C)C
GPTURHKXTUDRPC-UHFFFAOYSA-N,CN(C)CCON=C1C2=CC=CC=C2CCC3=CC=CC=C31
FILYHFFLMZBUSY-UHFFFAOYSA-N,CC1=CC=C(C=C1)C(=O)C2=CC=C(N2C)CC(=O)OC3=CC=C(C=C3)NC(=O)C
WGMASVSHOSNKMF-UHFFFAOYSA-N,CC(C)C1(C(=O)NC(=O)N(C1=O)C)CC(=C)Br
WGOJWDWKHJHXSV-UHFFFAOYSA-N,CC(C)(CCC(C1=CC=CC=C1)(C2=CC=CC=C2)C(=O)N)N3CC(C3)OC4=CC=CC(=C4)O
MQIRDWDCKACDRZ-DUXPYHPUSA-N,C1OC2=C(O1)C=C(C=C2)/C=C/C(=O)OCC3=CC(=O)C(=CO3)O
ISJSHQTWOHGCMM-NDEPHWFRSA-N,CCOC(=O)N1CCN(CC1)C(=O)[C@H](CC2=CC(=CC=C2)C(=N)N)NS(=O)(=O)C3=C(C=C(C=C3C(C)C)C(C)C)C(C)C
QWEWGXUTRTXFRF-KBPBESRZSA-N,C1CN(CC1(F)F)C(=O)[C@@H]2C[C@@H](CN2)N3CCN(CC3)C4=NC=CC=N4
KBMJKFIPTVIFOH-UHFFFAOYSA-N,CC1=C(C=C(C=C1OCCN(C)C)C(C)C)O
WZXHSWVDAYOFPE-UHFFFAOYSA-N,COC1=CC(=C2C(=C1)C=C(O2)C3CCNCC3)Br
VOJLELRQLPENHL-UHFFFAOYSA-N,C1=CC=C(C(=C1)C2=NC(C(=O)N(C3=C2C=C(C=C3)Cl)CCO)O)F
REYHXKZHIMGNSE-UHFFFAOYSA-M,F[Ag]
SQGYOTSLMSWVJD-UHFFFAOYSA-N,[N+](=O)([O-])[O-].[Ag+]
TYTYIUANSACAEM-UHFFFAOYSA-M,C1=C(C=C(C(=C1[N+](=O)[O-])[O-])[N+](=O)[O-])[N+](=O)[O-].[Ag+]
PEOGZQMDIONZGY-UHFFFAOYSA-N,CNC(=O)C1=CC2=C(S1)C=NC=C2OC3=CC=C(C=C3)C(F)(F)F
OFXAEWYLVPBGGU-UHFFFAOYSA-N,CNC(=O)C1=CC2=C(S1)C=NC=C2OC3=CC=C(C=C3)Br
NFRPNQDSKJJQGV-UHFFFAOYSA-N,C1CCC(CC1)NC(=O)NS(=O)(=O)C2=CC3=C(CCC3)C=C2
JTOUASWUIMAMAD-UHFFFAOYSA-N,CN1C2=C(C(=O)N(C1=O)C)N(C=N2)CC(CN3CCN(CC3)CCCSC4=CC=CC=C4)O
ZHOWHMXTJFZXRB-UHFFFAOYSA-N,CNCC(C1=CC(=CC=C1)NS(=O)(=O)C)O
ANUCDXCTICZJRH-UHFFFAOYSA-N,CC1COC2(N1CC(=O)NC3=C2C=C(C=C3)Cl)C4=CC=CC=C4Cl
FVYRUSCZCWSFLT-UHFFFAOYSA-N,CCOP(=O)(CC1=CC=C(C=C1)C2=NC3=CC=CC=C3S2)OCC
UFRCBUVLZQZWPP-UHFFFAOYSA-N,CC1=CC(=C(C=C1N)C(C)(C)C)SC2=C(CC(OC2=O)(CCC3=CC=C(C=C3)O)C(C)C)O
WTSKMKRYHATLLL-UHFFFAOYSA-N,CCOCN1C=C(C(=O)N(C1=O)C(=O)C2=CC(=CC=C2)C(=O)OC3=C(C=CC(=N3)OC(=O)C4=CC=CC=C4)C#N)F
JLRIJKVMMZEKDF-UHFFFAOYSA-N,C1=CC2=C(C=CN2)C=C1NC3=NC(=CN=C3N)C4=CC=NC=C4
FUKHGCVTMAEHRG-NRFANRHFSA-N,CS(=O)(=O)NC1=C(C=CC(=C1)[C@H](CNC(C2=CC=C(C=C2)OC(F)F)C3=CC=C(C=C3)OC(F)F)O)O
BVAHPPKGOOJSPU-UHFFFAOYSA-N,CC1=NN(C(=C1)NC2=NC=C(C(=C2)NC3=CC=CC=C3C(=O)NOC)Cl)C(C)C
PZDPVSFZTKORSP-OAHLLOKOSA-N,C[C@H](CCNCCCCNC(=O)OCC(=O)NCCCCCCN=C(N)N)N
DKVNAGXPRSYHLB-UHFFFAOYSA-N,C1=CC(=CC=C1NC2=CC=C(C=C2)[N+](=O)[O-])N=C=S
HDLFZCDEGAWEFX-UHFFFAOYSA-N,CC1=NC2=NC(=NN2C(=C1)NC3=CN=C(C=C3)C(F)(F)F)C(C)(F)F
RPJPZDVUUKWPGT-FOIHOXPVSA-N,CC[C@H]1C(=O)N(CC(=O)N([C@H](C(=O)N[C@H](C(=O)N([C@H](C(=O)N[C@H](C(=O)N[C@@H](C(=O)N([C@H](C(=O)N([C@H](C(=O)N([C@H](C(=O)N([C@H](C(=O)N1)[C@@H]([C@H](C)C/C=C/C)O)C)C(C)C)C)CC(C)C)C)CC(C)C)C)C)C)CC(C)C)C)C(C)C)[C@@H](C)CC)C)C
ZMKGDQSIRSGUDJ-VSROPUKISA-N,CCC[C@H]1C(=O)N(CC(=O)N([C@H](C(=O)N[C@H](C(=O)N([C@H](C(=O)N[C@H](C(=O)N[C@@H](C(=O)N([C@H](C(=O)N([C@H](C(=O)N([C@H](C(=O)N([C@H](C(=O)N1)[C@@H]([C@H](C)C/C=C/C)O)C)C(C)C)C)CC(C)C)C)CC(C)C)C)C)C)CC(C)C)C)C(C)C)CC(C)C)C)C
ZMKGDQSIRSGUDJ-IMVLJIQESA-N,CCCC1C(=O)N(CC(=O)N(C(C(=O)NC(C(=O)N(C(C(=O)NC(C(=O)NC(C(=O)N(C(C(=O)N(C(C(=O)N(C(C(=O)N(C(C(=O)N1)C(C(C)C/C=C/C)O)C)C(C)C)C)CC(C)C)C)CC(C)C)C)C)C)CC(C)C)C)C(C)C)CC(C)C)C)C
IFWMVQUGSGWCRP-UHFFFAOYSA-N,CC(=O)OC1=C(C(=C(C2=C1C=CC(=C2)Cl)OC(=O)C)OC)OC
JAHDAIPFBPPQHQ-UHFFFAOYSA-N,CN1C=NC=C1C(C2=CC=C(C=C2)Cl)(C3=CC4=C(C=C3)N(C(=O)C=C4C5=CC=CC(=C5)C#C)C)O
GTUIRORNXIOHQR-VIFPVBQESA-N,C[C@H]1COC2(O1)CCN(CC2)C3=NC(=O)C4=C(S3)C(=CC(=C4)C(F)(F)F)[N+](=O)[O-]
ZHKNLJLMDFQVHJ-RUZDIDTESA-N,CC[C@H](C(=O)O)OC1=CC=CC(=C1)CN(CCCOC2=CC=C(C=C2)OC)C3=NC4=CC=CC=C4O3
JZAMQDDHRXHDFR-UHFFFAOYSA-N,C1CN(CCN1CCN2C3=C(C=N2)C4=NC(=NN4C(=N3)N)C5=CC=CO5)C6=C(C=C(C=C6)F)F
HLCHRSFXEXAMLU-YDQNRGGDSA-N,CCCCC/C(=C\C=C\C(=O)N[C@H](C)CCCC1=CN=CC=C1)/C2=CC=C(C=C2)OC
ORVNHOYNEHYKJG-UHFFFAOYSA-N,CC1=C(C=CC(=C1)F)C2=C3C=CC(=O)N(C3=NC(=N2)NC(CO)CO)C4=C(C=CC=C4F)F
NXWASIVXQMMPLM-ZXMXYHOLSA-N,CN[C@@H](C[C@H]1CCCOC1)CNC(=O)N2CCC[C@H](C2)[C@H](C3=CC(=CC=C3)Cl)OCCNC(=O)OC
XBEDAMVJWVPVDS-UHFFFAOYSA-N,CC(=O)CCCCN1C=NC2=C1C(=O)N(C(=O)N2C)C
WNAQOLSMVPFGTE-UHFFFAOYSA-N,CC1=NC2=CC=CC=C2N1CC3=CC=C(C=C3)Cl
VCCBCXVFGHTDQN-UODBTFMRSA-N,C[C@@H](CN1CC[C@]2(C3=C(C[C@@H]1C2(C)C)C(=CC=C3)O)C)OCC4=CC=CC=C4
YLMVVEDAZPUKCY-UHFFFAOYSA-N,CS(=O)(=O)C1=CC=C(C=C1)C(=O)N2CCN(CC2)C3=CC=C(C=C3)OC4CCN(CC4)C5CCC5
MJHOMTRKVMKCNE-NWDGAFQWSA-N,CN1C=C(C=N1)C2=NC(=C(C3=C2C(=O)NC3)F)N[C@@H]4CCCC[C@@H]4N
WBLXZPHICYCDGN-UHFFFAOYSA-N,CCCCOCC(COC1=CC=CC=C1)O
JDHBSANRAFEDMI-QGZVFWFLSA-N,CC(C)[C@H](C(=O)O)NS(=O)(=O)C1=CC=C(C=C1)C2=CC=C(C=C2)SC
ZUCNNVYWVZZXGZ-AWEZNQCLSA-N,CC(=O)NC[C@H]1CN(C(=O)O1)C2=CC(=C(C=C2)N3CCN(CC3)C(=O)COP(=O)(O)O)F
FLOJCNYYPGNYBP-RQJHMYQMSA-N,C[C@@H]1[C@H](CCN1)C2=CN=CN2
VHRSUDSXCMQTMA-WHRMJWEKSA-N,C[C@H]1CC2C3CC[C@@](C3(CC(C2C4(C1=CC(=O)C=C4)C)O)C)(C(=O)CO)O
NZHMAQSCHUSSSJ-UHFFFAOYSA-N,COC(=O)C1=CC=CC=C1C(=O)C2=CC=C(C=C2)OCCN3CCCCC3
PIDANAQULIKBQS-HNOCYJEDSA-N,CC1CC2C3CCC4=CC(=O)C=CC4(C3C(=O)CC2([C@]1(C(=O)CO)O)C)C
CZWCKYRVOZZJNM-USOAJAOKSA-N,C[C@]12CC[C@H]3[C@H]([C@@H]1CCC2=O)CC=C4[C@@]3(CC[C@@H](C4)OS(=O)(=O)O)C
RUEYEZADQJCKGV-UHFFFAOYSA-N,C1CCC(CC1)N2C(=O)C(C(=O)N(C2=O)C3CCCCC3)C(=O)NCC(=O)O
UHSRTNOSWQFEHW-QGZVFWFLSA-N,CC(C)N1C=C(C=CC1=O)CN2CC[C@H](C2)C3=CC=CC=C3OC
ZHFIAFNZGWCLHU-YPMHNXCESA-N,CC1=C(C(=CC=C1)O[C@H]2CCNC[C@H]2O)C
OJICYBSWSZGRFB-UHFFFAOYSA-N,CCC1=C(N2C=C(C=CC2=N1)Cl)C(=O)NCC3=CC=C(C=C3)N4CCC(CC4)C5=CC=C(C=C5)OC(F)(F)F
ZHAGGRWTJXROKV-WXFUMESZSA-N,CC(=O)N[C@H](CC1=CC=CC=C1)C(=O)N[C@H](CC2=CC=CC=C2)C(=O)N[C@H](CC3=CN=CN3)C(=O)OC
YQCGBHBRCNCNLL-UHFFFAOYSA-N,CCCC1=C2C(=C(C=C1)OCC(C)O)C(=O)C=C(O2)C(=O)O
ZDKIAVFEUPUCMR-UHFFFAOYSA-N,C1=CC=C(C=C1)OC2=NC=CC(=N2)C3=C(N=CN3C(CO)CO)C4=CC=C(C=C4)F
SHAZGXQGMWOJSM-HNNXBMFYSA-N,CC(=O)NC[C@H]1CN(C(=O)O1)C2=CC(=C(C=C2)C3=CCN(CC3)C(=O)CO)F
UHQFBTAJFNVZIV-UHFFFAOYSA-N,C1=CC2=C(C=C1C3=CC4=C(C=C3)N=C(N4)C5=CC=NC=C5)NC(=N2)C6=CC=NC=C6
VRHOBXXCNBZJRX-IBGZPJMESA-N,CC[C@@H](CC1=CC(=C(C=C1)OC)C(=O)NCC2=CC=C(C=C2)OC3=CC=C(C=C3)F)C(=O)O
BHQCQFFYRZLCQQ-OELDTZBJSA-N,C[C@H](CCC(=O)O)[C@H]1CC[C@@H]2[C@@]1([C@H](C[C@H]3[C@H]2[C@@H](C[C@H]4[C@@]3(CC[C@H](C4)O)C)O)O)C
GCWIQUVXWZWCLE-INIZCTEOSA-N,CC1=NOC2=C1C3=CC=CC=C3C(=N[C@H]2CC(=O)N)C4=CC=C(C=C4)Cl
QCJUVAWBUTUUML-KRWDZBQOSA-N,CC(=O)NC[C@H]1CN(C(=O)O1)C2=CC(=C(C=C2)N3CCN(CC3)C(=O)COC(=O)CN(C)C)F
PQVILGHAVGQHRP-UHFFFAOYSA-N,CC1(C=C(C2=C(O1)C=CC(=C2)C#N)C3=CC=CC=[N+]3[O-])C
XGXOSJSGDNPEEF-NRFANRHFSA-N,C1CN2C(=O)[C@@H](N=C(C3=CC(=CC1=C32)N)C4=CC=CC=C4)NC(=O)C5=CN=CC=C5
XVQUOJBERHHONY-UHFFFAOYSA-N,CC(CCC=C(C)C)NC
WJLQPSZXCOYTHS-UHFFFAOYSA-N,CC1=C(N=CC=C1)NS(=O)(=O)C2=CC=C(C=C2)C#CC3=CC(=C(C=C3)O)C(=O)O
PLSOFLNMARXGBD-UHFFFAOYSA-N,CCC1=NC=NC2=C1C=C(C=C2)CCC3=C(C=CC(=C3)OC)OC
OLJMSXRNFOUYJF-XDHUDOTRSA-N,C[C@@H](C1=CC(=C(C=C1)OCC2CCCCC2)C(=O)N)NC(=O)[C@H](CC3=CC=C(C=C3)OP(=O)(O)O)NC(=O)C
HKGUHEGKBLYKHY-QMOZSOIISA-N,CC(C)OC(=O)[C@H](CCSC)NC(=O)C1=C(C=CC(=C1)NC[C@@H]2C[C@@H](CN2)SC(=O)C3=CN=CC=C3)CCC4=CC=C(C=C4)F
PXZDWASDNFWKSD-UHFFFAOYSA-N,C1CCN(CC1)CCC2=NC(=NO2)CC(C3=CC=CC=C3)C4=CC=CC=C4
XZNUGFQTQHRASN-XQENGBIVSA-N,CN[C@H]1[C@H]([C@@H]2[C@H](C[C@H]([C@H](O2)O[C@@H]3[C@H](C[C@H]([C@@H]([C@H]3O)O)N)N)N)O[C@@H]1O[C@@H]4[C@@H]([C@H]([C@@H]([C@H](O4)CO)N)O)O)O
IZBNNCFOBMGTQX-UHFFFAOYSA-N,CCC1=NN(C(=O)N1CC)CCCN2CCN(CC2)C3=CC(=CC=C3)Cl
CNIJVNPIIHWRRP-UHFFFAOYSA-N,CC1=C(C(C(=C(N1)C)C(=O)OCC2COC3(O2)CCN(CC3)C4=CC=C(C=C4)Cl)C5=CC(=CC=C5)[N+](=O)[O-])C(=O)OC
JYJTVFIEFKZWCJ-JTQLQIEISA-N,C[C@H]1CCC2=C3N1C=C(C(=O)C3=CC(=C2N4CCC(CC4)O)F)C(=O)O
FMHQJXGMLMSMLC-WBUYAQKGSA-N,CC[C@@]1(C[C@H]([C@@]2([C@@H](CC[C@@]3([C@H]2C(=O)CC3)[C@H]([C@@H]1O)C)C)C)OC(=O)CSC4=NNC(=N4)N)C
ZESFDAKNYJQYKO-UHFFFAOYSA-N,C1=CC(=NC(=C1)NS(=O)(=O)C2=CC=C(C=C2)C3=CC=C(C=C3)C#N)N
GFUITADOEPNRML-SJORKVTESA-N,CC1(C(=O)N(C(=O)N1C)C[C@@H]([C@@H](CC2CCCC2)C(=O)N3CCCCC3)C(=O)NO)C
GFUITADOEPNRML-IAGOWNOFSA-N,CC1(C(=O)N(C(=O)N1C)C[C@H]([C@@H](CC2CCCC2)C(=O)N3CCCCC3)C(=O)NO)C
URXMRSFPBTZPCZ-VLLYGJJVSA-N,C[C@]12CC[C@@](C[C@@H]1CCC3C2CC[C@]4(C3CC[C@@H]4C(=O)COC5=CC6=C(C=C5)[N+](=CC=C6)[O-])C)(COC)O
DCGOBMXDEKHEOP-KRWDZBQOSA-N,C1CCC(C1)CCN(CC(=O)NO)C(=O)N2CCC[C@H]2C(=O)NC3=CC4=C(C=C3)OCO4
GKHRDWHFKKUYAX-KSZLIROESA-N,CC(C)C[C@H]([C@H](CC=C)C(=O)NO)C(=O)N[C@@H](CC1=CC=CC=C1)C(=O)NC
GMJWAIMJHBTYPD-UHFFFAOYSA-N,CS(=O)(=O)C1=CC=C(C=C1)CN2C3=C(CCCC3CC(=O)O)C4=C2C(=CC(=C4)F)F
IECPWNUMDGFDKC-MZJAQBGESA-N,C[C@H]1[C@@H]2CC[C@]3([C@H]([C@]2(CC[C@H]1O)C)[C@@H](C[C@@H]\4[C@@]3(C[C@@H](/C4=C(/CCC=C(C)C)\C(=O)O)OC(=O)C)C)O)C
IECPWNUMDGFDKC-OHKGZEFISA-N,C[C@H]1[C@@H]2CC[C@]3(C([C@]2(CC[C@H]1O)C)[C@@H](C[C@@H]\4[C@@]3(C[C@@H](/C4=C(/CCC=C(C)C)\C(=O)O)OC(=O)C)C)O)C
IFSDAJWBUCMOAH-HNNXBMFYSA-N,CC[C@@H](C1=NC2=C(C(=CC=C2)F)C(=O)N1C3=CC=CC=C3)NC4=NC=NC5=C4NC=N5
NKDFYOWSKOHCCO-QUOJMMGDSA-N,C[C@]12CC[C@H]3C(=CC(=O)[C@H]4[C@@]3(C[C@@H]([C@@H](C4)O)O)C)[C@@]1(CC[C@@H]2[C@@](C)([C@@H](CCC(C)(C)O)O)O)O
OGIAVRWXUPYGGC-UHFFFAOYSA-N,CS(=O)(=O)C1=CC(=C(C=C1)N2C=C(C(=CC2=O)OC3CCN(CC3)C4=NC=C(C=N4)Cl)Cl)F
CSHSXUZQMJVDJY-UHFFFAOYSA-N,C1=CC=C(C=C1)OC2=NN=CC3=CC=CC=C32
ZZWWXIBKLBMSCS-FQEVSTJZSA-N,CC1=C(SC2=C1C(=O)N(C(=O)N2C[C@@H](C3=CC=CC=C3OC)OC4CCOCC4)C(C)(C)C(=O)O)C5=NC=CO5
NOXZTWCSCDTWKJ-HNNXBMFYSA-N,CC(C)CCNC(=O)[C@@H]1CCCN1C(=O)N(CCC(C)C)CC(=O)NO
QRXOZHSEEGNRFC-ZYHUDNBSSA-N,CC(C)C[C@H](CC(=O)NO)C(=O)N[C@H](C(=O)NC)C(C)(C)C
WZRFLSDVFPIXOV-LRQRDZAKSA-N,C[C@@H](C(=O)N[C@@H](C1CCCCC1)C(=O)N2CCC[C@H]2C(=O)NC3=C(N=NS3)C4=CC=CC=C4)NC
NOECSYBNZHIVHW-LKADTRSGSA-N,CCC(=O)O[C@]1(CC[C@@H]2[C@@]1(CC[C@H]3[C@H]2CC[C@@H]4[C@@]3(C[C@](C4)(C#C)OC(=O)CC)C)C)C#C
KCVLNFSMKJDCRV-UHFFFAOYSA-N,CN1C2=C(C(=O)N(C1=O)C)N(C=N2)CC(=O)NC3=NC(=CS3)C4=CC=C(C=C4)Cl
FGAPXYWEQVSGDJ-JVXZTZIISA-N,C[C@H]1[C@@H](CN1C2=C(C=C3C(=C2Cl)N(C=C(C3=O)C(=O)O)C4CC4)F)N
BTTNOGHPGJANSW-IBGZPJMESA-N,CC(=O)NC[C@H]1CN(C(=O)O1)C2=CC(=C(C=C2)C3=CC=C(C=C3)CNCC4=NNN=C4)F
BTTNOGHPGJANSW-UHFFFAOYSA-N,CC(=O)NCC1CN(C(=O)O1)C2=CC(=C(C=C2)C3=CC=C(C=C3)CNCC4=NNN=C4)F
AUUKUAHPMHVZJL-NSHDSACASA-N,CC1=C(C(=CN2C1=C(C=C(C2=O)C(=O)O)C3CC3)F)N4CC[C@@H](C4)N
PNUZDKCDAWUEGK-CYZMBNFOSA-N,C1CC12CN(C[C@H]2N)C3=C(C=C4C(=C3Cl)N(C=C(C4=O)C(=O)O)[C@@H]5C[C@@H]5F)F
PNUZDKCDAWUEGK-WCFLWFBJSA-N,C1CC12CN(C[C@H]2N)C3=C(C=C4C(=C3Cl)N(C=C(C4=O)C(=O)O)[C@H]5C[C@@H]5F)F
JYJTVFIEFKZWCJ-UHFFFAOYSA-N,CC1CCC2=C3N1C=C(C(=O)C3=CC(=C2N4CCC(CC4)O)F)C(=O)O
DYDCPNMLZGFQTM-UHFFFAOYSA-N,C1C(CN1C2=C(C=C3C(=C2Cl)N(C=C(C3=O)C(=O)O)C4=C(C=C(C(=N4)N)F)F)F)O
AHJGUEMIZPMAMR-WZTVWXICSA-N,CNC[C@@H]([C@H]([C@@H]([C@@H](CO)O)O)O)O.C1C(CN1C2=C(C=C3C(=C2Cl)N(C=C(C3=O)C(=O)O)C4=C(C=C(C(=N4)N)F)F)F)O
PZFAZQUREQIODZ-LJQANCHMSA-N,C1CC2=CC(=NC=C2OC1)CNC3CCN(CC3)C[C@@H]4CN5C(=O)C=CC6=C5N4C(=O)C=N6
NJDRXTDGYFKORP-LLVKDONJSA-N,C[C@@H]1C2=C(CN1)C=C(C=C2)C3=C(C4=C(C=C3)C(=O)C(=CN4C5CC5)C(=O)O)OC(F)F
VMKVDAAFMQKZJS-LFIBNONCSA-N,COC1=C2C(=CC(=C1N3CCC/C(=C(/CN)\F)/C3)F)C(=O)C(=CN2C4CC4)C(=O)O
ZSWMIFNWDQEXDT-ZESJGQACSA-N,C[C@@H]1CN2[C@H]([C@@H](O1)C)C3(CC4=CC5=C(C(=C42)F)ON=C5N6[C@H](COC6=O)C)C(=O)NC(=O)NC3=O
CMEFLKIFRPLMJK-UHFFFAOYSA-N,CNC(=O)C1=CC2=C(S1)C=NC=C2OC3=CC=C(C=C3)Cl
BHYRGODCLWGHQG-LCBDOTBSSA-N,CC1/C=C/C=C(\C(=O)NC2=C(C(=C3C(=C2O)C(=C(C4=C3C(=O)C(O4)(O/C=C/C(C(C(C(C(C(C1O)C)O)C)OC(=O)C)C)OC)C)C)O)O)C=NN5CCN6CCCCC6C5)/C
DSLCRNMTGWECHB-FHZYATBESA-N,COC1=CC2=C(C=CN=C2C=C1)[C@H](CC[C@@H]3CCN(C[C@@H]3C(=O)O)CCSC4=CC=CS4)O
HKTBYUWLRDZAJK-UHFFFAOYSA-N,CC1=C2C(=O)NC3(N2C(=O)C(=C1)NC4=NC=NC(=C4)N)CCCCC3
WOVKYSAHUYNSMH-UHFFFAOYSA-N,C1C(C(OC1N2C=C(C(=O)NC2=O)Br)CO)O
WOVKYSAHUYNSMH-RRKCRQDMSA-N,C1[C@@H]([C@H](O[C@H]1N2C=C(C(=O)NC2=O)Br)CO)O
ILBRKJBKDGCSCB-UHFFFAOYSA-N,COC1=C(C=C2C(=C1)C(=NC=N2)N3C(=NC(=N3)C4=CC=CC=N4)N)OC
FBFAUZJZQKXEGH-OEAKJJBVSA-N,CC\1(CN(C/C1=N\OC)C2=C(C=C3C(=O)C(=CN(C3=N2)C4CC4)C(=O)O)F)CN
FBFAUZJZQKXEGH-IXOWOOARSA-N,C[C@]\1(CN(C/C1=N\OC)C2=C(C=C3C(=O)C(=CN(C3=N2)C4CC4)C(=O)O)F)CN
GBBJCSTXCAQSSJ-JVZYCSMKSA-N,CC1=CN(C(=O)NC1=O)[C@H]2[C@H]([C@@H]([C@H](O2)CO)O)F
HUADITLKOCMHSB-UHFFFAOYSA-N,CCC(C)N1C(=O)N(C=N1)C2=CC=C(C=C2)N3CCN(CC3)C4=CC=C(C=C4)OCC5COC(O5)(CN6C=NC=N6)C7=C(C=C(C=C7)F)F
HUADITLKOCMHSB-AVQIMAJZSA-N,CCC(C)N1C(=O)N(C=N1)C2=CC=C(C=C2)N3CCN(CC3)C4=CC=C(C=C4)OC[C@@H]5CO[C@@](O5)(CN6C=NC=N6)C7=C(C=C(C=C7)F)F
BATSJXIVNKJCKQ-AREMUKBSSA-N,CC(C)OC1=CC2=C(C=C1)O[C@@H](C(=C2C3=CC=C(C=C3)OC)C(=O)O)C4=CC5=C(C=C4)OCO5
JGGNOCUEWOGWPL-MUUNZHRXSA-N,CCCCCCCCCCCCCCCCOC[C@H](COP(=O)([O-])OCC[N+](C)(C)C)OCCCCC(=O)O
CUQJLYFFQBHUGW-UHFFFAOYSA-N,CCCCCCCCCCCCCCCCCCOP(=O)([O-])OCC[N+]1(CCCCC1)C
KAZMQKPLIPWQNO-UHFFFAOYSA-N,CC1=CC=C(C=C1)N2C(=CC(=N2)C(C)(C)C)NC(=O)NC3=CC=C(C4=CC=CC=C43)C5=CN=C(C=C5)CN6CCOCC6
HUASEDVYRABWCV-NDEPHWFRSA-N,CCOC(=O)N1CCN(CC1)C(=O)[C@H](CC2=CC(=CC=C2)/C(=N/O)/N)NS(=O)(=O)C3=C(C=C(C=C3C(C)C)C(C)C)C(C)C
HRJWTAWVFDCTGO-UHFFFAOYSA-N,C1CCN(CC1)C(=O)N2CCN3C=C(C4=CC(=CC(=C43)C2)F)C5=C(C(=O)NC5=O)C6=CN=C7N6C=CC=C7
KHOITXIGCFIULA-UHFFFAOYSA-N,CC(=O)OC1=CC=C(C=C1)C(C2=CC=C(C=C2)OC(=O)C)C3=CC=CC=N3
YIDDLAAKOYYGJG-UHFFFAOYSA-N,CC1=CC(=C(C=C1N2C=C(N=C2)C3CC3)C(=O)NC4=CC=CC(=N4)C5=NN=CN5C(C)C)F
ZDZOTLJHXYCWBA-IEXQXDKZSA-N,CC1=C2[C@H](C(=O)[C@@]3([C@H](C[C@@H]4[C@](C3[C@@H]([C@@](C2(C)C)(C[C@@H]1OC(=O)[C@@H]([C@@H](C5=CC=CC=C5)NC(=O)OC(C)(C)C)O)O)OC(=O)C6=CC=CC=C6)(CO4)OC(=O)C)O)C)O
RFWVETIZUQEJEF-UHFFFAOYSA-N,C1=CC(=C(C=C1I)F)NC2=C(C=CC3=CN=CN32)C(=O)NOCCO
QRPSQQUYPMFERG-LFYBBSHMSA-N,C1=CC=C(C=C1)S(=O)(=O)NC2=CC=CC(=C2)C#C/C=C/C(=O)NO
NHHQJBCNYHBUSI-UHFFFAOYSA-N,CC1(C(=O)NC2=C(O1)C=CC(=N2)NC3=NC(=NC=C3F)NC4=CC(=C(C(=C4)OC)OC)OC)C
PBZBXDCHQQCLGL-UHFFFAOYSA-M,C(C(=O)[O-])[O-].[Pt+2]
VAAUVRVFOQPIGI-DAMLXXHOSA-N,CN1C(=NC(=O)C(=O)N1)SCC2=C(N3C([C@@H](C3=O)NC(=O)/C(=N\OC)/C4=CSC(=N4)N)SC2)C(=O)O
PWHROYKAGRUWDQ-UHFFFAOYSA-N,C1=CC=C(C=C1)C2=CC=C(C=C2)CC(=O)NC3=CC=CC=N3
YPELFRMCRYSPKZ-UHFFFAOYSA-N,CCOC1=CC(=C(C=C1C(=O)NCC2CN(CCO2)CC3=CC=C(C=C3)F)Cl)N
CIKWKGFPFXJVGW-UHFFFAOYSA-N,CCOC1=CC2=C(C3=C(C=C(C=C3)N)N=C2C=C1)N
CEUORZQYGODEFX-UHFFFAOYSA-N,C1CC(=O)NC2=C1C=CC(=C2)OCCCCN3CCN(CC3)C4=C(C(=CC=C4)Cl)Cl
GZTMFRUGZMZCRD-CFBAGHHKSA-N,CC(=CCC/C(=C/CC/C(=C/CSC1=CC=CC=C1C(=O)N)/C)/C)C
NNRXCKZMQLFUPL-WBMZRJHASA-N,CC[C@@H]1[C@@]([C@@H]([C@H](C(=O)[C@@H](C[C@@]([C@@H]([C@H]([C@@H]([C@H](C(=O)O1)C)O[C@H]2C[C@@]([C@H]([C@@H](O2)C)O)(C)OC)C)O[C@H]3[C@@H]([C@H](C[C@H](O3)C)N(C)C)O)(C)O)C)C)O)(C)O.C([C@@H]1[C@@H]([C@@H]([C@H]([C@@H](O1)O[C@H]([C@@H](CO)O)[C@@H]([C@H](C(=O)O)O)O)O)O)O)O
WIOGLCCGCVXFCT-YZPBMOCRSA-N,CC[C@@H]1[C@@]([C@@H]([C@H](C(=O)[C@@H](C[C@@]([C@@H]([C@H]([C@@H]([C@H](C(=O)O1)C)O[C@H]2C[C@@]([C@H]([C@@H](O2)C)O)(C)OC)C)O[C@H]3[C@@H]([C@H](C[C@H](O3)C)N(C)C)O)(C)O)C)C)O)(C)O.C1=CC=C(C=C1)C(=O)OOC(=O)C2=CC=CC=C2
YAVZHCFFUATPRK-YZPBMOCRSA-N,CCCCCCCCCCCCCCCCCC(=O)O.CC[C@@H]1[C@@]([C@@H]([C@H](C(=O)[C@@H](C[C@@]([C@@H]([C@H]([C@@H]([C@H](C(=O)O1)C)O[C@H]2C[C@@]([C@H]([C@@H](O2)C)O)(C)OC)C)O[C@H]3[C@@H]([C@H](C[C@H](O3)C)N(C)C)O)(C)O)C)C)O)(C)O
WLOHNSSYAXHWNR-DWIOZXRMSA-N,CC[C@@H]1[C@@]([C@H]2[C@H]([C@H]([C@@H](C[C@@]([C@@H]([C@H]([C@@H]([C@H](C(=O)O1)C)O[C@H]3C[C@@]([C@H]([C@@H](O3)C)O)(C)OC)C)O[C@H]4[C@@H]([C@H](C[C@H](O4)C)N(C)C)O)(C)O)C)N[C@H](O2)COCCOC)C)(C)O
LDEKQSIMHVQZJK-CAQYMETFSA-N,C[C@H](CN1C=NC2=C(N=CN=C21)N)OC[P@@](=O)(N[C@@H](C)C(=O)OC(C)C)OC3=CC=CC=C3
SVUJNSGGPUCLQZ-FQQAACOVSA-N,C[C@H](CN1C=NC2=C(N=CN=C21)N)OC[P@@](=O)(N[C@@H](C)C(=O)OC(C)C)OC3=CC=CC=C3.C[C@H](CN1C=NC2=C(N=CN=C21)N)OC[P@@](=O)(N[C@@H](C)C(=O)OC(C)C)OC3=CC=CC=C3.C(=C/C(=O)O)\C(=O)O
LDEKQSIMHVQZJK-AAGLAYRLSA-N,C[C@H](CN1C=NC2=C(N=CN=C21)N)OC[P@](=O)(N[C@H](C)C(=O)OC(C)C)OC3=CC=CC=C3
GHWBYIZAYFIRPA-PPEAAZTNSA-N,CC1=CC(=CC(=C1NC2=NC(=NC=C2)NC3=CC=C(C=C3)C#N)C)/C=C/C#N.C[C@H](CN1C=NC2=C(N=CN=C21)N)OC[P@@](=O)(N[C@@H](C)C(=O)OC(C)C)OC3=CC=CC=C3.C1[C@H](O[C@H](S1)CO)N2C=C(C(=NC2=O)N)F
VAAUVRVFOQPIGI-SPQHTLEESA-N,CN1C(=NC(=O)C(=O)N1)SCC2=C(N3[C@@H]([C@@H](C3=O)NC(=O)/C(=N\OC)/C4=CSC(=N4)N)SC2)C(=O)O
PWHNTOQANLCTHN-KRWDZBQOSA-N,CC(=O)NC[C@H]1CN(C(=O)O1)C2=CC(=C(C=C2)N3CCN(CC3)CC4=CC=C(O4)[N+](=O)[O-])F
AIJTTZAVMXIJGM-UHFFFAOYSA-N,CC1CN(CCN1)C2=C(C(=C3C(=C2)N(C=C(C3=O)C(=O)O)C4CC4)C)F
JNIIDKODPGHQSS-DHDCSXOGSA-N,C1CN=C(NC1C2C(=O)NCC(C(=O)NC(C(=O)NC(C(=O)N/C(=C\NC(=O)N)/C(=O)N2)CNC(=O)CC(CCCN)N)CO)N)N
WOZSCQDILHKSGG-UHFFFAOYSA-N,CC(C)(C)C(=O)OCOP(=O)(COCCN1C=NC2=C(N=CN=C21)N)OCOC(=O)C(C)(C)C
GPTXWRGISTZRIO-UHFFFAOYSA-N,CC1=NC2=C(C=C1)C(=CC(=C2O)Cl)Cl
SWLMUYACZKCSHZ-UHFFFAOYSA-N,C1=CC(=C(C(=C1)Cl)SC(CCC2=CC=C(C=C2)Cl)CN3C=CN=C3)Cl
GXFAIFRPOKBQRV-QPEQYQDCSA-N,C1C(NC(=NC1O)N)C2C(=O)NCC(C(=O)NC(C(=O)NC(C(=O)N/C(=C\NC(=O)N)/C(=O)N2)CO)CO)NC(=O)CC(CCCN)N
CTQMJYWDVABFRZ-UHFFFAOYSA-N,C1=CC2=C(C=CC(=C2N=C1)O)Cl
KTEXNACQROZXEV-SLXBATTESA-N,C/C/1=C\CC[C@@]2([C@@H](O2)[C@@H]3[C@@H](CC1)C(=C)C(=O)O3)C
KTEXNACQROZXEV-PWNZVWSESA-N,CC1=CCC[C@@]2([C@@H](O2)[C@@H]3[C@@H](CC1)C(=C)C(=O)O3)C
PSWOBQSIXLVPDV-CXUHLZMHSA-N,COC1=C(C=CC(=C1)/C=N/NC(=O)C2=CC=NC=C2)O
RPVGLMKJGQMQSN-UHFFFAOYSA-N,CC1=C2C=CC=NC2=C(C=C1)O
YJQPYGGHQPGBLI-KGSXXDOSSA-N,CC1=C(C=CC2=C1OC(=O)C(=C2O)NC(=O)C3=CC(=C(C=C3)O)CC=C(C)C)O[C@H]4[C@@H]([C@@H]([C@H](C(O4)(C)C)OC)OC(=O)N)O
YJQPYGGHQPGBLI-UHFFFAOYSA-N,CC1=C(C=CC2=C1OC(=O)C(=C2O)NC(=O)C3=CC(=C(C=C3)O)CC=C(C)C)OC4C(C(C(C(O4)(C)C)OC)OC(=O)N)O
NPJIOCBFOAHEDO-AVWFULIKSA-N,C[C@H]1C(=O)N[C@H](C(=O)N[C@@H](C(=O)N[C@H](C(=O)N[C@H](C(=O)N[C@H](C(=O)N1C)CC2=CC=CC=C2)C(C)C)CCCCN)CC3=CNC4=CC=CC=C43)CC5=CC=C(C=C5)O
NPJIOCBFOAHEDO-UHFFFAOYSA-N,CC1C(=O)NC(C(=O)NC(C(=O)NC(C(=O)NC(C(=O)NC(C(=O)N1C)CC2=CC=CC=C2)C(C)C)CCCCN)CC3=CNC4=CC=CC=C43)CC5=CC=C(C=C5)O
WKRFERLNJPHDOT-ZDUSSCGKSA-N,CC(=O)NC[C@H]1CN(C(=O)O1)C2=CC3=C(C=C2)N(CC3)C(=O)CO
WNMIAFVZPGVGGG-HNNXBMFYSA-N,CC(=O)NC[C@H]1CN(C(=O)O1)C2=CC(=C(C=C2)OC3CCN(CC3)C(=O)CO)F
AGOYDEPGAOXOCK-KCBOHYOISA-N,CC[C@@H]1[C@@]([C@@H]([C@H](C(=O)[C@@H](C[C@@]([C@@H]([C@H]([C@@H]([C@H](C(=O)O1)C)O[C@H]2C[C@@]([C@H]([C@@H](O2)C)O)(C)OC)C)O[C@H]3[C@@H]([C@H](C[C@H](O3)C)N(C)C)O)(C)OC)C)C)O)(C)O
OAMZCCKOMNJAPV-GEVQPYONSA-N,CC[C@@H]1[C@@]([C@@H]([C@H](C(=O)[C@@H](C[C@@]([C@@H]([C@H]([C@@H]([C@H](C(=O)O1)C)O[C@H]2C[C@@]([C@H]([C@@H](O2)C)O)(C)OC)C)O[C@H]3[C@@H]([C@H](C[C@H](O3)C)N(C)C)O)(C)OC)C)C)O)(C)O.CC1=CN=C(C(=C1OC)C)CS(=O)C2=NC3=C(N2)C=C(C=C3)OC.CC1([C@@H](N2[C@H](S1)[C@@H](C2=O)NC(=O)[C@@H](C3=CC=C(C=C3)O)N)C(=O)O)C
NOCJXYPHIIZEHN-UHFFFAOYSA-N,CN1CCN(CC1)C2=C(C=C3C(=C2)N(C=C(C3=O)C(=O)O)C4=CC=C(C=C4)F)F
DZMVCVMFETWNIU-LDYMZIIASA-N,C1C(=C(N2[C@H](S1)[C@@H](C2=O)NC(=O)CN3C=NN=N3)C(=O)O)CSC4=NN=CS4
LEZWWPYKPKIXLL-UHFFFAOYSA-N,C1=CC(=CC=C1COC(CN2C=CN=C2)C3=C(C=C(C=C3)Cl)Cl)Cl
OMYYNMAXTHDLFS-KACYJRNJSA-N,C[C@]12CC[C@H]3[C@H]([C@@H]1CC[C@@H]2OC(=O)C4=CN=CC=C4)CCC5=C3C=CC(=C5)OC(=O)C6=CN=CC=C6
ZRNLPHXYMGQDMJ-ICSRJNTNSA-N,C1CN(CCN1[C@H]2CC3=C([C@@H]2O)C=C(C=C3)[N+](=O)[O-])C4=C5C(=CC=C4)OCCO5
UKOQVLAXCBRRGH-UHFFFAOYSA-N,CON=C(C1=CC=C(C=C1)C2=CC=C(O2)C3=CC=C(C=C3)C(=NOC)N)N
HSGZLFWXBIVLBD-LBPRGKRZSA-N,CC(=O)NC[C@H]1CN(C(=O)O1)C2=CC(=C(C(=C2)F)N3CCS(=O)(=O)CC3)F
NZDYNTIKGPFZCN-JTQLQIEISA-N,C1[C@@H](COC2=NC(=CN21)[N+](=O)[O-])OC(=O)NC3=CC(=CC=C3)OC(F)(F)F
SULYVXZZUMRQAX-NSHDSACASA-N,C1CN(C=CC1=O)C2=C(C=C(C(=C2F)F)N3C[C@@H](OC3=O)CNC4=NOC=C4)F
IBXDWOGXZNFARB-IBGZPJMESA-N,CC(=O)NC[C@H]1CN(C(=O)O1)C2=CC(=C(C=C2)C3=CC=C(C=C3)CNCCCF)F
VRQMYABRBQHVPL-NSHDSACASA-N,CC(=O)NC[C@H]1CN(C(=O)O1)C2=CC(=C(C=C2)C3=CN=CS3)F
QDUIJCOKQCCXQY-MYKKPKGFSA-N,CO/N=C(/C1=NSC(=N1)N)\C(=O)NC2C3N(C2=O)C(=C(CS3)C[N+]4=C5C=CC=NN5C=C4)C(=O)[O-]
NNULBSISHYWZJU-OQDJZFHQSA-N,CO/N=C(\C1=CSC(=N1)N)/C(=O)N[C@@H]2[C@H]3N(C2=O)C(=CCS3)C(=O)O
NNULBSISHYWZJU-LLKWHZGFSA-N,CO/N=C(/C1=CSC(=N1)N)\C(=O)N[C@H]2[C@@H]3N(C2=O)C(=CCS3)C(=O)O
UZDQAKCZSLBAOL-QGZVFWFLSA-N,CC(=O)NC[C@H]1CC(=NO1)C2=CC=C(C=C2)C3=CCN(CC3)C(=O)CO
VWOIKFDZQQLJBJ-DTQAZKPQSA-N,CCCCCOC1=CC=CC=C1/C(=C\SC)/N2C=CN=C2
VWOIKFDZQQLJBJ-SSZFMOIBSA-N,CCCCCOC1=CC=CC=C1/C(=C/SC)/N2C=CN=C2
NUAQIRUAZSJTAI-YRPZDAAMSA-N,C[C@H]1[C@H]([C@@](C[C@@H](O1)O[C@@H]2[C@H]([C@@H]([C@H](O[C@H]2OC3=C4C=C5C=C3OC6=C(C=C(C=C6)[C@H]([C@H](C(=O)N[C@H](C(=O)N[C@H]5C(=O)N[C@@H]7C8=CC(=C(C=C8)O)C9=C(C=C(C=C9O)O)[C@H](NC(=O)[C@H]([C@@H](C1=CC(=C(O4)C=C1)Cl)O)NC7=O)C(=O)O)CC(=O)N)NC(=O)[C@@H](CC(C)C)N)O)Cl)CO)O)O)(C)N)O
QFFGVLORLPOAEC-SNVBAGLBSA-N,C1CCN(C[C@@H](C1)N)C2=C(C=C3C(=C2Cl)N(C=C(C3=O)C(=O)O)C4CC4)F
BPFYOAJNDMUVBL-UHFFFAOYSA-N,CN1CCN(CC1)C2=C(C=C3C4=C2OCN(N4C=C(C3=O)C(=O)O)C)F
DZZWHBIBMUVIIW-DTORHVGOSA-N,C[C@@H]1CN(C[C@@H](N1)C)C2=C(C(=C3C(=C2F)N(C=C(C3=O)C(=O)O)C4CC4)N)F
FABPRXSRWADJSP-MEDUHNTESA-N,COC1=C2C(=CC(=C1N3C[C@@H]4CCCN[C@@H]4C3)F)C(=O)C(=CN2C5CC5)C(=O)O
QCDFBFJGMNKBDO-UHFFFAOYSA-N,C1=CC2=C(C(=C(C=C2Cl)I)O)N=C1
QDUIJCOKQCCXQY-WHJQOFBOSA-O,CO/N=C(/C1=NSC(=N1)N)\C(=O)N[C@H]2[C@@H]3N(C2=O)C(=C(CS3)C[N+]4=C5C=CC=NN5C=C4)C(=O)O
QMLVECGLEOSESV-VXGBXAGGSA-N,CN1C[C@H]2C[C@@H]1CN2C3=C(C=C4C(=C3)N(C=C(C4=O)C(=O)O)C5CC5)F
XUBOMFCQGDBHNK-UHFFFAOYSA-N,CC1CN(CCN1)C2=C(C=C3C(=C2OC)N(C=C(C3=O)C(=O)O)C4CC4)F
ZDASUJMDVPTNTF-UHFFFAOYSA-N,C1=CC2=C(C(=C(C=C2Br)Br)O)N=C1
MGQLHRYJBWGORO-UHFFFAOYSA-N,CNC1CCCN(C1)C2=C(C=C3C(=C2OC)N(C=C(C3=O)C(=O)O)C4CC4)F
UHRBTBZOWWGKMK-DOMZBBRYSA-N,CO[C@@]1([C@@H]2N(C1=O)C(=C(CO2)CSC3=NN=NN3CCO)C(=O)O)NC(=O)CSC(F)F
UHRBTBZOWWGKMK-CVRLYYSRSA-N,CO[C@@]1(C2N(C1=O)C(=C(CO2)CSC3=NN=NN3CCO)C(=O)O)NC(=O)CSC(F)F
BAYYCLWCHFVRLV-UHFFFAOYSA-N,CCNCC1CCN(C1)C2=C(C=C3C(=C2F)N(C=C(C3=O)C(=O)O)CC)F
ZVZRDFTXNAZBOX-UWVGGRQHSA-N,C[C@@H](C(=O)N[C@H]1CCN(C1)C2=C(C=C3C(=O)C(=CN(C3=N2)C4CC4)C(=O)O)F)N
QBDBUKJBJJWZMG-VIFPVBQESA-N,C[C@H]1CN(CCN1)C2=C(C=C3C(=C2OC(F)F)N(C=C(C3=O)C(=O)O)C4CC4)F
NQHNLNLJPDMBFN-UHFFFAOYSA-O,CCCCCCCCOC1=CC=CC=C1C(=O)NC2=CC=C(C=C2)C(=O)OCC[N+](C)(CC)CC
FNDDDNOJWPQCBZ-ZDUSSCGKSA-N,CC(=O)NC[C@H]1CN(C(=O)O1)C2=CC(=C(C=C2)N3CCSCC3)F
ZLHZLMOSPGACSZ-NSHDSACASA-N,C1[C@@H](COC2=NC(=CN21)[N+](=O)[O-])OCC3=CC=C(C=C3)OC(F)(F)F
CNKRAEIVSKYEGR-ZDUSSCGKSA-N,CC(=O)NC[C@H]1CN(C(=O)O1)C2=CC(=C(C=C2)N3C=C(C=N3)C#N)F
QRXWMOHMRWLFEY-UHFFFAOYSA-N,C1=CN=CC=C1C(=O)NN
QXHHHPZILQDDPS-UHFFFAOYSA-N,C1=CC(=C(C=C1Cl)Cl)C(CN2C=CN=C2)OCC3=C(SC=C3)Cl
QUIJNHUBAXPXFS-XLJNKUFUSA-N,CN(C)CC[C@@](C1=CC=CC2=CC=CC=C21)([C@H](C3=CC=CC=C3)C4=C(N=C5C=CC(=CC5=C4)Br)OC)O
MPIPASJGOJYODL-UHFFFAOYSA-N,C1=CC(=C(C(=C1)Cl)COC(CN2C=CN=C2)C3=C(C=C(C=C3)Cl)Cl)Cl
FHBQKTSCJKPYIO-XZGUSLHLSA-N,CC(C)CCCCCCCC(=O)N[C@@H]1[C@H]([C@@H]([C@H](O[C@H]1OC2=C3C=C4C=C2OC5=C(C=C(C=C5)[C@H]([C@H]6C(=O)N[C@@H](C7=C(C(=CC(=C7)O)O[C@@H]8[C@H]([C@H]([C@@H]([C@H](O8)CO)O)O)O)C9=C(C=CC(=C9)[C@H](C(=O)N6)NC(=O)[C@@H]4NC(=O)[C@@H]1C2=CC(=CC(=C2)OC2=C(C=CC(=C2)[C@@H](C(=O)N[C@H](CC2=CC(=C(O3)C=C2)Cl)C(=O)N1)[NH3+])O)O)O)C(=O)[O-])O[C@H]1[C@@H]([C@H]([C@@H]([C@H](O1)CO)O)O)NC(=O)C)Cl)CO)O)O
MRUDSZSRLQAPOG-UHFFFAOYSA-N,CC(=O)NC1=C(C=CC(=C1)[As]2SCC(S2)CO)O
WDDPHFBMKLOVOX-CZKFYJPXSA-N,C1=NC2=C(N=C(N=C2N1[C@H]3[C@H]([C@@H]([C@H](O3)CO)O)[18F])Cl)N
WDDPHFBMKLOVOX-AYQXTPAHSA-N,C1=NC2=C(N=C(N=C2N1[C@H]3[C@H]([C@@H]([C@H](O3)CO)O)F)Cl)N
CEGSUKYESLWKJP-UHFFFAOYSA-N,C1=CC=C2C(=C1)C(=CN2)CCNC3=CC=C(C=C3)NC4=CC=NC=C4
NZHGWWWHIYHZNX-CSKARUKUSA-N,COC1=C(C=C(C=C1)/C=C/C(=O)NC2=CC=CC=C2C(=O)O)OC
VJJPUSNTGOMMGY-BQZFVAJISA-N,CC1OCC2C(O1)C(C(C(O2)OC3C4COC(=O)[C@@H]4[C@@H](C5=CC6=C(C=C35)OCO6)C7=CC(=C(C(=C7)OC)O)OC)O)O
HESSNRGIEVBPRB-QDDPNBLJSA-N,CCCCCCCC/C=C/CCCCCCCC(=O)OC[C@@H]1[C@H](C([C@@H](O1)N2C=CC(=NC2=O)N)(F)F)O
HESSNRGIEVBPRB-PLBXONRJSA-N,CCCCCCCC/C=C/CCCCCCCC(=O)OC[C@@H]1C(C([C@@H](O1)N2C=CC(=NC2=O)N)(F)F)O
UBQYURCVBFRUQT-UHFFFAOYSA-N,CC(=O)N(CCCCCNC(=O)CCC(=O)N(CCCCCNC(=O)CCC(=O)N(CCCCCN)O)O)O
VJJPUSNTGOMMGY-MRVIYFEKSA-N,C[C@@H]1OC[C@@H]2[C@@H](O1)[C@@H]([C@H]([C@@H](O2)O[C@H]3[C@H]4COC(=O)[C@@H]4[C@@H](C5=CC6=C(C=C35)OCO6)C7=CC(=C(C(=C7)OC)O)OC)O)O
OASYWNFOHKQIGI-SVBPBHIXSA-N,CC(=O)O[C@@H]1[C@@H](C(OC2=CC(=C3C(=C12)N(C4=CC5=CC=CC=C5C=C4C3=O)C)OC)(C)C)OC(=O)C
OASYWNFOHKQIGI-UHFFFAOYSA-N,CC(=O)OC1C(C(OC2=CC(=C3C(=C12)N(C4=CC5=CC=CC=C5C=C4C3=O)C)OC)(C)C)OC(=O)C
NAMOLZVVTPNNTE-UHFFFAOYSA-N,CCN(CC)CCNC1=C2C(=C(C=C1)CNS(=O)(=O)C)SC3=CC=CC=C3C2=O
PWPNYABQEOGNNC-UHFFFAOYSA-N,CC1=CNC2=C1C(=NC=N2)N3CCC(CC3)(CN)C(=O)NC4=CC(=CC=C4)OC(=O)N(C)C
BXCVNDLGUWFNBK-UHFFFAOYSA-O,C[N+](C)(CC1=CC=C(C=C1)NC(=O)C2=CC(=C(C=C2)Cl)Cl)C3CCOCC3
YUAALFPUEOYPNX-UHFFFAOYSA-N,CN1CCN(CC1)CC2=CC=C(C=C2)NC3=NC=C(C(=N3)NC4=CC=CC=C4S(=O)(=O)N(C)C)Cl
OURRXQUGYQRVML-AREMUKBSSA-N,CC1=CC(=C(C=C1)C(=O)OCC2=CC=C(C=C2)[C@@H](CN)C(=O)NC3=CC4=C(C=C3)C=NC=C4)C
HIANJWSAHKJQTH-UHFFFAOYSA-N,CC1=CC=CN2C1=NC=C(C2=O)C3=NNN=N3
AXTAPYRUEKNRBA-JTQLQIEISA-N,CN1C(=C(C=N1)Cl)C2=C(OC(=C2)C(=O)N[C@@H](CC3=CC(=C(C=C3)F)F)CN)Cl
ZKIAIYBUSXZPLP-UHFFFAOYSA-N,C1CN(CCN1CCCCOC2=CC3=C(C=C2)C=CC(=O)N3)C4=C5C=CSC5=CC=C4
JFVZFKDSXNQEJW-CQSZACIVSA-N,C[C@H](CN1C=NC2=C(N=CN=C21)N)OCP(=O)(OCOC(=O)OC(C)C)OCOC(=O)OC(C)C
OODSRGGFVDYOSH-HIQGCBGQSA-N,C[C@H](CN1C=NC2=C(N=CN=C21)N)OCP(=O)(OCOC(=O)OC(C)C)OCOC(=O)OC(C)C.C1CC1C#C[C@]2(C3=C(C=CC(=C3)Cl)NC(=O)O2)C(F)(F)F.C1[C@H](O[C@H](S1)CO)N2C=CC(=NC2=O)N.C(=C/C(=O)O)\C(=O)O
VERWQPYQDXWOGT-LVJNJWHOSA-N,C[C@H](CN1C=NC2=C(N=CN=C21)N)OCP(=O)(OCOC(=O)OC(C)C)OCOC(=O)OC(C)C.C1[C@H](O[C@H](S1)CO)N2C=C(C(=NC2=O)N)F.C(=C/C(=O)O)\C(=O)O
JFVZFKDSXNQEJW-AWEZNQCLSA-N,C[C@@H](CN1C=NC2=C(N=CN=C21)N)OCP(=O)(OCOC(=O)OC(C)C)OCOC(=O)OC(C)C
DHBUGPKREPJNHI-RFXYBNFFSA-N,C[C@H](CN1C=NC2=C(N=CN=C21)N)OCP(=O)(OCOC(=O)OC(C)C)OCOC(=O)OC(C)C.C1[C@H](O[C@H](S1)CO)N2C=CC(=NC2=O)N.C(=C/C(=O)O)\C(=O)O
OJHIOZPNHWHGKG-WHKHEBITSA-N,C[C@H](CN1C=NC2=C(N=CN=C21)N)OCP(=O)(OCOC(=O)OC(C)C)OCOC(=O)OC(C)C.CN1C(=NNC1=O)CN2C=CC(=C(C2=O)OC3=CC(=CC(=C3)C#N)Cl)C(F)(F)F.C1[C@H](O[C@H](S1)CO)N2C=CC(=NC2=O)N.C(=C/C(=O)O)\C(=O)O
TYFTWYMXUWCOOB-YICLCXKGSA-N,CC[C@H](C)[C@@H](C(=O)N[C@@H](CCC(=O)OC(C)(C)C)C(=O)N[C@@H](C)C(=O)N[C@@H](CC(C)C)C=O)NC(=O)OCC1=CC=CC=C1
IYJMSDVSVHDVGT-PEQKVOOWSA-N,C[C@@H]1[C@H]([C@H](C[C@@H](O1)O[C@@H]2[C@H](O[C@H](C[C@@H]2O)O[C@@H]3[C@H](O[C@H](C[C@@H]3O)O[C@H]4CC[C@]5([C@@H](C4)CC[C@@H]6[C@@H]5C[C@H]([C@]7([C@@]6(CC[C@@H]7C8=CC(=O)OC8)O)C)O)C)C)C)O)OC
IYJMSDVSVHDVGT-HNDHMMHXSA-N,C[C@@H]1[C@H]([C@H](C[C@@H](O1)O[C@@H]2[C@H](O[C@H](C[C@@H]2O)O[C@@H]3[C@H](O[C@H](C[C@@H]3O)O[C@H]4CC[C@]5([C@@H](C4)CC[C@@H]6[C@@H]5C[C@H]([C@]7([C@@]6(CCC7C8=CC(=O)OC8)O)C)O)C)C)C)O)OC
SCKXBVLYWLLALY-CZCYGEDCSA-N,C=CC(=O)N1CC/C(=C\C2=CC(=C(C=C2)F)[N+](=O)[O-])/C(=O)/C(=C/C3=CC(=C(C=C3)F)[N+](=O)[O-])/C1
DLPIYBKBHMZCJI-WBVHZDCISA-N,CC[C@@H]([C@@H](C)O)NC1=NC(=C2C(=N1)N(C=N2)C(C)C)NCC3=CN=C(C=C3C)C
YRYJJIXWWQLGGV-ZWKOTPCHSA-N,CCCCCCCCCCCCCCC[C@H]([C@H](C)N)O
JDUBGYFRJFOXQC-KRWDZBQOSA-N,C1CN(CCC1(C(=O)N[C@@H](CCO)C2=CC=C(C=C2)Cl)N)C3=NC=NC4=C3C=CN4
MHAJPDPJQMAIIY-UHFFFAOYSA-N,OO
ARJCBSRIPGJMAD-LLVKDONJSA-N,C1CCC(CC1)CCC[C@H](CC(=O)NO)C2=NC(=NO2)C(=O)N
MVSQDUZRRVBYLA-HYARGMPZSA-N,C/C(=N\NC(=O)C1=CC(=CC=C1)S(=O)(=O)N2CCN(CC2)C)/C3=C(C=CC(=C3)Cl)O
ZOBDWFRKFSPCRB-UNMCSNQZSA-N,CCC1=CC=CC=C1NC(=O)OC2=CC3=C(C=C2)N([C@@H]4[C@]3(CCN(O4)C)C)C
YQNRVGJCPCNMKT-LFVJCYFKSA-N,C=CCC1=C(C(=CC=C1)/C=N/NC(=O)C[NH+]2CCN(CC2)CC3=CC=CC=C3)[O-]
WCKZRLOUKYFJDY-UHFFFAOYSA-N,CN(C)CCN1C(=O)C2=CC=CC3=CC(=CC(=C32)C1=O)NC(=O)N
SIFNOOUKXBRGGB-AREMUKBSSA-N,CCNCCC1=CC=C(C=C1)CN(CC)C2=C(C=CC(=C2)OC)[C@@H]3CCC4=C(C3)C=CC(=C4)O
UPALIKSFLSVKIS-UHFFFAOYSA-N,CN(C)CCN1C(=O)C2=CC=CC3=CC(=CC(=C32)C1=O)N
XZAFZXJXZHRNAQ-STQMWFEESA-N,CN[C@H]1CN(C[C@@H]1OC)C2=NC3=C(C=C2)C(=O)C(=CN3C4=NC=CS4)C(=O)O
QTRALMGDQMIVFF-UHFFFAOYSA-N,CCOCCN(CC1=CC=C(C=C1)OC2=CC=C(C=C2)[N+](=O)[O-])C(=O)C(Cl)Cl
IVUGFMLRJOCGAS-UHFFFAOYSA-N,CC1=CSC(=C1)C2=NN=C(C3=CC=CC=C32)NC4=CC=C(C=C4)OC5=C(C=CC=N5)C6=NC(=NC=C6)N
UJRRDDHEMZLWFI-UHFFFAOYSA-N,CC(=O)NC1=NC=C(S1)[N+](=O)[O-]
IPWKIXLWTCNBKN-UHFFFAOYSA-N,CC1=NC=C(N1CC(CCl)O)[N+](=O)[O-]
IPWKIXLWTCNBKN-ZCFIWIBFSA-N,CC1=NC=C(N1C[C@@H](CCl)O)[N+](=O)[O-]
DBOZSKOENGSGEJ-UHFFFAOYSA-N,CC(C)(C)C1=CC(=C(C=C1)O)C(C2=NC=C(N2C)[N+](=O)[O-])O
FNSHYEAUAUHIMB-UHFFFAOYSA-N,CN1C(=CN=C1N2CCN(C2=O)S(=O)(=O)C)[N+](=O)[O-]
ZLHFILGSQDJULK-UHFFFAOYSA-N,COC1=C(C(=CC=C1)F)C2=NCC3=CN=C(N=C3C4=C2C=C(C=C4)Cl)NC5=CC(=C(C=C5)C(=O)O)OC
UZWDCWONPYILKI-UHFFFAOYSA-N,CCN1CCN(CC1)CC2=CN=C(C=C2)NC3=NC=C(C(=N3)C4=CC5=C(C(=C4)F)N=C(N5C(C)C)C)F
ZBNZXTGUTAYRHI-UHFFFAOYSA-N,CC1=C(C(=CC=C1)Cl)NC(=O)C2=CN=C(S2)NC3=CC(=NC(=N3)C)N4CCN(CC4)CCO
LQVXSNNAFNGRAH-QHCPKHFHSA-N,C[C@]1(CCCN1C2=NN3C=CC=C3C(=N2)NC4=NNC(=C4)C5CC5)C(=O)NC6=CN=C(C=C6)F
IGUBBWJDMLCRIK-UHFFFAOYSA-N,CNC(=O)C1=CC=CC=C1NC2=CC(=NC=C2C(F)(F)F)NC3=C(C=C(C=C3)N4CCOCC4)OC
QNUKRWAIZMBVCU-WCIBSUBMSA-N,COC1=CC\2=C(C=C1)NC(=O)/C2=C\C3=CN=CN3
ZGRDYKFVDCFJCZ-UHFFFAOYSA-N,CCN1C(=NC(=N1)C2CCN(CC2)C(=O)CCO)C3=CN=C(C(=N3)C4=NN=C(O4)C(C)(C)C)N
UBPYILGKFZZVDX-UHFFFAOYSA-N,CN1CCN(CC1)CCCOC2=C(C=C3C(=C2)N=CC(=C3NC4=CC(=C(C=C4Cl)Cl)OC)C#N)OC
XEDWWPGWIXPVRQ-UHFFFAOYSA-N,C1=CC(=C(C(=C1C(=O)C2=CC(=C(C(=C2)O)O)O)O)O)O
XIROXSOOOAZHLL-UHFFFAOYSA-N,CC(=O)C1=C(C(=C(C=C1)O)O)O
MXWZRRPNVLCHMY-UHFFFAOYSA-N,C1=CC2=C(C=CC(=O)C2=O)C=C1Br
RPHLQSHHTJORHI-UHFFFAOYSA-N,CN1CC(C2=CC(=O)C(=O)C=C21)O
QZPQTZZNNJUOLS-UHFFFAOYSA-N,CC1(CCC2=C(O1)C3=CC=CC=C3C(=O)C2=O)C
IPMYMEWFZKHGAX-ZKSIBHASSA-N,C1[C@H]([C@H](OC2=CC(=CC(=C21)O)O)C3=CC(=O)C(=C4C(=C3)C(=CC(=C4O)O)[C@@H]5[C@@H](CC6=C(C=C(C=C6O5)O)O)O)O)O
ZCMFEWUYBFMLIN-UHFFFAOYSA-N,C1=CC(=C(C=C1C(=O)C2=NC(=CC3=CC(=C(C=C32)O)O)C(=O)O)O)O
UJCACMLMPLLRGW-UHFFFAOYSA-N,CC1=C(OC2=C1C(=O)C(=O)C3=C2C=CC4=C3CCCC4(C)C)S(=O)(=O)O
DTOSIQBPPRVQHS-PDBXOOCHSA-N,CC/C=C\C/C=C\C/C=C\CCCCCCCC(=O)O
JAZBEHYOTPTENJ-JLNKQSITSA-N,CC/C=C\C/C=C\C/C=C\C/C=C\C/C=C\CCCC(=O)O
KPOOEHKKVJXAEF-VPYKRRBTSA-N,CC/C=C\C/C=C\C/C=C\C/C=C\C/C=C\CCCC(=O)O.CC/C=C\C/C=C\C/C=C\C/C=C\C/C=C\C/C=C\CCC(=O)O
HOBAELRKJCKHQD-QNEBEIHSSA-N,CCCCC/C=C\C/C=C\C/C=C\CCCCCCC(=O)O
HOBAELRKJCKHQD-YHTMAJSVSA-N,CCCCC/C=C/C/C=C/C/C=C/CCCCCCC(=O)O
SFLSHLFXELFNJZ-QMMMGPOBSA-N,C1=CC(=C(C=C1[C@H](CN)O)O)O
SFLSHLFXELFNJZ-UHFFFAOYSA-N,C1=CC(=C(C=C1C(CN)O)O)O
HZCWPKGYTCJSEB-UHFFFAOYSA-N,CN(C)CCCN1C2=C3C(=C(C=C2)[N+](=O)[O-])NC4=C(C3=N1)C=C(C=C4)OC
BNQDCRGUHNALGH-UHFFFAOYSA-N,C1=CC(=C(C(=C1CNNC(=O)C(CO)N)O)O)O
FBSKJMQYURKNSU-ZLSOWSIRSA-N,C[C@H]1[C@@H]([C@H]([C@H]([C@@H](O1)O[C@@H]2[C@H]([C@@H](O[C@@H]([C@H]2OC(=O)/C=C/C3=CC(=C(C=C3)O)O)CO)OCCC4=CC(=C(C=C4)O)O)O)O)O)O
OXLZNBCNGJWPRV-UHFFFAOYSA-N,C1=CC(=C(C=C1C(CNCCCCCCNCC(C2=CC(=C(C=C2)O)O)O)O)O)O
IPQVTOJGNYVQEO-UHFFFAOYSA-N,C1=CC2=C(C(=C1)OC3C(C(C(C(O3)CO)O)O)O)C(=O)C4=C(C2C5C6=C(C(=CC=C6)OC7C(C(C(C(O7)CO)O)O)O)C(=O)C8=C5C=C(C=C8O)C(=O)O)C=C(C=C4O)C(=O)O
ZHLWZRQBFUUDMG-PWABEOQWSA-J,COC1=CC(=C(C=C1N/N=C\2/C(=CC3=C(C2=O)C(=CC(=C3)S(=O)(=O)[O-])NC(=O)C4=C(C(=CC=C4)Cl)Cl)S(=O)(=O)[O-])OC)N/N=C\5/C(=CC6=C(C5=O)C(=CC(=C6)S(=O)(=O)[O-])NC(=O)C7=C(C=C(C=C7)Cl)Cl)S(=O)(=O)[O-].[Na+].[Na+].[Na+].[Na+]
NQPDXQQQCQDHHW-UHFFFAOYSA-N,CSC1=NC2=CC(=C(C=C2N1)Cl)OC3=C(C(=CC=C3)Cl)Cl
DSFNLJXHXBIKDS-UHFFFAOYSA-N,C1=CC=C(C=C1)OC2=CC=C(C=C2)CNC(=O)C3=NC(=NO3)C4=CC(=C(C(=C4)Br)O)Br
PQHLRGARXNPFCF-UHFFFAOYSA-N,C1COCCN1S(=O)(=O)C2=CC=C(C=C2)NC(=O)C3=C(C=CC(=C3)Cl)NS(=O)(=O)C4=CC=C(S4)Cl
QWKAUGRRIXBIPO-UHFFFAOYSA-N,CCOC1=C(C(=C2C(=C1)CN(C2=N)CC(=O)C3=CC(=C(C(=C3)N4CCOCC4)OC)C(C)(C)C)F)OCC
YOQPCWIXYUNEET-UHFFFAOYSA-N,C1=CC(=CC=C1C(=NNC2=C(C=C(C=C2)[N+](=O)[O-])[N+](=O)[O-])C3=CC=C(C=C3)O)O
VXMOONUMYLCFJD-XADRRFQNSA-N,CC1=C(C(C(=C(N1)C)C(=O)O[C@H]2CCN(C2)CC3=CC=CC=C3)C4=CC(=CC=C4)[N+](=O)[O-])C(=O)OC
ZKFQEACEUNWPMT-UHFFFAOYSA-N,CC1=C(C(C(=C(N1)N)C(=O)OC2CN(C2)C(C3=CC=CC=C3)C4=CC=CC=C4)C5=CC(=CC=C5)[N+](=O)[O-])C(=O)OC(C)C
WCWUXEGQKLTGDX-LLVKDONJSA-N,CC1=CC2=C(N1)C=CC(=C2F)OC3=NC=NN4C3=C(C(=C4)OC[C@@H](C)O)C
BKVIWGRFRKLFIO-UHFFFAOYSA-N,COC1=CC(=CC(=C1)COC2=CC(=C(C=C2C(=O)CCC3CCN(CC3)CCNS(=O)(=O)C)Cl)N)OC
QSKQVZWVLOIIEV-NSHDSACASA-N,C[C@H]1CNCCCN1S(=O)(=O)C2=CC=CC3=CN=CC(=C32)F
KTUFNOKKBVMGRW-UHFFFAOYSA-N,CC1=C(C=C(C=C1)NC(=O)C2=CC=C(C=C2)CN3CCN(CC3)C)NC4=NC=CC(=N4)C5=CN=CC=C5
QDBPSMVYZMGGGG-UHFFFAOYSA-O,COC(=O)C1=CC=CC=C1C2=C3C=CC(=[NH2+])C(=C3OC4=C2C=CC(=C4Br)N)Br
WDVSHHCDHLJJJR-UHFFFAOYSA-N,C1=CC(=CC2=NC3=C(C=CC(=C3)N)C=C21)N
VZYCZNZBPPHOFY-UHFFFAOYSA-N,CN1CCN(CC1)CCCN2C3=CC=CC=C3SC4=C2C=C(C=C4)S(=O)(=O)N(C)C
FRYUKTHFAUUZRK-HYBUGGRVSA-N,CCCCN1CC[C@@H]([C@H](C1)COC2=CC=C(C=C2)C(F)(F)F)C3=CC=C(C=C3)N(C)C
UCQXHOZNZSIQIO-TZYHBYERSA-N,CCOC(=O)[C@@H]1[C@H](O1)C(=O)N[C@@H](CC(C)C)C(=O)N2CCN(CC2)CC3=C(C(=C(C=C3)OC)OC)OC
DBQMQBCSKXTCIJ-UHFFFAOYSA-N,C1CC1COC2=CC(=C(C=C2C(=O)NC3CN4CCC3CC4)Cl)N
OSJJYEUEJRVVOD-UHFFFAOYSA-N,C1CN(CCC1C(=O)N)CCCN2C3=CC=CC=C3SC4=C2C=C(C=C4)Cl
QEVHRUUCFGRFIF-MDEJGZGSSA-N,CO[C@H]1[C@@H](C[C@@H]2CN3CCC4=C([C@H]3C[C@@H]2[C@@H]1C(=O)OC)NC5=C4C=CC(=C5)OC)OC(=O)C6=CC(=C(C(=C6)OC)OC)OC
HCKNYEGHWWKJLK-GOSISDBHSA-N,C1CCN2CCN3C(=NC4=C3C=CC(=C4)C5=CN6C=CN=C6C=C5)C[C@H]2C1
WFNRNNUZFPVBSM-UHFFFAOYSA-N,C1CN(CCN1CCCC(=O)NC2C3=CC=CC=C3CSC4=CC=CC=C24)C5=CC=C(C=C5)F
ZACWYYKZMLGOTG-UHFFFAOYSA-N,CCN1CCC(CC1)C2=CN3C(=O)C=C(N=C3C(=C2)C)C4=NN5C=C(N=C(C5=C4)C)C
MHDPPLULTMGBSI-LZGMGDPASA-N,C1=NC(=C2C(=N1)N(C(=N2)Cl)C3[C@@H]([C@@H]([C@H](O3)CO)O)O)N
MHDPPLULTMGBSI-UUOKFMHZSA-N,C1=NC(=C2C(=N1)N(C(=N2)Cl)[C@H]3[C@@H]([C@@H]([C@H](O3)CO)O)O)N
ZJDCGVDEEHWEIG-UHFFFAOYSA-N,CN1CC(C2=C(C1)C=C(C=C2)OC)C3=CC(=C(C=C3)Cl)Cl
XDSXYMOZKDUASY-INIZCTEOSA-N,C1CC1[C@@H](C2=NC3=C(C=CC(=C3C(=O)N2C4=CN=CC=C4)Cl)F)NC5=NC(=NC(=C5C#N)N)N
ZSCDBOWYZJWBIY-UHFFFAOYSA-N,CC(CN1C2=CC=CC=C2CCC3=CC=CC=C31)CN(C)C
SGTNSNPWRIOYBX-HUHUVLBOSA-N,CC(C)[C@@](CCCN([11CH3])CCC1=CC(=C(C=C1)OC)OC)(C#N)C2=CC(=C(C=C2)OC)OC
SGTNSNPWRIOYBX-MHZLTWQESA-N,CC(C)[C@](CCCN(C)CCC1=CC(=C(C=C1)OC)OC)(C#N)C2=CC(=C(C=C2)OC)OC
NIJJYAXOARWZEE-UHFFFAOYSA-N,CCCC(CCC)C(=O)O
XUKUURHRXDUEBC-KAYWLYCHSA-N,CC(C)C1=C(C(=C(N1CC[C@H](C[C@H](CC(=O)O)O)O)C2=CC=C(C=C2)F)C3=CC=CC=C3)C(=O)NC4=CC=CC=C4
FQCKMBLVYCEXJB-ZDYNVFCDSA-L,CC(C)C1=C(C(=C(N1CC[C@H](C[C@@H](CC(=O)[O-])O)O)C2=CC=C(C=C2)F)C3=CC=CC=C3)C(=O)NC4=CC=CC=C4.CC(C)C1=C(C(=C(N1CC[C@H](C[C@@H](CC(=O)[O-])O)O)C2=CC=C(C=C2)F)C3=CC=CC=C3)C(=O)NC4=CC=CC=C4.[Ca+2]
SHZPNDRIDUBNMH-NIJVSVLQSA-L,CC(C)C1=C(C(=C(N1CC[C@H](C[C@H](CC(=O)[O-])O)O)C2=CC=C(C=C2)F)C3=CC=CC=C3)C(=O)NC4=CC=CC=C4.CC(C)C1=C(C(=C(N1CC[C@H](C[C@H](CC(=O)[O-])O)O)C2=CC=C(C=C2)F)C3=CC=CC=C3)C(=O)NC4=CC=CC=C4.O.O.O.[Ca+2]
HJNZCOUKMKBKLV-CNZCJKERSA-N,CCCCC1=NC2(CCCC2)C(=O)N1CC3=CC=C(C=C3)C4=CC=CC=C4C5=NNN=N5.CC(C)C1=C(C(=C(N1CC[C@H](C[C@H](CC(=O)O)O)O)C2=CC=C(C=C2)F)C3=CC=CC=C3)C(=O)NC4=CC=CC=C4
JPPWVBDKJMFGNI-VKPVFPLHSA-N,CCC[C@@H](C(=O)OCC)N[C@@H](C)C(=O)N1[C@H]2CCCC[C@H]2C[C@H]1C(=O)O.CCOC(=O)C1=C(NC(=C(C1C2=CC=CC=C2Cl)C(=O)OC)C)COCCN.CC(C)C1=C(C(=C(N1CC[C@H](C[C@H](CC(=O)O)O)O)C2=CC=C(C=C2)F)C3=CC=CC=C3)C(=O)NC4=CC=CC=C4
GIRQUEZTDUZNPE-GQKVEGPNSA-N,CC(C)C1=C(C(=C(N1CC[C@H](C[C@H](CC(=O)O)O)O)C2=CC=C(C=C2)F)C3=CC=CC=C3)C(=O)NC4=CC=CC=C4.C1=CC(=CC=C1[C@@H]2[C@H](C(=O)N2C3=CC=C(C=C3)F)CC[C@@H](C4=CC=C(C=C4)F)O)O
GPNFRRPXCRWXHN-MNSAWQCASA-L,CC(C)C1=C(C(=C(N1CC[C@H](C[C@H](CC(=O)[O-])O)O)C2=CC=C(C=C2)F)C3=CC=CC=C3)C(=O)NC4=CC=CC=C4.CC(C)C1=C(C(=C(N1CC[C@H](C[C@H](CC(=O)[O-])O)O)C2=CC=C(C=C2)F)C3=CC=CC=C3)C(=O)NC4=CC=CC=C4.[Sr+2]
FQCKMBLVYCEXJB-MNSAWQCASA-L,CC(C)C1=C(C(=C(N1CC[C@H](C[C@H](CC(=O)[O-])O)O)C2=CC=C(C=C2)F)C3=CC=CC=C3)C(=O)NC4=CC=CC=C4.CC(C)C1=C(C(=C(N1CC[C@H](C[C@H](CC(=O)[O-])O)O)C2=CC=C(C=C2)F)C3=CC=CC=C3)C(=O)NC4=CC=CC=C4.[Ca+2]
SYOKIDBDQMKNDQ-XWTIBIIYSA-N,C1C[C@H](N(C1)C(=O)CNC23CC4CC(C2)CC(C4)(C3)O)C#N
SYOKIDBDQMKNDQ-JULPFRMLSA-N,C1C[C@@H](N(C1)C(=O)CNC23CC4CC(C2)CC(C4)(C3)O)C#N
LXBIFEVIBLOUGU-JGWLITMVSA-N,C1[C@@H]([C@H]([C@@H]([C@H](N1)CO)O)O)O
LXBIFEVIBLOUGU-DPYQTVNSSA-N,C1[C@@H]([C@H]([C@H]([C@H](N1)CO)O)O)O
LXBIFEVIBLOUGU-CLEROBSHSA-N,C1[C@@H](C([C@@H](C(N1)CO)O)O)O
KCFYEAOKVJSACF-UHFFFAOYSA-N,CCOC(=O)C1=C(N(C2=CC(=C(C(=C21)CN(C)C)O)Br)C)CSC3=CC=CC=C3
KHPKQFYUPIUARC-UHFFFAOYSA-N,CC1=CC(=C(C=C1)NC2=C(C=CC=C2Cl)F)CC(=O)O
LGGDLPSXAGQFSG-UHFFFAOYSA-N,C1=CC=C(C=C1)C2=C(N=C(S2)NC(=O)C3=CC(=C(C=C3)O)O)C4=CC(=C(C=C4)O)O
GXQCVUZORDAARJ-UHFFFAOYSA-N,C1=CC(=CC=C1CN2C3=C(C=C(C=C3)C(F)(F)F)N=C2N)Cl
VRORTNGXAKZJML-UHFFFAOYSA-N,C1=CC(=C(C=C1OC2=C(C=C(C=C2I)CCC(=O)O)I)I)O
PMXCMJLOPOFPBT-HNNXBMFYSA-N,CC(C)[C@H](CO)NC1=NC(=C2C(=N1)N(C=N2)C(C)C)NC3=CC(=CC=C3)Cl
VLEUZFDZJKSGMX-ONEGZZNKSA-N,COC1=CC(=CC(=C1)/C=C/C2=CC=C(C=C2)O)OC
RYJLVAQAWJNSLS-UHFFFAOYSA-N,C1CN(C2=C(C=CC(=C2)Cl)NC1=O)C3=CC=CC=C3
WBKHQQZRHCECKK-UHFFFAOYSA-N,COC1=C(C=C2C(=C1)N=CN=C2NC3=CC=CC(=C3)C#C)OCCCN4CCOCC4
QZUCKCLSVBFSOS-INIZCTEOSA-N,CC1=CN=C(C=C1)N2[C@H](COC3=C(C=CC=C32)C(=O)NC4=CN=C(C=C4)OCC(F)(F)F)CO
GWVJLVHNKMLXRM-RPWUZVMVSA-N,CC(=O)O[C@@H]1[C@@H](SC2=C(C=CC3=CC=CC=C32)N(C1=O)CCN(C)C)C4=CC=C(C=C4)OC
SEDUMQWZEOMXSO-UHFFFAOYSA-N,C1=CC=C(C(=C1)NC(=O)NC2=CC=C(C3=NNN=C23)C#N)Br
YQYFEGTYCUQBEI-UHFFFAOYSA-N,C1CN(CCN1)S(=O)(=O)C2=C(C=CC(=C2O)NC(=O)NC3=C(C(=CC=C3)F)Cl)Cl
UCVAQBJLJIKTFJ-MOPGFXCFSA-N,CS(=O)(=O)N[C@H](CC1=CC=CC=C1)C(=O)N2CCC[C@H]2C(=O)NCC3CCN(CC3)C(=N)N
ARPRLCXPAGXBRL-UHFFFAOYSA-N,CC(C)(CSC1=NC2=CC=CC=C2C=C1C3=CC=CC=C3)N(C)C
JLPYLHLUHJOPNL-UHFFFAOYSA-N,CC1=C(N(C2=C1C=C(C=C2)F)CC3=CC=C(C=C3)Cl)CC(C)(C)C(=O)O
QHMBSVQNZZTUGM-ZWKOTPCHSA-N,CCCCCC1=CC(=C(C(=C1)O)[C@@H]2C=C(CC[C@H]2C(=C)C)C)O
QILRYFCEXLFIDS-UHFFFAOYSA-N,CC1(CC2=C(SC(=C2C(=O)C1)SCCO)C3=NC=CS3)C
PYKUTRHZEJHOFS-UHFFFAOYSA-N,CCCCCCN1CCC2=C1C(=C(C=C2C)C)NC(=O)C(C)(C)C
XRYJULCDUUATMC-CYBMUJFWSA-N,C[C@H](C1=CC=CC=C1)NC2=NC=NC3=C2C=C(N3)C4=CC=C(C=C4)O
PKZCOQYQGMAVLN-UHFFFAOYSA-N,CC1=CC(=CC(=N1)C)NC(=O)C2=C(N=CC=C2)S(=O)CC3=C(C=C(C=C3)OC)OC
HWNIPKHEEVNHMN-UHFFFAOYSA-N,C1=CC=C(C=C1)C(C2=CC=CC=C2)N3C4=C(C=C(C=C4)Cl)C(=C3CCNS(=O)(=O)CC5=CC=CC=C5C(F)(F)F)CCS(=O)(=O)C6=CC=C(C=C6)CCC(=O)O
KOAWAWHSMVKCON-UHFFFAOYSA-N,C1=CC2=C(C=CC(=C2)C(C3=NN=C4N3N=C(C=C4)C5=CC=NC=C5)(F)F)N=C1
DGCSBHYGDCRAOB-UHFFFAOYSA-N,CC(C)(C)SC1=C(N(C2=C1C=C(C=C2)OCC3=CC=CC=N3)CC4=CC=C(C=C4)C5=CN=C(C=C5)OC)CC(C)(C)C(=O)O
GSWINTXYUFHJGW-UHFFFAOYSA-N,CC1=C(C(C(=C(N1)C)P2(=O)OCCCO2)C3=CC=CC=C3[N+](=O)[O-])C(=O)OC
CZCHIEJNWPNBDE-UHFFFAOYSA-N,CCC1=C(C2=CC=CC=C2O1)C(=O)C3=CC(=C(C(=C3)I)O)I
VMDUABMKBUKKPG-UHFFFAOYSA-N,CCOC(=O)C1=NC=C2C(=C1C)C3=C(N2)C=CC=C3OC(C)C
MYNQXTDIPMCJCR-UHFFFAOYSA-N,CNC1=NC(=C(C=C1)C2=CC3=C(O2)C=CC(=C3)O)F
MYNQXTDIPMCJCR-HUYCHCPVSA-N,CNC1=NC(=C(C=C1)C2=CC3=C(O2)C=CC(=C3)O)[18F]
YIMHGPSYDOGBPI-IQQSWPBXSA-N,C[C@@H]1CC[C@@]2(CC[C@@]3(C(=CC(=O)C4[C@]3(CCC5[C@@]4(CC[C@H]([C@]5(C)C(=O)O)O)C)C)C2[C@H]1C)C)C
PXGPLTODNUVGFL-AFSIVQRVSA-N,CCCCC[C@@H](/C=C/C1[C@@H](C[C@@H]([C@@H]1C/C=C\CCCC(=O)O)O)O)O
HSNUXANXVHLGQT-HXUWFJFHSA-N,CCCCCCCCCCCCCCOP(=O)([O-])O[C@H](CC(=O)O)C[N+](C)(C)C
HSNUXANXVHLGQT-UHFFFAOYSA-N,CCCCCCCCCCCCCCOP(=O)([O-])OC(CC(=O)O)C[N+](C)(C)C
SGTNSNPWRIOYBX-UHFFFAOYSA-N,CC(C)C(CCCN(C)CCC1=CC(=C(C=C1)OC)OC)(C#N)C2=CC(=C(C=C2)OC)OC
AQRLDDAFYYAIJP-UHFFFAOYSA-N,C1CN(CCN1CCC2=CC=C(C=C2)F)C(=O)C3=CC=CC4=C3NC=C4C#N
MQIMZDXIAHJKQP-UHFFFAOYSA-N,C=CC1=C2C(=CC(=C1)O)N=C(O2)C3=CC(=C(C=C3)O)F
KMNLXCBYBKHKSK-BKMJKUGQSA-N,C1CCC(C1)(C2=CC3=C(C=C2)[C@@H]([C@H](CO3)CC4=CC=C(C=C4)C5=CC=CC=C5)O)C(=O)O
SXERSHFSQXOIPF-UHFFFAOYSA-N,CC1=CC(=CC=C1)NC2=C(C=C(C=C2)[N+](=O)[O-])S(=O)(=O)NC(=O)NC(C)C
XVDXNSRMHBAVAX-UHFFFAOYSA-N,CC(C)N1C2=C(C3=CC=CC=C3C=C2)N=C1C4=CC=C(C=C4)OC
IKIIZLYTISPENI-ZFORQUDYSA-N,C1=CC=C(C=C1)C2=CC(=O)C3=C(C(=C(C=C3O2)O[C@H]4[C@@H]([C@H]([C@@H]([C@H](O4)C(=O)O)O)O)O)O)O
OGHNVEJMJSYVRP-UHFFFAOYSA-N,COC1=CC=CC=C1OCCNCC(COC2=CC=CC3=C2C4=CC=CC=C4N3)O
OGHNVEJMJSYVRP-KRWDZBQOSA-N,COC1=CC=CC=C1OCCNC[C@@H](COC2=CC=CC3=C2C4=CC=CC=C4N3)O
OONFNUWBHFSNBT-HXUWFJFHSA-N,CCN1CCN(CC1)CC2=CC=C(C=C2)C3=CC4=C(N3)N=CN=C4N[C@H](C)C5=CC=CC=C5
MHKAEITVUICXRN-BPGQXAFDSA-N,C1=CC=C(C=C1)OCCCCOC2=CC=C(C=C2)C/C=C\[C@H](CCC(=O)O)SC3=CC=C(C=C3)C(=O)O
IFGWYHGYNVGVRB-UHFFFAOYSA-N,CC(C)CN1C2=CC(=C(C=C2C=N1)OC3=C(C=C(C=C3)F)F)C(=O)NCCN(C)C
BIAVGWDGIJKWRM-FQEVSTJZSA-N,CC[C@@H](C1=CC=CC=C1)NC(=O)C2=C(C(=NC3=CC=CC=C32)C4=CC=CC=C4)O
BIAVGWDGIJKWRM-HXUWFJFHSA-N,CC[C@H](C1=CC=CC=C1)NC(=O)C2=C(C(=NC3=CC=CC=C32)C4=CC=CC=C4)O
DADASRPKWOGKCU-IHKPOXLFSA-N,C[C@@H]1CN(C[C@@H](O1)C)CC2=CC=C(C=C2)/C=C/C3=NNC4=C3C=CC(=C4)C5C[C@]56C7=C(C=CC(=C7)OC)NC6=O
RGFBZLBLQNVLCJ-UHFFFAOYSA-N,CCS(=O)(=O)C1=CC2=C(C=C1)N=C(N2)OC3=CN=C(C=C3)C4=CC=CC=C4
JFJZZMVDLULRGK-UHFFFAOYSA-O,CN1CCC2=CC(=C3C=C2C1CC4=CC=C(C=C4)OC5=C6C(CC7=CC(=C(C=C7)O)O3)[N+](CCC6=CC(=C5O)OC)(C)C)OC
AYXKVDRDWWQQTD-UHFFFAOYSA-N,CC1(C2=CC=CC=C2C3=C(O1)C=C4C(=C3)C(=O)C=C(O4)C(=O)O)C
HMJIYCCIJYRONP-UHFFFAOYSA-N,CC1=C(C(C(=C(N1)C)C(=O)OC(C)C)C2=CC=CC3=NON=C32)C(=O)OC
UOWZUVNAGUAEQC-UHFFFAOYSA-N,C1=CC(=C(C=C1OC2=C(C=C(C=C2I)CC(=O)O)I)I)O
RDUHXGIIUDVSHR-UHFFFAOYSA-N,CCCCNCC(C1=CC=C(C=C1)O)O
XRXDAJYKGWNHTQ-UHFFFAOYSA-N,C1CN(CCN1)C2=NC3=CC=CC=C3C=C2
ANOGOQXCGBMIJV-UHFFFAOYSA-N,C1CS(=O)(=O)C2=C(C=C(C=C2)Cl)C(=C1C(=O)NC3=CC(=C(C=C3)Cl)Cl)O
YBYYWUUUGCNAHQ-LLVKDONJSA-N,C1CO[C@H](CN1)CNC2=CC(=NC=C2C(F)(F)F)NC3=NC=C(N=C3)C#N
LLVZBTWPGQVVLW-SNAWJCMRSA-N,CC1=NC=C(C=C1)OC2=C(C=C(C=C2)NC3=NC=NC4=C3C=C(C=C4)/C=C/CNC(=O)COC)C
OBMNJSNZOWALQB-NCQNOWPTSA-N,CC(C)(C)[C@H]1C(=O)N2C[C@@H](C[C@H]2C(=O)N[C@@]3(C[C@H]3C=C)C(=O)NS(=O)(=O)C4CC4)OC5=NC6=C(C=CC(=C6)OC)N=C5CCCCC[C@@H]7C[C@H]7OC(=O)N1
LTXREWYXXSTFRX-QGZVFWFLSA-N,CC#CCN1C2=C(N=C1N3CCC[C@H](C3)N)N(C(=O)N(C2=O)CC4=NC5=CC=CC=C5C(=N4)C)C
ZPBLNADJHWHOEP-UHFFFAOYSA-N,CC1=NSC(=C1C(=O)NC2=CC=C(C=C2)Cl)NC(=O)C3=CC=CC=C3
IQIBKLWBVJPOQO-UHFFFAOYSA-N,CC1(CCSC2=C1C=C(C=C2)C#CC3=NC=C(C=C3)C(=O)O)C
JMPZTWDLOGTBPM-OUQSKUGOSA-N,C/C(=C\C(=O)O)/C=C/C=C(\C)/C1=CC(=CC(=C1)C(C)(C)C)C(C)(C)C
HAWWPSYXSLJRBO-UHFFFAOYSA-N,C1CC2=C(C=C(N2C3=CC(=C(C=C3)O)C(=O)O)C4=CC=CC=C4)C5=CC=CC=C51
DFPAKSUCGFBDDF-UHFFFAOYSA-N,C1=CC(=CN=C1)C(=O)N
ZFDATWDBAKWOKP-UHFFFAOYSA-N,CC(C)(CCCCOC1=CC(=CC(=N1)C2=CC=CC=C2)C3=CC=CC=C3)C4=NNN=N4
XFKVLKLCLYJKNF-MZNJEOGPSA-N,C[C@H]([C@@H](CC1=CC(=CC=C1)C(=N)N)C(=O)OC)NC(=O)C2=CC=C(C=C2)C3=CC=CC(=C3)CN
IJWPAFMIFNSIGD-UHFFFAOYSA-N,CC1(C(=O)C(=C(O1)C2=CC=C(C=C2)S(=O)(=O)N)C3=CC(=CC=C3)F)C
RVTSXVZXEGFIPW-UHFFFAOYSA-N,CC1=NN(C2=C1C=C(C=C2)C(=O)NS(=O)(=O)C)C3=CC(=C(N=C3)OCC(C)C)Cl
XGALLCVXEZPNRQ-UHFFFAOYSA-N,COC1=C(C=C2C(=C1)N=CN=C2NC3=CC(=C(C=C3)F)Cl)OCCCN4CCOCC4
VAPDZNUFNKUROY-UHFFFAOYSA-N,C1=C(C=C(C(=C1I)O)I)I
ZATDYQOGSPTLBG-UHFFFAOYSA-N,CCN1C(=CC2=C1C=C(C=C2Cl)O)C3=C(C=C(C=C3Cl)O)Cl
ZXBCLVSLRUWISJ-UHFFFAOYSA-N,CC1=NC2=C(N1CC(C)C)C3=C(C=CC=N3)N=C2N
LPFWVDIFUFFKJU-UHFFFAOYSA-N,COC1=C(C=C2C(=C1)N=CN=C2NC3=C(C(=C(C=C3)Cl)Cl)F)OC4CCN(CC4)C(=O)C=C
PHOZLMDTTWWBAH-UHFFFAOYSA-N,CCN1CCN(CC1)C2=NC3=CC=CC=C3C(=C2)C4=CC=CC=C4
UHTHHESEBZOYNR-UHFFFAOYSA-N,CN1CCC(CC1)COC2=C(C=C3C(=C2)N=CN=C3NC4=C(C=C(C=C4)Br)F)OC
MDNWOSOZYLHTCG-UHFFFAOYSA-N,C1=CC(=C(C=C1Cl)CC2=C(C=CC(=C2)Cl)O)O
YRFXGQHBPBMFHW-SBTZIJSASA-N,C[C@H]1C[C@H]2[C@@H]3CC[C@@]([C@]3(C[C@@H]([C@@]2([C@@]4(C1=CC(=O)C=C4)C)F)O)C)(C(=O)C)OC(=O)C
RDJQCOBTKKAQAH-FPOVZHCZSA-N,CCOC(=O)COC1=CC2=C(CC[C@@H](C2)NC[C@@H](C3=CC(=CC=C3)Cl)O)C=C1
BDSYKGHYMJNPAB-LICBFIPMSA-N,CCC(=O)O[C@@]1([C@H](C[C@@H]2[C@@]1(C[C@@H]([C@]3([C@H]2C[C@@H](C4=CC(=O)C=C[C@@]43C)F)F)O)C)C)C(=O)CCl
PDJFCIIMPPXKEZ-UHFFFAOYSA-N,CC1=CN=C(C(=C1OCC2COC(OC2)(C)C)C)CSC3=NC4=CC=CC=C4N3
DCDXHGMCXGHXBM-PMACEKPBSA-N,CC(=O)NC1=CC=C(C=C1)C2=N[C@H]3CCN(C[C@H]3C4=CC(=C(C=C42)OC)OC)C
DCDXHGMCXGHXBM-UHFFFAOYSA-N,CC(=O)NC1=CC=C(C=C1)C2=NC3CCN(CC3C4=CC(=C(C=C42)OC)OC)C
HMRARORRDHCLOT-UHFFFAOYSA-N,CC(C)(C1=NC2=NC=C(N2C=C1)C3=CC(=C(C=C3)F)C4=C(C=CC=C4F)C#N)O
XDUOTWNXVDBCDY-VOTSOKGWSA-N,CCOC(=O)CN1CCN(CC1)C(=O)/C=C/C2=CC(=C(C(=C2)OC)OC)OC
XDUOTWNXVDBCDY-SREVYHEPSA-N,CCOC(=O)CN1CCN(CC1)C(=O)/C=C\C2=CC(=C(C(=C2)OC)OC)OC
RADMJHVVIZTENA-UHFFFAOYSA-N,CC1=C(C2=C(O1)C(=C(C=C2)OC)O)C(=O)C3=CC(=C(C(=C3)OC)OC)OC
ZAKKEARLDPTRLX-UHFFFAOYSA-N,CCCC1=C(C=CC(=C1O)C(=O)C)OCCCS(=O)(=O)C2=CC=C(C=C2)C(=O)CCC(=O)O
KVHRYLNQDWXAGI-UHFFFAOYSA-N,COC1=CN(N=C(C1=O)C2=CC=NN2C3=CC=CC=C3)C4=C(C=C(C=C4)N5C=CC=N5)F
PTOAARAWEBMLNO-KVQBGUIXSA-N,C1[C@@H]([C@H](O[C@H]1N2C=NC3=C(N=C(N=C32)Cl)N)CO)O
PTOAARAWEBMLNO-UHFFFAOYSA-N,C1C(C(OC1N2C=NC3=C(N=C(N=C32)Cl)N)CO)O
QJGVXJYGDBSPSJ-UHFFFAOYSA-N,CCNC(=O)OC1CCN(CC1)C2=NN=CC3=CC(=C(C=C32)OC)OC
DKULOVKANLVDEA-UHFFFAOYSA-N,C1=CC(=CC=C1C2=C(N=CN=C2OCCOC3=NC=C(C=N3)Br)NS(=O)(=O)N)Br
POTREZAYKLAUSX-HUFMRFRTSA-N,CCC(=O)O[C@@]1([C@@H](C[C@@H]2[C@@]1(C[C@@H]([C@]3([C@H]2C[C@@H](C4=CC(=O)C=C[C@@]43C)F)F)O)C)C)C(=O)S[C@@H]5CCOC5=O
YJMYSLFFZJUXOA-UHFFFAOYSA-N,C1=CC(=CN=C1)CNC2=C(C(=O)NN=C2OCCCC3=CC=C(C=C3)Cl)Br
HLKYSQGBIIIQJN-UHFFFAOYSA-N,CC(C)(C1=CC2=C(C=C1)N(C=N2)C3=CC=CC(=C3)C4=CC=CC=C4C#N)O
BPLVDYJDAVYLRQ-UHFFFAOYSA-N,CC1=C(N2C(=N1)C(=CC=N2)N3CCOCC3)C4=CN=C(C=C4)CCOC
DALKLAYLIPSCQL-YPYQNWSCSA-N,CCC(=O)O[C@@]1(CC[C@@H]2[C@@]1(C[C@@H]([C@H]3[C@H]2C[C@@H](C4=CC(=O)C=C[C@]34C)C)O)C)C(=O)COC(=O)C
DALKLAYLIPSCQL-IBTLSYKSSA-N,CCC(=O)O[C@@]1(CCC2[C@@]1(CC(C3C2C[C@@H](C4=CC(=O)C=C[C@]34C)C)O)C)C(=O)COC(=O)C
RUJBDQSFYCKFAA-HNNXBMFYSA-N,CC[C@H]1C(=NN=C(C2=CC(=C(C=C12)OC)OC)C3=CC(=C(C=C3)OC)OC)C
RUJBDQSFYCKFAA-OAHLLOKOSA-N,CC[C@@H]1C(=NN=C(C2=CC(=C(C=C12)OC)OC)C3=CC(=C(C=C3)OC)OC)C
RUJBDQSFYCKFAA-UHFFFAOYSA-N,CCC1C(=NN=C(C2=CC(=C(C=C12)OC)OC)C3=CC(=C(C=C3)OC)OC)C
KXMAIWXPZGQNCR-UHFFFAOYSA-N,CCCNC(=O)C1=CC2=C(C=C1)SC3=CC=CC=C3N2C(C)CN4CCCC4
BXNMTOQRYBFHNZ-UHFFFAOYSA-N,CCOCC1=NC2=C(N1CC(C)(C)O)C3=CC=CC=C3N=C2N
KJCLPXFGPVCAKL-UHFFFAOYSA-N,CC1CC(=O)NN=C1C2=CC3=C(C=C2)C(=NC=N3)NCC4=CC=CC=C4
UCPMSMNKGXUFCC-UHFFFAOYSA-N,CC(C)CN1C=NC2=C1C3=C(C=CC=N3)N=C2N
ZRTQSJFIDWNVJW-WYMLVPIESA-N,C1C(S/C(=C(\C#N)/N2C=CN=C2)/S1)C3=CC=CC=C3Cl
UGJWRPJDTDGERK-UHFFFAOYSA-N,CN1C(=CN=C1[N+](=O)[O-])COP(=O)(NCCBr)NCCBr
INJPEINGXBVKEB-UHFFFAOYSA-N,C1=CC(=C(C(=C1)F)COC2C(SC3=C2C=C(C=C3)F)CN4C=CN=C4)F
VKHAHZOOUSRJNA-GCNJZUOMSA-N,CC#C[C@@]1(CC[C@@H]2[C@@]1(C[C@@H](C3=C4CCC(=O)C=C4CC[C@@H]23)C5=CC=C(C=C5)N(C)C)C)O
OMZCMEYTWSXEPZ-UHFFFAOYSA-N,C=CC(=O)NC1=C(C=C2C(=C1)C(=NC=N2)NC3=CC(=C(C=C3)F)Cl)OCCCN4CCOCC4
QRJJEGAJXVEBNE-HKOYGPOVSA-N,C1=CC(=C(C=C1Cl)Cl)CO/N=C(\CN2C=CN=C2)/C3=C(C=C(C=C3)Cl)Cl
CTPKSRZFJSJGML-UHFFFAOYSA-N,CCN(CC)C(=S)SC(=S)N(CC)CC
YTRRAUACYORZLX-UHFFFAOYSA-N,C1CCC(CC1)C(CC2C3=CC=CC=C3C4=CN=CN24)O
QRJJEGAJXVEBNE-MOHJPFBDSA-N,C1=CC(=C(C=C1Cl)Cl)CO/N=C(/CN2C=CN=C2)\C3=C(C=C(C=C3)Cl)Cl
CTNQAPPDQTYTHM-UHFFFAOYSA-N,C1=CC=C(C(=C1)C(=O)O)NC(=O)NC2=CC=CC(=C2)C(F)(F)F
XQFRJNBWHJMXHO-XCAQJPMGSA-N,C1[C@@H]([C@H](O[C@H]1N2C=C(C(=O)NC2=O)[125I])CO)O
XQFRJNBWHJMXHO-UHFFFAOYSA-N,C1C(C(OC1N2C=C(C(=O)NC2=O)I)CO)O
SGDBTWWWUNNDEQ-LBPRGKRZSA-N,C1=CC(=CC=C1C[C@@H](C(=O)O)N)N(CCCl)CCCl
SGDBTWWWUNNDEQ-UHFFFAOYSA-N,C1=CC(=CC=C1CC(C(=O)O)N)N(CCCl)CCCl
SGDBTWWWUNNDEQ-GFCCVEGCSA-N,C1=CC(=CC=C1C[C@H](C(=O)O)N)N(CCCl)CCCl
LHYMPSWMHXUWSK-STZFKDTASA-N,CN1CCN(CC1)C2=CC=CC=C2/C=C\3/C(=O)N(CCS3)C4=CC(=C(C=C4)Cl)Cl
UWKQSNNFCGGAFS-XIFFEERXSA-N,CCC1=C2CN3C(=CC4=C(C3=O)COC(=O)[C@@]4(CC)O)C2=NC5=C1C=C(C=C5)OC(=O)N6CCC(CC6)N7CCCCC7
UWKQSNNFCGGAFS-MGBGTMOVSA-N,CCC1=C2CN3C(=CC4=C(C3=O)COC(=O)[C@]4(CC)O)C2=NC5=C1C=C(C=C5)OC(=O)N6CCC(CC6)N7CCCCC7
QZZUEBNBZAPZLX-QFIPXVFZSA-N,CCC1=C(C=C2CC(CC2=C1)NC[C@@H](C3=C4C=CC(=O)NC4=C(C=C3)O)O)CC
GCUZFFAPBPDIFM-IKXQUJFKSA-M,CCC1=C(C=C2CC(CC2=C1)NC[C@@H](C3=C4C=CC(=O)NC4=C(C=C3)O)O)CC.C[N+]1(CCC(C1)OC(=O)C(C2CCCC2)(C3=CC=CC=C3)O)C.[Br-]
WTFXJFJYEJZMFO-UHFFFAOYSA-N,C1=CC(=CC=C1C(=N)N)OCCCOC2=CC=C(C=C2)C(=N)N
DKORMNNYNRPTBJ-UHFFFAOYSA-N,CC1=CC(=C(C=C1)CCCO)NCC2=CC3=C(C=C2)N=C(N3CC4=C(C=CC(=N4)C)O)NCCCN5CCOCC5
VFOKSTCIRGDTBR-UHFFFAOYSA-N,CCCCOC1=NC(=C2C(=N1)N(CC(=O)N2)CC3=CC=CC(=C3)CN4CCCC4)N
AMEWZCMTSIONOX-UHFFFAOYSA-N,C1CNCCC1CCC2=CC(=NC3=CC=CC=C32)C4=CC=CC=C4
MNLHFGXIUJNDAF-UHFFFAOYSA-N,C1CN(CCC1COC2=CC=CC3=C2C(=NC(=N3)N)N)CC4=C(C=CC=C4Cl)Cl
SINZZLKFRXIFDJ-UHFFFAOYSA-N,COC(=O)NC1=NC2=C(N1)C=C(C=C2)C(=O)N3CCN(CC3)C4=CC=CC=N4
NXQGEDVQXVTCDA-UHFFFAOYSA-N,CN(C)CCCOC1=CC2=C(NN=C2C=C1)S(=O)(=O)C3=CC=CC4=CC=CC=C43
HIBWHHQXUSKNOV-UHFFFAOYSA-N,CN1CCC2=CC(=C(C=C2CC1)S(=O)(=O)C3=CC=C(C=C3)OCC4=CC=C(C=C4)Cl)OC
PPUDLEUZKVJXSZ-VPCXQMTMSA-N,C[C@]1([C@@H]([C@H](O[C@H]1N2C=CC(=NC2=O)N)CO)O)O
MWOPHYKKEDTKAZ-HKBQPEDESA-N,CCC1=C2CN3C(=CC4=C(C3=O)COC(=O)[C@@]4(CC)O)C2=NC5=C1C=C(C=C5)OCCCNC(=O)CNC(=O)CNC(=O)CN
FBQPGGIHOFZRGH-UHFFFAOYSA-N,CCN(CC)CCNC1=C2C(=C(C=C1)C)SC3=CC=CC=C3C2=O
IOMMMLWIABWRKL-WUTDNEBXSA-N,CC1=NC=CC(=C1)C(=O)NC2=NC3=C(N2[C@@H]4CCCCN(C4)C(=O)/C=C/CN(C)C)C(=CC=C3)Cl
KEIPNCCJPRMIAX-HNNXBMFYSA-N,COC1=CC(=CC(=C1)C#CC2=NN(C3=NC=NC(=C23)N)[C@H]4CCN(C4)C(=O)C=C)OC
RTIZZWMBGKGLFO-YWQXDYITSA-N,CN1/C(=C\C2=CC=CC=C2)/C(=O)N/C(=C\C3=CC(=CC=C3)C(=O)NC4=CC=C(C=C4)CCN5CCC6=CC(=C(C=C6C5)OC)OC)/C1=O
RFUIYSLMVBVREF-UHFFFAOYSA-N,CC1=C(OC2=C(C1=O)C=C(C=C2)OCCCCCCN3CCC(CC3)O)C4=CC=CC=C4
OUKYUETWWIPKQR-UHFFFAOYSA-N,CN1CCN(CC1)CCOC2=CC3=C(C(=C2)OC4CCOCC4)C(=NC=N3)NC5=C(C=CC6=C5OCO6)Cl
VUGOJEFYZBZZBP-RMVMEJTISA-N,CCOC(=O)[C@@H]1CC2(CCN(CC2)C(=O)C(CCCC3=CC=CC=C3)NC(=O)C(C)(C)N)C4=CC=CC=C14
MAVDNGWEBZTACC-HNNXBMFYSA-N,CC1([C@@H](N(CCS1)S(=O)(=O)C2=CC=C(C=C2)OCC#CCO)C(=O)NO)C
XACKNLSZYYIACO-UHFFFAOYSA-N,CCC1=CN(C(=O)NC1=O)C2CC(C(O2)CO)O
XACKNLSZYYIACO-DJLDLDEBSA-N,CCC1=CN(C(=O)NC1=O)[C@H]2C[C@@H]([C@H](O2)CO)O
PWZXTLHDGIBNLG-UHFFFAOYSA-N,COC1=C(C=C(C=C1)CC2=NC=C(C3=CC(=C(C=C32)OC)OC)CN4CCN(CC4)C5=CC=CC=C5OC)OC
MPMFCABZENCRHV-UHFFFAOYSA-N,CCN(CC)CCOC1=CC2=C(C=C1)C3=C(C2=O)C=C(C=C3)OCCN(CC)CC
KFHYZKCRXNRKRC-MRXNPFEDSA-N,C[C@@H]1CCCN1CCC2=CC3=C(O2)C=CC(=C3)C4=CC=C(C=C4)C#N
INAAIJLSXJJHOZ-UHFFFAOYSA-N,CN1CCN(CC1)C2=CC3=C(C=C2)N=C(N3)C4=CC5=C(C=C4)N=C(N5)C6=CC=C(C=C6)O
NPWTVYBPSXCRPM-UHFFFAOYSA-N,CCOCCN1C2=CC=CC=C2N=C1C3CCN(CC3)CCC4=CC=C(C=C4)C(C)(C)C
DSDNAKHZNJAGHN-MXTYGGKSSA-N,C[C@@H]1C[C@]2([C@H]3[C@H]4[C@]1([C@@H]5C=C(C(=O)[C@]5(CC(=C4)COC(=O)CC6=CC(=C(C=C6)O)OC)O)C)O[C@](O3)(O2)CC7=CC=CC=C7)C(=C)C
DSDNAKHZNJAGHN-IHCAYWNCSA-N,C[C@@H]1C[C@]2([C@H]3[C@H]4[C@]1([C@@H]5C=C(C(=O)[C@]5(CC(=C4)COC(=O)CC6=CC(=C(C=C6)O)OC)O)C)OC(O3)(O2)CC7=CC=CC=C7)C(=C)C
XQFRJNBWHJMXHO-RRKCRQDMSA-N,C1[C@@H]([C@H](O[C@H]1N2C=C(C(=O)NC2=O)I)CO)O
FEFIBEHSXLKJGI-UHFFFAOYSA-N,CCCCOC1=NC(=C2C(=N1)N(C(=O)N2)CCCN(CCCN3CCOCC3)CC4=CC=CC(=C4)CC(=O)OC)N
QSPOQCXMGPDIHI-UHFFFAOYSA-N,CCCN(CCC)C(=O)C1=CC2=C(C=C(C=C2)C3=CC=C(C=C3)C(=O)N4CCCC4)N=C(C1)N
XAKLYHGHEFMDAP-IAXKEJLGSA-N,CC[C@@]1(C2=C(COC1=O)C(=O)N3C(C4=CC5=CC=CC=C5N=C4C3=C2)OCCO)O
MAUYWACILHVRLR-UHFFFAOYSA-N,CC(CN1CC(=O)N(C(=O)C1)CN2CCOCC2)N3CC(=O)N(C(=O)C3)CN4CCOCC4
STCYUKSGPHEXDI-LJAQVGFWSA-N,CC1=C(C2=C(CC[C@@](O2)(C)C(=O)N3CCN(CC3)C4=CC=C(C=C4)N=C(C5=CC=CS5)N)C(=C1O)C)C
DOUYETYNHWVLEO-UHFFFAOYSA-N,CC(C)CN1C=NC2=C1C3=CC=CC=C3N=C2N
VHOGYURTWQBHIL-UHFFFAOYSA-N,CC1=C(C=NO1)C(=O)NC2=CC=C(C=C2)C(F)(F)F
YZOQZEXYFLXNKA-UHFFFAOYSA-N,CCC1=NC2=C(N1CCCCNS(=O)(=O)C)C3=CC=CC=C3N=C2N
QVNZBDLTUKCPGJ-SHQCIBLASA-N,CC1=NC2=CC=CC=C2C(=C1)COC3=CC=C(C=C3)[C@@]4(CCN(C4=O)[C@H](CC(C)C)C(=O)NO)N
QVNZBDLTUKCPGJ-UHFFFAOYSA-N,CC1=NC2=CC=CC=C2C(=C1)COC3=CC=C(C=C3)C4(CCN(C4=O)C(CC(C)C)C(=O)NO)N
QVNZBDLTUKCPGJ-LFHRXCRSSA-N,CC1=NC2=CC=CC=C2C(=C1)COC3=CC=C(C=C3)[C@@]4(CCN(C4=O)C(CC(C)C)C(=O)NO)N
NFASVSOLOYQBEH-UHFFFAOYSA-N,COC1=CC(=CC(=C1OC)OC)CCCCN2CCCN(CC2)CCCCC3=CC(=C(C(=C3)OC)OC)OC
VDJHFHXMUKFKET-WDUFCVPESA-N,C/C=C(/C)\C(=O)O[C@H]1C(=C[C@@]23[C@@]1([C@@H](C(=C[C@H](C2=O)[C@H]4[C@H](C4(C)C)C[C@H]3C)CO)O)O)C
VDJHFHXMUKFKET-QLYZSHOQSA-N,C/C=C(/C)\C(=O)O[C@H]1C(=CC23[C@@]1([C@@H](C(=CC(C2=O)C4C(C4(C)C)C[C@H]3C)CO)O)O)C
VWMJHAFYPMOMGF-ZCFIWIBFSA-N,C[C@H](C1=NC=C(S1)C(=O)NC2=NC=C(C(=C2)C(F)(F)F)Cl)NC(=O)C3=C(C(=NC=N3)N)Cl
VHIJFTXYGDWRBH-UHFFFAOYSA-N,CCOC(=O)C(C)(C)CCCOC1=CC2=C(CCC(=C2)C3=NC=CN3C)C=C1
QUKGLNCXGVWCJX-UHFFFAOYSA-N,C1=NN=C(S1)N
WBSWOKCKZUNHQV-ZETCQYMHSA-N,CC(=O)N[C@@H](CCC(=O)C=[N+]=[N-])C(=O)O
RGHYDLZMTYDBDT-UHFFFAOYSA-N,CCN1C2=NC(=NC(=C2C=C(C1=O)C3=CC=NN3)C)N
HDZAQYPYABGTCL-UHFFFAOYSA-N,C[N+](C)(CCCCCC[N+](C)(C)C1C2=CC=CC=C2C3=CC=CC=C13)C4C5=CC=CC=C5C6=CC=CC=C46
VVBFISAUNSXQGZ-UHFFFAOYSA-N,CC(C)C1=CC(=C(C(=C1)C(C)C)C2=CSC(=N2)N(CCN(C)C)CC3=CN=CC=C3)C(C)C
VVSVBZTVALYDMC-UHFFFAOYSA-N,CC(C)COC(=O)N(CCN(C)C)CC(=O)N(CC1=CC=C(C=C1)C(F)(F)F)C2=CC=CC=C2SC
XFZJEEAOWLFHDH-NFJBMHMQSA-N,C1[C@H]([C@H](OC2=C1C(=CC(=C2[C@@H]3[C@H]([C@H](OC4=CC(=CC(=C34)O)O)C5=CC(=C(C=C5)O)O)O)O)O)C6=CC(=C(C=C6)O)O)O
VAPNKLKDKUDFHK-UHFFFAOYSA-H,CC1=C(C=C(C=C1)C(=O)NC2=C3C(=CC(=CC3=C(C=C2)S(=O)(=O)[O-])S(=O)(=O)[O-])S(=O)(=O)[O-])NC(=O)C4=CC(=CC=C4)NC(=O)NC5=CC=CC(=C5)C(=O)NC6=C(C=CC(=C6)C(=O)NC7=C8C(=CC(=CC8=C(C=C7)S(=O)(=O)[O-])S(=O)(=O)[O-])S(=O)(=O)[O-])C.[Na+].[Na+].[Na+].[Na+].[Na+].[Na+]
FIKYECRHLXONOX-UHFFFAOYSA-N,CCCCC1=NC(=C(N1CC2=CC3=C(C=C2)OC(=C3Br)C4=CC=CC=C4C5=NNN=N5)C(=O)O)Cl
JHVAMHSQVVQIOT-MFAJLEFUSA-N,CCCCCOC1=CC=C(C=C1)C2=CC=C(C=C2)C3=CC=C(C=C3)C(=O)N[C@H]4C[C@H]([C@H](NC(=O)[C@@H]5[C@H]([C@H](CN5C(=O)[C@@H](NC(=O)[C@@H](NC(=O)[C@@H]6C[C@H](CN6C(=O)[C@@H](NC4=O)[C@@H](C)O)O)[C@@H]([C@H](C7=CC=C(C=C7)O)O)O)[C@@H](C)O)C)O)O)O
XUHMGFKQBWZWPO-UHFFFAOYSA-N,CCCCCCSC1=NSN=C1C2=CCCN(C2)C
DDFOUSQFMYRUQK-RCDICMHDSA-N,C[C@@H](C1=NC(=CS1)C2=CC=C(C=C2)C#N)[C@](CN3C=NC=N3)(C4=C(C=CC(=C4)F)F)O
PIEUQSKUWLMALL-YABMTYFHSA-N,CCCCCOC1=CC=C(C=C1)C2=CC(=NO2)C3=CC=C(C=C3)C(=O)N[C@H]4C[C@H]([C@H](NC(=O)[C@@H]5[C@H]([C@H](CN5C(=O)[C@@H](NC(=O)[C@@H](NC(=O)[C@@H]6C[C@H](CN6C(=O)[C@@H](NC4=O)[C@@H](C)O)O)[C@@H]([C@H](C7=CC(=C(C=C7)O)OS(=O)(=O)O)O)O)[C@@H](CC(=O)N)O)C)O)O)O
ZGJHIFYEQJEUKA-UHFFFAOYSA-N,CCCCNC(=O)C1=C(C=C(C=C1)Cl)O
RAGOYPUPXAKGKH-XAKZXMRKSA-N,CC[C@@H]([C@H](C)O)N1C(=O)N(C=N1)C2=CC=C(C=C2)N3CCN(CC3)C4=CC=C(C=C4)OC[C@H]5C[C@](OC5)(CN6C=NC=N6)C7=C(C=C(C=C7)F)F
RAGOYPUPXAKGKH-GCLJMXFQSA-N,CC[C@@H]([C@@H](C)O)N1C(=O)N(C=N1)C2=CC=C(C=C2)N3CCN(CC3)C4=CC=C(C=C4)OC[C@H]5C[C@](OC5)(CN6C=NC=N6)C7=C(C=C(C=C7)F)F
BHXLLRXDAYEMPP-SBGRAJFYSA-O,CO/N=C(/C1=CSC(=N1)N)\C(=O)N[C@H]2[C@@H]3N(C2=O)C(=C(CS3)C[N+]4=CC=C(N4CCO)N)C(=O)O
BHXLLRXDAYEMPP-FANKHUQVSA-O,CO/N=C(\C1=CSC(=N1)N)/C(=O)N[C@@H]2[C@H]3N(C2=O)C(=C(CS3)C[N+]4=CC=C(N4CCO)N)C(=O)O
WRNKIDLXXXIELU-IEBWSBKVSA-N,CN1CC2=CC=CC=C2[C@H]3[C@H]1CC4=CNC5=CC=CC3=C45
GCFBRXLSHGKWDP-XCGNWRKASA-N,CCN1CCN(C(=O)C1=O)C(=O)N[C@H](C2=CC=C(C=C2)O)C(=O)N[C@H]3[C@@H]4N(C3=O)C(=C(CS4)CSC5=NN=NN5C)C(=O)O
GCFBRXLSHGKWDP-KVUOWAFTSA-N,CCN1CCN(C(=O)C1=O)C(=O)NC(C2=CC=C(C=C2)O)C(=O)N[C@@H]3[C@H]4N(C3=O)C(=C(CS4)CSC5=NN=NN5C)C(=O)O
JQBKWZPHJOEQAO-DVPVEWDBSA-N,CC1=C(OC(=O)O1)COC(=O)C2=C(S[C@H]3N2C(=O)[C@@H]3[C@@H](C)O)[C@H]4CCCO4
JQBKWZPHJOEQAO-FEJOFABCSA-N,CC1=C(OC(=O)O1)COC(=O)C2=C(S[C@@H]3N2C(=O)[C@@H]3[C@@H](C)O)[C@H]4CCCO4
HGXLJRWXCXSEJO-GMSGAONNSA-N,CN1C(=NN=N1)SCC2=C(N3[C@@H]([C@@H](C3=O)NC(=O)CSC(F)(F)F)SC2)C(=O)O
JFPVXVDWJQMJEE-IZRZKJBUSA-N,CO/N=C(/C1=CC=CO1)\C(=O)N[C@H]2[C@@H]3N(C2=O)C(=C(CS3)COC(=O)N)C(=O)O
VTLCNEGVSVJLDN-UHFFFAOYSA-N,CC1=NN=C(S1)SCC2=C(N3C(C(C3=O)NC(=O)CN4C=C(C(=O)C(=C4)Cl)Cl)SC2)C(=O)O
HVFLCNVBZFFHBT-ZKDACBOMSA-N,C[N+]1(CCCC1)CC2=C(N3[C@@H]([C@@H](C3=O)NC(=O)/C(=N\OC)/C4=CSC(=N4)N)SC2)C(=O)[O-]
HVFLCNVBZFFHBT-FKULVZFESA-N,C[N+]1(CCCC1)CC2=C(N3[C@@H]([C@@H](C3=O)NC(=O)/C(=N/OC)/C4=CSC(=N4)N)SC2)C(=O)[O-]
DKOQGJHPHLTOJR-WHRDSVKCSA-N,CO/N=C(/C1=CSC(=N1)N)\C(=O)N[C@H]2[C@@H]3N(C2=O)C(=C(CS3)C[N+]4=CC=CC5=C4CCC5)C(=O)[O-]
DKOQGJHPHLTOJR-YSMPRRRNSA-O,CO/N=C(/C1=CSC(=N1)N)\C(=O)NC2C3N(C2=O)C(=C(CS3)C[N+]4=CC=CC5=C4CCC5)C(=O)O
XBJBPGROQZJDOJ-UHFFFAOYSA-N,CN1CCN(CC1)C2=C(C=C3C(=C2F)N(C=C(C3=O)C(=O)O)CCF)F
DXVUYOAEDJXBPY-NFFDBFGFSA-N,CC1([C@@H](N2[C@H](S1)[C@@H](C2=O)N3C(=O)[C@H](NC3(C)C)C4=CC=CC=C4)C(=O)O)C
QIPQASLPWJVQMH-DTORHVGOSA-N,C[C@@H]1CN(C[C@@H](N1)C)C2=C(C3=C(C(=C2F)F)C(=O)C(=CN3C4CC4)C(=O)O)F
NPGNOVNWUSPMDP-HLLBOEOZSA-N,CC1([C@@H](N2[C@H](S1)[C@@H](C2=O)N=CN3CCCCCC3)C(=O)OCOC(=O)C(C)(C)C)C
OTVAEFIXJLOWRX-NXEZZACHSA-N,CS(=O)(=O)C1=CC=C(C=C1)[C@H]([C@@H](CO)NC(=O)C(Cl)Cl)O
NJCJBUHJQLFDSW-UHFFFAOYSA-N,CN1CCN(CC1)C2=C(C=C3C4=C2SCCN4C=C(C3=O)C(=O)O)F
ZEKZLJVOYLTDKK-UHFFFAOYSA-N,CCN1C=C(C(=O)C2=CC(=C(C(=C21)F)N3CCNC(C3)C)F)C(=O)O
MLYYVTUWGNIJIB-BXKDBHETSA-N,CC1=NN=C(S1)SCC2=C(N3[C@@H]([C@@H](C3=O)NC(=O)CN4C=NN=N4)SC2)C(=O)O
MLYYVTUWGNIJIB-PKEIRNPWSA-N,CC1=NN=C(S1)SCC2=C(N3C([C@@H](C3=O)NC(=O)CN4C=NN=N4)SC2)C(=O)O
XDZKBRJLTGRPSS-BGZQYGJUSA-N,CC1=C(SC(=N1)SCC2=C(N3[C@@H]([C@@H](C3=O)NC(=O)/C(=N\OC)/C4=CSC(=N4)N)SC2)C(=O)O)CC(=O)O
XDZKBRJLTGRPSS-ZSKFQXOHSA-N,CC1=C(SC(=N1)SCC2=C(N3[C@@H]([C@@H](C3=O)NC(=O)/C(=N/OC)/C4=CSC(=N4)N)SC2)C(=O)O)CC(=O)O
XBHBWNFJWIASRO-UHFFFAOYSA-N,C1CN(CCN1)C2=C(C=C3C(=C2)N(C=C(C3=O)C(=O)O)C4=CC=C(C=C4)F)F
SUXQDLLXIBLQHW-UHFFFAOYSA-N,CC1N2C3=CC(=C(C=C3C(=O)C(=C2S1)C(=O)O)F)N4CCNCC4
PWAUCHMQEXVFJR-PMAPCBKXSA-N,CC1=CC(=O)C(=CN1)C(=O)N[C@H](C2=CC=C(C=C2)O)C(=O)N[C@H]3[C@@H]4N(C3=O)C(=C(CS4)CSC5=NN=NN5C)C(=O)O
PWAUCHMQEXVFJR-YZZKKUAISA-N,CC1=CC(=O)C(=CN1)C(=O)N[C@@H](C2=CC=C(C=C2)O)C(=O)N[C@H]3[C@@H]4N(C3=O)C(=C(CS4)CSC5=NN=NN5C)C(=O)O
PWAUCHMQEXVFJR-ZAZMHIJSSA-N,CC1=CC(=O)C(=CN1)C(=O)NC(C2=CC=C(C=C2)O)C(=O)N[C@H]3[C@@H]4N(C3=O)C(=C(CS4)CSC5=NN=NN5C)C(=O)O
YJQZYXCXBBCEAQ-ACJLOTCBSA-N,C[C@H](CCC1=CC=C(C=C1)O)NC[C@@H](C2=CC=C(C=C2)O)O
KMIPKYQIOVAHOP-YLGJWRNMSA-N,CC1=C(SC=N1)/C=C\C2=C(N3[C@@H]([C@@H](C3=O)NC(=O)/C(=N\OC)/C4=CSC(=N4)N)SC2)C(=O)O
OPYGFNJSCUDTBT-PMLPCWDUSA-N,CC1([C@@H](N2[C@H](S1)[C@@H](C2=O)NC(=O)[C@@H](C3=CC=CC=C3)N)C(=O)OCOC(=O)[C@H]4C(S(=O)(=O)[C@H]5N4C(=O)C5)(C)C)C
GJXWDTUCERCKIX-UHFFFAOYSA-N,C(CN(C=O)O)CP(=O)(O)O
MPTNDTIREFCQLK-HRAACVKBSA-N,[H+].CN1N=NN=C1SCC2=C(N3C(=O)[C@H]([C@H]3SC2)NC(=O)/C(=N/OC)/C4=CSC(=N4)N)C(=O)O.CN1N=NN=C1SCC2=C(N3C(=O)[C@H]([C@H]3SC2)NC(=O)/C(=N/OC)/C4=CSC(=N4)N)C(=O)O.[Cl-]
HJJDBAOLQAWBMH-YCRCPZNHSA-N,CN1C(=NN=N1)SCC2=C(N3[C@@H]([C@@H](C3=O)NC(=O)/C(=N\OC)/C4=CSC(=N4)N)SC2)C(=O)O
SOROUYSPFADXSN-SUWVAFIASA-N,CC1([C@@H](N2[C@H](S1)[C@@H](C2=O)NC(=O)[C@@H](C3=CC=CC=C3)N)C(=O)OC4C5=CC=CC=C5C(=O)O4)C
HGGAKXAHAYOLDJ-FHZUQPTBSA-N,C[C@H]([C@@H]1[C@@H]2N(C1=O)C(=C(S2)[C@H]3CCCO3)C(=O)O)O
MINDHVHHQZYEEK-HBBNESRFSA-N,C[C@H]([C@H]1[C@@H](O1)C[C@H]2CO[C@H]([C@@H]([C@@H]2O)O)C/C(=C/C(=O)OCCCCCCCCC(=O)O)/C)[C@H](C)O
BHELIUBJHYAEDK-OAIUPTLZSA-N,CC1([C@@H](N2[C@H](S1)[C@@H](C2=O)NC(=O)[C@@H](C3=CC=C(C=C3)O)NC(=O)[C@@H](CC(=O)NC)N)C(=O)O)C
OKBVVJOGVLARMR-VINNURBNSA-N,C=CC1=C(N2[C@@H]([C@@H](C2=O)NC(=O)/C(=N/OCC(=O)O)/C3=CSC(=N3)N)SC1)C(=O)O
OKBVVJOGVLARMR-QSWIMTSFSA-N,C=CC1=C(N2[C@@H]([C@@H](C2=O)NC(=O)/C(=N\OCC(=O)O)/C3=CSC(=N3)N)SC1)C(=O)O
ZKUKMWMSYCIYRD-ZXFNITATSA-N,CC1=C(OC(=O)O1)COC(=O)[C@H]2C(S[C@H]3N2C(=O)[C@H]3NC(=O)[C@@H](C4=CC=CC=C4)N)(C)C
KYGZCKSPAKDVKC-UHFFFAOYSA-N,CCN1C=C(C(=O)C2=CC3=C(C=C21)OCO3)C(=O)O
MBUVEWMHONZEQD-UHFFFAOYSA-N,CN1CCCC(CC1)N2C(=O)C3=CC=CC=C3C(=N2)CC4=CC=C(C=C4)Cl
FHFYDNQZQSQIAI-UHFFFAOYSA-N,CCN1C=C(C(=O)C2=CC(=C(C=C21)N3CCN(CC3)C)F)C(=O)O
XEFQLINVKFYRCS-UHFFFAOYSA-N,C1=CC(=C(C=C1Cl)O)OC2=C(C=C(C=C2)Cl)Cl
GPRBEKHLDVQUJE-QSWIMTSFSA-N,CC(=O)OCC1=C(N2[C@@H]([C@@H](C2=O)NC(=O)/C(=N\OC)/C3=CSC(=N3)N)SC1)C(=O)O
GPRBEKHLDVQUJE-VINNURBNSA-N,CC(=O)OCC1=C(N2[C@@H]([C@@H](C2=O)NC(=O)/C(=N/OC)/C3=CSC(=N3)N)SC1)C(=O)O
UNJFKXSSGBWRBZ-BJCIPQKHSA-N,C1C=C(N2[C@H](S1)[C@@H](C2=O)NC(=O)/C(=C\CC(=O)O)/C3=CSC(=N3)N)C(=O)O
QYQDKDWGWDOFFU-IUODEOHRSA-N,CN(C)CCN1C(=NN=N1)SCC2=C(N3[C@@H]([C@@H](C3=O)NC(=O)CC4=CSC(=N4)N)SC2)C(=O)O
QYQDKDWGWDOFFU-KEKZHRQWSA-N,CN(C)CCN1C(=NN=N1)SCC2=C(N3C([C@@H](C3=O)NC(=O)CC4=CSC(=N4)N)SC2)C(=O)O
GXXLUDOKHXEFBQ-YJFSRANCSA-N,C[C@@H]1[C@@H]2[C@H](C(=O)N2C(=C1SC3CN(C3)C4=NCCS4)C(=O)O)[C@@H](C)O
JETQIUPBHQNHNZ-OAYJICASSA-N,CC1([C@@H](N2[C@H](S1)[C@@H](C2=O)NC(=O)C(C3=CC=CC=C3)S(=O)(=O)O)C(=O)O)C
DPSPPJIUMHPXMA-UHFFFAOYSA-N,CC1CCC2=C3N1C=C(C(=O)C3=CC(=C2)F)C(=O)O
AERBNCYCJBRYDG-KSZLIROESA-N,CCCCCCCCCCCCCC[C@H]([C@H]([C@H](CO)N)O)O
HGGAKXAHAYOLDJ-PUCGJVDLSA-N,C[C@@H]([C@@H]1[C@H]2N(C1=O)C(=C(S2)[C@@H]3CCCO3)C(=O)O)O
JATLJHBAMQKRDH-UHFFFAOYSA-N,CC1CCC2=C3N1C=C(C(=O)C3=CC(=C2N4CCN(CC4)C)F)C(=O)O
IWIVCNVLSKNJJS-VLMZJYNESA-N,CO/N=C(/C1=CSC(=N1)N)\C(=O)N[C@H]2[C@@H]3N(C2=O)C(=C(CS3)C[N+]4=CC=C(C=C4)C5=CN=CO5)C(=O)[O-]
ROMLGDPRVIVYSV-UHFFFAOYSA-N,C1CN(CCN1)C2=C(C=C3C(=O)C(=CN(C3=N2)C4=CC=C(C=C4)F)C(=O)O)F
SKYPQEVVXGJKIJ-NSHDSACASA-N,CC1=C2C(=O)C(=CN(C2=NC(=C1F)N3CC[C@@H](C3)N)C4=C(C=C(C=C4)F)F)C(=O)O
RUXPNBWPIRDVTH-UHFFFAOYSA-N,CNN1C=C(C(=O)C2=CC(=C(C=C21)N3CCN(CC3)C)F)C(=O)O
LDVDKTLZRGWFID-UHFFFAOYSA-N,CCSC1=C(N2C(S1)C(C2=O)C(C)O)C(=O)O
HJXPKHCLLLRQDL-SZDZOZPASA-N,CC[N+]1=CC=C(C=C1)SCC2=C(N3[C@@H]([C@@H](C3=O)NC(=O)/C(=N\O[C@@H](C)C(=O)O)/C4=CSC(=N4)N)SC2)C(=O)[O-]
HJXPKHCLLLRQDL-HFCXZPKYSA-N,CC[N+]1=CC=C(C=C1)SCC2=C(N3[C@@H]([C@@H](C3=O)NC(=O)/C(=N/O[C@@H](C)C(=O)O)/C4=CSC(=N4)N)SC2)C(=O)[O-]
CXHKZHZLDMQGFF-ZSDSSEDPSA-N,CO/N=C(/C1=CSC(=N1)N)\C(=O)N[C@H]2[C@@H]3N(C2=O)C(=C(CS3)CSC4=CN=NS4)C(=O)O
DXKRGNXUIRKXNR-UHFFFAOYSA-N,CC1CCC2=C3N1C=C(C(=O)C3=CC(=C2C)F)C(=O)O
IXOLUVCRGNJKSZ-UHFFFAOYSA-N,C1CN(CC1N)C2=C(C=C3C(=O)C(=CN(C3=N2)C4=C(C=C(C=C4)F)F)C=O)F
IUQKXTKLHSXZNO-UHFFFAOYSA-N,C1CC1N2C=C(C(=O)C3=CC(=C(C(=C32)Cl)N4CC(C4)N)F)C(=O)O
CJHRREBFISGMEQ-OQPBUACISA-N,C[C@@H]1CN(C[C@@H]1N)C2=C(C=C3C(=C2Cl)N(C=C(C3=O)C(=O)O)C4COC4)F
OGJPXUAPXNRGGI-UHFFFAOYSA-N,CCN1C=C(C(=O)C2=CC(=C(C=C21)N3CCNCC3)F)C(=O)O
MYSWGUAQZAJSOK-UHFFFAOYSA-N,C1CC1N2C=C(C(=O)C3=CC(=C(C=C32)N4CCNCC4)F)C(=O)O
IVBHGBMCVLDMKU-DZZKQEIESA-N,CCN1CCN(C(=O)C1=O)C(=O)NC(C2=CC=CC=C2)C(=O)N[C@@H]3[C@@H]4N(C3=O)[C@H](C(S4)(C)C)C(=O)O
IVBHGBMCVLDMKU-GXNBUGAJSA-N,CCN1CCN(C(=O)C1=O)C(=O)N[C@H](C2=CC=CC=C2)C(=O)N[C@H]3[C@@H]4N(C3=O)[C@H](C(S4)(C)C)C(=O)O
ABQYZRZVRIPTPI-UHFFFAOYSA-N,CON1C=C(C(=O)C2=CC3=C(C=C21)OCO3)C(=O)O
XBPZXDSZHPDXQU-UHFFFAOYSA-N,CCN1C=C(C(=O)C2=C1C=C(C=C2)C3=CC=NC=C3)C(=O)O
MUKSDTOOLRNSIO-QMMMGPOBSA-N,C1CN(C[C@H]1N)C2=C(C=C3C(=O)C(=CN(C3=N2)C4CC4)C(=O)O)F
MUKSDTOOLRNSIO-UHFFFAOYSA-N,C1CC1N2C=C(C(=O)C3=CC(=C(N=C32)N4CCC(C4)N)F)C(=O)O
MJHYBJOMJPGNMM-KGWLDMEJSA-N,C[C@]12C[C@@H]([C@H]3[C@H]([C@@H]1CC[C@@]2(C(=O)COC(=O)C4=CC=C(C=C4)CO[N+](=O)[O-])O)CCC5=CC(=O)C=C[C@]35C)O
MJMVUQNNSOBCGF-UHFFFAOYSA-N,CC1=C2C(=CC(=C1N3CC(C3)NC(C)C)F)C(=O)C(=CN2C4=C(C=C(C(=N4)N)F)F)C(=O)O
RZLHGQLYNZQZQQ-UHFFFAOYSA-N,CCN1C=C(C(=O)C2=CC(=C(C=C21)N3C=CC=C3)F)C(=O)O
UIRKNQLZZXALBI-MSVGPLKSSA-N,C[C@H](CC[C@H](C(C)C)OS(=O)(=O)O)[C@H]1CC[C@@H]2[C@@]1(CC[C@H]3[C@H]2[C@@H](C[C@@H]4[C@@]3(CC[C@@H](C4)NCCCNCCCCN)C)O)C
UIRKNQLZZXALBI-GSDBPZLUSA-N,C[C@H](CC[C@H](C(C)C)OS(=O)(=O)O)C1CC[C@@H]2[C@@]1(CC[C@H]3[C@H]2[C@@H](C[C@@H]4[C@@]3(CC[C@@H](C4)NCCCNCCCCN)C)O)C
LEILBPMISZFZQK-GFCCVEGCSA-N,CC1=C2C(=C(C(=C1N3C[C@H](C4(C3)CC4)N)F)N)C(=O)C(=CN2C5CC5)C(=O)O
NXKOWQUWRFWFDS-NOZJJQNGSA-N,C[C@@H]1CN(C[C@H]1N)C2=C(C=C3C(=O)C(=CN(C3=N2)C(C)(C)C)C(=O)O)F
OUXXDXXQNWKOIF-RYUDHWBXSA-N,C[C@H]1CCC2=C3N1C=C(C(=O)C3=CC(=C2N4CCC(CC4)OC(=O)[C@H](C)N)F)C(=O)O
KNHLHFDFFDCJJR-NXEZZACHSA-N,CC(C)(C)N1C=C(C(=O)C2=CC(=C(N=C21)N3C[C@H]4C[C@@H]3CN4)F)C(=O)O
ZASYVQUJFRKPOO-NSHDSACASA-N,COC1=C(C=CC2=C1N(C=C(C2=O)C(=O)O)C3CC3)N4CCC[C@@H](C4)N
AUJKWLGOXRSXRX-JVXZTZIISA-N,C[C@H]1[C@@H](CN1C2=C(C=C3C(=O)C(=CN(C3=N2)C4CC4)C(=O)O)F)N
IPPHNIGBWNJLAF-RDQAVJLLSA-N,C/C=C/C1=C(N2[C@@H]([C@@H](C2=O)NC(=O)/C(=N\O)/C3=CSC(=N3)N)SC1)C(=O)O
ISJRMOARTUIEPA-UHFFFAOYSA-N,C1CC1N2C=C(C(=O)C3=CC(=C(C=C32)N4C=CC=C4)F)C(=O)O
LTDOHCZUKCZDEQ-BJOHPYRUSA-N,C[C@H]1[C@@H](CN1C2=C(C=C3C(=C2)N(C=C(C3=O)C(=O)O)C4=C(C=C(C=C4)F)F)F)N
ALRZZABRVIYCNY-UHFFFAOYSA-N,CN1C2CCC1CN(C2)C3=C(C=C4C(=C3)N(C=C(C4=O)C(=O)O)C5CC5)F
PMBHAWNZPPNADR-UHFFFAOYSA-N,CC1(CN(CCC1N)C2=C(C=C3C(=C2OC)N(C=C(C3=O)C(=O)O)C4CC4)F)C
XSPUSVIQHBDITA-RKYNPMAHSA-N,CC1=NN(N=N1)CC2=C(N3[C@@H]([C@@H](C3=O)NC(=O)/C(=N\OC)/C4=CSC(=N4)N)SC2)C(=O)O
IRRYFLAZTLGICF-UHFFFAOYSA-N,CCN1C=C(C(=O)C2=CC3=C(C=CO3)N=C21)C(=O)O
WYUSVOMTXWRGEK-HBWVYFAYSA-N,COCC1=C(N2[C@@H]([C@@H](C2=O)NC(=O)/C(=N\OC)/C3=CSC(=N3)N)SC1)C(=O)O
RHRAMPXHWHSKQB-UHFFFAOYSA-N,CC1(COC(C(C1NC)O)OC2C(CC(C(C2O)OC3C(C(C(C(O3)CN)O)O)O)N)N)O
QPDYBCZNGUJZDK-DNQXCXABSA-N,C1CNC[C@@H]1OC2=C(C=C(C=C2NC(=O)C3=CC(=NC=N3)C(=O)NC4=CC(=CC(=C4O[C@@H]5CCNC5)NC(=O)CCCCN=C(N)N)C(F)(F)F)C(F)(F)F)NC(=O)CCCCN=C(N)N
NUZMJDHDPVKFJN-TYDXHICZSA-N,COC1=CC(=CC(=C1O)OC)[C@H]2[C@@H]3[C@H](COC3=O)[C@@H](C4=CC5=C(C=C24)OCO5)NC(=O)CNCCCNCCCCNCCCN
NUZMJDHDPVKFJN-ZGKJISJMSA-N,COC1=CC(=CC(=C1O)OC)[C@H]2C3C(COC3=O)[C@@H](C4=CC5=C(C=C24)OCO5)NC(=O)CNCCCNCCCCNCCCN
FLSUCZWOEMTFAQ-PRBGKLEPSA-N,C[C@H]([C@@H]1[C@@H]2N(C1=O)C(=C(S2)S[C@H]3CC[S@@](=O)C3)C(=O)O)O
FLSUCZWOEMTFAQ-UHFFFAOYSA-N,CC(C1C2N(C1=O)C(=C(S2)SC3CCS(=O)C3)C(=O)O)O
BSMNRYCSBFHEMQ-GZMMTYOYSA-N,C1[C@@H]2[C@]1(CNC2)C3=CC(=C(C=C3)Cl)Cl
VQYYQSZNRVQLIS-UHFFFAOYSA-N,CC1=C(C(=O)N(N1C)C2=CC=CC=C2)C(=O)NC3=CC(=C(C=C3)OC4=C5C=CC(=CC5=NC=C4)OCC(C)(C)O)F
ZCBUQCWBWNUWSU-SFHVURJKSA-N,CN(C)C[C@@H]1CCN2C=C(C3=CC=CC=C32)C4=C(C5=CN(CCO1)C6=CC=CC=C65)C(=O)NC4=O
PFWVGKROPKKEDW-UHFFFAOYSA-N,CC(C)(C)NC(=O)C1=CC(=C(C=C1)OC2=C(C=C(C(=C2)F)CC(=O)O)Cl)NS(=O)(=O)C3=C(C=C(C=C3)C4CC4)Cl
SLZBEPLWGGRZAY-UHFFFAOYSA-N,CN1C2=C(C=CC1=O)C=C(C=C2)COC3=CC(=CC(=C3)C4(CCOCC4)OC)F
JPTSIWRGXIZEOO-UHFFFAOYSA-N,CC(C)OC1=C(N(C2=C1C=C(C=C2)OC)C3=CC=CC=C3)C(=O)NC4=NNN=N4
JUZYLCPPVHEVSV-LJQANCHMSA-N,CC(C)[C@@H](CO)N1C=C(C(=O)C2=C1C=C(C(=C2)CC3=C(C(=CC=C3)Cl)F)OC)C(=O)O
ZGRIPYHIFXGCHR-UHFFFAOYSA-N,CC1=C(C(C(=C(N1)C)C(=O)OC(C)C)C2=C3C(=CC=C2)OCO3)C(=O)OCCN(C)CC4=CC=C(C=C4)F
WEEYMMXMBFJUAI-UHFFFAOYSA-N,C1=CC=C(C=C1)CCNC2=NC(=CS2)C3=CC=CC=C3
BQSJTQLCZDPROO-UHFFFAOYSA-N,CC1=C(SC(=N1)C2=CC(=C(C=C2)OCC(C)C)C#N)C(=O)O
FGTCROZDHDSNIO-UHFFFAOYSA-N,C1=CC=C2C(=C1)C(=CC=N2)CNC3=C(SC=C3)C(=O)NC4=CC=C(C=C4)OC(F)(F)F
IPVFGAYTKQKGBM-BYPJNBLXSA-N,C1=C(C(=O)NC(=O)N1[C@H]2[C@H]([C@@H]([C@H](O2)CO)O)F)I
IPVFGAYTKQKGBM-UHFFFAOYSA-N,C1=C(C(=O)NC(=O)N1C2C(C(C(O2)CO)O)F)I
IPVFGAYTKQKGBM-GDBQBOEPSA-N,C1=C(C(=O)NC(=O)N1[C@H]2[C@H]([C@@H]([C@H](O2)CO)O)F)[124I]
SMQXDOVGKKMUIZ-UHFFFAOYSA-N,C1=CC=C(C=C1)C2=CSC(=N2)NC(=O)OCC(Cl)(Cl)Cl
BSMJHJAWPFPTKW-UHFFFAOYSA-N,CC(C)OC(=O)NC1=CC=C(C=C1)Cl
CDOOFZZILLRUQH-GDLZYMKVSA-N,CC1=C(C=CC=C1NC(=O)C2=CC3=C(S2)CCCC3)C4=CN(C(=O)C(=N4)NC5=CC=C(C=C5)[C@@H]6C(=O)N(CCN6C)C)C
KSGCNXAZROJSNW-UHFFFAOYSA-N,CCS(=O)(=O)C1=CC2=C(C=C1)OC(=N2)C3=CC4=CC=CC=C4C=C3
OTDRIRFHGNXOBO-HNNXBMFYSA-N,COC[C@@H](COC1=CC=C(C=C1)OCC2=CC(=CC=C2)Cl)O
VOVIALXJUBGFJZ-KWVAZRHASA-N,CCCC1O[C@@H]2C[C@H]3[C@@H]4CCC5=CC(=O)C=C[C@@]5([C@H]4[C@H](C[C@@]3([C@@]2(O1)C(=O)CO)C)O)C
SYWHXTATXSMDSB-GSLJADNHSA-N,CC(=O)OCC(=O)[C@]1(CC[C@@H]2[C@@]1(C[C@@H]([C@]3([C@H]2CCC4=CC(=O)CC[C@@]43C)F)O)C)O
SYWHXTATXSMDSB-KTPJVQSHSA-N,CC(=O)OCC(=O)[C@]1(CCC2C1(CC([C@]3(C2CCC4=CC(=O)CCC43C)F)O)C)O
GBTODAKMABNGIJ-VWLOTQADSA-N,C1=CC(=CC(=C1)S(=O)(=O)N)CCCCOCCCCCCNC[C@@H](C2=CC(=C(C=C2)O)CO)O
GBTODAKMABNGIJ-RUZDIDTESA-N,C1=CC(=CC(=C1)S(=O)(=O)N)CCCCOCCCCCCNC[C@H](C2=CC(=C(C=C2)O)CO)O
AKUJBENLRBOFTD-RPRRAYFGSA-N,C[C@@H]1C[C@H]2[C@@H]3CCC4=CC(=O)C=C[C@@]4([C@]3([C@H](C[C@@]2([C@]1(C(=O)COC(=O)C)O)C)O)F)C
AKUJBENLRBOFTD-QZIXMDIESA-N,C[C@H]1C[C@H]2[C@@H]3CCC4=CC(=O)C=C[C@@]4([C@]3([C@H](C[C@@]2([C@]1(C(=O)COC(=O)C)O)C)O)F)C
AKUJBENLRBOFTD-HIBZCRSPSA-N,C[C@@H]1CC2C3CCC4=CC(=O)C=C[C@@]4([C@]3([C@H](C[C@@]2([C@]1(C(=O)COC(=O)C)O)C)O)F)C
LNGNTCFORRWFSF-DVTGEIKXSA-N,C[C@H]1C[C@H]2[C@@H]3CCC4=CC(=O)C=C[C@@]4([C@]3([C@H](C[C@@]2([C@]1(C(=O)SC)O)C)O)F)C
IMOZEMNVLZVGJZ-QGZVFWFLSA-N,CCOC1=C(C=CC(=C1)[C@@H](CS(=O)(=O)C)N2C(=O)C3=C(C2=O)C(=CC=C3)NC(=O)C)OC
IMOZEMNVLZVGJZ-UHFFFAOYSA-N,CCOC1=C(C=CC(=C1)C(CS(=O)(=O)C)N2C(=O)C3=C(C2=O)C(=CC=C3)NC(=O)C)OC
JDOZJEUDSLGTLU-JEFZWPMTSA-N,C[C@]12C[C@@H](C3[C@H]([C@@H]1CC[C@@]2(C(=O)COP(=O)(O)O)O)CCC4=CC(=O)C=C[C@]34C)O
WBNNIURTBZHJTI-WDCKKOMHSA-N,CC(C)C1=CC=CC=C1OCC2=NCCN2.C[C@]12C[C@@H]([C@H]3[C@H]([C@@H]1CC[C@@]2(C(=O)COP(=O)(O)O)O)CCC4=CC(=O)C=C[C@]34C)O
JDOZJEUDSLGTLU-VWUMJDOOSA-N,C[C@]12C[C@@H]([C@H]3[C@H]([C@@H]1CC[C@@]2(C(=O)COP(=O)(O)O)O)CCC4=CC(=O)C=C[C@]34C)O
JDOZJEUDSLGTLU-YDAVOWJHSA-N,C[C@]12C[C@@H](C3C(C1CC[C@@]2(C(=O)COP(=O)(O)O)O)CCC4=CC(=O)C=C[C@]34C)O
GPNHMOZDMYNCPO-PDUMRIMRSA-N,CCC(=O)O[C@@]1(CC[C@@H]2[C@@]1(CC[C@H]3[C@H]2CCC4=CC(=O)CC[C@]34C)C)C(=O)CO
VQODGRNSFPNSQE-DVTGEIKXSA-N,C[C@H]1C[C@H]2[C@@H]3CCC4=CC(=O)C=C[C@@]4([C@]3([C@H](C[C@@]2([C@]1(C(=O)COP(=O)(O)O)O)C)O)F)C
VQODGRNSFPNSQE-IQSBSNNESA-N,C[C@@H]1CC2C3CCC4=CC(=O)C=CC4([C@]3(C(CC2([C@]1(C(=O)COP(=O)(O)O)O)C)O)F)C
VQODGRNSFPNSQE-CXSFZGCWSA-N,C[C@@H]1C[C@H]2[C@@H]3CCC4=CC(=O)C=C[C@@]4([C@]3([C@H](C[C@@]2([C@]1(C(=O)COP(=O)(O)O)O)C)O)F)C
PHEDXBVPIONUQT-RGYGYFBISA-N,CCCCCCCCCCCCCC(=O)O[C@@H]1[C@H]([C@]2([C@@H](C=C(C[C@]3([C@H]2C=C(C3=O)C)O)CO)[C@H]4[C@@]1(C4(C)C)OC(=O)C)O)C
XCPPIJCBCWUBNT-UHFFFAOYSA-N,C1COCCN1CC2=CC=C(C=C2)COC3=NC=CC(=N3)C(C#N)C4=NC5=CC=CC=C5S4
QSTYMRMEJNQSJW-UHFFFAOYSA-N,COC1=CC2=C(C=C1)OC(C2)CN3CCC4(CC3)C(=O)NCN4C5=CC=CC=C5
CXGTZJYQWSUFET-IBGZPJMESA-N,CCO[C@@H](CC1=CC=C(C=C1)OCCC2=CC=C(C=C2)OS(=O)(=O)C)C(=O)O
DYVIEGCPUPGXOH-HGGPGNIHSA-N,C[C@]12CCC(=O)C=C1CC[C@@H]3[C@@H]2[C@H](C[C@]4([C@H]3CC[C@@]4(C(=O)COC(=O)COC5=NN(C6=CC=CC=C65)CC7=CC=CC=C7)O)C)O
WOFMFGQZHJDGCX-ZULDAHANSA-N,C[C@@H]1C[C@H]2[C@@H]3CCC4=CC(=O)C=C[C@@]4([C@]3([C@H](C[C@@]2([C@]1(C(=O)CCl)OC(=O)C5=CC=CO5)C)O)Cl)C
VVWSSVXERSACCP-ZUXWQOPOSA-N,C[C@@H]1C[C@H]2[C@@H]3CCC4=CC(=O)C=C[C@@]4([C@]3([C@H](C[C@@]2([C@]1(C(=O)CCl)OC(=O)C5=CC=CO5)C)O)Cl)C.CC(CC1=CC=C(C=C1)OC)NCC(C2=CC(=C(C=C2)O)NC=O)O.CC(CC1=CC=C(C=C1)OC)NCC(C2=CC(=C(C=C2)O)NC=O)O.C(=C/C(=O)O)\C(=O)O
WOFMFGQZHJDGCX-DAUIHXSWSA-N,C[C@H]1C[C@@H]2[C@H]3CCC4=CC(=O)C=C[C@]4([C@@]3([C@@H](C[C@]2([C@@]1(C(=O)CCl)OC(=O)C5=CC=CO5)C)O)Cl)C
UAWXGRJVZSAUSZ-UHFFFAOYSA-N,CC1(CC2=C(C(=C(N2C1)CC(=O)O)C3=CC=C(C=C3)Cl)C4=CC=CC=C4)C
DWGXUDUOJPYAOR-UHFFFAOYSA-N,CCSC(=O)C1=CC(=CC=C1)C(=O)SCC
BWBONKHPVHMQHE-UHFFFAOYSA-N,CC(C)CCOC1=CC=C(C=C1)NC(=NC2=CC=C(C=C2)OCCC(C)C)S
CODRSYHZEISSJM-HNNXBMFYSA-N,CC(=O)NC[C@H]1CN(C(=O)O1)C2=CC(=C(C=C2)N3CC4=C(C3)N=CC=C4)F
JJBMTUJJQREOPY-NSHDSACASA-N,CC(=O)NC[C@H]1CN(C(=O)O1)C2=CC(=C(C=C2)N3C=CN=N3)F
WJSGOXONRXFGRY-UHFFFAOYSA-N,CCCCCOC1=C(C=C(C=C1)NC(=S)NC(=O)C2=CN=CC=C2)C(F)(F)F
ZXSGSFMORAILEY-HNNXBMFYSA-N,C1[C@@H](COC2=NC(=CN21)[N+](=O)[O-])OCC3=CN=C(C=C3)C4=CC=C(C=C4)OC(F)(F)F
MPMKMQHJHDHPBE-RUZDIDTESA-N,C[C@@]1(CCN1C(=O)C2=CSC3=CC=CC=C32)C(=O)N(CCCC(=O)O)CC4=CC(=CC=C4)Cl
KPQZUUQMTUIKBP-UHFFFAOYSA-N,CC1=NC=C(N1CC(C)O)[N+](=O)[O-]
VAOCPAMSLUNLGC-UHFFFAOYSA-N,CC1=NC=C(N1CCO)[N+](=O)[O-]
CUUCCLJJOWSASK-UHFFFAOYSA-N,CC1=NC=C(N1CCOC(=O)C2=CC=CC=C2)[N+](=O)[O-]
HJLSLZFTEKNLFI-UHFFFAOYSA-N,CCS(=O)(=O)CCN1C(=NC=C1[N+](=O)[O-])C
RDXLYGJSWZYTFJ-UHFFFAOYSA-N,C1CN(C(=O)N1)C2=NC=C(S2)[N+](=O)[O-]
TVKGTSHBQZEFEE-UHFFFAOYSA-N,C1=CC(=CC(=C1)O)NC2=NC(=NC=C2F)NC3=CC(=CC=C3)O
RILWUTQZRXWBOB-GIDUJCDVSA-N,CN1C(=CN=C1/C=N/N2CC(OC2=O)CN3CCOCC3)[N+](=O)[O-]
JYIUNVOCEFIUIU-GHMZBOCLSA-N,CN1C=C(C(=N1)OC)NC2=C3C(=NC(=N2)N4C[C@H]([C@@H](C4)F)NC(=O)C=C)N(C=N3)C
GZSOKPMDWVRVMG-UHFFFAOYSA-N,CS(=O)(=O)OCCN(CCBr)C1=C(C=C(C=C1[N+](=O)[O-])[N+](=O)[O-])C(=O)NCCOP(=O)(O)O
BNJYXTGPJCEASP-UHFFFAOYSA-N,CC(C)(C)C1=CC=CC(=C1OC)C(C2=NC=C(N2C)[N+](=O)[O-])O
XIYDIPLATGRHEC-SFHVURJKSA-N,CC1=NN=C(O1)C2=CC3=C(O2)C=CC=C3OC[C@H](CN4CCC(CC4)C5=CC(=C(C=C5)Cl)Cl)O
OVEVHVURWWTPFC-UHFFFAOYSA-N,CC1=NC=C(N1CCN=C(OC)S)[N+](=O)[O-]
LUUMLYXKTPBTQR-UHFFFAOYSA-N,CC1=CC(=C(N=C1)C(=O)C2=C3C=CNC3=NC=N2)NS(=O)(=O)C4=CC(=C(C=C4)Cl)C(F)(F)F
KJAAEKQTENJMDT-SFECMWDFSA-N,CCNC/C=C\CNCCCCNCCCCNC/C=C\CNCC
PGNHBJGIQAEIHD-UHFFFAOYSA-N,C1CN(CCN1CC2=CC=C(N2)C3=CC=C(C=C3)F)C4=CC=CC5=C4OC=C5
MPEPVADGJPDEQT-UHFFFAOYSA-N,CC1C2=CC=CC=C2CCN1C3=NC(=NC4=C3C=CC=C4OC)NC5=C(C=C(C=C5)F)C
UIWZIDIJCUEOMT-PKNBQFBNSA-N,COC1=C(C=CC(=C1)/C=C/C(=O)NC2=CC=CC=C2C(=O)O)OCC#C
KUBPNVYPKPWGRJ-LIVOIKKVSA-N,C1CNCCC1C(=O)N[C@H](CC2=CSC3=CC=CC=C32)C(=O)N[C@H](CC4=CNC5=CC=CC=C54)C(=O)N[C@@H](CC6=CC=CC=C6)C(=O)NC7(CCNCC7)C(=O)N
SWXOGPJRIDTIRL-DOUNNPEJSA-N,CC(C)[C@H]1C(=O)N[C@@H](CSSC[C@@H](C(=O)N[C@H](C(=O)N[C@@H](C(=O)N[C@H](C(=O)N1)CCCCN)CC2=CNC3=CC=CC=C32)CC4=CC=C(C=C4)O)NC(=O)[C@@H](CC5=CC=CC=C5)N)C(=O)N[C@@H](CC6=CNC7=CC=CC=C76)C(=O)N
SWXOGPJRIDTIRL-UHFFFAOYSA-N,CC(C)C1C(=O)NC(CSSCC(C(=O)NC(C(=O)NC(C(=O)NC(C(=O)N1)CCCCN)CC2=CNC3=CC=CC=C32)CC4=CC=C(C=C4)O)NC(=O)C(CC5=CC=CC=C5)N)C(=O)NC(CC6=CNC7=CC=CC=C76)C(=O)N
ADNPLDHMAVUMIW-CUZNLEPHSA-N,CC(C)C[C@@H](C(=O)N[C@@H](CCSC)C(=O)N)NC(=O)CNC(=O)[C@H](CC1=CC=CC=C1)NC(=O)[C@H](CC2=CC=CC=C2)NC(=O)[C@H](CCC(=O)N)NC(=O)[C@H](CCC(=O)N)NC(=O)[C@@H]3CCCN3C(=O)[C@H](CCCCN)NC(=O)[C@@H]4CCCN4C(=O)[C@H](CCCN=C(N)N)N
RVWNMGKSNGWLOL-GIIHNPQRSA-N,CC1=C(C2=CC=CC=C2N1)C[C@H](C(=O)N[C@@H](C)C(=O)N[C@@H](CC3=CNC4=CC=CC=C43)C(=O)N[C@H](CC5=CC=CC=C5)C(=O)N[C@@H](CCCCN)C(=O)N)NC(=O)[C@H](CC6=CN=CN6)N
WZHKXNSOCOQYQX-FUAFALNISA-N,C[C@@H](C(=O)N[C@@H](CC1=CNC2=CC=CC=C21)C(=O)N[C@H](CC3=CC=CC=C3)C(=O)N[C@@H](CCCCN)C(=O)N)NC(=O)[C@@H](CC4=CNC5=CC=CC=C54)NC(=O)[C@H](CC6=CN=CN6)N
YDMBNDUHUNWWRP-VJBWXMMDSA-N,C1CCN([C@@H](C1)C(=O)N[C@@H](CCCN=C(N)N)C(=O)NC2=CC=C(C=C2)[N+](=O)[O-])C(=O)[C@@H](CC3=CC=CC=C3)N
PWFIFNGOPQUNIT-ITMZJIMRSA-N,COC1=C(C=C(C=C1)NC(=O)[C@H](CCCCN)N)C(=O)N[C@@H](CCCCN)C(=O)NC2=CC(=C(C=C2)OC)C(=O)N[C@@H](CCCCN)C(=O)NC3=CC(=C(C=C3)OC)C(=O)N[C@@H](CCCCN)C(=O)NC4=CC(=C(C=C4)OC)C(=O)N
PWFIFNGOPQUNIT-NHYXAHLCSA-N,COC1=C(C=C(C=C1)NC(=O)[C@H](CCCCN)N)C(=O)N[C@H](CCCCN)C(=O)NC2=CC(=C(C=C2)OC)C(=O)N[C@H](CCCCN)C(=O)NC3=CC(=C(C=C3)OC)C(=O)N[C@H](CCCCN)C(=O)NC4=CC(=C(C=C4)OC)C(=O)N
NEHWBYHLYZGBNO-BVEPWEIPSA-N,CC(C)(C(=O)N[C@@H](CC1=CN=CN1)C(=O)N[C@H](CC2=CC3=CC=CC=C3C=C2)C(=O)N[C@H](CC4=CC=CC=C4)C(=O)N[C@@H](CCCCN)C(=O)N)N
SRPXSILJHWNFMK-MEDUHNTESA-N,C1C[C@H](C2=CC=CC=C2[C@@H]1C3=CC(=C(C=C3)Cl)Cl)N
SRPXSILJHWNFMK-CHPOKUKFSA-N,C1CC(C2=CC=CC=C2[C@@H]1C3=CC(=C(C=C3)Cl)Cl)N
YSPFONMJJGFGKC-KGEOJHTKSA-N,C[C@H](C(=O)N[C@H](CCCCN)C(=O)N[C@H](CC1=CC=CC2=CC=CC=C21)C(=O)O)NC(=O)[C@@H](CCC(=O)N)NC(=O)[C@@H](CC3=CC=CC4=CC=CC=C43)NC(=O)[C@@H](CCCN=C(N)N)NC(=O)[C@@H](CC5=CC=CC=C5)NC(=O)[C@@H](CC(C)C)NC(=O)[C@@H](CCCCN)N
JENWDDCMEATQSR-ONSKYXJOSA-N,CCNC(=O)[C@@H](CC(C)C)NC(=O)[C@H](CCCN=C(N)N)N(C)C(=O)[C@H](CCCN=C(N)N)NC(=O)[C@H](CC(C)C)NC(=O)[C@H](CC1=CC=CC=C1)NC(=O)CNC(=O)CNC(=O)[C@H](CC2=CC=C(C=C2)O)NC
NVZLKNHDHPPJHL-RMIXPHLWSA-N,C(C[C@H]1C(=O)N[C@H](C(=O)N[C@H](C(=O)N[C@H](C(=O)N[C@H](C(=O)N[C@H](C(=O)N[C@H](C(=O)N1)CCCN=C(N)N)CCCN=C(N)N)CCCN=C(N)N)CCCN=C(N)N)CCCN=C(N)N)CCCN=C(N)N)CN=C(N)N
MGSNWNLPMHXGDD-DFWOJPNQSA-N,C1=CC=C(C=C1)C[C@H](C(=O)N[C@@H](CCCCN)C(=O)N)NC(=O)[C@H](CC2=CNC3=CC=CC=C32)NC(=O)[C@@H](CCCCN)NC(=O)[C@@H](CC4=CNC5=CC=CC=C54)NC(=O)[C@H](CC6=CN=CN6)N
BYPIURIATSUHDW-UHFFFAOYSA-N,CC(C)CC1=CC=C(C=C1)C(C)C(=O)NO
RDQSNNMSDOHAPG-UHFFFAOYSA-N,CC1=C2C(=CC=C1)N(C(=N2)NC3CCN(CC3)CCN)CC4=C(C=CC(=N4)C)O
DFXFDNPRHWLXON-AANMMBORSA-N,CC1=C(C2=CC=CC=C2N1)C[C@H](C(=O)N[C@H](CC3=C(NC4=CC=CC=C43)C)C(=O)N[C@@H](CC5=C(NC6=CC=CC=C65)C)C(=O)N[C@@H](CCCCN)C(=O)N)NC(=O)CCCN
OINMSSZOBLWDTB-LDPSCSCQSA-N,C[C@H]([C@H]1C(=O)NCC[C@@H](C(=O)N[C@H](C(=O)N[C@@H](C(=O)N[C@H](C(=O)N[C@H](C(=O)N[C@H](C(=O)N1)CCN)CCN)CC(C)C)CC2=CC=CC=C2)CCN)NC(=O)[C@H](CCN)NC(=O)[C@H]([C@@H](C)O)NC(=O)[C@H](CCN)NC(=O)NC3=CC=CC=C3Cl)O
IKARRQFFZRTPEB-UHFFFAOYSA-N,CC(C)(C)C1=C(C=CC(=C1)C2CCCCC2)OC(=O)C3=CN=CC=C3
RZERRLOTRSJIAW-NEPGVILWSA-N,C1C2CC3CC1CC(C2)(C3)CN4C5=CC=CC=C5N(C(=O)[C@@H](C4=O)NC(=O)NC6=CC=CC=C6)C7=CC=CC=C7
UEFWDVMEDFCHGW-UHFFFAOYSA-N,CC(C)(CN1CCN(CC1)C2=NC3=CC=CC=C3OC4=CC=CC=C42)C(=O)O
MMNNTJYFHUDSKL-UHFFFAOYSA-N,CC1=C(C=C(C=C1)Cl)N2C(=O)C3=CC=CC=C3C2(C4=CC5=C(C=C4)N=C(N5)NC(=O)OC)O
ODUOJXZPIYUATO-UHFFFAOYSA-N,CC(=O)SCC(CC1=CC=CC=C1)C(=O)NCC(=O)OCC2=CC=CC=C2
ADFCQWZHKCXPAJ-UHFFFAOYSA-N,C1C(COC2=C1C=CC(=C2)O)C3=CC=C(C=C3)O
ADFCQWZHKCXPAJ-GFCCVEGCSA-N,C1[C@H](COC2=C1C=CC(=C2)O)C3=CC=C(C=C3)O
LILGMDXLRPEBNH-HFZDXXHNSA-N,CN1C(=O)N(C(=O)[C@]12CN(C[C@H]2C3=CC=C(C=C3)C#N)C4=NC=C(C=C4)C(=O)O)C5=CC(=CC(=C5)Cl)Cl
LDMWSLGGVTVJPG-UHFFFAOYSA-N,CC1=CC(=NN=C1NCCN2CCOCC2)C3=CC=CC=C3
NOIIUHRQUVNIDD-UHFFFAOYSA-N,C1=CC=C(C=C1)CNC(=O)CCNNC(=O)C2=CC=NC=C2
JLICHNCFTLFZJN-UHFFFAOYSA-N,CCC1(CCCCN(C1)C)C2=CC(=CC=C2)O
GJUFPAZNBPFNRI-UHFFFAOYSA-N,COC1=C(C=C(C=C1)S(=O)(=O)N2CCCN(CC2)S(=O)(=O)C3=CC(=C(C=C3)OC)OC)OC
UBLHYKNVKKEDSV-UHFFFAOYSA-N,CC(C)N1CCN(C(C1)C2=NCCN2)C(C)C
CTUICISGLKIJLG-UHFFFAOYSA-N,CC1=NC=CN1CC2=CC=CC=N2
KPMDCTAAOGEIKO-UHFFFAOYSA-N,CN1C(=O)CN(C1=N)C2=CC=CC=C2
HLFSDGLLUJUHTE-SNVBAGLBSA-N,C1CSC2=N[C@H](CN21)C3=CC=CC=C3
COVZYZSDYWQREU-UHFFFAOYSA-N,CS(=O)(=O)OCCCCOS(=O)(=O)C
KVBGVZZKJNLNJU-UHFFFAOYSA-N,C1=CC=C2C=C(C=CC2=C1)S(=O)(=O)O
HVMKWKIPLGPYAR-UHFFFAOYSA-N,COC1=CC=CC=C1N2CCN(CC2)CCN(C3=CC=CC=C3[N+](=O)[O-])C(=O)C4CCCCC4
UCFGDBYHRUNTLO-QHCPKHFHSA-N,CC[C@@]1(C2=C(COC1=O)C(=O)N3CC4=CC5=C(C=CC(=C5CN(C)C)O)N=C4C3=C2)O
SQVRNKJHWKZAKO-PFQGKNLYSA-N,CC(=O)N[C@@H]1[C@H](C[C@](O[C@H]1[C@@H]([C@@H](CO)O)O)(C(=O)O)O)O
SQVRNKJHWKZAKO-KOCQRMDASA-N,CC(=O)N[C@@H]1C(CC(OC1[C@@H]([C@@H](CO)O)O)(C(=O)O)O)O
SQVRNKJHWKZAKO-YRMXFSIDSA-N,CC(=O)N[C@@H]1[C@H](C[C@@](O[C@H]1[C@@H]([C@@H](CO)O)O)(C(=O)O)O)O
DLGOEMSEDOSKAD-UHFFFAOYSA-N,C(CCl)NC(=O)N(CCCl)N=O
ISSKMEQROMFEHL-UHFFFAOYSA-N,C1=CC=C(C=C1)S(=O)(=O)NCCC2=CC=C(S2)OCC(=O)O
KGSXMPPBFPAXLY-UHFFFAOYSA-N,CCOC1=NC2=CC=CC(=C2N1CC3=CC=C(C=C3)C4=CC=CC=C4C5=NC(=O)ON5)C(=O)O
UZVHFVZFNXBMQJ-UHFFFAOYSA-N,CC(C)CC1(C(=O)NC(=O)NC1=O)CC=C
XRGNABQSJLQUGV-UHFFFAOYSA-N,CN1C=NC2=C1C=CN=C2OCC3=CC=CC=C3Cl
BDXXSFOJPYSYOC-UHFFFAOYSA-N,CC1=NC2=C(N1)C=C(C=C2)C(=O)N3CCC4(CC3)CC5=C(C(=O)C4)N(N=C5)C(C)C
ZJVAVRRLTFVZIP-UHFFFAOYSA-N,C1CN(P(=O)(OC1)NCCBr)CCCl
PWZUUYSISTUNDW-UHFFFAOYSA-N,CC12CCC3C(C1CCC2(C#C)O)CCC4=C3C=CC(=C4)OC5CCCC5
PWZUUYSISTUNDW-BOSQQAFTSA-N,C[C@]12CCC3C(C1CC[C@]2(C#C)O)CCC4=C3C=CC(=C4)OC5CCCC5
ALCSGJCIESECFD-UHFFFAOYSA-N,C1=CN(N=C1NC(=NCC(F)(F)F)N)CCCCC(=O)N
QFOBHYKKXFZEPW-UHFFFAOYSA-N,CC1(C(=O)C2=C(C=C(C=C2N(C1=O)CC3=CC=CC=C3)Cl)N4CCNCC4)C5=CC=C(C=C5)O
GXCZZAKPGMYPDJ-UHFFFAOYSA-N,CCC1=CC=CC=C1C2=NC(=NN2)C3=CC(=CC=C3)OC
CDKNUFNIFGPFSF-AYVLZSQQSA-N,CCCC(=O)O[C@@]1(CC[C@@H]2[C@@]1(C[C@@H]([C@H]3[C@H]2CCC4=CC(=O)CC[C@]34C)O)C)C(=O)CSC(=O)CC
CDKNUFNIFGPFSF-XZSSAKSRSA-N,CCCC(=O)O[C@@]1(CC[C@@H]2[C@@]1(CC([C@H]3[C@H]2CCC4=CC(=O)CC[C@]34C)O)C)C(=O)CSC(=O)CC
DBESQBZOXMCXPV-UHFFFAOYSA-N,C1CN(CCC1C(=O)C2=CC=C(C=C2)F)CCCN3C4=C(C=C(C=C4)Cl)NC3=O
LRKDYEMHDRMUKA-WOJBJXKFSA-N,COC1=CC(=CC(=C1OC)OC)[C@H]2CC[C@@H](S2)C3=CC(=C(C(=C3)OC)OC)OC
VIWMXLPFMKLOCQ-UHFFFAOYSA-N,COC(=O)C1=C(C(=CN1)C2=CC=C(C=C2)Br)N3CCOCC3
AERLHOTUXIJQFV-AIAJZDAFSA-N,C1CN(CCN1CCCCN2C(=O)[C@H]3[C@@H]4C=C[C@H]([C@H]3C2=O)[C@@H]5[C@H]4C=C5)C6=NC=CC=N6
AERLHOTUXIJQFV-UHFFFAOYSA-N,C1CN(CCN1CCCCN2C(=O)C3C4C=CC(C3C2=O)C5C4C=C5)C6=NC=CC=N6
AERLHOTUXIJQFV-RCPZPFRWSA-N,C1CN(CCN1CCCCN2C(=O)[C@@H]3[C@@H]4C=C[C@H]([C@@H]3C2=O)[C@@H]5[C@H]4C=C5)C6=NC=CC=N6
OJSFTALXCYKKFQ-YLJYHZDGSA-N,CN1CC[C@@H]([C@H](C1)COC2=CC=C(C=C2)OC)C3=CC=CC=C3
OJSFTALXCYKKFQ-UHFFFAOYSA-N,CN1CCC(C(C1)COC2=CC=C(C=C2)OC)C3=CC=CC=C3
WTPSHLVHJOJDIF-UHFFFAOYSA-N,C1CCC2=NC3=C(CN2CC1)C(=CC(=C3)Cl)Cl
XJXLRNPVSQADMZ-UHFFFAOYSA-N,CC1=CC(=C2C(=N1)C=CC3=C2N=CN3)NC4=CC=C(C=C4)N(C)C(=O)C
WINXAKJYORVNHU-UHFFFAOYSA-N,CC(C1=CC=C(C=C1)C2=CSC=C2)C(=O)OC
FJEJHJINOKKDCW-INIZCTEOSA-N,CC1=CN=C(C=N1)NC(=O)C2=CC(=CC(=C2)O[C@@H](C)COC)OC3=NC=C(N=C3)C(=O)N4CCC4
ZOWQTJXNFTWSCS-IAQYHMDHSA-N,C[C@@]12CCN(C[C@@H](C1)CC3=C2C=C(C=C3)O)C
ZOWQTJXNFTWSCS-XHDPSFHLSA-N,C[C@@]12CCN(C[C@H](C1)CC3=C2C=C(C=C3)O)C
ZOWQTJXNFTWSCS-UHFFFAOYSA-N,CC12CCN(CC(C1)CC3=C2C=C(C=C3)O)C
UXAWFWFJXIANHZ-UHFFFAOYSA-N,CCCC(=O)C1=CC=CC=C1OCCN(C(C)C)C(C)C
UXOWGYHJODZGMF-NDBXHCKUSA-N,CC(C)[C@@H](CC1=CC(=C(C=C1)OC)OCCCOC)C[C@@H]([C@H](C[C@H](C(C)C)C(=O)NCC(C)(C)C(=O)N)O)N
KGWIADSYOGHOLK-JSOSNVBQSA-N,CC(=O)O[C@@H]1[C@@H](SC2=C(C=CC(=C2)Cl)N(C1=O)CCCN3CCN(CC3)C4=CC=CC=C4OC)C5=CC=C(C=C5)OC
ITLRQEKXUKZTPG-UHFFFAOYSA-N,CCOC1=CC2=C(C=C1)C(CN2)(C)C
ALQXIMVNPRVWQA-VHDGCEQUSA-N,CN1[C@@H]([C@H]2[C@@H](O1)CCCC2=O)CC3=CC=CC=C3
QADHLRWLCPCEKT-LOVVWNRFSA-N,C[C@]12CC[C@H]3[C@H]([C@@H]1CC[C@@H]2O)CC=C4[C@@]3(CC[C@@H](C4)O)C
DUHARNKZLBMPBS-UHFFFAOYSA-N,CC1=CC(=C(C(=C1)C)CC2=NCCN2)C
WZRCQWQRFZITDX-UHFFFAOYSA-N,C1CNC(C2=CC(=C(C=C21)O)O)CC3=CC=C(C=C3)O
RMSWMRJVUJSDGN-UHFFFAOYSA-N,CC1C2=NN=C(N2C3=C(C=C(S3)CCC4=CC=C(C=C4)CC(C)C)C(=N1)C5=CC=CC=C5Cl)C
DQOYUDHAZMAVLD-UHFFFAOYSA-N,C1CCN(C1)CCOC(=O)C2=CC=CC=C2NC3=C4C=CC(=CC4=NC=C3)C(F)(F)F
GDCDJDVICJMYLY-HBMCJLEFSA-N,CC(C)C[C@H]([C@H](CC=C)C(=O)NO)C(=O)N[C@@H](C1=CC=CC=C1)C(=O)OC2CCCC2
ULDZFCNXQRYRSI-UHFFFAOYSA-N,CC(C)(CCCCOCCCCC(C)(C)CO)CO
SYZWOOODCAMXPL-SFHVURJKSA-N,CC(C)(CCC1=CC=C(C=C1)C(=O)N)NC[C@@H](C2=CC=CC=C2)O
SYZWOOODCAMXPL-GOSISDBHSA-N,CC(C)(CCC1=CC=C(C=C1)C(=O)N)NC[C@H](C2=CC=CC=C2)O
JLGWAGKPIWGUEH-NGLMKZPHSA-O,CCCCCCCC/C=C\CCCCCCCC(=O)O[C@H]1C[C@@H](O[C@@H]1COP(=O)(O)OCC[N+](C)(C)C)N2C=C(C(=O)NC2=O)F
JLGWAGKPIWGUEH-OUKQBFOZSA-N,CCCCCCCC/C=C/CCCCCCCC(=O)OC1CC(OC1COP(=O)([O-])OCC[N+](C)(C)C)N2C=C(C(=O)NC2=O)F
MZGQIBQVSJDWHM-UHFFFAOYSA-N,COC1=CC2=C(C=C1)N(C(=O)N=C2C3=CC=CC=C3)CC(F)(F)F
ZJFFPGMGWOEQLF-UHFFFAOYSA-N,CN(CCCNCC1=CC2=C(C=C1)OCO2)C3=NC(=NS3)N4C=CN=C4
NCKMMSIFQUPKCK-UHFFFAOYSA-N,C1=CC=C(C=C1)CC2=C(C=CC(=C2)Cl)O
UREBDLICKHMUKA-CXSFZGCWSA-N,C[C@@H]1C[C@H]2[C@@H]3CCC4=CC(=O)C=C[C@@]4([C@]3([C@H](C[C@@]2([C@]1(C(=O)CO)O)C)O)F)C
