,CNN_CNN_BindingDB_IC50,MPNN_CNN_DAVIS,Morgan_CNN_BindingDB_IC50,Morgan_AAC_BindingDB_IC50,Daylight_AAC_BindingDB_IC50,CNN_CNN_DAVIS,CNN_CNN_BindingDB,Morgan_CNN_BindingDB,Morgan_CNN_DAVIS,MPNN_CNN_BindingDB,MPNN_CNN_KIBA,Transformer_CNN_BindingDB,Daylight_AAC_DAVIS,Daylight_AAC_KIBA,Daylight_AAC_BindingDB,Morgan_AAC_BindingDB,Morgan_AAC_KIBA,Morgan_AAC_DAVIS
Aclidinium,8.1,9.94,7.5,7.07,6.3,5.73,8.01,8.46,5.17,6.51,11.97,6.9,6.5,11.93,7.45,6.92,11.56,5.22
Midostaurin,7.06,5.16,5.55,5.65,6.16,5.51,6.16,5.14,5.81,5.87,11.52,6.59,5.03,13.41,6.26,5.17,13.23,5.46
"(2S)-4-(2,5-difluorophenyl)-N-[(3R,4S)-3-fluoro-1-methylpiperidin-4-yl]-2-(hydroxymethyl)-N-methyl-2-phenyl-2,5-dihydro-1H-pyrrole-1-carboxamide",7.02,6.69,7.54,4.96,5.6,6.3,7.39,4.76,5.3,7.05,10.87,7.09,6.29,12.08,6.38,4.78,11.36,5.28
Ivosidenib,6.98,4.06,6.62,6.54,5.5,5.49,7.22,5.15,5.15,5.08,10.85,6.72,5.83,11.89,6.76,5.17,11.21,5.75
Lopinavir,6.96,5.39,8.95,8.19,6.32,5.14,7.3,5.82,5.12,5.91,13.59,7.11,5.94,13.1,6.18,5.81,11.33,5.08
GM6001,6.94,6.4,5.95,5.56,7.25,5.17,7.35,7.84,5.1,6.81,11.05,5.84,5.2,11.51,5.06,7.12,10.64,5.11
RU82209,6.92,4.07,6.68,6.61,5.86,4.9,6.98,4.91,5.3,2.43,11.16,6.78,5.96,13.0,6.65,5.62,11.56,5.21
RU83876,6.92,6.01,6.59,6.59,5.62,4.87,7.43,4.56,5.17,7.35,26.15,6.73,6.05,11.61,5.32,5.4,11.42,5.21
2-[(Formyl-Hydroxy-Amino)-Methyl]-HeptanoicAcid[1-(2-Hydroxymethyl-Pyrrolidine-1-Carbonyl)-2-Methyl-Propyl]-Amide,6.91,6.14,5.97,4.49,6.1,5.1,5.77,6.61,5.18,8.26,11.11,5.97,5.92,11.75,4.63,5.54,10.53,5.33
Brigatinib,6.91,7.96,6.73,6.74,6.27,4.85,7.66,7.28,6.09,5.38,10.65,6.68,6.75,12.53,7.24,5.7,11.51,6.17
Nafarelin,6.82,5.44,6.82,6.71,6.18,4.91,6.65,4.98,5.18,6.52,11.93,6.82,5.32,10.83,5.98,5.26,10.74,5.15
Triptorelin,6.8,4.98,6.8,5.79,6.15,4.89,6.26,4.9,5.11,4.94,12.07,7.16,5.38,10.53,5.8,5.08,10.64,5.17
"N-(1-CYANOCYCLOPROPYL)-3-({[(2S)-5-OXOPYRROLIDIN-2-YL]METHYL}SULFONYL)-N~2~-[(1S)-2,2,2-TRIFLUORO-1-(4-FLUOROPHENYL)ETHYL]-L-ALANINAMIDE",6.76,6.87,6.38,5.4,6.46,5.36,7.08,5.08,5.31,5.1,12.39,6.72,5.9,12.52,6.69,5.67,11.69,5.21
(1n)-4-N-Butoxyphenylsulfonyl-(2r)-N-Hydroxycarboxamido-(4s)-Methanesulfonylamino-Pyrrolidine,6.81,3.95,5.35,4.9,6.03,5.02,5.3,7.19,5.09,2.36,11.01,6.62,6.6,11.92,6.74,5.7,11.48,5.29
Nelfinavir,6.79,3.27,7.25,7.08,6.16,5.35,8.29,6.72,5.13,5.44,8.03,7.11,6.19,11.1,7.18,5.47,11.39,5.18
Marimastat,6.68,5.61,5.95,5.99,6.76,5.16,4.75,6.94,5.14,7.21,13.64,4.64,6.44,11.79,4.25,6.78,10.61,5.08
"N~6~-cyclohexyl-N~2~-(4-morpholin-4-ylphenyl)-9H-purine-2,6-diamine",6.72,10.23,6.24,6.46,5.93,4.95,6.59,4.79,5.07,7.36,11.83,6.51,6.8,12.79,5.97,5.4,11.65,5.18
N-[3-(N'-HYDROXYCARBOXAMIDO)-2-(2-METHYLPROPYL)-PROPANOYL]-O-TYROSINE-N-METHYLAMIDE,6.7,5.29,5.96,5.05,7.04,5.21,6.89,6.85,5.09,6.99,11.12,6.01,6.15,11.72,4.54,6.39,10.69,5.08
METHYLAMINO-PHENYLALANYL-LEUCYL-HYDROXAMICACID,6.68,6.23,6.14,4.86,6.54,5.46,7.15,7.03,5.49,5.36,11.09,5.55,5.79,11.49,4.44,6.65,10.51,5.83
Etravirine,6.68,15.57,6.43,4.18,5.56,4.87,7.65,5.25,5.05,5.76,12.38,6.21,6.5,12.97,6.65,5.16,10.78,5.09
CEP-1347,6.67,5.82,6.24,5.99,6.16,5.11,6.96,5.15,7.31,7.48,14.46,6.77,5.65,13.18,6.68,5.32,13.1,6.98
AZD-8330,6.72,7.32,5.81,7.07,5.65,4.9,6.57,6.71,5.06,5.9,12.21,6.41,6.58,12.0,5.77,4.91,11.46,5.03
Verdoheme,6.74,4.91,5.78,5.8,5.49,4.94,8.63,4.78,5.07,5.08,9.12,6.38,5.95,11.88,6.52,5.11,11.48,5.14
Grapiprant,6.66,5.91,5.66,6.05,5.32,5.31,7.26,4.6,5.08,6.09,10.64,6.59,6.28,11.74,5.8,5.12,11.29,5.1
Indinavir,6.64,3.36,5.05,5.31,6.31,5.45,7.05,6.72,5.19,6.55,10.81,6.71,5.99,11.74,4.4,5.92,11.0,5.28
Dabrafenib,6.64,5.79,4.52,4.8,5.56,5.33,5.9,6.64,5.06,4.29,24.32,7.25,5.74,11.54,8.07,6.13,11.4,5.05
Icatibant,6.63,6.15,6.25,5.52,6.09,5.43,7.68,4.91,5.13,5.78,16.23,7.33,5.7,11.83,6.94,5.34,10.79,5.3
Tosedostat,6.62,8.45,6.61,6.88,6.01,5.99,7.41,5.09,5.17,3.46,11.63,7.05,6.07,11.57,6.62,5.35,10.59,5.16
Goserelin,6.61,10.87,6.43,6.35,6.24,4.88,7.7,4.86,5.19,6.63,11.66,7.46,5.8,10.88,7.09,5.36,10.71,5.48
"(5S)-4,5-difluoro-6-[(2-fluoro-4-iodophenyl)imino]-N-(2-hydroxyethoxy)cyclohexa-1,3-diene-1-carboxamide",6.65,9.66,6.83,6.04,5.48,4.89,6.0,4.72,5.07,2.24,20.8,5.96,5.99,10.66,7.54,4.88,11.56,5.04
"4-{[4-{[(1R,2R)-2-(dimethylamino)cyclopentyl]amino}-5-(trifluoromethyl)pyrimidin-2-yl]amino}-N-methylbenzenesulfonamide",6.62,7.86,4.38,5.31,5.71,5.07,6.73,6.72,5.05,9.32,10.94,6.25,6.59,12.79,5.94,5.61,11.72,5.14
Darapladib,6.58,6.18,5.21,5.41,5.48,5.04,7.02,5.12,5.31,6.85,12.05,5.94,6.24,12.35,5.36,4.82,11.23,5.47
Ledipasvir,6.54,5.06,6.62,4.57,5.79,5.85,8.15,6.77,5.06,6.88,6.79,7.56,5.99,11.34,5.71,5.44,11.32,5.4
Cobicistat,6.5,6.53,5.65,5.89,6.45,5.34,7.16,5.58,5.23,6.0,19.86,6.94,5.91,11.7,4.21,5.3,11.55,5.08
"N4-HYDROXY-2-ISOBUTYL-N1-(9-OXO-1,8-DIAZA-TRICYCLO[10.6.1.013,18]NONADECA-12(19),13,15,17-TETRAEN-10-YL)-SUCCINAMIDE",6.6,6.24,6.85,6.23,6.93,5.48,7.47,6.97,5.5,2.97,10.5,6.28,5.04,11.79,5.14,6.26,11.51,5.25
4-[5-[2-(1-Phenyl-Ethylamino)-Pyrimidin-4-Yl]-1-Methyl-4-(3-Trifluoromethylphenyl)-1h-Imidazol-2-Yl]-Piperidine,6.56,3.53,4.88,4.33,5.93,5.21,6.31,4.63,5.11,5.4,17.5,7.22,5.94,11.53,5.95,5.14,11.73,5.29
Tipranavir,6.53,11.44,4.77,4.32,5.75,5.44,7.95,5.58,5.18,5.54,10.93,6.46,6.05,11.7,8.01,5.04,10.87,5.73
Cetrorelix,6.53,3.85,6.14,5.96,6.36,4.91,6.57,4.73,5.34,3.7,12.05,7.2,5.77,11.96,6.84,5.18,10.69,5.23
Nemonoxacin,6.57,7.01,6.06,5.79,5.52,5.16,5.96,4.57,5.12,3.72,11.59,6.35,6.73,11.47,4.86,4.81,11.41,5.64
Fluocinonide,6.58,3.82,6.91,5.88,5.48,5.11,7.49,6.0,6.2,10.64,15.55,6.19,6.1,11.44,6.9,5.17,10.74,5.75
"N-{1-[(1-carbamoylcyclopropyl)methyl]piperidin-4-yl}-N-cyclopropyl-4-[(1S)-2,2,2-trifluoro-1-hydroxy-1-methylethyl]benzamide",6.45,6.08,3.9,4.19,5.74,4.91,6.55,4.56,5.08,14.83,13.39,7.32,5.42,10.66,6.0,4.97,11.8,5.08
1-(2-DEOXY-5-O-PHOSPHONO-BETA-D-ERYTHRO-PENTOFURANOSYL)-4-METHYL-1H-INDOLE,6.4,5.69,6.22,5.0,5.65,5.28,6.67,5.52,5.49,5.5,9.44,6.28,5.96,10.92,5.9,5.21,11.54,5.39
Elexacaftor,6.52,13.38,5.8,5.24,5.99,5.25,6.79,6.02,5.23,2.51,13.37,6.29,6.3,11.74,5.99,5.05,11.67,5.47
Posizolid,6.45,4.06,4.64,4.64,5.62,4.87,6.5,6.0,5.97,7.75,12.24,6.47,6.06,11.01,5.43,5.39,11.18,5.46
Teverelix,6.49,4.33,6.1,5.83,6.2,4.91,6.98,4.85,5.33,5.68,13.62,7.46,5.76,11.98,6.52,5.18,10.65,5.15
Emricasan,6.51,6.67,4.36,4.84,6.0,5.73,5.53,5.14,5.06,5.9,12.5,7.16,5.99,12.07,5.01,5.57,10.61,5.16
Cytidine-5'-Monophosphate-5-N-AcetylneuraminicAcid,6.51,9.33,4.23,4.11,5.52,5.0,6.97,3.99,5.37,7.49,15.2,5.45,6.6,11.2,5.97,4.95,11.36,5.21
Enalkiren,6.45,6.56,5.87,5.24,5.77,4.87,5.83,5.07,5.08,2.89,10.56,5.39,5.99,11.7,6.05,6.08,11.3,5.04
Protirelin,6.53,5.85,3.99,4.09,5.62,5.34,5.79,4.6,5.09,6.64,10.93,5.92,5.69,12.48,4.17,4.98,10.92,5.11
Penfluridol,6.38,8.18,6.17,5.4,6.06,5.33,8.18,5.63,5.2,7.18,12.36,6.43,6.07,11.62,6.21,5.6,11.57,5.34
N-Hydroxy-4-(Methyl{[5-(2-Pyridinyl)-2-Thienyl]Sulfonyl}Amino)Benzamide,6.52,7.03,6.27,5.54,5.53,6.7,5.68,5.06,5.05,7.16,19.56,6.9,6.12,12.09,6.68,4.97,11.58,5.09
Naronapride,6.6,8.04,8.3,7.57,6.08,5.65,6.82,5.78,5.13,2.64,12.91,6.79,5.13,10.59,6.18,5.74,11.44,5.11
Voxilaprevir,6.48,6.79,5.76,4.38,5.81,5.27,6.97,5.5,5.42,6.9,11.09,7.13,5.79,11.66,6.46,5.56,10.72,5.93
"(5S)-5-(3-AMINOPROPYL)-3-(2,5-DIFLUOROPHENYL)-N-ETHYL-5-PHENYL-4,5-DIHYDRO-1H-PYRAZOLE-1-CARBOXAMIDE",6.36,4.04,6.15,5.49,5.28,5.48,6.67,6.78,5.32,5.38,11.9,8.5,6.45,11.9,5.8,5.63,11.18,5.39
Labradimil,6.45,5.56,6.19,5.3,5.9,4.94,6.44,4.92,5.25,5.65,13.15,6.97,5.94,12.08,5.51,5.66,10.68,5.33
"4-({5-[(4-AMINOCYCLOHEXYL)AMINO][1,2,4]TRIAZOLO[1,5-A]PYRIMIDIN-7-YL}AMINO)BENZENESULFONAMIDE",6.49,5.0,5.33,4.24,5.53,4.99,7.25,5.12,5.06,6.45,14.6,6.51,6.74,12.79,4.99,4.93,10.79,5.22
Pazopanib,6.32,2.92,5.17,5.29,5.8,5.19,7.28,6.35,5.12,2.69,10.74,6.51,5.73,12.77,5.12,5.77,11.74,5.12
"9-DEAZAINOSINE-2',3'-O-ETHYLIDENEPHOSPHONATE",6.46,5.96,6.25,5.32,5.84,5.04,6.05,4.54,5.25,4.57,12.8,6.25,5.86,10.68,6.94,5.1,11.2,5.12
ORG-34517,6.44,6.03,7.83,7.7,6.8,5.59,8.12,7.07,6.09,6.46,18.68,6.42,6.68,12.21,6.26,7.15,11.23,5.8
Olmutinib,6.47,4.25,5.62,4.1,5.84,5.33,7.71,6.48,5.09,2.35,11.31,7.91,6.27,12.31,7.48,5.73,11.33,5.06
3-FLUORO-5-MORPHOLIN-4-YL-N-[3-(2-PYRIDIN-4-YLETHYL)-1H-INDOL-5-YL]BENZAMIDE,6.27,4.88,5.72,5.93,5.99,4.88,7.02,5.1,5.06,7.29,10.78,6.84,5.99,11.94,6.38,5.03,10.94,5.07
Isavuconazonium,6.37,4.57,5.94,4.18,5.51,4.93,6.23,5.78,5.05,4.49,10.5,6.87,5.94,11.57,7.39,5.78,10.69,5.11
Paritaprevir,6.34,7.45,6.73,5.87,6.21,5.31,5.5,6.27,5.08,6.75,15.9,6.98,5.93,11.9,6.21,5.33,11.25,5.08
Voclosporin,6.16,3.39,6.7,6.56,5.99,5.04,8.76,6.2,6.18,3.29,11.73,8.56,6.55,11.53,7.22,5.36,11.64,5.29
Odanacatib,6.48,7.88,3.55,5.25,6.73,4.99,7.11,5.8,5.19,9.82,12.14,7.01,5.92,12.16,6.67,6.4,11.12,5.78
"2-{3-[(2S)-4,4-difluoro-2-(pyrrolidin-1-ylcarbonyl)pyrrolidin-1-yl]-3-oxopropyl}-isoindole-1,3(2H)-dione",6.38,5.29,6.66,5.14,6.1,5.28,4.25,5.46,5.64,12.21,12.23,6.77,6.13,11.13,5.96,6.04,11.37,5.38
N-[(Furan-2-Yl)Carbonyl]-(S)-Leucyl-(R)-[1-Amino-2(1h-Indol-3-Yl)Ethyl]-PhosphonicAcid,6.29,7.59,5.75,4.79,5.53,6.72,7.33,4.66,5.45,5.41,19.31,6.66,5.41,11.92,7.61,5.08,11.23,5.25
[[1-[N-HYDROXY-ACETAMIDYL]-3-METHYL-BUTYL]-CARBONYL-LEUCINYL]-ALANINEETHYLESTER,6.4,4.24,5.73,5.63,6.01,5.09,5.72,5.8,5.3,3.55,14.58,6.47,6.18,11.01,4.51,5.39,10.5,5.28
1-{[1-(2-AMINO-3-PHENYL-PROPIONYL)-PYRROLIDINE-2-CARBONYL]-AMINO}-2-(3-CYANO-PHENYL)-ETHANEBORONICACID,6.43,6.46,3.58,4.53,5.88,5.3,7.36,5.86,5.19,2.32,14.11,5.92,5.79,11.52,6.52,5.08,11.74,5.27
Glycopyrronium,6.4,3.36,5.94,5.71,5.95,5.96,8.21,7.99,5.06,2.9,10.31,6.91,6.17,10.78,5.87,6.73,11.16,5.19
Quizartinib,6.27,2.33,5.01,5.09,5.59,4.85,7.79,5.64,5.03,5.21,12.0,7.19,5.06,11.82,5.0,5.09,11.49,4.99
2-[4-[(Z)-2-Acetamido-3-oxo-3-[[(3S)-2-oxo-1-[(4-phenylphenyl)methyl]azepan-3-yl]amino]prop-1-enyl]-2-formylphenyl]aceticacid,6.39,5.29,5.1,5.79,5.88,5.01,6.35,4.58,5.39,5.48,14.68,6.67,5.95,11.09,6.0,4.9,11.52,5.22
Silodosin,6.11,7.06,7.4,6.82,5.72,5.36,6.0,6.5,5.09,5.03,15.58,6.32,5.86,11.74,7.0,5.35,11.04,5.06
Mirodenafil,6.44,6.92,5.76,5.88,5.46,5.73,6.82,5.59,5.22,5.33,11.37,6.53,5.82,11.81,6.57,4.83,10.88,5.1
Isavuconazole,6.4,8.78,5.26,4.63,5.63,5.1,7.41,5.5,5.05,4.55,16.77,7.24,5.85,11.87,6.37,5.48,11.39,5.08
Bremelanotide,6.38,4.7,8.08,7.39,6.32,5.28,7.62,6.58,5.13,5.69,11.52,8.16,5.37,10.58,5.0,6.78,11.0,5.15
"(2S,3S)-3-AMINO-4-(3,3-DIFLUOROPYRROLIDIN-1-YL)-N,N-DIMETHYL-4-OXO-2-(TRANS-4-[1,2,4]TRIAZOLO[1,5-A]PYRIDIN-6-YLCYCLOHEXYL)BUTANAMIDE",6.36,4.5,4.33,4.04,5.76,5.18,7.52,5.28,5.07,4.81,10.56,5.63,6.18,11.67,6.92,5.12,10.93,5.12
Letermovir,6.39,4.45,6.26,6.7,5.84,5.26,6.85,6.26,5.18,1.96,11.45,6.92,6.78,11.66,5.93,5.07,11.55,5.41
"1-(6-CYANO-3-PYRIDYLCARBONYL)-5',8'-DIFLUOROSPIRO[PIPERIDINE-4,2'(1'H)-QUINAZOLINE]-4'-AMINE",6.43,8.4,6.87,5.95,5.98,4.88,7.75,6.02,5.69,2.28,7.34,7.4,6.04,11.72,5.98,5.31,11.18,5.39
AMG-222,6.29,3.39,5.12,4.73,5.65,4.82,6.75,4.92,5.11,6.51,10.91,7.34,5.85,11.97,4.29,5.01,11.34,5.16
"6-(4-{(1S,2S)-2-AMINO-1-[(DIMETHYLAMINO)CARBONYL]-3-[(3S)-3-FLUOROPYRROLIDIN-1-YL]-3-OXOPROPYL}PHENYL)-1H-[1,2,4]TRIAZOLO[1,5-A]PYRIDIN-4-IUM",6.46,19.9,3.72,4.12,5.64,5.1,5.76,5.81,5.07,8.2,11.37,7.44,6.5,12.11,6.93,4.97,11.15,5.25
Enalaprilat,6.35,4.13,4.82,5.47,5.81,5.3,7.32,6.69,5.6,4.7,13.65,5.52,5.98,11.43,4.85,5.23,10.6,5.84
"(4aS,6R,8aS)-11-[8-(1,3-Dioxo-1,3-dihydro-2H-isoindol-2-yl)octyl]-6-hydroxy-3-methoxy-5,6,9,10-tetrahydro-4aH-[1]benzofuro[3a,3,2-ef][2]benzazepin-11-ium",6.42,4.18,5.79,4.53,5.73,5.67,7.29,4.88,5.06,6.74,12.33,6.69,6.06,11.55,5.82,4.92,10.6,5.16
RU84687,6.3,7.86,5.88,6.13,5.87,4.85,7.25,4.5,5.18,7.62,13.78,5.31,5.82,11.98,6.29,5.11,11.49,5.18
(2R)-({4-[AMINO(IMINO)METHYL]PHENYL}AMINO){5-ETHOXY-2-FLUORO-3-[(3R)-TETRAHYDROFURAN-3-YLOXY]PHENYL}ACETICACID,6.47,3.41,5.26,4.17,5.88,4.93,7.36,5.52,5.08,3.27,14.7,6.1,6.53,11.82,4.34,5.23,11.21,5.04
Simvastatin,6.5,2.73,4.21,4.96,5.47,5.08,8.01,6.62,6.08,3.72,12.91,6.96,6.62,10.98,6.48,4.83,10.46,5.89
1-Benzyl-3-(4-Methoxy-Benzenesulfonyl)-6-Oxo-Hexahydro-Pyrimidine-4-CarboxylicAcidHydroxyamide,6.35,7.02,4.47,4.09,6.75,6.92,6.41,7.55,5.31,3.61,15.04,6.79,6.07,11.65,5.55,6.17,11.42,5.73
Saquinavir,6.32,5.87,5.97,6.81,6.79,5.65,7.99,6.99,5.12,3.84,8.06,6.89,5.6,10.69,5.81,5.73,11.66,5.11
Rilpivirine,6.1,4.7,6.38,6.22,6.05,4.83,7.56,5.39,5.11,7.85,12.17,6.36,6.45,11.65,6.27,5.78,11.6,5.08
{4-[(2S)-2-Acetamido-3-({(1S)-1-[3-carbamoyl-4-(cyclohexylmethoxy)phenyl]ethyl}amino)-3-oxopropyl]-2-phosphonophenoxy}aceticacid,6.26,8.19,5.97,4.6,5.62,5.37,7.94,4.06,5.05,2.68,18.49,6.83,6.49,11.68,6.66,4.89,11.52,5.11
Somatostatin,6.3,7.05,6.15,5.16,5.8,5.2,7.11,5.3,5.1,4.84,31.98,7.21,5.29,11.61,5.06,5.6,10.65,5.13
Pralnacasan,6.2,3.41,5.27,4.47,5.96,5.53,6.86,6.61,5.46,4.26,10.58,7.63,5.69,11.17,6.07,6.08,10.94,5.24
RU81843,6.19,2.7,5.51,3.69,5.78,4.85,7.58,4.35,5.26,5.66,11.05,6.05,5.86,12.09,7.74,4.88,11.34,5.42
Candoxatril,6.15,5.29,4.3,4.4,5.72,4.94,6.65,7.04,5.06,5.13,15.2,7.03,6.37,11.72,4.18,5.52,11.19,5.11
SNX-5422,6.2,5.49,6.6,6.4,5.6,4.98,7.92,5.64,5.14,14.46,11.96,6.63,6.42,11.67,7.0,5.4,11.36,5.18
Lisinopril,6.39,6.43,4.4,5.52,5.73,5.41,6.89,6.42,5.21,5.93,11.12,6.28,5.72,11.17,5.07,5.92,10.9,5.49
Remikiren,6.36,2.63,6.58,6.09,6.49,5.6,8.31,6.92,5.13,5.29,11.47,6.0,5.97,12.22,6.0,5.94,11.34,5.19
Dpb-T,6.24,5.04,3.45,5.04,5.46,5.64,5.74,5.04,6.47,5.35,11.55,6.67,6.12,11.07,5.53,4.95,11.7,5.66
N-hydroxy-4-({4-[4-(trifluoromethyl)phenoxy]phenyl}sulfonyl)tetrahydro-2H-pyran-4-carboxamide,6.3,7.18,4.31,5.13,6.26,6.06,8.03,7.42,5.06,7.9,22.44,6.63,6.71,11.65,4.49,5.94,11.38,5.09
DAS869,6.36,3.05,4.96,4.8,5.67,5.54,5.25,4.76,5.09,3.85,14.06,6.2,6.66,12.22,5.62,4.96,11.38,5.14
Ritonavir,6.38,6.34,5.63,6.24,6.56,5.19,7.03,5.5,5.13,5.06,10.99,7.43,5.87,11.98,4.9,5.49,11.02,5.06
Ganirelix,6.35,5.27,6.09,6.14,6.37,4.88,7.68,5.26,5.57,6.35,39.79,7.01,5.73,11.92,7.09,5.12,11.82,5.62
"{[2-(1h-1,2,3-Benzotriazol-1-Yl)-2-(3,4-Difluorophenyl)Propane-1,3-Diyl]Bis[4,1-Phenylene(Difluoromethylene)]}Bis(PhosphonicAcid)",6.3,4.87,6.78,6.25,5.83,4.89,6.69,5.7,5.08,4.33,11.53,6.55,6.46,11.78,5.99,5.3,11.56,5.06
Batimastat,6.36,5.66,5.42,5.9,7.34,5.44,5.95,6.87,5.6,4.91,12.39,4.97,6.26,11.83,4.53,7.24,10.68,5.45
Implitapide,6.24,8.26,7.3,6.61,5.63,4.99,6.82,4.52,5.77,17.87,16.3,6.25,6.02,11.9,5.48,4.83,11.38,5.93
"METHYL4-{[({[(2R,5S)-5-{[(2S)-2-(AMINOMETHYL)PYRROLIDIN-1-YL]CARBONYL}PYRROLIDIN-2-YL]METHYL}AMINO)CARBONYL]AMINO}BENZOATE",6.22,5.92,5.33,4.96,5.67,4.98,5.74,5.28,5.42,6.14,11.71,6.86,5.36,11.61,5.1,4.81,11.37,5.39
TRANS-4-(GUANIDINOMETHYL)-CYCLOHEXANE-L-YL-D-3-CYCLOHEXYLALANYL-L-AZETIDINE-2-YL-D-TYROSINYL-L-HOMOARGININAMIDE,6.08,2.61,7.88,6.9,5.92,4.91,7.89,4.92,5.13,8.72,5.74,7.07,6.13,11.85,7.04,5.57,11.75,5.11
Afamelanotide,6.26,3.49,5.74,6.05,6.38,4.9,6.57,4.73,5.43,5.24,15.49,6.88,5.41,10.41,6.01,5.14,10.72,5.22
Rosuvastatin,6.16,7.38,5.78,4.68,5.55,5.26,6.82,6.05,5.11,7.21,9.9,6.71,6.41,11.59,5.43,5.4,11.35,5.14
Binimetinib,6.17,6.01,4.96,4.85,5.47,4.91,6.26,5.93,5.06,10.97,15.57,6.57,5.05,11.72,4.99,4.96,11.4,5.02
WAY-151693,6.25,9.53,5.92,4.86,6.22,5.07,6.95,6.41,5.06,6.43,5.67,7.16,6.43,11.54,4.25,5.9,11.46,5.07
Sitafloxacin,6.44,2.21,5.51,5.73,5.46,5.3,7.27,5.16,5.33,3.13,12.03,7.42,6.4,11.43,6.3,5.08,11.27,5.24
CZEN002,6.24,8.84,4.92,5.94,6.36,4.9,6.52,4.72,5.53,3.69,11.45,6.45,5.61,10.6,5.89,5.21,10.75,5.36
N-[(2R)-2-benzyl-4-(hydroxyamino)-4-oxobutanoyl]-L-alanine,6.31,4.18,6.49,5.38,6.43,5.44,5.13,5.93,5.75,4.1,11.67,5.45,6.22,11.55,4.63,5.5,10.5,5.42
Fluocinoloneacetonide,6.26,4.69,7.24,5.97,5.42,5.1,7.63,6.61,6.23,4.72,10.48,6.81,6.01,11.33,7.12,5.22,10.56,5.89
2'-deoxy-N-(naphthalen-1-ylmethyl)guanosine5'-(dihydrogenphosphate),6.1,6.13,6.02,4.7,5.16,4.96,7.41,5.17,5.26,5.11,13.5,6.85,6.37,10.61,5.28,4.96,11.32,5.21
"(10R)-10-methyl-3-(6-methylpyridin-3-yl)-9,10,11,12-tetrahydro-8H-[1,4]diazepino[5',6':4,5]thieno[3,2-f]quinolin-8-one",6.08,6.49,5.11,5.31,6.4,5.11,7.56,6.08,5.1,5.09,13.37,7.03,5.98,10.54,6.68,5.95,11.71,5.44
Apadenoson,6.1,8.0,6.49,6.22,5.73,5.15,6.87,5.9,5.25,7.6,22.84,6.57,6.66,11.41,5.97,5.4,11.35,5.99
Pasireotide,6.39,17.46,5.6,6.51,5.92,5.1,6.24,5.02,5.09,3.27,3.23,7.28,5.48,11.13,7.01,5.42,11.37,5.12
CPI-1205,6.24,6.46,6.61,5.15,5.61,5.2,6.06,6.15,5.08,3.53,5.02,6.92,5.81,11.93,6.02,5.28,11.44,5.15
Elbasvir,6.11,6.27,6.74,5.79,5.8,5.42,6.9,7.45,5.48,6.07,13.39,7.64,5.82,11.34,6.23,5.41,10.95,5.46
Trovafloxacin,6.11,6.18,5.41,4.1,5.72,4.95,6.12,4.7,5.13,10.92,9.18,7.22,6.8,11.73,4.72,4.74,11.29,5.19
"(3S)-3-cyclopentyl-6-methyl-7-[(4-methylpiperazin-1-yl)sulfonyl]-3,4-dihydro-2H-1,2,4-benzothiadiazine1,1-dioxide",6.18,4.0,4.23,5.73,5.47,4.92,6.58,5.49,5.52,2.52,14.64,7.31,6.74,11.62,6.37,4.91,11.43,5.85
[(1S)-1-(5-CHLORO-1-BENZOTHIEN-3-YL)-2-(2-NAPHTHYLAMINO)-2-OXOETHYL]PHOSPHONICACID,6.19,4.44,6.59,5.01,5.84,5.23,6.93,4.32,5.07,6.01,12.44,6.58,6.09,11.9,4.85,4.96,11.34,5.05
Velpatasvir,6.07,6.36,4.63,5.36,5.75,5.77,5.76,6.01,5.12,2.53,10.35,6.91,6.04,11.0,5.91,5.04,11.63,5.38
Clobetasol,6.16,9.01,8.26,7.62,5.7,4.96,7.52,5.74,5.14,6.5,28.9,6.67,6.26,11.61,7.44,5.32,11.33,5.36
"(3aS,4R,9bR)-2,2-difluoro-4-(4-hydroxyphenyl)-6-(methoxymethyl)-1,2,3,3a,4,9b-hexahydrocyclopenta[c]chromen-8-ol",6.14,9.33,7.83,7.04,5.4,5.46,7.38,4.87,5.46,4.83,11.55,6.91,6.81,11.67,6.18,4.76,10.82,5.84
Maraviroc,6.23,5.81,6.49,6.02,5.47,6.1,8.16,7.11,5.12,6.25,11.8,6.35,6.47,10.42,7.28,5.41,11.47,5.84
Polythiazide,6.3,20.43,4.71,4.94,5.38,4.92,7.23,5.42,5.34,15.96,21.3,7.03,6.75,10.86,7.27,5.07,10.79,5.4
"1-(4-fluorophenyl)-N-[3-fluoro-4-(1H-pyrrolo[2,3-b]pyridin-4-yloxy)phenyl]-2-oxo-1,2-dihydropyridine-3-carboxamide",6.11,6.73,6.12,5.49,5.87,4.88,7.28,6.17,5.23,5.64,12.08,6.82,6.35,12.03,5.77,5.64,12.64,5.15
Enzalutamide,6.3,8.99,6.37,5.65,5.57,5.29,5.76,4.8,5.09,3.39,12.37,6.85,6.02,11.63,6.88,4.81,10.88,5.1
Ularitide,6.1,15.38,5.68,4.68,6.15,5.16,7.56,5.48,5.25,5.21,16.42,7.19,5.96,11.85,4.99,5.12,11.33,5.34
"PHENYLAMINOIMIDAZO(1,2-ALPHA)PYRIDINE",6.04,6.68,6.42,6.76,5.3,6.61,7.1,5.02,5.06,2.51,16.41,6.13,6.62,12.32,6.17,5.01,11.38,5.26
"(5Z)-5-(3-BROMOCYCLOHEXA-2,5-DIEN-1-YLIDENE)-N-(PYRIDIN-4-YLMETHYL)-1,5-DIHYDROPYRAZOLO[1,5-A]PYRIMIDIN-7-AMINE",6.11,4.12,6.63,5.77,5.79,5.03,7.48,5.53,5.08,7.08,11.19,6.07,5.77,11.77,7.09,5.08,11.53,5.06
Darifenacin,5.96,3.95,6.09,7.09,5.7,5.8,6.86,5.56,5.25,4.97,16.06,7.33,5.97,11.77,6.03,5.2,11.44,5.45
Abarelix,6.17,4.48,6.28,5.54,6.18,4.99,6.46,6.01,5.08,5.17,7.83,7.38,5.77,12.07,5.82,5.27,10.76,5.07
PolymyxinB,5.98,3.45,5.07,6.24,5.82,5.07,7.18,5.38,5.5,2.82,13.59,6.77,5.97,10.9,4.95,5.43,10.62,5.27
"4-(2,4-Dimethyl-1,3-thiazol-5-yl)-N-[4-(trifluoromethyl)phenyl]-2-pyrimidinamine",6.18,8.28,6.37,6.69,5.94,4.89,5.75,5.07,5.04,7.92,10.52,6.01,5.24,12.13,6.32,6.11,11.71,5.05
"(2R)-N~4~-hydroxy-2-(3-hydroxybenzyl)-N~1~-[(1S,2R)-2-hydroxy-2,3-dihydro-1H-inden-1-yl]butanediamide",6.23,11.53,6.47,5.88,5.7,5.18,5.66,7.53,5.5,10.28,12.06,6.85,6.52,10.81,5.46,6.16,11.48,5.22
Besifloxacin,6.07,4.89,4.7,5.82,5.49,5.81,7.71,5.2,5.28,6.43,11.13,6.2,6.43,11.34,6.06,5.02,11.08,5.42
Alvimopan,6.09,6.72,8.11,6.84,5.61,5.44,6.72,6.14,5.76,5.2,10.9,6.2,5.9,11.54,5.76,5.41,11.55,5.44
Fosnetupitant,6.1,4.38,5.65,5.27,5.96,6.07,6.29,4.83,5.13,2.22,11.98,8.04,6.18,12.1,6.07,4.85,10.79,5.55
Ciprofloxacin,6.11,4.16,4.48,5.7,5.5,5.3,5.49,6.16,5.72,6.7,12.18,5.48,6.31,11.02,6.1,4.75,11.52,5.75
HM-30181,5.92,6.18,4.76,4.71,5.59,5.89,7.9,5.11,5.09,6.68,11.24,7.89,6.55,11.74,5.79,4.99,10.87,5.15
Pracinostat,6.17,9.97,4.45,4.91,5.59,5.07,7.41,5.9,5.62,6.59,11.63,5.54,6.4,11.95,6.01,5.21,11.52,5.31
Acetophenazine,5.96,6.6,4.86,5.82,6.12,5.06,7.15,4.69,5.23,7.64,11.91,6.99,6.16,12.76,4.36,4.88,11.15,5.07
Carphenazine,5.96,7.29,5.58,5.9,6.14,5.34,7.15,5.03,5.4,5.53,14.96,6.78,6.13,12.68,4.38,4.82,11.57,5.11
Glecaprevir,6.33,10.84,4.94,4.07,5.84,5.0,8.33,5.41,5.14,14.73,12.56,7.46,5.7,11.7,7.6,5.02,10.76,5.23
"(3R)-3-cyclopentyl-6-methyl-7-[(4-methylpiperazin-1-yl)sulfonyl]-3,4-dihydro-2H-1,2-benzothiazine1,1-dioxide",6.02,8.7,5.79,5.84,5.65,4.92,5.86,4.97,5.33,3.09,8.14,7.38,6.6,11.85,5.98,4.77,11.39,5.8
"{4-[(2s,4e)-2-(1,3-Benzothiazol-2-Yl)-2-(1h-1,2,3-Benzotriazol-1-Yl)-5-Phenylpent-4-Enyl]Phenyl}(Difluoro)MethylphosphonicAcid",6.14,8.08,6.87,5.08,5.69,5.21,7.02,7.15,5.27,8.36,13.22,7.44,6.01,11.78,6.85,5.66,11.52,5.12
Tetracosactide,6.13,7.0,3.05,5.39,6.28,4.9,7.01,4.76,5.54,3.77,21.91,6.28,5.7,10.74,5.82,5.15,10.7,5.22
"5-METHYL-3-(9-OXO-1,8-DIAZA-TRICYCLO[10.6.1.013,18]NONADECA-12(19),13,15,17-TETRAEN-10-YLCARBAMOYL)-HEXANOICACID",6.13,9.23,6.47,6.38,6.32,5.46,7.47,5.96,5.31,3.32,8.07,6.6,5.04,11.48,5.47,5.66,11.61,5.38
Mometasone,6.0,6.08,8.5,7.86,5.53,5.06,7.44,4.6,5.15,5.19,10.87,6.92,6.45,11.91,7.54,5.54,11.28,5.28
Navitoclax,5.93,6.16,5.44,7.48,5.55,6.37,6.46,6.16,5.08,7.64,10.38,6.9,6.71,11.74,7.06,5.88,10.96,5.34
Argadin,6.29,4.89,4.73,4.49,5.94,4.96,6.94,4.34,5.07,5.32,15.05,5.13,6.3,12.38,5.46,4.76,11.12,5.32
AMG-510,6.24,2.34,5.58,6.44,5.49,5.46,7.84,5.24,5.11,4.96,12.24,6.77,5.75,11.83,5.91,5.18,11.46,5.17
Apalutamide,6.03,5.96,6.57,5.76,5.34,5.54,7.24,4.87,5.14,3.9,5.73,7.43,6.46,11.48,6.83,5.09,11.58,5.13
Omacetaxinemepesuccinate,5.95,5.25,7.1,6.7,5.35,5.08,6.99,5.36,5.36,5.89,11.58,6.32,6.18,11.35,6.03,5.22,11.14,5.74
K-252a,6.09,4.69,6.34,6.42,6.13,5.6,5.79,6.34,7.37,2.14,11.25,7.06,5.62,13.52,6.26,5.42,13.22,7.19
Budesonide,5.92,2.64,6.9,6.59,5.51,5.15,6.08,5.14,6.25,4.93,27.5,5.16,6.07,10.71,5.93,5.2,11.27,5.83
"6-chloro-N-pyrimidin-5-yl-3-{[3-(trifluoromethyl)phenyl]amino}-1,2-benzisoxazole-7-carboxamide",6.12,6.52,6.35,5.68,5.68,5.07,7.15,7.59,5.05,4.77,12.3,7.05,6.4,11.87,6.02,5.69,11.26,5.05
Moxifloxacin,5.96,5.54,6.46,6.14,5.65,5.27,5.49,4.42,5.2,9.29,1.95,6.63,6.77,11.69,6.0,4.74,11.01,5.3
"1-[2-DEOXYRIBOFURANOSYL]-2,4-DIFLUORO-5-METHYL-BENZENE-5'MONOPHOSPHATE",6.22,5.99,4.8,4.63,5.87,5.49,6.09,5.58,5.06,3.83,21.44,6.88,6.18,10.85,6.15,5.07,11.27,5.1
N-ACETYL-L-PHENYLALANYL-4-[DIFLUORO(PHOSPHONO)METHYL]-L-PHENYLALANINAMIDE,6.11,6.57,5.9,4.64,5.57,4.91,6.67,4.46,5.49,5.16,31.23,6.05,5.8,13.31,4.72,5.04,10.72,5.29
"(9BETA,13ALPHA,14BETA,17ALPHA)-2-METHOXYESTRA-1,3,5(10)-TRIENE-3,17-DIYLDISULFAMATE",6.27,15.99,7.86,7.07,6.16,4.95,7.73,6.1,5.09,10.05,17.96,5.62,6.74,10.94,6.87,5.11,10.99,5.36
Encorafenib,6.21,5.31,6.44,6.47,5.68,5.49,6.33,7.74,5.04,6.4,11.39,7.13,5.82,11.68,7.17,7.55,11.17,5.08
"(4aS,4bR,10bS,12aS)-12a-methyl-1,3-dioxo-2-(pyridin-3-ylmethyl)-1,2,3,4,4a,4b,5,6,10b,11,12,12a-dodecahydronaphtho[2,1-f]isoquinolin-8-ylsulfamate",5.95,6.52,7.1,6.51,6.38,5.32,7.26,7.06,5.06,5.78,15.41,6.43,5.77,12.43,6.24,6.2,11.27,5.11
"(2S)-N-[(3S)-1-(2-AMINO-2-OXOETHYL)-2-OXO-1,2,3,4-TETRAHYDROQUINOLIN-3-YL]-2-CHLORO-2H-THIENO[2,3-B]PYRROLE-5-CARBOXAMIDE",5.9,6.49,7.31,6.61,5.5,5.02,5.4,5.47,5.19,6.95,12.14,6.01,6.57,11.22,4.78,4.92,11.33,5.15
5'-O-(L-Cysteinylsulfamoyl)adenosine,6.2,2.24,4.94,4.68,5.7,5.14,7.36,5.53,5.07,4.61,11.6,6.09,6.39,10.74,5.0,5.0,10.99,5.14
RU90395,6.12,2.99,6.57,6.92,5.94,5.15,6.27,5.16,5.19,5.23,8.55,7.42,6.09,11.53,5.54,6.41,10.75,5.2
Fosaprepitant,5.95,8.62,6.37,5.62,5.55,5.44,6.66,7.09,5.06,2.4,8.47,6.91,6.46,11.48,6.74,5.56,11.66,5.06
2-{5-[3-(7-PROPYL-3-TRIFLUOROMETHYLBENZO[D]ISOXAZOL-6-YLOXY)PROPOXY]INDOL-1-YL}ETHANOICACID,6.06,7.32,6.71,5.96,5.87,5.15,6.59,6.05,5.1,9.22,17.79,6.76,6.42,11.65,5.65,4.77,11.36,5.08
"(3ASR,4RS,8ASR,8BRS)-4-(2-(4-FLUOROBENZYL)-1,3-DIOXODEACAHYDROPYRROLO[3,4-A]PYRROLIZIN-4-YL)BENZAMIDINE",6.09,4.39,5.08,5.71,5.58,4.85,8.71,4.4,5.06,3.8,24.92,7.51,6.21,11.15,6.21,5.05,11.56,5.14
AngiotensinII,5.96,6.41,6.64,6.29,5.82,4.88,7.89,4.74,5.28,6.82,11.25,7.42,5.78,12.25,6.15,5.24,11.5,5.13
"(2S,3S)-4-cyclopropyl-3-{(3R,5R)-3-[2-fluoro-4-(methylsulfonyl)phenyl]-1,2,4-oxadiazolidin-5-yl}-1-[(3S)-3-fluoropyrrolidin-1-yl]-1-oxobutan-2-amine",6.22,2.95,4.79,3.93,5.67,4.92,5.89,4.67,5.1,4.68,11.01,7.12,6.37,11.72,6.22,4.81,10.76,5.16
Rimexolone,5.97,9.13,7.59,6.11,5.64,5.22,6.65,5.94,6.39,4.35,14.02,6.94,6.2,11.39,5.64,5.28,11.36,5.93
CibacronBlue,6.13,9.0,5.43,5.37,5.14,6.19,6.38,4.91,5.11,5.39,13.2,6.32,6.71,12.22,5.43,4.94,10.98,5.28
Clobetasolpropionate,5.96,7.3,8.59,8.01,5.73,4.89,7.84,5.53,5.77,3.31,19.63,5.72,6.39,11.1,7.28,5.12,11.29,5.94
"1-{4-[4-Amino-6-(4-methoxyphenyl)furo[2,3-d]pyrimidin-5-yl]phenyl}-3-[2-fluoro-5-(trifluoromethyl)phenyl]urea",6.09,7.87,5.63,5.44,5.77,5.09,7.08,6.63,5.1,5.85,13.9,7.26,5.95,11.62,5.68,5.94,11.29,5.02
Siponimod,6.09,6.2,5.99,5.13,5.65,5.61,6.65,7.7,5.35,6.2,14.06,6.51,5.87,10.56,4.3,6.21,11.62,5.13
Homatropinemethylbromide,6.03,6.1,5.65,6.25,5.51,5.96,6.39,4.18,5.07,4.31,3.74,6.88,6.52,11.73,4.65,5.04,11.5,5.15
Bis(5-Amidino-Benzimidazolyl)MethaneZinc,5.91,3.97,4.96,4.5,5.19,4.88,7.93,5.04,5.08,4.52,9.4,7.05,6.5,11.74,6.99,5.48,10.98,5.08
Ergotamine,6.03,4.14,6.15,5.22,5.67,5.37,8.03,4.43,5.14,3.08,10.29,6.18,5.92,10.86,6.21,4.66,11.26,5.18
Dihydroergotamine,6.03,4.76,4.97,4.72,5.59,5.37,8.03,4.56,5.12,8.25,10.45,6.47,5.96,10.83,6.05,4.89,11.6,5.32
"N-cyclopropyl-N-(trans-4-pyridin-3-ylcyclohexyl)-4-[(1S)-2,2,2-trifluoro-1-hydroxy-1-methylethyl]benzamide",6.13,6.19,6.27,6.63,5.81,5.5,7.36,5.42,5.05,6.25,11.91,6.66,5.47,10.5,5.99,5.7,10.79,5.09
Alpelisib,6.24,8.91,3.55,4.88,5.84,5.64,6.56,5.32,5.06,3.41,12.17,6.54,6.68,11.9,6.77,5.24,11.46,5.39
SanglifehrinA,6.04,4.4,7.0,6.41,6.07,4.92,6.44,6.55,5.46,2.5,11.57,7.4,6.66,10.83,7.3,5.35,11.45,5.72
Doripenem,6.14,2.57,6.82,6.7,6.08,5.2,7.95,4.74,5.14,3.61,11.48,5.74,6.32,11.82,7.96,5.08,11.63,5.21
"4-({(2R,5S)-2,5-DIMETHYL-4-[(2R)-3,3,3-TRIFLUORO-2-HYDROXY-2-METHYLPROPANOYL]PIPERAZIN-1-YL}CARBONYL)BENZONITRILE",6.25,7.27,5.59,6.0,5.79,5.8,6.02,5.77,5.35,7.08,19.05,5.9,5.67,11.68,4.89,5.34,11.44,5.21
Zosuquidar,6.15,6.03,7.32,7.38,5.97,5.53,7.86,5.33,5.14,7.53,11.14,8.12,6.21,12.23,4.22,5.51,11.3,5.16
"N-[1-(AMINOMETHYL)CYCLOPROPYL]-3-(MORPHOLIN-4-YLSULFONYL)-N~2~-[(1S)-2,2,2-TRIFLUORO-1-(4-FLUOROPHENYL)ETHYL]-L-ALANINAMIDE",6.19,7.24,6.57,5.96,6.32,5.21,5.82,5.66,5.5,5.58,17.89,6.59,5.82,12.85,7.41,5.42,11.6,5.18
"N-{2'-[(4-FLUOROPHENYL)AMINO]-4,4'-BIPYRIDIN-2-YL}-4-METHOXYCYCLOHEXANECARBOXAMIDE",6.1,7.73,6.16,6.52,6.28,5.33,6.62,6.45,5.06,4.22,14.35,5.77,6.5,11.78,6.49,5.54,11.25,5.19
2-{4-[4-(4-Chloro-Phenoxy)-Benzenesulfonyl]-Tetrahydro-Pyran-4-Yl}-N-Hydroxy-Acetamide,5.98,5.07,5.97,3.97,5.95,6.51,8.17,7.52,5.08,6.48,14.85,6.85,6.7,10.83,4.79,5.56,11.27,5.23
SLx-4090,5.97,7.81,7.4,6.64,5.33,5.93,8.05,4.97,5.09,5.07,13.2,6.67,5.92,11.83,4.97,4.84,11.42,5.08
Cyproteroneacetate,6.05,6.36,5.24,4.48,5.93,4.89,7.0,5.34,5.05,9.63,12.6,6.68,6.29,11.3,6.87,5.25,10.77,5.34
Entrectinib,6.19,7.92,6.14,6.22,5.59,5.2,7.18,5.85,5.1,2.92,8.96,6.81,5.62,12.16,5.57,4.9,11.79,5.23
WX-UK1,6.06,4.72,6.61,6.42,5.52,6.18,6.99,5.54,5.37,5.03,12.51,5.58,6.49,10.68,4.82,5.03,11.58,5.48
Degarelix,6.01,3.31,5.86,5.84,6.58,4.95,6.99,5.16,5.09,4.73,11.24,7.24,6.27,11.66,6.15,5.13,10.68,5.15
Regrelor,5.95,5.37,6.46,5.59,5.69,5.76,6.27,6.92,5.19,5.35,12.12,6.62,6.39,10.9,4.89,4.95,11.01,5.53
Ponatinib,5.84,4.42,8.0,7.88,5.79,4.83,6.15,8.44,5.25,14.3,12.3,7.64,5.79,12.52,6.24,5.87,11.35,5.06
Baricitinib,5.94,11.31,5.12,5.95,5.82,5.06,7.09,7.49,5.06,4.86,11.8,6.85,6.84,12.28,6.07,5.58,11.57,5.83
Pibrentasvir,6.09,6.0,5.46,6.3,5.75,5.24,6.86,6.16,5.18,5.67,20.83,7.23,6.19,11.05,5.18,4.91,11.02,5.23
Orbifloxacin,5.98,6.0,6.2,6.17,5.45,5.33,6.2,5.28,5.33,7.44,10.18,6.94,6.28,11.39,6.46,4.76,11.24,5.64
Ergocalciferol,5.83,10.39,7.71,7.05,5.75,5.02,8.93,6.31,6.13,14.23,5.43,7.21,6.38,11.73,7.26,5.84,11.12,5.82
Elacridar,6.02,8.6,5.33,6.04,5.63,5.3,7.58,4.95,5.07,7.62,24.85,6.74,5.46,11.58,5.87,5.08,11.11,5.17
AL7099A,5.92,6.42,7.64,7.7,5.86,5.26,7.77,6.76,6.37,5.75,11.52,6.84,6.43,11.95,7.67,5.6,10.96,6.04
Leucovorin,6.08,3.55,6.09,5.14,5.62,4.95,7.05,4.39,5.12,3.14,13.05,6.32,6.22,11.58,5.65,4.98,10.76,5.13
Saprisartan,5.8,5.86,6.67,7.18,5.92,5.58,7.79,5.53,5.16,7.47,10.36,6.58,6.22,11.85,6.76,5.54,11.64,5.6
ISOTHIAZOLIDINONEANALOG,5.91,9.43,6.52,5.98,5.58,4.89,5.96,4.42,5.54,4.1,3.41,5.95,5.97,10.47,4.29,5.47,11.58,5.9
acetylleucyl-leucyl-norleucinal,5.67,5.5,5.32,4.86,5.64,5.43,5.53,6.09,5.13,5.03,11.63,5.69,5.69,11.71,5.22,6.34,10.65,5.16
Pradigastat,5.91,6.01,6.47,6.27,5.58,5.11,7.49,5.1,5.23,6.12,11.35,6.1,5.84,11.64,6.07,5.22,10.9,5.35
1-ETHOXYCARBONYL-D-PHE-PRO-2(4-AMINOBUTYL)HYDRAZINE,5.87,6.25,4.76,4.39,5.66,5.76,5.9,4.75,5.12,10.68,10.3,6.02,5.94,12.1,4.18,5.24,11.25,5.15
"(5E,7S)-2-amino-7-(4-fluoro-2-pyridin-3-ylphenyl)-4-methyl-7,8-dihydroquinazolin-5(6H)-oneoxime",6.01,4.92,6.15,4.71,5.6,5.9,7.87,5.07,5.05,5.5,10.79,6.97,6.46,11.68,7.1,5.35,10.82,5.04
Desmopressin,5.88,8.45,6.15,5.49,6.03,5.03,6.57,4.9,5.16,17.58,13.96,6.38,5.88,12.02,5.24,5.16,11.71,5.14
Calcifediol,5.85,4.61,6.55,5.6,5.8,4.99,8.84,6.8,5.85,16.37,14.43,7.98,6.42,11.76,7.04,6.03,11.18,5.96
Boceprevir,5.86,4.51,5.91,4.27,6.03,5.05,7.34,5.43,5.08,5.08,11.46,7.52,6.0,12.81,7.83,5.19,10.67,5.11
Lonafarnib,5.88,4.47,6.8,5.63,5.79,4.86,7.19,6.62,5.07,4.29,11.05,6.5,6.15,12.85,6.81,5.3,10.84,5.25
5-AMINO-6-CYCLOHEXYL-4-HYDROXY-2-ISOBUTYL-HEXANOICACID,5.83,12.52,4.38,4.04,5.08,5.1,7.68,3.91,5.08,6.01,12.8,7.09,6.63,11.73,5.64,4.54,10.62,5.12
"6-(3-AMINOPROPYL)-4,9-DIMETHYLPYRROLO[3,4-C]CARBAZOLE-1,3(2H,6H)-DIONE",5.83,8.83,5.28,5.06,5.78,4.91,5.47,5.54,5.37,12.41,11.0,5.56,6.05,11.18,6.02,4.93,11.83,5.03
Riboflavin,6.04,6.03,7.16,6.03,5.56,5.18,6.41,4.36,5.2,5.83,4.36,6.15,6.23,10.5,6.14,4.72,11.6,5.07
Elinogrel,6.01,4.9,5.84,5.64,5.58,5.15,5.84,6.11,5.2,7.01,12.74,6.89,5.99,10.56,6.01,5.08,10.62,5.17
Bivalirudin,5.8,5.82,5.68,5.9,5.98,5.09,7.55,5.1,5.32,5.98,10.99,7.04,5.89,10.65,5.87,5.28,11.15,5.35
ConcanamycinA,6.0,5.02,5.28,5.05,5.52,5.28,8.87,6.69,5.77,4.6,12.2,7.27,6.61,11.01,5.39,5.53,11.4,5.91
Iloperidone,5.78,2.41,6.25,6.27,5.96,5.35,6.85,5.21,5.07,5.07,11.74,6.69,6.5,11.61,6.33,4.99,10.74,5.17
Revefenacin,5.96,4.1,5.2,5.44,5.71,5.82,7.87,4.48,5.05,5.44,15.17,6.51,5.93,10.83,4.33,4.89,10.99,5.13
Cisapride,6.11,2.92,7.9,6.96,6.2,5.97,7.53,5.76,5.29,7.24,6.59,6.46,5.11,10.8,6.81,6.12,11.25,5.2
Ruxolitinib,5.76,29.42,5.05,5.27,5.83,5.23,7.12,7.76,5.04,9.76,9.03,5.63,6.12,12.41,5.17,5.53,11.7,5.81
Verubecestat,6.02,3.69,4.73,6.21,5.71,5.42,7.46,6.96,5.07,3.83,10.74,7.23,5.64,11.68,6.03,5.42,11.18,5.2
[4-({5-(AMINOCARBONYL)-4-[(3-METHYLPHENYL)AMINO]PYRIMIDIN-2-YL}AMINO)PHENYL]ACETICACID,5.96,2.81,6.41,6.65,5.94,4.88,7.3,6.3,5.08,3.55,13.98,6.75,6.37,12.75,6.63,5.34,11.65,5.1
R-348,5.98,16.82,5.81,5.85,6.25,6.48,6.6,5.98,5.1,7.8,13.74,6.35,5.75,13.21,5.57,5.69,11.55,5.11
[3-(1-Benzyl-3-Carbamoylmethyl-2-Methyl-1h-Indol-5-Yloxy)-Propyl-]-PhosphonicAcid,5.93,5.86,6.58,5.99,5.63,5.19,6.39,5.1,5.11,7.73,10.44,8.83,5.7,10.82,5.13,4.68,11.31,5.24
Temocapril,6.07,3.03,5.04,5.96,5.65,5.96,7.25,5.73,5.98,4.74,10.84,5.68,6.08,11.62,4.76,5.28,11.33,5.32
(2E)-N-hydroxy-3-[1-methyl-4-(phenylacetyl)-1H-pyrrol-2-yl]prop-2-enamide,6.05,7.56,5.43,6.26,5.25,5.14,5.48,5.39,5.2,6.56,12.32,5.84,5.55,12.0,4.73,5.23,11.52,5.9
Elocalcitol,6.0,3.66,8.15,7.39,5.64,5.22,8.6,4.96,5.37,8.49,14.2,6.49,6.58,11.08,5.12,5.23,11.5,5.47
Trametinib,6.1,4.26,6.71,6.46,5.75,5.21,7.07,5.6,5.18,3.95,11.76,6.88,6.34,12.53,7.22,4.71,11.38,5.08
Alisertib,5.89,4.94,6.58,6.64,5.61,5.12,8.11,5.61,5.02,8.37,13.32,6.91,5.23,11.74,5.97,5.4,11.38,5.01
Triamcinolone,5.84,7.24,8.35,7.5,5.41,5.02,6.71,5.75,5.97,4.62,10.93,6.46,6.06,11.46,6.59,5.22,10.88,5.53
N-ISOBUTYL-N-[4-METHOXYPHENYLSULFONYL]GLYCYLHYDROXAMICACID,5.91,5.63,6.53,6.01,5.7,5.04,6.25,6.78,5.08,9.01,12.29,7.04,5.74,11.84,4.53,5.54,11.19,5.06
"(2R)-N-{4-[Ethyl(phenyl)sulfamoyl]-2-methylphenyl}-3,3,3-trifluoro-2-hydroxy-2-methylpropanamide",6.12,7.32,4.43,5.01,5.39,5.78,7.12,4.96,5.28,6.98,18.79,6.41,5.29,11.88,4.36,4.83,11.25,5.85
Calcitriol,5.85,2.93,7.39,6.74,5.88,5.1,9.03,7.38,5.57,4.36,11.47,7.73,6.43,11.7,7.02,6.26,10.71,5.95
Sertindole,5.85,4.87,3.7,5.09,6.63,4.92,6.65,7.34,5.24,6.78,17.71,6.7,6.36,11.75,5.74,6.71,11.51,5.08
Larotrectinib,6.14,6.67,6.54,6.35,5.72,5.2,7.03,6.1,5.09,6.98,11.06,7.49,5.84,11.87,7.04,5.02,11.49,5.27
(2S)-2-{3-[({[2-fluoro-4-(trifluoromethyl)phenyl]carbonyl}amino)methyl]-4-methoxybenzyl}butanoicacid,5.75,5.04,7.14,6.66,6.07,4.89,5.55,5.51,5.07,12.53,12.78,7.32,6.4,10.88,6.22,4.75,11.39,5.16
Geldanamycin,5.87,8.65,6.42,6.57,5.46,5.12,6.2,6.32,5.13,10.52,11.22,6.61,6.29,11.87,6.0,5.43,11.61,5.2
Dolutegravir,6.04,4.92,5.5,5.02,5.37,5.28,6.32,4.86,5.13,8.05,10.99,7.14,5.85,11.37,5.56,4.76,11.01,5.23
Ulimorelin,5.74,2.27,6.65,6.51,5.75,5.26,8.16,4.97,5.39,4.09,10.95,6.5,5.83,12.01,5.96,5.0,11.4,5.49
Troglitazone,5.78,7.72,5.13,5.77,5.49,5.31,6.06,4.7,5.11,3.9,6.25,6.11,6.16,12.06,4.09,5.19,11.11,5.22
Rilapladib,5.98,5.63,5.97,6.39,5.69,4.96,7.82,5.05,5.33,10.92,12.93,7.18,6.25,11.8,5.65,4.86,11.43,5.3
"[N-[N-(4-Methoxy-2,3,6-trimethylphenylsulfonyl)-L-aspartyl]-D-(4-amidino-phenylalanyl)]-piperidine",6.0,5.29,6.4,6.55,5.75,5.05,6.72,5.42,5.06,3.27,7.49,5.82,6.27,11.94,4.91,5.25,10.98,5.05
Rifampicin,5.84,4.89,4.64,4.91,5.51,4.98,7.27,7.28,5.79,4.94,12.2,6.2,6.71,11.76,5.26,5.75,11.41,5.96
Phenserine,5.97,1.96,3.92,4.13,6.37,5.29,7.45,6.48,5.08,5.04,11.25,6.43,6.19,12.02,4.3,6.11,11.37,5.19
Betamethasone,5.79,4.88,8.13,7.1,5.74,5.04,6.96,5.85,5.61,4.55,10.54,6.37,6.11,11.35,6.92,5.31,11.0,5.44
Eribulin,5.99,4.86,4.67,5.01,5.26,5.32,6.82,5.51,5.09,6.14,11.17,6.0,6.06,11.63,5.06,5.35,11.45,5.15
4-[(3S)-1-AZABICYCLO[2.2.2]OCT-3-YLAMINO]-3-(1H-BENZIMIDAZOL-2-YL)-6-CHLOROQUINOLIN-2(1H)-ONE,5.89,5.07,5.08,5.43,5.94,4.95,6.57,7.07,6.51,14.36,4.12,6.36,6.25,11.78,5.74,6.31,11.18,5.93
Fluocortolone,5.88,6.15,6.6,5.38,5.85,5.04,7.41,5.22,5.76,4.27,11.33,6.55,6.25,12.01,7.03,5.18,11.38,5.9
Elagolix,6.03,1.39,5.87,5.0,5.91,4.99,6.1,6.04,5.15,3.68,9.8,7.24,6.49,11.85,6.09,4.96,11.03,5.24
Fluticasone,5.9,3.81,6.62,6.47,5.96,4.92,8.29,6.41,5.16,3.71,28.41,8.52,6.21,11.68,7.41,5.35,11.35,5.27
Nalbuphine,5.94,5.9,7.97,6.63,6.21,5.3,8.22,5.98,5.45,9.08,8.67,5.73,5.96,12.09,6.81,5.73,11.19,5.31
Fostamatinib,5.66,6.25,6.55,6.3,5.42,4.95,7.9,6.17,5.5,5.6,10.89,6.25,6.47,11.91,6.08,5.4,11.52,5.31
3-FLUORO-5-MORPHOLIN-4-YL-N-[1-(2-PYRIDIN-4-YLETHYL)-1H-INDOL-6-YL]BENZAMIDE,5.84,7.61,5.61,4.96,5.71,4.91,7.09,4.75,5.06,4.89,17.9,7.42,6.06,11.63,5.75,4.94,11.15,5.06
"1-[4-(4-chlorophenyl)-1-(7H-pyrrolo[2,3-d]pyrimidin-4-yl)piperidin-4-yl]methanamine",5.79,4.53,5.51,4.94,5.37,5.74,7.25,6.67,5.07,6.21,17.06,6.38,5.76,11.5,6.12,5.4,11.08,5.08
"1-[3,3-Dimethyl-2-(2-Methylamino-Propionylamino)-Butyryl]-Pyrrolidine-2-CarboxylicAcid(1,2,3,4-Tetrahydro-Naphthalen-1-Yl)-Amide",5.82,3.75,7.23,6.67,5.99,5.31,6.47,6.0,5.13,5.13,14.67,6.99,6.29,11.43,6.55,6.24,10.88,5.14
"5-CHLORO-THIOPHENE-2-CARBOXYLICACID((3S,4S)-4-FLUORO-1-{[2-FLUORO-4-(2-OXO-2H-PYRIDIN-1-YL)-PHENYLCARBAMOYL]-METHYL}-PYRROLIDIN-3-YL)-AMIDE",5.99,8.09,5.46,5.38,6.07,5.64,6.17,7.25,5.38,2.66,8.85,7.1,5.59,10.65,7.05,4.87,10.78,5.42
Solithromycin,5.84,9.6,4.81,5.72,5.39,5.02,7.12,5.26,5.12,7.87,10.32,6.77,6.11,11.18,6.85,5.09,11.52,5.1
1-[1-(3-aminophenyl)-3-tert-butyl-1H-pyrazol-5-yl]-3-naphthalen-1-ylurea,5.93,2.88,5.72,6.17,5.56,5.55,6.65,5.11,5.14,8.83,43.86,6.33,5.06,11.96,5.12,5.07,11.57,5.0
"N-{4-[(Carboxymethyl)carbamoyl]benzoyl}-L-valyl-N-[(3S)-1,1,1-trifluoro-4-methyl-2-oxo-3-pentanyl]-L-prolinamide",6.01,5.58,6.14,5.75,5.77,5.93,5.55,4.93,5.05,6.58,6.7,7.04,5.66,10.78,4.52,5.63,11.47,5.25
Forasartan,5.85,4.59,6.66,6.66,5.79,4.95,6.48,6.05,5.05,4.71,11.14,6.52,5.87,11.72,6.67,5.86,10.68,5.08
Telotristatethyl,5.97,4.52,4.88,5.04,5.31,4.83,6.24,4.94,5.09,4.28,10.53,6.39,6.01,11.81,5.81,4.83,11.4,5.08
Finafloxacin,5.75,4.1,5.39,6.27,5.82,5.41,6.07,5.0,5.26,5.62,5.47,7.04,6.71,11.65,6.29,5.03,11.14,5.32
Reglitazar,5.91,8.67,5.19,4.17,5.56,5.65,6.73,5.26,5.08,6.84,10.14,6.78,6.24,11.66,5.53,5.51,10.99,5.13
Volixibat,5.93,6.29,4.18,4.5,5.74,5.25,7.98,6.73,5.09,8.55,12.16,5.43,6.7,11.91,6.37,5.52,10.55,5.53
DADLE,5.9,14.05,6.64,5.09,5.65,5.16,7.33,4.27,5.55,4.76,11.25,6.4,5.73,11.63,4.93,5.04,10.43,5.14
Morpholine-4-CarboxylicAcid(1-(3-Benzenesulfonyl-1-Phenethylallylcarbamoyl)-3-Methylbutyl)-Amide,5.9,4.09,4.97,4.42,5.67,6.14,6.53,5.36,5.25,3.84,10.31,7.47,6.42,13.55,3.84,5.1,11.06,5.17
N-[(2S)-4-Methyl-1-oxo-1-{[(4S)-3-oxo-1-(2-pyridinylsulfonyl)-4-azepanyl]amino}-2-pentanyl]-1-benzofuran-2-carboxamide,6.02,3.14,5.94,6.48,6.2,6.66,6.23,6.55,5.08,5.14,11.01,6.32,5.73,11.53,5.47,6.01,10.78,5.09
3-cyclohexyl-D-alanyl-N-(3-chlorobenzyl)-L-prolinamide,5.78,7.12,5.32,4.04,5.74,5.2,7.17,5.72,5.07,4.24,11.84,6.27,5.86,11.87,5.51,5.4,11.69,5.09
Dronabinol,5.8,7.14,6.87,6.33,5.47,5.01,7.78,5.23,5.39,7.42,13.32,6.83,6.24,11.07,5.71,5.57,11.33,5.21
Relacatib,5.85,4.46,6.33,5.99,6.32,6.76,6.46,6.75,5.08,3.64,10.22,7.02,5.69,11.62,5.49,6.26,10.62,5.1
Physostigmine,5.94,5.24,4.39,4.35,6.69,5.04,7.54,7.35,5.07,8.06,10.95,7.23,6.21,11.96,4.23,6.24,11.76,5.13
Cerivastatin,5.74,4.94,5.28,5.4,5.54,4.99,6.57,5.03,5.09,6.95,11.25,6.52,6.62,11.58,6.01,5.53,11.34,5.25
DPDPE,5.85,4.73,7.96,7.35,5.69,5.37,6.54,6.14,5.36,4.6,10.41,6.38,6.0,12.72,6.89,5.76,11.59,5.59
Daglutril,5.86,11.52,6.11,5.07,5.76,5.46,5.38,5.54,6.29,28.49,5.18,5.26,6.67,10.71,5.94,5.0,10.82,5.59
"Al-6629,[2h-Thieno[3,2-E]-1,2-Thiazine-6-Sulfonamide,2-(3-Methoxyphenyl)-3-(4-Morpholinyl)-,1,1-Dioxide]",5.88,7.18,7.24,7.58,5.91,4.96,5.77,8.04,5.09,7.78,12.78,6.62,6.53,11.71,8.47,6.99,10.78,5.17
"4-[5-(Trans-4-Aminocyclohexylamino)-3-Isopropylpyrazolo[1,5-a]Pyrimidin-7-Ylamino]-N,N-Dimethylbenzenesulfonamide",5.89,2.33,6.43,6.69,5.48,4.96,6.89,4.9,5.08,4.11,11.72,6.4,6.5,12.2,6.7,4.87,11.69,5.12
2-{4-[4-({4-[2-methyl-1-(1-methylethyl)-1H-imidazol-5-yl]pyrimidin-2-yl}amino)phenyl]piperazin-1-yl}-2-oxoethanol,5.85,5.94,6.55,6.97,6.43,4.93,7.59,7.42,5.08,9.64,11.39,6.01,5.59,11.93,5.97,6.15,11.71,5.22
Relcovaptan,5.9,7.64,5.64,4.27,5.42,5.69,7.72,5.29,5.05,8.8,13.67,7.35,5.93,11.65,5.97,5.46,11.0,5.48
"REL-(9R,12S)-9,10,11,12-TETRAHYDRO-9,12-EPOXY-1H-DIINDOLO[1,2,3-FG:3',2',1'-KL]PYRROLO[3,4-I][1,6]BENZODIAZOCINE-1,3(2H)-DIONE",5.77,5.22,5.76,6.02,5.83,5.25,6.34,5.49,6.92,7.07,10.9,6.65,5.77,14.45,6.45,5.32,12.42,6.57
CRA_11092,5.86,3.16,5.02,5.06,6.0,5.21,7.05,5.74,5.07,2.85,18.14,6.89,6.51,11.54,6.61,5.44,11.11,5.1
Betamethasonephosphate,5.76,5.16,8.03,6.95,5.6,4.96,6.04,5.12,5.22,10.49,12.3,6.27,5.99,11.48,5.97,5.2,11.31,5.4
"THIENO[3,2-B]PYRIDINE-2-SULFONICACID[2-OXO-1-(1H-PYRROLO[2,3-C]PYRIDIN-2-YLMETHYL)-PYRROLIDIN-3-YL]-AMIDE",5.85,7.14,7.05,7.09,5.74,6.92,6.49,5.65,5.06,11.07,10.31,6.81,6.09,11.86,7.11,5.2,11.25,5.76
Ximelagatran,6.0,10.62,6.44,5.45,5.81,5.53,5.66,6.05,5.06,9.22,13.08,5.39,6.15,11.69,5.94,5.98,11.54,5.13
Zanubrutinib,5.92,4.9,6.03,6.5,5.71,5.75,9.11,7.73,5.13,4.13,10.44,7.37,6.55,10.99,6.26,5.71,11.53,5.74
Leuprolide,5.8,4.78,6.92,6.09,6.15,5.21,6.6,4.81,5.11,6.55,17.33,7.09,5.38,10.53,5.8,5.04,10.69,5.21
Dihydrotachysterol,5.79,6.39,5.94,6.38,5.24,5.12,8.83,5.54,5.78,6.46,10.58,6.93,5.95,11.45,5.7,5.7,10.74,5.88
"[{2-bromo-4-[(2R)-3-oxo-2,3-diphenylpropyl]phenyl}(difluoro)methyl]phosphonicacid",5.86,6.69,6.95,5.52,5.72,6.72,5.53,5.87,5.29,7.42,12.37,6.67,6.14,11.85,4.89,5.47,11.49,5.53
D-phenylalanyl-N-[(1S)-4-{[amino(iminio)methyl]amino}-1-(chloroacetyl)butyl]-L-prolinamide,5.9,3.4,4.02,5.27,5.46,5.45,7.34,5.97,5.41,4.71,11.77,6.03,5.78,12.92,6.39,5.43,10.75,5.19
Pimecrolimus,5.77,4.32,7.57,7.74,5.37,5.16,7.54,7.52,6.05,5.72,11.41,6.94,6.12,11.71,8.69,5.88,10.87,5.87
Moexipril,5.94,5.03,6.6,5.9,5.68,5.36,8.03,5.07,5.06,4.0,9.17,6.32,5.88,11.78,5.87,5.12,10.62,5.14
Pelitinib,5.79,7.73,4.92,5.04,5.42,5.13,5.68,5.64,5.07,7.03,11.24,6.92,4.98,11.28,5.06,4.93,10.6,5.24
AC-(D)PHE-PRO-BOROHOMOORNITHINE-OH,5.78,5.94,4.7,5.01,5.89,5.28,6.81,4.75,5.11,2.87,11.47,6.26,5.64,12.48,5.43,4.87,11.65,5.1
Vincristine,5.86,4.37,6.88,5.88,5.54,5.33,6.47,4.45,5.34,2.51,11.14,7.27,6.02,11.87,6.33,4.91,11.76,5.42
Methyl(2S)-2-[[2-[(3R)-1-carbamimidoylpiperidin-3-yl]acetyl]amino]-3-[4-(2-phenylethynyl)phenyl]propanoate,5.8,4.48,6.06,6.03,5.58,4.94,6.27,4.92,5.13,4.83,17.66,6.37,5.62,11.47,5.5,5.0,11.2,5.18
Sagopilone,5.92,6.77,7.07,6.69,5.61,6.01,6.94,5.07,5.17,9.18,13.42,6.63,5.88,11.62,5.81,5.25,11.36,6.0
Ixabepilone,5.77,4.63,6.09,6.83,5.8,5.4,6.66,4.73,5.07,5.69,10.72,7.09,6.66,11.1,4.14,4.79,11.52,5.14
Saredutant,5.77,3.1,7.08,5.56,5.87,5.82,6.75,5.2,5.07,4.51,13.02,7.89,5.79,11.6,7.81,5.78,11.67,5.11
Amprenavir,5.85,6.94,8.48,7.42,5.6,6.25,7.31,5.95,5.1,7.29,11.27,6.27,6.35,11.7,6.18,5.46,11.44,5.06
Dasatinib,5.85,5.56,4.98,4.94,6.25,4.95,6.17,7.28,4.94,4.15,13.3,6.91,5.08,11.75,5.02,5.33,10.92,4.91
Estramustine,6.08,15.66,5.88,6.85,5.72,5.0,7.99,5.11,5.12,13.33,4.46,6.53,6.57,11.36,4.24,4.78,11.08,5.8
Sincalide,5.89,6.43,6.84,6.0,6.52,4.88,6.33,6.78,5.51,4.95,11.12,5.61,5.72,11.96,5.24,6.41,11.01,5.54
"S-(2,4-dinitrophenyl)glutathione",5.82,3.07,4.1,4.52,5.23,4.92,6.65,4.33,5.18,4.07,10.84,5.51,6.32,11.97,4.91,4.89,11.42,5.12
WRR-112,5.99,2.98,4.74,4.55,5.89,5.32,7.48,4.39,5.59,3.94,12.62,5.74,6.3,11.59,4.07,4.87,10.7,5.7
Indacaterol,5.85,5.62,7.3,7.45,5.52,5.14,6.43,6.67,5.08,5.39,29.99,6.71,5.86,11.56,7.58,4.9,11.46,5.13
Venetoclax,5.93,8.69,5.99,5.16,5.56,4.93,6.85,5.95,5.09,7.55,8.62,6.24,6.73,11.84,6.97,5.31,10.7,5.48
SP2456,5.88,2.2,5.41,4.17,5.66,5.38,5.54,4.69,5.11,5.24,11.93,6.76,6.22,11.8,7.42,5.06,11.59,5.27
Nelotanserin,5.82,8.14,6.04,6.01,5.44,5.41,6.08,5.64,5.08,8.46,12.96,7.21,5.97,11.3,5.52,4.93,11.34,5.12
AR-9281,5.85,5.67,4.41,3.96,5.88,4.92,5.51,7.01,5.6,4.91,11.74,5.45,5.71,11.15,4.2,6.63,11.59,5.2
"4-{[1-METHYL-2,4-DIOXO-6-(3-PHENYLPROP-1-YN-1-YL)-1,4-DIHYDROQUINAZOLIN-3(2H)-YL]METHYL}BENZOICACID",5.92,1.79,5.4,5.74,5.45,4.97,5.82,4.55,5.08,3.93,11.4,6.92,6.38,11.51,5.0,4.86,11.53,5.09
"N-((1R,2S)-2-(5-CHLORO-1H-INDOLE-2-CARBOXAMIDO)CYCLOHEXYL)-5-METHYL-4,5,6,7-TETRAHYDROTHIAZOLO[5,4-C]PYRIDINE-2-CARBOXAMIDE",5.8,6.85,5.7,5.6,5.53,5.75,7.22,5.88,5.58,3.76,13.11,8.26,5.17,12.15,7.51,4.75,11.59,5.47
KD3010,5.8,5.01,6.32,5.81,5.4,6.09,7.12,6.19,5.35,2.35,5.26,6.42,6.29,11.47,5.35,4.95,10.81,5.7
AL7089A,5.81,5.03,7.64,7.7,5.86,5.26,7.96,6.76,6.37,6.53,18.63,6.73,6.43,11.95,7.67,5.6,10.96,6.04
"5-[(3R)-3-(5-methoxy-2',6'-dimethylbiphenyl-3-yl)but-1-yn-1-yl]-6-methylpyrimidine-2,4-diamine",5.9,5.52,5.9,5.31,5.61,5.42,7.31,6.23,5.08,6.52,14.09,6.35,6.57,11.99,4.93,5.78,11.62,5.04
Atorvastatin,5.98,6.33,7.15,6.77,5.57,6.29,6.04,4.48,5.33,4.86,10.11,6.56,6.08,11.49,6.8,5.07,11.38,5.29
ADisubstitutedSuccinylCaprolactamHydroxymateMmp3inhibitor,5.79,3.35,5.87,6.34,6.16,5.12,5.44,6.1,5.82,10.89,6.24,6.59,5.61,11.86,3.85,5.99,11.39,5.74
Eribaxaban,5.85,3.35,6.64,5.95,6.2,4.89,5.8,7.83,5.09,4.84,15.42,6.56,5.39,11.79,6.3,6.09,10.7,5.1
Valspodar,5.57,4.83,6.52,6.37,5.82,5.12,8.19,6.84,5.33,4.45,18.07,7.21,6.22,12.87,7.77,5.18,11.47,5.24
"1-{[(3R)-3-methyl-4-({4-[(1S)-2,2,2-trifluoro-1-hydroxy-1-methylethyl]phenyl}sulfonyl)piperazin-1-yl]methyl}cyclopropanecarboxamide",6.0,12.58,4.04,4.44,6.19,6.25,7.31,5.33,5.07,8.49,11.99,6.97,5.8,11.39,5.17,5.08,11.63,5.69
"5-[(4-AMINOCYCLOHEXYL)AMINO]-7-(PROPAN-2-YLAMINO)PYRAZOLO[1,5-A]PYRIMIDINE-3-CARBONITRILE",5.75,4.04,7.91,7.66,5.33,5.51,7.71,6.37,5.08,2.7,11.29,7.26,6.05,11.79,7.75,5.1,11.59,5.43
"5-AMINO-3-{[4-(AMINOSULFONYL)PHENYL]AMINO}-N-(2,6-DIFLUOROPHENYL)-1H-1,2,4-TRIAZOLE-1-CARBOTHIOAMIDE",5.86,6.96,5.33,5.72,5.58,4.99,6.82,4.77,5.06,3.84,24.46,5.67,5.8,12.98,5.28,5.2,11.8,5.05
Calcipotriol,5.77,10.87,8.46,7.24,5.67,5.43,8.18,7.22,5.77,4.54,12.6,5.97,6.24,11.68,7.4,6.17,10.75,5.42
Cefadroxil,6.05,4.84,5.59,5.6,5.33,5.09,6.01,3.75,5.11,4.08,11.97,6.75,6.57,11.65,5.54,4.85,11.52,5.24
Nα-[(2S)-2-{[(S)-[(1S)-1-{[(Benzyloxy)carbonyl]amino}-2-phenylethyl](hydroxy)phosphoryl]methyl}-5-phenylpentanoyl]-L-tryptophanamide,5.83,6.36,5.81,5.22,5.34,5.61,6.98,4.92,5.14,1.29,12.98,7.38,5.42,11.67,5.0,5.94,10.62,5.1
EdotreotidegalliumGa-68,5.98,5.07,5.3,5.95,5.86,5.39,7.1,5.19,5.2,3.25,12.8,7.25,5.16,11.57,5.01,5.14,10.83,5.18
"1-[4-(AMINOMETHYL)BENZOYL]-5'-FLUORO-1'H-SPIRO[PIPERIDINE-4,2'-QUINAZOLIN]-4'-AMINE",5.84,10.99,4.58,5.1,5.78,4.88,7.1,5.51,5.37,3.28,10.16,6.68,6.4,11.37,6.53,5.2,11.41,5.17
Purvalanol,5.9,1.82,6.0,6.43,5.51,4.94,6.65,5.4,5.09,4.02,12.34,5.97,6.42,10.93,5.22,4.96,10.44,5.18
3-{6-[(8-HYDROXY-QUINOLINE-2-CARBONYL)-AMINO]-2-THIOPHEN-2-YL-HEXANOYLAMINO}-4-OXO-BUTYRIACID,5.6,2.39,5.9,5.88,5.73,5.82,5.72,4.84,5.13,6.98,17.88,6.04,5.99,12.51,5.27,6.28,11.42,5.09
Edoxaban,5.85,7.01,4.43,5.88,5.49,5.52,6.27,4.55,5.36,18.41,15.2,6.95,6.04,11.68,7.33,5.18,11.4,5.55
"(3AS,4R,9BR)-2,2-DIFLUORO-4-(4-HYDROXYPHENYL)-1,2,3,3A,4,9B-HEXAHYDROCYCLOPENTA[C]CHROMEN-8-OL",5.76,4.29,8.01,6.87,5.46,5.29,7.45,5.06,5.88,4.87,27.55,7.41,6.69,11.69,5.86,4.89,11.25,5.63
"THIENO[3,2-B]PYRIDINE-2-SULFONICACID[1-(1-AMINO-ISOQUINOLIN-7-YLMETHYL)-2-OXO-PYRROLDIN-3-YL]-AMIDE",5.8,7.2,7.56,7.46,5.66,6.85,6.38,5.18,5.05,6.95,13.7,6.57,6.18,12.02,5.25,5.34,10.69,5.15
Linaclotide,5.83,6.65,4.37,4.83,5.83,4.91,6.76,5.45,5.11,10.77,13.05,7.47,5.72,11.42,5.01,5.33,11.39,5.38
Eldecalcitol,5.83,7.2,6.3,5.53,5.32,5.15,7.52,7.82,5.39,3.34,11.76,5.58,6.79,11.9,5.78,6.18,10.65,5.43
"(2S)-6-(2,4-DIAMINO-6-ETHYLPYRIMIDIN-5-YL)-2-(3,5-DIFLUOROPHENYL)-4-(3-METHOXYPROPYL)-2H-1,4-BENZOXAZIN-3(4H)-ONE",5.76,3.08,7.11,4.78,5.31,5.68,7.32,5.31,5.08,3.67,12.49,7.04,6.68,11.57,4.31,4.97,11.34,5.09
N2-({[(4-Bromophenyl)Methyl]Oxy}Carbonyl)-N1-[(1s)-1-Formylpentyl]-L-Leucinamide,5.72,2.66,5.21,5.19,5.73,5.31,5.39,6.72,5.07,3.02,14.72,6.72,6.17,11.55,5.25,6.31,10.89,5.05
"(2R,3R)-7-(methylsulfonyl)-3-(2,4,5-trifluorophenyl)-1,2,3,4-tetrahydropyrido[1,2-a]benzimidazol-2-amine",6.0,11.93,6.14,6.43,5.36,5.43,7.08,5.33,5.09,7.49,22.78,7.16,6.47,11.66,6.98,5.08,11.52,5.11
MMI-175,5.81,2.04,6.07,3.75,5.96,5.29,7.28,5.32,5.12,4.87,12.57,8.13,6.4,11.7,6.28,5.67,11.07,5.14
Indigotindisulfonicacid,5.9,3.49,4.46,4.03,5.28,6.75,5.81,5.08,5.56,2.75,11.37,6.5,6.38,11.79,5.97,5.08,11.57,5.81
Paricalcitol,5.8,2.52,7.47,7.07,5.41,5.08,6.77,5.01,5.26,5.69,12.8,6.38,6.2,11.12,6.71,5.4,10.61,5.69
Prednylidene,5.91,4.73,6.52,5.75,5.65,5.17,6.86,5.16,6.33,2.18,11.1,6.62,6.31,10.8,5.79,5.19,11.4,5.84
WRR-99,6.0,3.29,4.74,4.55,5.89,5.36,7.06,4.39,5.59,2.99,10.22,6.15,6.3,11.59,4.07,4.87,10.7,5.7
Clinafloxacin,5.85,3.91,5.3,6.01,5.49,5.81,5.95,5.56,5.19,5.96,17.39,6.75,6.61,11.35,6.07,5.06,11.16,5.82
"4-(4-chlorobenzyl)-1-(7H-pyrrolo[2,3-d]pyrimidin-4-yl)piperidin-4-aminium",5.78,3.1,4.73,4.58,5.44,5.02,6.79,7.6,5.07,4.7,11.47,6.15,5.78,11.58,6.76,5.48,11.06,5.06
"(S)-2-((S)-3-isobutyl-2,5-dioxo-4-quinolin-3-ylmethyl-[1,4]diazepan-1yl)-N-methyl-3-naphtalen-2-yl-propionamide",5.73,5.32,6.61,6.26,5.82,5.18,5.09,5.36,5.36,3.67,10.85,6.2,5.87,11.28,5.47,5.15,11.52,5.16
Antrafenine,5.67,15.73,4.21,4.84,5.52,4.89,6.97,4.71,5.08,6.77,9.52,8.02,6.19,10.96,4.6,5.12,11.33,5.07
Ramipril,5.82,14.8,5.76,5.11,5.54,5.39,7.19,5.3,5.09,5.42,12.23,5.4,5.67,10.51,5.76,5.13,11.46,5.12
N2-[(benzyloxy)carbonyl]-n1-[(3S)-1-cyanopyrrolidin-3-yl]-l-leucinamide,5.89,4.39,5.7,5.5,5.71,5.78,7.74,5.09,5.14,9.27,8.91,6.46,5.83,11.55,4.3,5.5,11.19,5.13
AL5300,5.82,5.31,8.67,8.34,5.81,5.08,5.93,7.31,5.35,7.21,13.11,5.87,6.08,11.77,8.34,5.57,11.11,5.36
AC-(D)PHE-PRO-BOROHOMOLYS-OH,5.72,2.3,4.74,4.59,5.94,5.29,6.23,4.64,5.11,4.0,11.22,6.14,5.74,12.31,5.61,4.72,11.63,5.1
PD-0325901,5.92,4.36,6.46,7.08,5.64,5.67,5.57,6.42,5.07,5.72,10.84,7.57,5.01,10.93,6.87,5.82,10.92,5.02
Lestaurtinib,5.85,8.17,6.34,6.27,5.95,5.75,7.2,6.31,7.36,3.11,10.73,6.76,5.49,13.8,5.42,5.45,13.17,7.23
Vildagliptin,5.98,6.51,7.3,6.59,5.85,4.97,5.96,5.2,5.47,3.83,14.71,6.39,6.11,11.52,4.07,5.37,11.21,5.37
[1-(6-{6-[(1-methylethyl)amino]-1H-indazol-1-yl}pyrazin-2-yl)-1H-pyrrol-3-yl]aceticacid,5.77,7.45,6.95,6.92,5.62,5.24,5.68,5.27,5.29,13.95,9.68,6.35,6.17,12.26,4.5,5.21,11.41,5.73
Pravastatin,5.87,2.48,4.39,6.09,5.43,5.03,6.1,5.62,5.19,6.05,12.19,6.46,6.75,10.83,6.32,5.1,10.44,5.44
CoenzymeA,5.76,4.75,5.29,5.52,5.84,4.94,6.24,4.48,5.1,6.77,13.22,7.19,6.53,11.67,5.24,4.72,11.0,5.08
beta-phenyl-D-phenylalanyl-N-propyl-L-prolinamide,5.75,5.51,4.72,4.69,5.51,5.79,6.56,4.8,5.07,4.55,12.37,6.27,5.58,12.27,4.76,4.74,11.42,5.37
"(2S,3S)-3-AMINO-4-[(3S)-3-FLUOROPYRROLIDIN-1-YL]-N,N-DIMETHYL-4-OXO-2-(TRANS-4-[1,2,4]TRIAZOLO[1,5-A]PYRIDIN-5-YLCYCLOHEXYL)BUTANAMIDE",5.9,3.79,4.79,3.98,5.57,5.59,5.69,5.29,5.07,5.19,16.05,6.76,6.04,11.62,8.06,5.02,11.35,5.18
"N-((1R,2R)-2-(5-CHLORO-1H-INDOLE-2-CARBOXAMIDO)CYCLOHEXYL)-5-METHYL-4,5,6,7-TETRAHYDROTHIAZOLO[5,4-C]PYRIDINE-2-CARBOXAMIDE",5.77,2.7,5.7,5.6,5.53,5.75,6.78,5.88,5.58,6.11,10.98,8.34,5.17,12.15,7.51,4.75,11.59,5.47
Binodenoson,5.82,4.49,5.45,5.09,5.49,5.21,6.53,4.96,5.16,2.1,13.65,7.36,6.4,10.6,4.94,4.76,10.67,5.28
Fulvestrant,5.8,4.52,7.82,7.46,6.24,5.2,7.57,6.73,5.7,4.84,13.62,6.73,6.62,11.6,7.02,5.48,10.67,6.04
Cenisertib,5.83,5.09,7.33,6.93,6.41,4.89,6.09,6.57,5.09,4.94,11.24,5.69,6.45,13.93,7.23,5.4,12.62,5.37
"4-({4-[(4-AMINOBUT-2-YNYL)OXY]PHENYL}SULFONYL)-N-HYDROXY-2,2-DIMETHYLTHIOMORPHOLINE-3-CARBOXAMIDE",5.74,8.27,4.91,5.04,6.92,6.86,6.8,7.08,5.31,5.26,10.56,5.9,6.56,11.71,4.2,6.61,11.16,6.01
"(3AS,4R,9BR)-4-(4-HYDROXYPHENYL)-6-(METHOXYMETHYL)-1,2,3,3A,4,9B-HEXAHYDROCYCLOPENTA[C]CHROMEN-8-OL",5.75,3.32,7.77,6.78,5.39,5.4,8.02,4.44,5.1,3.11,11.27,6.9,6.77,11.39,6.62,4.73,11.26,5.25
Cefaclor,5.96,6.8,6.49,5.05,5.41,5.33,7.8,3.7,5.35,5.31,17.33,5.87,6.52,11.76,5.0,4.63,11.31,5.28
"(3R)-3-(FLUOROMETHYL)-N-(3,3,3-TRIFLUOROPROPYL)-1,2,3,4-TETRAHYDROISOQUINOLINE-7-SULFONAMIDE",5.76,6.78,4.99,4.29,5.53,4.95,5.53,5.23,5.13,6.31,14.57,6.36,6.21,11.82,4.37,4.97,11.61,5.8
Telmisartan,5.73,2.75,6.22,5.57,5.86,5.45,7.74,6.11,5.12,4.51,13.51,7.04,5.68,11.8,6.09,4.79,11.62,5.09
"2-({[3,5-DIFLUORO-3'-(TRIFLUOROMETHOXY)BIPHENYL-4-YL]AMINO}CARBONYL)CYCLOPENT-1-ENE-1-CARBOXYLICACID",5.8,3.36,4.61,4.67,5.68,4.87,6.88,4.86,5.11,4.34,11.5,6.05,6.32,11.64,4.99,5.12,11.46,5.08
Efavirenz,5.77,4.68,5.59,4.82,6.12,5.04,7.48,5.89,5.87,7.07,12.03,7.1,5.9,10.54,4.99,5.82,11.7,5.54
"1-[4-(4-chlorobenzyl)-1-(7H-pyrrolo[2,3-d]pyrimidin-4-yl)piperidin-4-yl]methanamine",5.76,3.13,5.32,5.48,5.58,5.02,7.43,7.19,5.06,4.58,11.29,6.33,5.76,11.56,6.08,5.7,11.29,5.09
Foretinib,5.77,2.99,6.06,5.63,5.89,5.26,6.74,4.99,5.33,3.31,11.47,6.49,5.12,11.1,5.0,5.98,10.84,5.0
"1-{5-[2-(thieno[3,2-d]pyrimidin-4-ylamino)ethyl]-1,3-thiazol-2-yl}-3-[3-(trifluoromethyl)phenyl]urea",5.76,3.53,6.02,4.82,6.1,5.18,6.68,7.21,5.05,6.19,11.68,6.66,5.57,12.03,5.0,5.08,11.52,5.06
Apixaban,5.76,8.9,4.68,4.0,5.62,4.86,5.47,4.49,5.09,2.72,7.39,6.82,6.51,11.96,5.19,4.63,11.43,5.09
"6-(4-{[2-(3-iodobenzyl)-3-oxocyclohex-1-en-1-yl]amino}phenyl)-5-methyl-4,5-dihydropyridazin-3(2H)-one",5.71,8.63,5.76,5.74,5.91,5.6,5.95,7.95,5.08,7.52,12.6,6.71,6.52,11.9,5.75,7.47,11.39,5.08
Ibrutinib,5.89,5.33,7.45,7.54,5.52,5.93,8.98,6.19,5.1,2.71,14.69,8.21,6.07,11.02,7.02,5.27,11.43,5.14
(R)-tacrine(10)-hupyridone,5.88,5.89,7.24,6.36,6.14,5.04,6.86,6.72,5.09,3.4,9.97,6.4,6.66,10.98,6.69,5.52,11.36,5.1
Ribociclib,5.91,8.0,6.47,6.76,5.12,6.33,6.51,4.62,5.15,3.43,8.74,7.06,6.73,11.91,7.71,4.62,11.89,5.66
Gonadorelin,5.79,2.68,6.62,6.31,6.14,4.91,5.61,5.16,5.19,5.87,10.65,6.15,5.28,10.76,5.86,5.25,10.68,5.15
"BENZYLN-({(2S,3S)-3-[(PROPYLAMINO)CARBONYL]OXIRAN-2-YL}CARBONYL)-L-ISOLEUCYL-L-PROLINATE",5.8,5.33,5.87,5.17,5.61,5.35,5.48,4.81,5.09,7.43,11.39,6.85,5.92,10.86,6.36,4.87,11.47,5.11
CarboxymycobactinS,5.82,3.66,5.08,5.18,5.45,5.24,7.27,5.89,5.21,3.57,12.65,6.58,6.04,12.68,7.57,5.08,11.6,5.68
"5-Bromo-N-[(2S)-2,3-dihydroxypropoxy]-3,4-difluoro-2-[(2-fluoro-4-iodophenyl)amino]benzamide",5.86,4.77,6.97,7.35,5.57,6.02,5.75,6.25,5.07,9.5,11.88,6.66,5.02,11.34,6.93,5.89,10.99,5.03
"N-({(2S,3S)-3-[(BENZYLAMINO)CARBONYL]OXIRAN-2-YL}CARBONYL)-L-ISOLEUCYL-L-PROLINE",5.8,6.04,7.16,5.9,5.73,5.38,6.16,4.97,5.08,6.55,12.65,6.74,6.03,11.67,4.73,5.22,11.56,5.32
"METHYLN-({(2S,3S)-3-[(PROPYLAMINO)CARBONYL]OXIRAN-2-YL}CARBONYL)-L-ISOLEUCYL-L-PROLINATE",5.8,5.47,4.75,4.38,5.67,5.33,5.42,4.8,5.08,6.09,12.88,6.32,6.03,11.74,4.4,5.02,11.38,5.14
N-[1-Hydroxycarboxyethyl-Carbonyl]Leucylamino-2-Methyl-Butane,5.88,1.42,4.46,4.47,5.69,5.09,6.27,4.29,5.21,4.68,11.97,6.07,6.3,11.53,3.72,4.75,10.75,5.25
6-CHLORO-N-{(3S)-1-[(1S)-1-METHYL-2-(4-MORPHOLINYL)-2-OXOETHYL]-2-OXO-3-PYRROLIDINYL}-2-NAPHTHALENESULFONAMIDE,5.78,7.32,5.6,4.02,5.85,4.83,6.05,4.99,6.09,6.58,15.02,7.81,6.38,12.26,5.11,4.99,11.3,5.49
"2'-deoxycytidine-2'-deoxyadenosine-3',5'-monophosphate",5.97,5.86,4.89,4.72,5.5,5.06,6.37,4.52,5.08,5.4,12.82,6.92,6.69,11.39,5.27,4.67,11.74,5.47
gamma-Glutamyl[S-(2-iodobenzyl)cysteinyl]glycine,5.78,2.99,5.75,4.34,5.75,5.27,7.69,4.45,5.1,3.53,14.75,6.31,6.33,11.43,4.16,4.8,10.61,5.1
Tecadenoson,5.77,5.53,7.59,7.16,5.73,5.06,7.16,5.85,5.35,3.34,20.15,6.61,6.67,10.58,5.06,5.12,10.7,5.14
(2R)-N-HYDROXY-2-[(3S)-3-METHYL-3-{4-[(2-METHYLQUINOLIN-4-YL)METHOXY]PHENYL}-2-OXOPYRROLIDIN-1-YL]PROPANAMIDE,5.77,7.2,6.67,6.18,5.7,5.62,7.21,6.22,5.83,6.1,15.95,6.9,5.61,11.6,5.17,5.53,10.61,5.6
ABT-510,5.7,2.23,4.89,3.85,5.52,5.18,5.92,4.83,5.19,1.9,11.6,6.74,5.72,11.49,4.24,4.97,11.44,5.15
2-[2-ETHANESULFONYLAMINO-3-(5-PROPOXY-1H-INDOL-3-YL)-PROPIONYLAMINO]-PENTANEDIOICACID5-AMIDE1-(4-CARBAMIMIDOYL-BENZYLAMIDE),5.96,3.0,4.61,4.88,5.78,4.88,7.76,4.83,5.13,4.73,10.89,6.17,6.47,11.62,4.91,4.94,11.55,5.1
(S)-tacrine(10)-hupyridone,5.83,5.57,7.24,6.36,6.14,5.03,6.83,6.72,5.09,3.78,15.62,6.59,6.66,10.98,6.69,5.52,11.36,5.1
Etiprednoldicloacetate,5.68,7.8,7.24,7.12,5.95,4.97,6.45,6.7,6.08,5.6,15.02,6.05,6.3,10.96,7.35,5.26,11.2,5.95
Minodronicacid,5.83,3.06,5.3,4.17,5.4,5.11,5.64,5.17,5.1,6.17,11.33,6.13,5.61,11.19,6.15,4.9,10.74,5.07
Becocalcidiol,5.77,9.34,5.37,6.1,5.6,5.16,8.19,6.06,5.36,6.51,13.74,8.09,6.27,11.77,6.26,5.72,11.29,5.96
(R)-minalrestat,5.79,8.31,7.84,6.94,5.65,5.87,6.03,6.5,5.09,5.71,13.47,8.18,5.83,11.76,6.56,6.49,11.42,5.27
AL6528,5.78,2.07,8.75,8.75,5.77,4.9,7.71,7.48,6.21,5.27,18.1,6.95,6.32,11.85,8.62,5.65,11.33,5.94
1-(3-Mercapto-2-Methyl-Propionyl)-Pyrrolidine-2-CarboxylicAcid,5.71,3.17,5.18,4.5,5.76,5.0,6.32,6.84,5.08,2.83,11.78,6.07,5.89,11.27,4.22,4.98,11.6,5.5
Aprepitant,5.72,10.49,4.74,6.15,5.66,5.38,7.69,7.65,5.08,6.71,11.69,6.01,6.3,10.84,7.36,6.1,11.64,5.13
Cholecalciferol,5.72,5.59,5.73,5.8,5.76,4.99,8.76,6.05,6.21,7.49,10.3,7.34,6.38,11.75,7.32,5.68,10.68,5.88
Butorphanol,5.58,4.91,7.18,6.42,6.34,5.0,6.88,4.73,5.08,16.47,4.72,6.67,5.81,11.7,6.88,5.76,11.14,5.66
Bleomycin,5.78,5.91,4.72,4.26,5.7,5.54,7.64,5.26,5.07,6.49,14.52,6.84,5.74,11.78,6.16,5.19,11.06,5.09
"4-[(5-ISOPROPYL-1,3-THIAZOL-2-YL)AMINO]BENZENESULFONAMIDE",5.84,4.26,6.58,6.76,5.66,5.0,5.72,6.01,5.08,6.76,11.49,6.13,5.67,11.4,5.85,5.55,11.33,5.2
Adenylosuccinicacid,5.81,3.45,5.04,4.41,5.79,5.17,5.93,5.92,5.05,3.21,12.44,5.69,6.33,10.61,5.08,4.68,10.54,5.13
2-[Trans-(4-Aminocyclohexyl)Amino]-6-(Benzyl-Amino)-9-Cyclopentylpurine,5.72,3.8,5.44,6.52,5.64,5.09,7.98,5.31,5.08,3.34,11.33,5.75,5.77,12.32,5.01,5.13,11.74,5.12
"4-Amino-2-[(3-chlorophenyl)amino]-5-(4-fluorobenzoyl)-1,3-thiazol-3-ium",5.94,6.83,4.95,5.12,5.08,6.75,6.64,4.53,5.11,4.83,11.35,6.86,6.17,11.77,5.3,4.8,10.79,5.04
[4-({[5-Benzyloxy-1-(3-Carbamimidoyl-Benzyl)-1h-Indole-2-Carbonyl]-Amino}-Methyl)-Phenyl]-Trimethyl-Ammonium,5.75,5.65,4.89,4.25,5.58,5.27,8.1,4.97,5.14,4.98,14.64,6.85,6.17,11.58,4.27,4.78,11.67,5.45
Telcagepant,5.84,8.55,6.57,6.81,5.8,4.9,7.68,7.05,5.07,5.28,16.22,6.44,5.97,11.9,7.43,5.5,11.56,5.23
"(2s,3r)-3-Amino-2-Hydroxy-5-(Ethylsulfanyl)Pentanoyl-((S)-(-)-(1-Naphthyl)Ethyl)Amide",5.83,5.92,3.67,4.74,5.49,5.2,5.47,5.05,5.4,4.06,10.97,6.97,5.84,11.74,5.21,5.42,10.67,5.31
Methyclothiazide,5.89,4.11,4.58,5.14,5.45,4.9,6.82,5.69,5.79,15.57,11.73,5.81,6.47,10.76,8.11,5.31,11.64,5.52
Octreotide,5.77,7.45,6.36,6.24,5.8,4.97,7.16,4.91,5.2,3.0,10.81,6.13,5.11,11.58,5.05,5.46,10.91,5.17
Delafloxacin,5.72,5.49,4.6,5.04,5.71,4.9,7.19,5.05,5.59,5.96,15.14,7.33,6.1,11.56,5.21,5.26,11.2,5.29
Dasabuvir,5.86,4.95,5.86,5.62,5.73,5.65,5.91,4.41,5.27,6.51,16.56,6.43,6.48,11.72,4.65,5.17,11.59,5.18
Benazepril,5.92,3.4,6.46,5.79,5.53,5.52,6.14,6.73,5.84,6.4,11.65,6.31,6.46,10.8,5.06,4.89,10.71,5.43
Amodiaquine,5.62,7.27,4.79,4.43,5.53,4.9,6.72,4.85,5.09,4.42,21.48,6.04,5.56,10.66,5.01,4.79,10.65,5.21
HuperzineA,5.49,6.47,5.04,3.96,5.58,5.01,6.11,5.12,5.29,7.53,13.06,5.19,6.03,11.61,6.0,4.92,11.47,5.67
Dexamethasone,5.7,4.17,8.13,7.1,5.74,5.02,6.69,5.85,5.61,9.27,14.15,6.58,6.11,11.35,6.92,5.31,11.0,5.44
"(3S)-4-{[4-(BUT-2-YNYLOXY)PHENYL]SULFONYL}-N-HYDROXY-2,2-DIMETHYLTHIOMORPHOLINE-3-CARBOXAMIDE",5.7,6.03,5.56,5.95,6.99,6.83,7.1,7.42,5.29,5.9,12.4,6.49,6.57,11.58,4.21,6.97,10.82,5.86
Zafirlukast,5.82,4.42,7.01,5.89,5.36,7.06,6.62,5.92,5.17,3.76,14.16,8.03,6.57,11.62,5.81,4.77,10.86,5.18
"(1R)-1-{[(4'-methoxy-1,1'-biphenyl-4-yl)sulfonyl]amino}-2-methylpropylphosphonicacid",5.75,20.55,6.24,5.62,5.64,5.03,6.57,6.59,5.09,12.04,6.63,7.12,6.74,11.91,5.57,5.93,11.13,5.13
N-(3-Propylcarbamoyloxirane-2-Carbonyl)-Isoleucyl-Proline,5.78,6.46,3.54,4.17,5.7,5.09,5.24,4.62,5.09,8.82,21.15,6.16,6.09,11.55,3.69,4.71,11.55,5.13
"5-{[1-(2,3-dichlorobenzyl)piperidin-4-yl]methoxy}quinazoline-2,4-diamine",5.87,4.09,5.08,5.5,5.72,5.3,7.31,6.27,5.09,4.35,10.58,6.2,5.15,11.61,4.83,5.17,10.81,5.16
Triglu-5-formyl-tetrahydrofolate,5.86,6.4,5.52,5.21,5.74,4.92,7.24,4.56,5.09,7.02,56.8,6.92,6.22,11.6,5.84,4.93,11.53,5.07
"PhosphoricAcidMono-[3-Fluoro-5-(5-Methyl-2,4-Dioxo-3,4-Dihydro-2h-Pyrimidin-1-Yl)-Tetrahyro-Furan-2-Ylmethyl]Ester",5.73,6.44,5.31,4.7,5.57,5.18,5.65,5.77,5.97,4.82,11.45,6.43,6.63,10.67,5.05,5.01,11.31,5.88
PRX-08066,5.84,7.02,6.78,6.77,5.97,5.1,6.32,5.57,5.06,3.01,8.05,6.0,5.98,11.67,6.29,4.96,11.16,5.07
"1-[(2S)-4-(5-phenyl-1H-pyrazolo[3,4-b]pyridin-4-yl)morpholin-2-yl]methanamine",5.88,5.7,6.07,6.2,5.61,5.46,5.71,5.77,5.05,4.92,10.27,7.22,6.55,11.44,5.07,4.81,11.7,5.16
"3-fluoro-4-[2-hydroxy-2-(5,5,8,8-tetramethyl-5,6,7,8,-tetrahydro-naphtalen-2-yl)-acetylamino]-benzoicacid",5.77,9.66,5.6,5.42,6.12,4.85,6.63,4.57,5.1,7.27,20.24,6.32,5.98,11.75,6.02,5.36,11.54,5.26
N-Hydroxy-1-(4-Methoxyphenyl)Sulfonyl-4-Benzyloxycarbonyl-Piperazine-2-Carboxamide,5.81,13.98,4.21,3.86,6.59,7.01,7.62,7.52,5.08,18.17,9.46,7.14,6.64,11.46,4.38,6.65,11.45,5.44
Talazoparib,5.86,6.14,6.53,5.73,5.34,4.99,7.96,6.37,5.09,5.23,11.87,7.38,6.33,11.5,6.0,5.48,11.34,5.26
Cediranib,5.67,8.31,5.06,5.12,5.61,4.89,7.06,6.53,5.05,2.95,11.91,5.78,5.05,11.36,5.0,5.54,11.01,5.01
Garenoxacin,5.73,5.94,7.38,6.56,5.53,5.21,7.42,4.87,5.29,5.87,18.28,7.25,5.7,11.62,5.02,4.86,11.46,5.28
OPC-51803,5.69,5.21,6.37,6.38,5.63,4.94,7.47,6.58,5.07,5.12,8.97,6.43,6.34,10.36,7.63,5.59,10.69,5.15
Eluxadoline,5.69,7.29,6.63,6.93,5.41,4.96,8.22,6.09,5.07,3.04,8.55,5.66,6.05,10.56,6.41,5.54,10.89,5.13
TRIAZOLOPYRIMIDINE,5.67,5.39,6.65,6.44,5.59,5.06,7.46,5.27,5.08,8.91,15.45,6.03,5.84,11.54,6.1,5.08,11.5,5.05
Levocabastine,5.77,7.95,5.93,5.18,5.69,6.47,6.91,4.85,6.39,6.15,16.37,6.68,6.27,11.31,6.71,5.21,11.5,5.58
6-O-PhosphorylInosineMonophosphate,5.74,3.8,2.94,2.68,5.66,5.2,5.58,5.95,5.1,5.61,10.74,4.87,6.49,11.29,4.95,4.74,11.13,5.19
1-[2-AMINO-2-CYCLOHEXYL-ACETYL]-PYRROLIDINE-3-CARBOXYLICACID5-CHLORO-2-(2-ETHYLCARBAMOYL-ETHOXY)-BENZYLAMIDE,5.64,3.64,4.82,6.22,5.7,5.19,6.39,6.15,5.07,8.26,13.17,5.96,5.95,12.28,6.2,5.08,11.27,5.36
GIBBERELLINA4,5.73,7.89,6.02,6.16,5.73,5.05,5.68,4.42,6.48,6.7,10.46,6.48,6.49,11.78,5.25,4.99,10.6,5.9
Sarafloxacin,5.86,4.09,4.37,4.67,5.45,5.29,5.83,4.95,5.91,5.7,15.47,6.46,6.5,11.52,4.95,4.74,11.56,5.46
Bosutinib,5.79,3.05,5.15,5.07,6.01,5.21,6.57,7.17,5.02,3.46,14.03,6.87,4.98,11.64,5.06,5.73,11.01,5.24
D-phenylalanyl-N-{4-[amino(iminio)methyl]benzyl}-L-prolinamide,5.71,6.72,4.65,4.88,5.46,5.05,8.02,4.55,5.23,5.74,18.69,6.2,6.21,13.09,4.87,5.18,11.66,5.51
Dipyridamole,5.72,11.62,4.33,4.83,5.51,4.96,6.34,5.08,5.09,7.29,12.13,6.78,5.91,10.62,5.09,5.1,11.43,5.08
N-HYDROXY-2-[4-(4-PHENOXY-BENZENESULFONYL)-TETRAHYDRO-PYRAN-4-YL]-ACETAMIDE,5.72,2.74,5.12,3.97,5.9,6.64,8.16,7.19,5.09,5.29,11.05,6.65,6.74,10.85,4.47,5.43,11.54,5.18
Hydrocortisonebutyrate,5.6,4.85,6.17,6.05,5.89,5.09,7.02,5.26,6.04,5.52,12.44,6.02,6.65,11.38,5.31,5.22,10.63,5.9
"(3-ENDO)-8-METHYL-8-AZABICYCLO[3.2.1]OCT-3-YL1H-PYRROLO[2,3-B]PYRIDINE-3-CARBOXYLATE",5.73,4.68,5.43,6.19,5.96,5.5,7.13,6.56,5.07,5.11,10.48,6.63,6.01,11.59,5.7,5.23,11.69,5.11
MK-1775,5.76,10.68,7.56,7.82,5.52,5.85,7.03,5.66,5.36,10.48,14.05,6.94,6.77,11.77,7.65,4.89,11.6,5.51
Netarsudil,5.88,5.26,5.23,4.35,6.16,4.91,6.87,6.67,5.07,7.4,13.19,6.81,6.14,11.65,5.84,5.46,11.39,5.08
Halometasone,5.8,3.2,7.27,6.63,5.91,5.05,8.19,6.27,6.0,3.03,11.54,7.93,6.06,11.4,7.08,5.35,10.61,5.43
Bufexamac,5.84,4.64,5.76,5.02,5.53,4.92,6.46,5.08,5.09,8.66,10.38,6.08,5.99,11.79,4.76,4.97,11.53,5.05
Alfacalcidol,5.72,7.92,6.94,6.31,5.81,5.1,8.77,6.75,6.03,2.91,7.05,7.0,6.39,11.76,7.24,5.73,10.55,5.98
RAF-265,5.76,5.52,5.02,5.13,5.68,4.88,7.8,4.99,5.07,4.0,12.19,6.47,5.05,11.94,5.0,5.74,11.36,5.02
S-23,5.64,6.02,5.73,5.33,5.97,5.11,6.59,5.3,5.71,7.01,14.7,7.63,6.37,11.95,5.7,5.13,10.69,5.11
Rivoglitazone,5.72,10.82,4.53,4.71,5.56,4.93,7.15,5.01,5.07,3.93,11.0,7.22,6.44,11.86,4.3,5.06,11.35,5.08
Sparsentan,5.73,7.19,5.93,5.0,5.41,5.82,6.52,5.34,5.09,4.78,14.68,6.48,5.83,11.65,7.82,5.38,10.68,5.38
Hydrocortisonecypionate,5.72,4.63,6.3,5.3,5.93,5.14,7.18,4.95,5.76,2.9,11.35,6.28,6.64,11.53,5.44,5.17,10.88,5.92
"3-({[(3S)-3,4-dihydroxybutyl]oxy}amino)-1H,2'H-2,3'-biindol-2'-one",5.74,3.59,6.11,4.95,5.5,5.42,5.81,4.13,5.34,4.29,12.75,7.0,6.63,11.42,5.12,4.59,11.3,5.23
"N-(5-{3,4-difluoro-2-[(2-fluoro-4-iodophenyl)amino]phenyl}-1,3,4-oxadiazol-2-yl)ethane-1,2-diamine",5.82,7.34,7.14,7.2,5.53,5.26,6.74,5.82,5.07,7.92,17.29,7.51,6.56,10.89,6.39,5.59,10.8,5.04
"methyl(1R,2S)-2-(hydroxycarbamoyl)-1-{4-[(2-methylquinolin-4-yl)methoxy]benzyl}cyclopropanecarboxylate",5.7,7.44,4.86,3.95,5.83,4.94,6.94,6.86,5.07,3.49,11.81,5.25,6.04,11.52,4.21,5.42,11.39,5.22
Upadacitinib,5.77,3.42,5.51,4.44,5.51,5.39,7.61,5.52,5.11,6.33,13.0,7.23,6.1,13.21,6.19,4.81,11.58,5.64
Eravacycline,5.76,5.15,4.5,5.04,5.59,5.74,6.89,5.49,5.06,4.91,12.34,5.74,6.26,11.74,6.06,5.41,11.54,5.13
(2S)-1-(3H-Indol-3-yl)-3-{[5-(6-isoquinolinyl)-3-pyridinyl]oxy}-2-propanamine,5.53,9.11,5.75,4.85,5.98,5.26,8.14,5.59,5.43,9.99,14.46,6.89,5.67,11.59,5.72,6.46,11.53,5.26
Temafloxacin,5.73,2.52,5.27,5.67,5.61,5.55,5.99,5.02,5.15,3.46,13.05,7.19,6.69,11.56,5.29,4.69,11.33,5.13
Terlipressin,5.73,4.59,5.97,5.55,5.97,5.28,6.46,5.03,5.1,3.68,13.12,6.16,5.82,12.39,5.15,5.1,11.7,5.1
"1,1,1-TRIFLUORO-3-((N-ACETYL)-L-LEUCYLAMIDO)-4-PHENYL-BUTAN-2-ONE(N-ACETYL-L-LEUCYL-L-PHENYLALANYLTRIFLUOROMETHYLKETONE)",5.68,8.5,5.14,5.06,5.71,5.62,7.9,4.53,5.4,4.78,11.24,6.46,6.12,11.54,5.05,5.93,10.71,5.44
(2R)-2-(3-Biphenylyl)-N-{(2R)-2-hydroxy-3-[(2-pyridinylsulfonyl)amino]propyl}-4-methylpentanamide,5.7,4.09,6.0,5.69,5.7,6.92,7.03,5.14,5.16,3.85,11.7,7.42,6.53,12.17,4.95,5.15,10.8,5.21
Flovagatran,5.74,5.3,4.55,4.01,6.09,5.32,5.89,5.16,5.08,5.03,10.96,6.02,5.67,11.73,5.75,6.19,11.24,5.08
Radotinib,5.66,7.19,5.02,5.08,6.44,4.97,7.43,6.06,5.05,5.81,13.36,6.32,5.11,11.85,4.99,6.26,11.17,4.99
GSHNA,5.67,3.9,3.78,6.68,5.72,5.37,7.91,4.28,5.33,5.16,11.77,4.52,6.14,11.1,7.02,5.24,10.64,5.24
Dutasteride,5.82,6.47,4.36,3.52,5.8,5.09,7.72,7.1,5.07,9.19,9.7,6.52,5.5,12.4,4.31,5.54,11.61,5.23
Argatroban,5.88,5.05,5.96,6.09,5.69,7.0,5.78,4.95,5.28,2.71,11.08,5.51,6.33,11.7,5.8,5.87,10.72,5.24
LeukotrieneC4,5.7,5.33,3.31,4.07,5.7,5.25,6.57,4.15,5.09,5.46,16.06,6.45,6.31,12.45,5.73,4.81,11.42,5.11
"2-{4-[(4-imidazo[1,2-a]pyridin-3-ylpyrimidin-2-yl)amino]piperidin-1-yl}-N-methylacetamide",5.68,5.99,5.4,4.98,5.88,4.92,6.51,5.2,5.07,5.44,13.42,5.86,6.31,11.74,7.05,5.06,11.19,5.09
BafilomycinB1,5.61,2.59,5.69,5.38,5.51,5.01,8.83,6.24,5.69,5.48,11.89,6.85,6.66,11.56,3.94,5.01,11.36,6.13
"4-[(4-Imidazo[1,2-a]Pyridin-3-Ylpyrimidin-2-Yl)Amino]Benzenesulfonamide",5.51,4.44,6.41,6.78,6.02,6.77,5.85,6.67,5.06,5.5,10.92,6.61,6.33,12.13,7.31,6.12,11.47,5.1
4-[[2-[[4-chloro-3-(trifluoromethyl)phenyl]amino]-3H-benzimidazol-5-yl]oxy]-N-methyl-pyridine-2-carboxamide,5.67,6.38,5.01,5.1,5.72,4.88,6.82,4.75,5.08,4.12,14.89,7.29,5.08,11.85,5.0,5.12,11.38,5.05
"5-(4-METHYL-BENZOYLAMINO)-BIPHENYL-3,4'-DICARBOXYLICACID3-DIMETHYLAMIDE-4'-HYDROXYAMIDE",5.83,7.67,4.08,4.72,5.68,5.39,7.29,4.99,5.05,4.3,20.08,6.24,5.18,11.72,5.6,5.15,11.35,5.06
Hydrocortisonevalerate,5.59,8.34,6.08,6.11,5.87,5.07,6.85,5.18,5.78,5.67,12.63,4.94,6.66,11.36,5.42,5.28,10.55,5.68
Prulifloxacin,5.77,5.25,5.8,5.89,5.42,5.09,6.5,6.6,5.56,5.1,13.94,6.02,6.67,11.48,7.23,5.08,11.39,5.33
D-phenylalanyl-N-(3-fluorobenzyl)-L-prolinamide,5.72,7.53,5.07,5.2,5.4,5.17,7.1,5.06,5.13,5.23,11.11,5.74,6.11,12.15,5.79,5.56,11.84,5.29
Doxercalciferol,5.74,12.24,8.9,7.58,5.8,5.35,7.81,7.2,5.88,23.4,8.55,6.94,6.37,11.77,7.21,5.93,10.73,5.69
"3-[3-chloro-5-(5-{[(1S)-1-phenylethyl]amino}isoxazolo[5,4-c]pyridin-3-yl)phenyl]propan-1-ol",5.77,5.82,5.17,6.01,5.79,5.68,7.45,5.56,5.26,7.77,23.75,7.08,5.93,10.25,5.16,5.13,11.51,5.15
"4-[(10s,14s,18s)-18-(2-Amino-2-Oxoethyl)-14-(1-Naphthylmethyl)-8,17,20-Trioxo-7,16,19-Triazaspiro[5.14]Icos-11-En-10-Yl]BenzylphosphonicAcid",5.71,1.9,6.52,6.72,5.9,4.87,7.04,6.58,5.06,4.71,12.36,6.19,5.86,11.46,6.08,5.14,11.55,5.1
"(4s-Trans)-4-(Methylamino)-5,6-Dihydro-6-Methyl-4h-Thieno(2,3-B)Thiopyran-2-Sulfonamide-7,7-Dioxide",5.72,6.33,8.78,8.78,6.14,4.97,6.72,6.66,5.3,2.39,8.1,6.06,6.61,11.4,8.89,5.37,10.58,5.21
PPL-100,5.67,7.03,5.29,6.23,5.97,6.96,8.24,7.4,5.08,3.34,12.98,7.47,6.25,11.55,5.91,6.03,10.6,5.05
Hydroxyprogesteronecaproate,5.56,7.69,5.68,5.73,5.8,5.29,7.74,5.91,5.14,5.85,9.81,6.7,6.48,11.66,5.64,5.53,10.78,5.21
"(2R)-2-AMINO-3,3,3-TRIFLUORO-N-HYDROXY-2-{[(4-PHENOXYPHENYL)SULFONYL]METHYL}PROPANAMIDE",5.78,4.78,5.3,5.06,6.08,6.77,8.25,7.27,5.05,4.02,11.17,7.76,6.66,11.52,4.34,5.62,10.96,5.2
Gatifloxacin,5.72,3.86,6.3,6.39,5.57,5.0,7.21,4.57,5.3,4.2,10.56,6.64,6.76,11.31,5.78,4.78,11.14,5.54
Bb-3497,5.76,14.72,5.16,5.42,6.24,5.15,5.42,7.16,5.09,16.47,11.73,4.74,5.79,11.75,4.82,5.55,11.55,5.14
Elvitegravir,5.8,5.8,6.68,6.72,5.37,5.05,6.09,4.83,5.45,7.95,12.22,6.55,6.54,11.51,5.05,4.92,11.07,5.23
Pilaralisib,5.79,7.62,5.03,4.09,5.56,5.35,7.3,6.1,5.07,7.62,10.04,7.08,6.71,13.35,5.15,4.95,11.43,5.15
Trandolapril,5.76,6.56,5.76,5.24,5.56,5.36,7.23,5.13,5.08,5.32,10.65,6.84,5.63,10.5,5.78,5.08,11.43,5.14
"(3R,4S)-1-{6-[3-(METHYLSULFONYL)PHENYL]PYRIMIDIN-4-YL}-4-(2,4,5-TRIFLUOROPHENYL)PYRROLIDIN-3-AMINE",5.74,8.35,6.58,6.46,5.48,5.47,7.02,5.37,5.09,2.88,8.61,7.15,5.98,10.93,5.41,5.02,11.45,5.15
(2S)-4-(4-fluorobenzyl)-N-(2-sulfanylethyl)piperazine-2-carboxamide,5.71,6.15,6.3,4.82,5.75,5.18,5.5,4.64,5.16,5.78,13.16,6.63,5.43,10.73,5.64,5.02,10.73,5.5
4-[4-(1-Amino-1-Methylethyl)Phenyl]-5-Chloro-N-[4-(2-Morpholin-4-Ylethyl)Phenyl]Pyrimidin-2-Amine,5.8,5.51,7.19,6.92,5.8,4.86,7.99,6.51,5.05,4.06,15.5,6.4,5.1,11.97,5.0,5.39,11.6,5.07
Amoxicillin,5.83,6.27,4.88,5.24,5.59,5.09,5.66,4.46,5.34,5.01,11.42,6.92,6.18,12.47,5.88,5.26,11.36,5.29
Trimetrexate,5.72,8.94,4.78,4.79,5.94,4.94,6.87,7.56,5.08,3.58,21.64,6.41,6.27,11.57,5.06,6.88,11.25,5.09
Seocalcitol,5.75,2.27,8.56,7.47,5.89,5.29,7.69,7.14,5.75,3.97,11.58,6.63,6.31,11.66,6.76,5.78,11.05,5.92
Mibefradil,5.75,5.79,6.96,6.45,5.78,5.02,7.68,4.85,5.21,10.52,6.61,6.91,6.26,12.0,7.23,5.21,11.32,5.38
AC-(D)PHE-PRO-BOROLYS-OH,5.66,6.41,4.58,4.56,5.95,5.29,6.21,4.66,5.11,7.95,16.24,6.15,5.58,12.34,5.48,4.73,11.66,5.1
Udenafil,5.7,4.01,5.99,5.89,5.31,5.21,5.79,5.5,5.08,6.33,14.06,7.2,5.86,12.15,6.78,4.72,11.0,5.52
Atosiban,5.69,3.49,5.04,5.63,6.08,4.89,5.92,5.18,5.43,11.66,18.66,4.98,5.98,12.0,5.18,4.93,11.13,5.2
Atazanavir,5.75,8.72,5.83,6.11,6.25,5.18,7.57,4.84,5.32,6.04,10.14,5.91,5.9,11.34,6.85,5.51,10.81,5.13
"(1S,5S,7R)-N~7~-(BIPHENYL-4-YLMETHYL)-N~3~-HYDROXY-6,8-DIOXA-3-AZABICYCLO[3.2.1]OCTANE-3,7-DICARBOXAMIDE",5.74,5.4,5.51,6.61,5.53,5.06,6.71,3.93,5.08,5.37,12.04,6.98,5.55,11.32,4.7,4.72,11.31,5.18
"(2E,3S)-3-hydroxy-5'-[(4-hydroxypiperidin-1-yl)sulfonyl]-3-methyl-1,3-dihydro-2,3'-biindol-2'(1'H)-one",5.81,4.35,6.1,5.5,5.42,5.37,6.68,4.47,5.79,3.77,10.45,7.35,6.46,11.87,5.99,4.85,11.32,5.42
[2-(3-DIBENZOFURAN-4-YL-PHENYL)-1-HYDROXY-1-PHOSPHONO-ETHYL]-PHOSPHONICACID,5.86,6.72,5.6,5.71,5.6,5.38,7.74,4.07,5.06,6.14,11.88,7.0,5.73,10.98,5.28,4.89,11.31,5.11
Topotecan,5.74,4.63,7.39,7.49,5.55,5.02,5.86,5.89,5.14,4.35,13.21,6.87,6.2,11.64,6.9,5.15,11.6,5.27
Dilmapimod,5.72,12.4,5.36,5.44,5.86,5.7,6.05,4.89,5.78,3.39,11.59,7.33,6.72,11.78,7.05,4.98,10.85,5.21
Alvespimycin,5.65,5.05,4.9,5.99,5.38,5.07,6.83,5.66,5.13,7.08,11.14,5.85,6.31,11.86,6.55,5.02,11.7,5.28
Alsterpaullone,5.64,5.81,4.83,4.78,5.57,6.65,7.08,4.92,5.88,5.37,9.09,6.16,6.04,12.92,5.2,6.32,11.54,5.88
Voacamine,5.52,2.8,7.55,6.45,5.37,4.98,7.27,4.6,6.06,4.43,14.07,6.73,6.06,11.71,6.29,4.94,11.46,6.04
Beclomethasonedipropionate,5.62,6.19,8.31,7.66,5.62,4.91,7.43,5.02,5.87,4.0,5.85,5.48,6.51,11.68,5.95,5.31,10.7,5.99
Lenvatinib,5.76,7.34,8.81,7.85,5.71,5.16,7.69,6.5,5.07,6.75,14.98,6.75,6.49,11.36,5.01,5.62,10.96,5.12
Voriconazole,5.74,3.11,4.75,4.21,5.6,4.93,5.58,5.75,5.07,3.49,13.93,7.01,6.42,12.5,5.47,5.14,10.83,5.13
"(2S,3S)-3-{3-[4-(METHYLSULFONYL)PHENYL]-1,2,4-OXADIAZOL-5-YL}-1-OXO-1-PYRROLIDIN-1-YLBUTAN-2-AMINE",5.7,4.74,4.6,4.27,5.33,5.13,5.62,5.06,5.11,2.34,10.38,6.71,6.73,11.56,5.35,4.82,11.08,5.4
Protoporphyrin,5.81,7.61,5.77,6.28,5.41,5.14,7.8,4.31,5.17,3.36,15.17,5.88,5.95,12.04,6.03,4.74,11.53,5.83
Glimepiride,5.75,6.41,4.25,4.36,5.54,5.05,5.92,4.93,5.09,10.71,11.2,7.0,6.33,12.48,5.97,5.34,11.33,5.1
N-[(1S)-2-{[(1R)-2-(benzyloxy)-1-cyano-1-methylethyl]amino}-1-(cyclohexylmethyl)-2-oxoethyl]morpholine-4-carboxamide,5.64,3.53,7.96,7.32,6.21,5.69,6.89,6.85,5.08,5.5,10.97,5.54,6.11,11.56,7.41,5.66,10.9,5.11
Montelukast,5.69,5.94,6.61,6.01,6.5,5.89,8.45,7.52,5.4,5.97,11.82,5.99,6.53,11.78,5.74,6.45,11.59,5.16
Vilazodone,5.71,4.13,6.55,5.5,6.71,5.18,5.72,6.17,5.44,5.37,5.4,7.18,5.76,11.73,7.03,5.22,11.34,5.14
D-leucyl-N-(3-chlorobenzyl)-L-prolinamide,5.65,6.96,6.48,6.07,5.7,5.21,6.72,4.83,5.1,2.94,10.93,6.41,6.0,11.41,3.77,4.99,11.6,5.18
Piclidenoson,5.79,2.99,6.02,5.72,5.84,4.96,7.66,7.34,5.11,6.42,9.61,5.59,6.62,10.84,5.67,4.89,10.82,5.1
TechnetiumTc-99mmebrofenin,5.73,4.47,5.33,3.59,5.57,5.08,5.53,5.05,5.08,2.48,11.3,6.99,6.37,11.55,4.32,4.73,11.89,5.19
"4-{[(1R,2S)-1,2-dihydroxy-2-methyl-3-(4-nitrophenoxy)propyl]amino}-2-(trifluoromethyl)benzonitrile",5.65,7.56,5.64,5.45,5.94,4.87,7.67,6.34,6.06,5.92,13.98,7.45,6.35,11.6,4.74,5.41,10.75,5.2
Testosteroneundecanoate,5.51,5.74,6.21,6.46,5.66,5.41,7.26,6.21,5.1,6.66,13.65,6.39,6.63,11.19,6.32,5.33,10.59,5.18
"(3AR,6R,6AS)-6-((S)-((S)-CYCLOHEX-2-ENYL)(HYDROXY)METHYL)-6A-METHYL-4-OXO-HEXAHYDRO-2H-FURO[3,2-C]PYRROLE-6-CARBALDEHYDE",5.72,4.06,5.24,5.36,5.56,5.1,7.22,4.96,5.75,3.26,11.13,7.51,5.97,11.71,7.77,5.53,11.39,5.5
NitromethyldethiaCoenzymeA,5.7,3.7,5.67,5.46,5.87,5.29,6.02,5.44,5.12,2.5,11.32,7.02,6.68,11.41,5.69,4.9,10.54,5.13
N-Alpha-(2-Naphthylsulfonyl)-N(3-Amidino-L-Phenylalaninyl)IsopipecolinicAcidMethylEster,5.76,4.71,5.53,6.06,5.4,6.67,5.88,4.54,5.14,6.22,14.45,5.85,6.23,11.27,6.28,4.9,11.54,5.48
N-Alpha-(2-Naphthylsulfonyl)-N(3-Amidino-L-Phenylalaninyl)-4-Acetyl-Piperazine,5.75,6.86,4.91,5.34,5.38,6.69,5.93,4.53,5.27,4.08,11.02,7.52,6.51,11.26,4.9,4.9,11.55,5.26
6-FLUORO-2-[2-HYDROXY-3-(2-METHYL-CYCLOHEXYLOXY)-PHENYL]-1H-INDOLE-5-CARBOXAMIDINE,5.7,9.89,6.53,5.6,5.9,5.46,7.02,5.18,5.09,5.23,12.23,6.41,6.61,10.95,6.9,5.28,10.72,5.14
5-chloro-N-[(3R)-1-(2-{[2-fluoro-4-(2-oxopyridin-1(2H)-yl)phenyl]amino}-2-oxoethyl)pyrrolidin-3-yl]thiophene-2-carboxamide,5.7,8.63,4.59,5.06,5.88,5.62,5.54,6.5,5.11,9.87,19.72,7.51,5.51,10.79,6.67,4.86,11.01,5.4
Talniflumate,5.75,8.4,5.75,6.55,5.49,5.13,6.14,5.93,5.06,3.0,8.76,6.77,6.58,12.28,5.72,4.78,11.34,5.07
Fedratinib,5.74,4.45,5.59,5.89,5.94,4.99,6.4,5.9,5.73,6.6,11.03,6.47,5.53,12.89,5.18,5.17,11.52,5.6
Clobetasone,5.67,9.4,8.24,7.37,5.74,4.98,7.45,5.83,5.17,4.19,28.49,7.04,6.19,11.72,7.77,5.19,11.1,5.43
N-({(1R)-1-carboxy-2-[(4-fluorobenzyl)sulfanyl]ethyl}carbamoyl)-L-glutamicacid,5.64,2.26,5.84,6.03,5.64,5.04,7.0,4.89,5.07,3.71,12.17,4.95,6.26,11.68,4.88,5.3,11.17,5.17
"5-methyl-N-[4-(trifluoromethyl)phenyl][1,2,4]triazolo[1,5-a]pyrimidin-7-amine",5.6,4.75,6.45,5.7,5.21,4.94,6.46,4.32,5.05,6.24,13.54,6.04,5.85,12.69,5.27,4.92,11.02,5.09
"(13R,15S)-13-METHYL-16-OXA-8,9,12,22,24-PENTAAZAHEXACYCLO[15.6.2.16,9.1,12,15.0,2,7.0,21,25]HEPTACOSA-1(24),2,4,6,17(25),18,20-HEPTAENE-23,26-DIONE",5.69,7.29,6.27,6.14,5.71,5.0,7.12,5.9,5.17,4.27,11.09,6.42,6.39,12.56,6.18,5.09,11.99,5.16
Balaglitazone,5.68,8.98,4.69,5.39,5.21,5.17,5.15,4.83,5.71,9.67,5.62,6.12,6.16,11.68,5.61,5.15,11.17,5.69
4R-Fluoro-N6-ethanimidoyl-L-lysine,5.67,4.33,3.42,4.64,5.03,4.89,5.42,4.88,5.15,5.74,10.91,6.02,5.92,10.68,4.78,5.27,10.69,5.09
N'-Pyridoxyl-Lysine-5'-Monophosphate,5.72,7.04,5.31,4.41,5.34,5.4,5.73,4.71,5.14,2.89,11.44,5.45,6.35,11.18,5.9,4.95,10.82,5.2
Candoxatrilat,5.55,7.32,4.55,4.15,5.51,5.09,6.53,6.18,5.06,4.69,8.01,6.08,6.14,11.57,4.4,5.5,10.67,5.17
Gilteritinib,5.74,11.0,6.19,5.42,6.05,4.94,7.13,7.41,5.18,2.7,7.09,6.87,6.76,11.85,7.39,6.32,11.55,5.36
"1-(5-OXO-2,3,5,9B-TETRAHYDRO-1H-PYRROLO[2,1-A]ISOINDOL-9-YL)-3-(5-PYRROLIDIN-2-YL-1H-PYRAZOL-3-YL)-UREA",5.67,5.32,5.24,5.67,5.62,5.67,7.9,5.26,5.16,6.62,11.85,6.51,6.15,12.04,5.99,4.7,11.13,5.17
"4-(2-(1H-IMIDAZOL-4-YL)ETHYLAMINO)-2-(PHENYLAMINO)PYRAZOLO[1,5-A][1,3,5]TRIAZINE-8-CARBONITRILE",5.68,4.44,6.9,5.98,5.49,5.08,7.09,5.42,5.09,4.14,16.05,6.95,6.63,12.49,5.7,5.77,10.88,5.19
Encenicline,5.66,4.41,5.54,4.12,5.78,4.92,5.72,4.92,6.2,2.33,11.09,6.72,6.06,11.68,7.16,5.41,11.58,5.14
Dexamethasoneisonicotinate,5.73,11.74,7.9,6.88,5.4,4.9,6.13,5.35,5.1,15.34,14.6,6.26,6.04,11.36,6.17,5.22,11.12,5.31
1-(5-Tert-Butyl-2-P-Tolyl-2h-Pyrazol-3-Yl)-3-[4-(2-Morpholin-4-Yl-Ethoxy)-Naphthalen-1-Yl]-Urea,5.74,6.74,5.0,5.28,5.4,4.92,5.99,4.96,5.1,6.76,10.07,6.69,5.05,11.81,4.99,4.85,11.44,4.98
"3-({[3,5-DIFLUORO-3'-(TRIFLUOROMETHOXY)BIPHENYL-4-YL]AMINO}CARBONYL)THIOPHENE-2-CARBOXYLICACID",5.71,34.92,5.69,6.06,5.5,4.93,6.19,4.83,5.05,10.77,3.96,6.97,6.38,11.64,5.81,4.81,11.45,5.08
4-Morpholin-4-Yl-Piperidine-1-CarboxylicAcid[1-(3-Benzenesulfonyl-1-Propyl-Allylcarbamoyl)-2-Phenylethyl]-Amide,5.69,5.86,5.65,4.95,5.71,7.09,7.1,5.0,5.29,4.14,14.99,6.78,6.5,12.05,4.29,5.29,11.45,5.92
AL7182,5.71,7.36,8.72,8.5,5.85,4.94,6.82,6.1,5.74,7.64,22.08,6.9,6.69,11.82,7.98,5.7,11.35,5.75
Perindopril,5.62,9.63,5.57,5.59,5.31,5.22,5.43,4.72,5.06,13.67,12.88,6.93,5.75,11.38,5.82,5.01,11.45,5.19
"2-(6-CHLORO-3-{[2,2-DIFLUORO-2-(1-OXIDO-2-PYRIDINYL)ETHYL]AMINO}-2-OXO-1(2H)-PYRAZINYL)-N-[(2-FLUOROPHENYL)METHYL]ACETAMIDE",5.69,5.46,4.31,5.35,5.9,5.32,6.81,4.56,5.09,3.9,15.3,6.64,6.43,11.73,6.01,4.77,10.75,5.14
Cephalexin,5.84,9.44,6.5,6.89,5.2,5.32,7.15,3.77,5.11,12.37,12.5,5.92,6.71,11.64,5.54,4.82,11.5,5.47
Olcegepant,5.64,9.41,6.87,6.33,5.83,5.17,7.08,5.21,5.1,7.92,24.69,7.01,5.88,11.71,6.84,5.18,11.11,5.31
Omapatrilat,5.8,3.6,6.83,6.61,6.14,5.39,8.32,6.36,5.34,6.17,13.85,6.77,6.35,11.66,5.59,6.62,11.61,5.16
3-Thiaoctanoyl-CoenzymeA,5.64,5.45,6.09,5.98,5.9,5.27,6.61,5.39,5.11,11.58,10.52,6.91,6.48,11.58,5.58,4.86,10.73,5.09
(2R)-3-Methyl-1-phenyl-2-butanyl[(2S)-1-oxo-2-hexanyl]carbamate,5.67,8.52,4.89,4.83,5.99,5.63,7.48,7.74,5.39,6.21,11.18,5.88,6.54,10.57,3.65,7.13,10.69,5.52
Dactinomycin,5.73,6.34,6.87,6.8,5.58,5.46,6.02,6.18,5.78,5.38,11.18,6.62,6.04,12.04,7.5,5.06,11.08,5.22
Hydrocortisoneprobutate,5.56,5.59,6.18,6.15,5.91,5.0,7.11,6.15,6.1,4.86,8.94,6.91,6.66,11.05,4.92,5.56,10.94,6.02
"{[2-Amino-4-oxo-6,7-di(sulfanyl-κS)-3,5,5a,8,9a,10-hexahydro-4H-pyrano[3,2-g]pteridin-8-yl]methyldihydrogenato(2-)phosphate}(dioxo)sulfanylmolybdenum",5.74,5.1,5.11,5.21,5.52,5.0,6.29,6.22,5.07,4.14,11.99,5.17,6.28,12.01,6.75,5.15,10.94,5.14
Lovastatin,5.77,0.11,4.52,5.16,5.21,5.02,8.21,6.4,6.0,2.98,11.71,6.4,6.53,11.57,4.76,4.79,10.41,5.89
Yohimbine,5.69,6.12,6.76,4.6,5.52,5.34,6.31,4.76,5.6,10.85,8.8,6.91,5.88,11.69,5.72,4.72,11.37,5.91
Tadalafil,5.58,4.9,7.15,6.04,5.43,5.75,6.51,5.12,5.43,4.31,10.43,6.32,5.84,11.83,4.86,5.25,11.28,5.86
Olmesartan,5.68,7.05,6.82,6.79,5.62,5.06,6.75,5.65,5.08,16.47,6.77,6.41,6.19,11.8,6.34,5.11,11.42,5.06
"GUANOSINE-2',3'-O-ETHYLIDENEPHOSPHONATE",5.79,5.5,4.57,4.28,5.33,4.96,5.9,4.34,5.71,5.38,16.7,6.66,6.12,10.58,5.57,4.52,11.25,5.61
"(3R)-METHYLCARBAMOYL-7-SULFOAMINO-3,4-DIHYDRO-1H-ISOQUINOLINE-2-CARBOXYLICACIDBENZYLESTER",5.5,6.94,3.69,3.9,5.45,5.71,7.18,4.41,5.07,5.5,12.55,5.96,6.14,11.23,6.98,4.78,11.32,5.21
4-{[5-chloro-4-(1H-indol-3-yl)pyrimidin-2-yl]amino}-N-ethylpiperidine-1-carboxamide,5.65,4.88,5.87,6.74,5.6,5.17,5.65,5.54,5.14,5.38,11.97,8.56,6.46,11.92,5.69,5.2,11.7,5.49
"{3-[3-(3,4-Dimethoxy-Phenyl)-1-(1-{1-[2-(3,4,5-Trimethoxy-Phenyl)-Butyryl]-Piperidin-2yl}-Vinyloxy)-Propyl]-Phenoxy}-AceticAcid",5.59,5.07,4.81,5.72,5.76,5.3,7.2,5.44,5.08,6.59,11.7,6.42,5.58,11.4,5.86,5.46,11.11,5.1
Gemifloxacin,5.68,5.13,7.23,6.68,5.65,4.94,7.93,5.56,5.28,5.45,10.98,7.65,6.44,11.59,5.7,4.85,11.21,5.27
Elacestrant,5.72,5.74,5.2,5.45,5.66,4.95,7.43,5.07,5.1,4.13,10.87,6.82,6.08,11.48,6.36,4.81,10.86,5.15
"2-(6-CHLORO-3-{[2,2-DIFLUORO-2-(2-PYRIDINYL)ETHYL]AMINO}-2-OXO-1(2H)-PYRAZINYL)-N-[(2-FLUORO-3-METHYL-6-PYRIDINYL)METHYL]ACETAMIDE",5.77,6.79,5.84,4.09,5.56,4.88,7.33,5.19,5.07,4.73,13.8,6.83,6.2,12.61,5.99,4.87,11.42,5.08
"(2R,3R)-N^1^-[(1S)-2,2-DIMETHYL-1-(METHYLCARBAMOYL)PROPYL]-N^4^-HYDROXY-2-(2-METHYLPROPYL)-3-{[(1,3-THIAZOL-2-YLCARBONYL)AMINO]METHYL}BUTANEDIAMIDE",5.68,7.23,6.77,6.5,7.12,5.72,5.22,7.19,5.06,5.77,14.85,6.51,6.38,11.56,5.36,6.4,11.36,5.11
Duvelisib,5.68,4.49,5.22,4.88,5.53,6.02,5.97,5.63,5.79,7.25,32.5,8.1,6.71,11.7,6.16,5.31,11.37,6.03
Desonide,5.54,2.95,6.78,5.71,5.5,5.11,6.0,5.37,6.55,3.06,10.27,6.35,6.11,10.74,5.86,5.3,11.43,5.94
"1-(2,6-Dichlorophenyl)-5-(2,4-Difluorophenyl)-7-Piperazin-1-Yl-3,4-Dihydroquinazolin-2(1h)-One",5.71,2.42,3.94,4.15,5.72,5.42,8.0,7.66,5.65,5.2,11.9,6.46,6.48,10.77,6.26,6.08,11.21,5.21
"D-Gluco-2,5-Anhydro-1-Deoxy-1-Phosphonohexitol-6-Phosphate",5.74,2.04,4.65,3.6,5.36,5.03,6.4,4.55,5.13,3.95,12.61,6.63,6.31,11.86,5.15,4.8,10.89,5.19
"2-fluoro-6-{[2-({2-methoxy-4-[(methylsulfonyl)methyl]phenyl}amino)-7H-pyrrolo[2,3-d]pyrimidin-4-yl]amino}benzamide",5.68,3.19,5.14,5.46,5.9,5.37,7.09,6.55,5.06,4.85,11.88,6.99,6.76,12.83,6.03,5.79,11.76,5.2
Prednisolone,5.61,7.6,6.82,5.6,5.81,5.06,6.91,6.35,6.38,6.74,12.36,6.25,6.06,10.7,5.88,5.38,11.38,5.71
AZD-7325,5.69,7.94,6.87,6.37,5.6,5.92,6.57,4.58,5.08,6.24,9.97,6.75,5.96,11.76,5.39,5.01,11.38,5.1
Nabilone,5.73,6.14,7.73,7.47,5.47,4.92,7.12,5.03,5.76,10.71,11.55,5.13,6.17,11.47,6.29,5.31,11.07,5.23
"(20S)-19,20,22,23-TETRAHYDRO-19-OXO-5H,21H-18,20-ETHANO-12,14-ETHENO-6,10-METHENOBENZ[D]IMIDAZO[4,3-L][1,6,9,13]OXATRIAZACYCLONOADECOSINE-9-CARBONITRILE",5.68,5.38,7.06,5.9,5.51,6.15,7.6,5.87,5.06,6.26,17.62,6.43,6.76,11.05,6.91,5.33,11.7,5.17
3-({1-[3-CARBAMIMIDOYL-1-(4-CARBAMIMIDOYL-BENZYLCARBAMOYL)-PROPYLCARBAMOYL]-2-METHYL-BUTYLSULFAMOYL}-METHYL)-BENZOICACID,5.71,6.19,6.22,4.58,5.65,4.94,7.35,4.61,5.14,3.72,5.76,6.01,6.65,12.34,5.22,4.94,11.43,5.18
"5-Chloro-thiophene-2-carboxylicacid((3S,4S)-1-{[2-fluoro-4-(2-oxo-2H-pyridin-1-yl)-phenylcarbamoyl]-methyl}-4-hydroxy-pyrrolidin-3-yl)-amide",5.59,4.17,5.51,5.05,6.03,5.64,6.34,6.7,5.47,2.98,12.87,7.09,5.56,11.23,6.26,4.84,11.08,5.21
D-phenylalanyl-N-(3-methylbenzyl)-L-prolinamide,5.64,3.73,6.2,5.55,5.46,5.24,7.55,4.92,5.31,2.35,11.83,6.36,5.97,11.7,5.41,5.24,11.53,5.79
N-Alpha-(2-Naphthylsulfonyl)-N-(3-Amidino-L-Phenylalaninyl)-D-PipecolinicAcid,5.68,8.34,5.69,5.74,5.48,6.88,6.68,5.46,5.36,6.27,17.05,5.41,6.09,11.1,6.17,4.87,11.6,5.7
Droperidol,5.64,6.67,5.5,5.16,5.78,5.01,6.36,5.43,5.36,4.78,12.14,6.9,5.98,12.77,4.86,5.76,11.39,5.42
L-aminocarnityl-succinyl-leucyl-argininal-diethylacetal,5.55,3.54,4.86,4.47,5.59,5.22,6.39,4.67,5.1,6.97,14.95,6.46,5.82,11.41,4.89,4.82,10.6,5.13
(S)-N-(3-Indol-1-Yl-2-Methyl-Propyl)-4-Sulfamoyl-Benzamide,5.75,5.24,6.59,6.81,5.59,6.59,7.84,5.17,5.1,9.41,7.82,5.85,5.99,11.36,5.03,5.14,10.99,5.19
Enzastaurin,5.68,7.26,4.86,5.04,5.87,5.29,5.73,5.23,5.04,3.38,9.02,6.84,5.01,11.81,5.01,4.94,11.37,5.16
Onapristone,5.65,9.68,3.01,5.34,7.11,4.85,8.17,7.32,6.44,17.88,12.23,6.18,6.47,11.49,5.96,6.73,11.42,5.67
D-leucyl-N-(4-carbamimidoylbenzyl)-L-prolinamide,5.65,3.36,5.76,6.13,5.66,4.94,6.83,4.62,5.06,5.58,14.33,6.45,6.0,11.58,5.48,5.0,11.65,5.13
Relebactam,5.57,7.78,5.95,4.12,5.49,4.93,5.52,5.31,5.06,6.41,13.15,7.13,6.06,12.6,4.08,4.94,11.37,5.16
PNU177836,5.63,6.05,6.74,6.24,5.59,5.36,6.96,3.91,5.08,4.38,10.61,6.46,6.43,12.49,5.67,5.13,10.58,5.08
Cefaloridine,5.64,3.67,5.38,5.84,5.5,5.32,7.59,3.73,5.14,2.91,18.26,5.8,6.29,11.89,5.92,4.56,11.08,5.08
"(4-AMINO-2-{[1-(METHYLSULFONYL)PIPERIDIN-4-YL]AMINO}PYRIMIDIN-5-YL)(2,3-DIFLUORO-6-METHOXYPHENYL)METHANONE",5.65,2.85,4.99,5.06,5.46,5.13,5.34,5.51,5.08,3.33,13.0,7.77,6.67,12.0,5.0,4.99,10.86,5.17
N-(5-CHLORO-BENZO[B]THIOPHEN-3-YLMETHYL)-2-[6-CHLORO-OXO-3-(2-PYRIDIN-2-YL-ETHYLAMINO)-2H-PYRAZIN-1-YL]-ACETAMIDE,5.67,5.01,6.03,6.53,5.93,4.83,6.04,5.06,5.08,11.62,15.65,6.13,6.67,11.61,7.18,4.85,11.25,5.08
"(1S)-1-{[(4'-methoxy-1,1'-biphenyl-4-yl)sulfonyl]amino}-2-methylpropylphosphonicacid",5.68,5.23,6.24,5.62,5.64,5.03,6.21,6.59,5.09,5.65,11.42,7.0,6.74,11.91,5.57,5.93,11.13,5.13
Naxifylline,5.64,8.41,5.88,5.98,5.63,5.44,6.75,4.54,5.96,5.92,29.79,6.7,6.71,11.77,6.92,4.81,11.66,5.54
Cariprazine,5.63,3.76,6.6,6.08,6.06,5.02,6.63,6.42,5.4,5.94,10.92,6.34,6.18,11.89,5.78,5.37,11.7,5.81
Telaprevir,5.68,2.74,5.92,5.87,5.89,5.74,8.44,4.76,5.08,4.71,12.1,7.47,6.06,11.91,7.56,5.38,11.52,5.12
"N-ethyl-4-{[5-(methoxycarbamoyl)-2-methylphenyl]amino}-5-methylpyrrolo[2,1-f][1,2,4]triazine-6-carboxamide",5.6,5.7,5.32,5.17,5.75,5.45,5.75,7.43,5.05,6.05,14.76,6.5,6.29,11.96,6.39,5.81,10.89,5.06
Canfosfamide,5.69,12.45,4.22,5.57,5.52,5.29,6.96,5.12,5.1,23.46,20.05,6.58,5.85,12.27,7.84,4.77,11.54,5.24
"(1S)-1-(1H-INDOL-3-YLMETHYL)-2-(2-PYRIDIN-4-YL-[1,7]NAPHTYRIDIN-5-YLOXY)-EHYLAMINE",5.67,4.58,5.46,5.51,5.72,5.45,6.78,6.11,5.61,4.66,10.55,6.57,6.05,10.28,5.97,5.31,11.77,5.1
Dronedarone,5.65,6.54,5.8,4.97,5.46,5.69,7.44,4.57,5.08,6.09,17.2,5.18,6.32,11.66,4.96,4.72,11.15,5.03
"9-(5,5-Difluoro-5-Phosphonopentyl)Guanine",5.76,3.0,6.14,5.38,4.97,5.14,6.24,4.63,5.1,2.47,11.25,5.54,6.5,10.74,5.03,4.64,11.27,5.66
Z-Val-Ala-Aspfluoromethylketone,5.73,9.15,4.35,4.16,6.12,5.62,7.07,6.91,5.09,11.65,11.78,5.74,6.43,11.3,3.95,5.58,10.63,5.08
"N-anthracen-2-yl-5-methyl[1,2,4]triazolo[1,5-a]pyrimidin-7-amine",5.51,5.15,5.26,4.09,5.15,5.04,6.46,4.55,5.1,4.65,15.32,6.59,6.5,12.33,5.7,4.9,11.44,5.13
5'-deoxy-5'-piperidin-1-ylthymidine,5.63,5.87,4.66,4.67,5.49,5.24,5.33,5.27,5.05,4.44,11.68,6.12,6.63,10.49,4.05,4.78,11.38,5.28
Ambroxolacefyllinate,5.71,4.55,6.72,6.41,5.55,4.93,5.76,4.98,5.08,3.8,10.64,6.13,6.57,10.25,4.14,4.74,10.68,5.4
Retapamulin,5.5,5.24,6.64,7.05,5.62,5.1,7.43,4.91,5.92,10.48,11.99,6.17,6.57,11.86,7.29,5.36,11.57,6.0
3-(2-aminoquinazolin-6-yl)-4-methyl-1-[3-(trifluoromethyl)phenyl]pyridin-2(1H)-one,5.65,5.43,5.1,4.39,5.68,4.98,6.41,5.09,5.29,6.92,12.87,7.3,5.7,11.86,5.12,5.27,11.45,5.09
LY249543,5.67,7.15,5.22,5.52,5.58,6.0,7.54,4.78,5.03,6.63,8.95,5.95,6.11,10.76,5.89,5.18,11.43,5.05
Glibornuride,5.68,4.56,5.9,5.33,5.64,5.02,7.08,5.86,5.31,4.35,11.44,5.67,6.32,12.2,6.41,5.45,10.87,5.33
Acalabrutinib,5.68,9.5,6.03,6.23,5.44,4.89,6.76,4.59,5.05,6.07,15.15,7.44,6.33,11.73,7.13,4.97,11.27,5.06
"2-(6-CHLORO-3-{[2,2-DIFLUORO-2-(2-PYRIDINYL)ETHYL]AMINO}-2-OXO-1(2H)-PYRAZINYL)-N-[(2-FLUORO-6-PYRIDINYL)METHYL]ACETAMIDE",5.73,3.0,4.54,4.93,5.51,4.91,6.41,5.18,5.08,6.33,14.74,6.75,6.32,12.55,6.02,4.99,10.67,5.08
Glutathionesulfonicacid,5.66,4.93,5.1,5.14,5.78,5.33,6.48,3.99,5.12,5.46,7.01,4.87,6.19,11.61,3.4,4.77,10.6,5.18
7-Hydroxystaurosporine,5.61,4.87,5.92,6.32,6.23,5.2,5.96,7.1,7.91,5.37,12.54,6.65,5.78,13.69,6.56,5.68,13.31,7.12
Morpholine-4-CarboxylicAcid[1s-(2-Benzyloxy-1r-Cyano-Ethylcarbamoyl)-3-Methyl-Butyl]Amide,5.7,4.78,8.17,6.95,5.79,5.58,7.16,6.48,5.1,5.51,11.05,5.52,6.35,11.74,5.7,6.06,11.17,5.05
Pefloxacin,5.63,6.41,4.96,5.57,5.5,4.96,6.08,4.45,5.07,7.37,10.68,6.24,6.24,11.21,5.65,4.71,11.45,5.22
Finasteride,5.65,18.07,4.15,3.52,5.82,5.01,7.5,6.53,5.1,8.81,13.13,5.32,5.96,11.56,4.45,5.38,11.01,5.43
"(S)-2-Amino-3-(1,3,5,7-Pentahydro-2,4-Dioxo-Cyclopenta[E]Pyrimidin-1-Yl)ProionicAcid",5.59,4.77,4.83,4.03,5.5,4.96,4.29,4.37,5.15,4.07,10.46,5.87,6.04,13.5,5.82,5.41,10.55,5.43
BafilomycinA1,5.62,5.22,5.06,4.84,5.5,4.93,8.64,6.16,5.78,6.38,23.19,6.25,6.75,11.1,3.68,5.35,11.01,5.85
4-[(4-METHYL-1-PIPERAZINYL)METHYL]-N-[3-[[4-(3-PYRIDINYL)-2-PYRIMIDINYL]AMINO]PHENYL]-BENZAMIDE,5.68,3.68,5.03,4.98,5.55,4.92,8.02,4.63,5.05,2.69,11.01,6.95,5.08,12.16,4.99,4.7,11.54,5.01
9-CYCLOPENTYL-6-[2-(3-IMIDAZOL-1-YL-PROPOXY)-PHENYLAMINO]-9H-PURINE-2-CARBONITRILE,5.68,3.68,6.18,5.92,5.43,5.05,5.89,5.87,5.09,6.23,14.62,7.03,6.69,11.7,5.32,5.86,11.71,5.13
Rifalazil,5.64,3.43,4.96,5.08,5.57,5.01,6.08,8.32,5.8,14.85,10.44,6.5,6.19,12.0,6.32,5.63,10.88,5.34
Ombitasvir,5.63,4.96,4.12,3.94,5.57,4.87,7.59,5.34,5.07,4.86,11.46,7.02,6.46,10.94,4.24,5.02,11.34,5.14
Ampicillin,5.72,21.27,4.68,5.28,5.49,5.24,6.68,4.51,5.55,21.55,13.25,6.54,5.9,12.4,5.97,5.3,11.26,5.42
Boldenoneundecylenate,5.77,6.33,7.17,6.78,5.67,5.12,8.66,5.17,5.21,6.92,21.91,7.92,6.4,11.65,6.47,5.07,11.39,5.42
3'-THIO-THYMIDINE-5'-PHOSPHATE,5.58,5.16,5.39,4.58,5.62,5.24,5.54,6.02,5.85,6.63,14.37,6.58,6.74,10.53,4.44,5.13,10.83,5.88
Amsacrine,5.5,22.49,5.51,4.5,5.48,5.54,6.27,5.23,5.17,5.79,23.15,7.44,5.57,10.93,5.0,4.91,11.55,5.19
"1-(CYCLOHEXYLAMINO)-3-(6-METHYL-3,4-DIHYDRO-1H-CARBAZOL-9(2H)-YL)PROPAN-2-OL",5.66,5.92,5.39,5.15,5.81,5.44,6.43,4.87,5.1,6.92,11.68,6.81,5.31,12.32,7.02,4.82,11.4,5.11
Loteprednoletabonate,5.56,7.56,6.63,6.46,6.02,5.1,6.22,7.06,6.03,3.73,12.79,5.42,6.21,11.63,5.96,5.67,11.27,5.74
"6-CHLORO-3-(DICHLOROMETHYL)-3,4-DIHYDRO-2H-1,2,4-BENZOTHIADIAZINE-7-SULFONAMIDE1,1-DIOXIDE",5.67,3.78,5.98,6.58,5.48,4.91,7.54,5.1,5.68,2.39,11.71,5.72,6.67,11.62,7.39,4.97,11.78,5.67
"5-{4-[(3,5-DIFLUOROBENZYL)AMINO]PHENYL}-6-ETHYLPYRIMIDINE-2,4-DIAMINE",5.65,3.58,6.87,4.53,5.5,5.34,7.61,5.74,5.08,4.88,10.94,6.89,5.71,11.47,5.62,5.46,11.48,5.03
4-(2-HYDROXYBENZYLAMINO)-N-(3-(4-FLUOROPHENOXY)PHENYL)PIPERIDINE-1-SULFONAMIDE,5.7,3.26,6.72,5.53,5.5,5.05,7.16,5.1,5.11,3.66,11.6,6.82,6.28,11.29,6.94,5.3,10.7,5.12
Iloprost,5.68,6.62,4.65,4.27,5.52,4.99,7.57,6.74,5.11,5.69,11.9,7.09,5.87,11.94,6.94,6.57,11.27,5.85
Aliskiren,5.72,4.81,5.97,6.57,6.22,5.16,6.54,6.84,5.07,8.44,12.25,6.53,6.08,12.31,4.57,5.62,10.65,5.09
S-benzylglutathione,5.67,2.59,5.89,4.18,5.59,5.4,7.21,4.14,5.1,3.37,6.1,6.11,6.28,11.17,4.23,4.58,10.73,5.12
Succinobucol,5.65,10.74,4.29,4.35,5.55,5.18,7.61,4.48,5.15,10.09,14.35,6.96,6.75,11.2,4.68,4.7,11.52,5.18
"[(3S)-3-(Methylcarbamoyl)-2-{[(2-methyl-2-propanyl)oxy]carbonyl}-1,2,3,4-tetrahydro-7-isoquinolinyl]sulfamicacid",5.67,5.31,4.26,4.12,5.36,5.29,5.61,4.64,5.05,5.13,13.18,5.64,5.83,10.68,4.93,4.72,11.3,5.16
[1-(4-Fluorobenzyl)Cyclobutyl]Methyl(1s)-1-[Oxo(1h-Pyrazol-5-Ylamino)Acetyl]Pentylcarbamate,5.61,2.49,4.73,4.59,5.76,5.36,6.04,6.96,5.07,4.13,12.19,6.58,5.93,10.89,6.38,6.77,11.44,5.15
"N-({4-[(1R)-4-[(2R,4S,5S)-2,4-diamino-6-oxohexahydropyrimidin-5-yl]-1-(2,2,2-trifluoro-1,1-dihydroxyethyl)butyl]phenyl}carbonyl)-L-glutamicacid",5.5,3.71,5.8,5.95,5.6,5.76,6.98,4.87,5.05,3.66,10.55,6.6,5.53,10.6,6.76,5.15,11.54,5.07
Halcinonide,5.57,6.64,7.25,6.7,5.32,4.9,7.5,5.42,5.86,8.11,12.73,6.69,6.49,11.46,7.12,5.38,10.69,6.12
D-phenylalanyl-N-(3-chlorobenzyl)-L-prolinamide,5.6,6.37,5.73,5.53,5.56,5.27,7.22,4.88,5.35,6.29,12.02,6.18,6.07,12.34,4.37,5.41,11.67,5.38
(R)-N-(3-Indol-1-Yl-2-Methyl-Propyl)-4-Sulfamoyl-Benzamide,5.76,2.1,6.59,6.81,5.59,6.6,7.74,5.17,5.1,3.42,11.93,6.67,5.99,11.36,5.03,5.14,10.99,5.19
3-(5-{[4-(AMINOMETHYL)PIPERIDIN-1-YL]METHYL}-1H-INDOL-2-YL)-1H-INDAZOLE-6-CARBONITRILE,5.63,11.96,6.09,5.19,5.91,5.12,7.78,6.72,5.11,10.38,17.81,6.78,5.85,11.64,5.97,5.16,11.44,5.11
Sorafenib,5.69,11.97,5.03,5.08,6.29,4.91,6.67,6.13,5.08,17.23,12.56,6.27,5.06,11.71,5.0,5.38,11.26,5.02
Prednisolonephosphate,5.54,8.48,8.02,6.56,5.99,5.02,6.17,5.44,6.02,4.24,8.11,5.52,6.2,11.24,5.56,5.18,11.34,5.77
Promegestone,5.49,3.1,7.67,7.27,5.82,5.29,7.3,6.48,5.28,4.24,8.73,6.88,5.95,11.79,4.29,6.0,10.71,5.88
"(1R)-N,6-DIHYDROXY-7-METHOXY-2-[(4-METHOXYPHENYL)SULFONYL]-1,2,3,4-TETRAHYDROISOQUINOLINE-1-CARBOXAMIDE",5.63,5.39,4.97,5.7,5.98,6.71,6.67,6.71,5.08,6.2,12.25,6.01,6.73,12.07,6.74,6.0,10.81,5.21
Cyanocobalamin,5.73,3.73,5.77,5.69,5.49,4.93,6.04,5.48,5.11,5.93,12.91,6.91,6.05,11.81,6.13,5.06,11.31,5.6
Imatinib,5.63,9.07,5.05,5.01,5.5,4.9,7.2,4.47,5.06,5.43,14.71,6.31,5.08,12.2,4.99,4.82,11.59,5.01
"Adenosine-5'-[Beta,Gamma-Methylene]Triphosphate",5.63,4.67,4.91,4.97,5.73,5.16,5.87,5.37,5.16,6.56,22.17,7.18,6.54,11.63,5.36,4.64,10.87,5.21
"(6S)-1-chloro-3-[(4-fluorobenzyl)oxy]-6-(pyrrolidin-1-ylcarbonyl)pyrrolo[1,2-a]pyrazin-4(6H)-one",5.62,3.28,5.78,5.03,5.67,5.09,5.47,6.13,5.06,3.02,11.46,6.56,6.18,12.11,6.15,5.59,11.44,5.28
Pipamperone,5.6,9.79,5.78,5.22,5.73,4.87,5.99,5.21,5.15,2.47,8.45,6.78,5.96,11.68,5.2,5.44,11.61,5.22
2-(Carboxymethoxy)-5-[(2s)-2-({(2s)-2-[(3-Carboxypropanoyl)Amino]-3-Phenylpropanoyl}Amino)-3-Oxo-3-(Pentylamino)Propyl]BenzoicAcid,5.62,6.81,4.1,4.52,5.31,5.43,7.09,4.68,5.61,6.43,10.91,6.2,6.27,12.14,6.03,5.14,11.36,5.18
Enasidenib,5.65,3.78,6.17,7.16,5.98,5.04,6.69,6.03,5.05,3.72,9.83,6.86,6.23,11.76,6.37,5.37,11.38,5.11
Hydrocortisonephosphate,5.52,5.29,6.46,5.23,5.92,5.09,6.04,5.16,5.88,8.91,10.67,5.53,6.53,11.62,4.53,5.14,11.27,5.83
Cabotegravir,5.74,5.02,5.7,5.61,5.52,5.45,5.59,5.18,5.1,5.42,22.42,6.73,5.88,11.76,5.94,4.94,11.32,5.11
Nilotinib,5.63,2.91,5.04,5.11,6.0,5.39,7.45,4.97,5.05,5.2,11.41,6.12,5.11,11.97,5.0,5.98,11.2,4.98
Elacytarabine,5.64,6.82,6.18,6.17,5.06,5.08,5.5,4.38,5.2,4.96,12.75,5.29,6.41,9.76,4.36,5.05,11.02,5.11
TNP-470,5.61,5.03,4.02,3.8,5.46,5.02,7.38,5.86,5.13,2.53,12.05,6.2,6.42,11.33,5.67,5.29,10.8,5.09
Tazemetostat,5.62,9.53,6.07,6.57,6.42,5.68,6.74,6.75,5.05,5.82,13.33,7.97,6.21,11.6,7.65,6.58,11.44,5.12
4-{[1-Methyl-5-(2-Methyl-Benzoimidazol-1-Ylmethyl)-1h-Benzoimidazol-2-Ylmethyl]-Amino}-Benzamidine,5.67,7.57,5.99,5.75,5.42,4.96,6.91,4.59,5.06,6.25,10.73,6.22,5.52,11.79,5.05,5.51,11.68,5.09
Nandrolonedecanoate,5.66,12.99,7.06,6.54,5.69,5.43,7.57,5.89,5.09,6.71,11.66,5.78,6.46,11.33,6.47,5.49,10.57,5.17
"[2,4,6-Triisopropyl-Phenylsulfonyl-L-[3-Amidino-Phenylalanine]]-Piperazine-N'-Beta-Alanine",5.64,6.34,6.27,6.66,5.44,5.98,7.09,5.42,5.51,6.02,24.25,6.5,6.47,11.26,4.71,4.95,11.67,5.26
"N-[3-[(1-Aminoethyl)(Hydroxy)Phosphoryl]-2-(1,1'-Biphenyl-4-Ylmethyl)Propanoyl]Alanine",5.57,5.54,5.27,5.45,5.21,5.27,7.43,4.91,5.38,12.94,11.42,5.89,6.03,12.2,5.38,5.11,10.6,5.31
Darolutamide,5.65,5.64,6.22,5.11,5.63,5.19,7.45,5.28,5.07,6.05,20.11,6.93,5.92,11.08,5.21,5.3,11.72,5.12
"(3-{3-[[2-Chloro-3-(Trifluoromethyl)Benzyl](2,2-Diphenylethyl)Amino]Propoxy}Phenyl)AceticAcid",5.63,5.36,5.69,5.39,6.56,5.1,7.11,6.97,5.1,6.44,10.91,7.1,5.36,11.25,6.24,5.28,11.48,5.16
Anatibant,5.62,6.6,8.54,8.56,5.75,5.37,7.71,5.08,5.07,6.74,11.89,6.32,5.92,11.67,7.82,5.22,11.37,5.34
Danoprevir,5.66,2.99,7.45,7.08,6.21,5.37,7.79,6.61,5.2,3.53,12.86,8.56,5.97,11.51,7.02,5.01,10.92,5.2
Danazol,5.55,6.26,7.55,7.14,5.65,4.98,7.17,6.47,5.1,5.58,10.98,5.95,6.68,13.23,6.97,5.61,11.29,5.67
PRX-07034,5.68,3.3,6.08,6.24,5.62,4.9,5.49,6.37,5.99,4.21,13.67,5.5,6.49,11.92,4.41,5.0,10.82,5.82
Methylnaltrexone,5.69,7.41,7.07,6.33,6.04,5.09,7.34,6.78,5.38,13.01,11.39,6.44,6.01,11.96,6.52,5.46,10.77,5.45
Pitavastatin,5.71,4.78,4.74,4.62,5.73,5.64,6.38,5.87,5.33,2.76,18.08,6.5,6.33,11.87,5.32,5.72,11.32,5.35
Phosphoramidon,5.7,3.87,5.77,5.94,5.68,5.16,7.03,6.48,5.31,6.56,11.42,7.41,5.77,11.55,6.03,6.43,11.22,5.18
Deoxycholicacid,5.62,7.17,4.42,4.47,5.31,5.05,7.61,4.72,5.24,5.29,30.0,7.41,5.86,11.65,4.87,5.05,10.63,5.37
"4-(6-{[(4-METHYLCYCLOHEXYL)AMINO]METHYL}-1,4-DIHYDROINDENO[1,2-C]PYRAZOL-3-YL)BENZOICACID",5.55,6.03,5.02,5.45,5.48,5.36,7.11,5.37,5.09,7.9,12.5,6.88,6.0,11.66,6.17,4.79,11.27,5.14
Ulobetasol,5.59,5.6,7.45,7.15,5.86,4.91,7.69,6.21,5.23,2.99,12.9,6.72,6.07,11.67,7.95,5.34,11.26,5.36
Doravirine,5.58,6.19,4.88,4.1,5.57,5.14,7.86,5.63,5.19,8.1,12.67,6.69,6.64,11.2,6.21,4.98,11.27,5.14
"N-[2-(carbamimidamidooxy)ethyl]-2-{6-cyano-3-[(2,2-difluoro-2-pyridin-2-ylethyl)amino]-2-fluorophenyl}acetamide",5.7,4.3,4.43,4.0,5.96,5.23,6.27,4.75,5.06,5.93,12.51,6.81,5.65,10.75,8.09,4.84,10.77,5.05
Pimavanserin,5.6,5.21,6.38,6.1,5.69,5.08,6.87,4.73,5.09,14.19,11.6,6.56,5.64,10.28,4.72,5.03,11.13,5.23
Ertiprotafib,5.59,6.68,5.8,6.46,5.69,5.5,7.54,5.44,5.67,7.43,11.28,6.39,6.31,11.44,5.98,5.56,11.41,5.2
Avasimibe,5.62,4.35,6.68,6.93,5.65,5.33,6.89,4.26,5.09,5.7,8.65,7.31,6.32,10.29,6.55,4.8,10.63,5.26
"N-[4-(2,4-DIMETHYL-THIAZOL-5-YL)-PYRIMIDIN-2-YL]-N',N'-DIMETHYL-BENZENE-1,4-DIAMINE",5.67,2.28,6.31,6.84,5.95,4.94,6.27,5.44,5.04,9.25,12.31,6.62,5.56,12.29,6.04,6.16,11.64,5.06
Tubocurarine,5.6,4.3,4.89,4.63,5.55,5.01,7.74,4.33,5.1,5.36,10.57,6.65,6.03,10.78,4.09,4.42,10.96,5.25
"N-cyclopropyl-3-{[1-(2,4-difluorophenyl)-7-methyl-6-oxo-6,7-dihydro-1H-pyrazolo[3,4-b]pyridin-4-yl]amino}-4-methylbenzamide",5.58,6.84,4.86,4.47,5.37,5.25,5.97,5.79,5.03,4.21,11.03,6.01,6.57,11.58,4.99,5.26,11.1,5.08
"2-MERCAPTO-N-[1,2,3,10-TETRAMETHOXY-9-OXO-5,6,7,9-TETRAHYDRO-BENZO[A]HEPTALEN-7-YL]ACETAMIDE",5.6,7.5,5.99,6.58,5.42,4.97,6.65,5.02,5.08,5.16,11.53,5.86,6.35,11.59,5.74,5.04,10.98,5.11
Rifaximin,5.6,2.86,4.56,5.17,5.45,5.0,6.87,7.82,5.22,3.63,4.34,6.43,6.1,12.03,5.52,5.46,10.85,5.36
Testolactone,5.68,3.12,7.12,7.0,5.69,4.88,8.23,5.17,5.11,4.35,11.29,6.17,6.35,11.55,6.46,5.4,11.25,5.29
Rivaroxaban,5.65,4.37,6.01,4.78,5.71,4.85,6.43,5.88,5.91,2.79,11.13,5.7,6.01,10.68,5.58,4.74,11.52,5.2
Simeprevir,5.6,6.81,4.52,5.18,5.58,5.03,7.3,5.83,5.09,7.47,13.18,5.88,6.39,11.82,7.15,4.91,11.11,5.52
Tenapanor,5.63,5.12,5.46,5.32,6.11,5.67,6.09,4.81,5.06,5.62,14.16,8.75,5.85,11.34,7.28,4.93,11.42,5.31
Sparfloxacin,5.64,6.16,6.08,5.53,5.43,5.35,7.24,5.07,5.45,6.58,12.93,7.02,6.49,11.45,6.77,4.77,11.27,5.55
Testosteroneenanthate,5.54,4.96,6.21,6.46,5.66,5.26,7.43,6.21,5.1,5.43,10.66,6.09,6.63,11.19,6.32,5.33,10.59,5.18
Sufugolix,5.63,6.54,5.45,5.61,5.55,5.92,6.85,5.4,5.39,5.61,15.35,7.09,6.78,12.07,6.3,5.95,10.77,5.12
Saxagliptin,5.67,5.44,7.34,7.16,5.45,5.1,7.05,5.0,5.59,8.06,12.19,5.4,5.92,12.09,7.87,5.2,11.39,5.32
"1-BENZYL-3-(4-METHOXYPHENYLAMINO)-4-PHENYLPYRROLE-2,5-DIONE",5.52,4.35,6.58,6.18,5.4,5.32,6.45,4.59,5.11,6.26,13.23,7.05,5.41,12.64,5.71,4.72,10.68,5.11
1-(2-Amidinophenyl)-3-(Phenoxyphenyl)Urea,5.64,7.88,5.41,4.94,6.02,5.15,7.71,4.95,5.08,8.11,5.73,6.46,6.09,12.3,5.11,4.97,11.42,5.06
Glasdegib,5.65,4.88,6.78,4.9,5.63,4.94,6.1,5.58,5.28,6.37,13.66,5.99,6.01,10.62,5.67,5.05,11.5,5.14
Tezacaftor,5.73,6.54,5.82,4.39,5.71,6.04,7.88,5.31,5.28,5.61,8.66,6.79,6.41,11.82,6.04,5.22,10.83,5.22
Cefepime,5.6,14.86,4.85,4.89,5.44,5.43,7.11,4.4,5.08,6.31,9.88,5.43,6.69,12.72,6.07,5.03,11.47,5.12
Fosamprenavir,5.56,3.16,7.61,7.19,5.74,6.31,7.22,5.74,5.09,3.06,11.59,7.29,6.17,11.7,6.63,5.24,11.51,5.06
CTS-1027,5.6,15.91,4.6,4.15,6.88,4.84,7.8,7.92,5.07,4.65,16.3,6.64,6.58,10.72,4.1,6.25,11.26,5.26
[PHENYLALANINYL-PROLINYL]-[2-(PYRIDIN-4-YLAMINO)-ETHYL]-AMINE,5.55,4.34,5.28,4.44,5.48,5.35,7.7,5.14,5.14,6.22,10.85,6.3,6.0,11.88,4.28,4.81,11.72,5.11
Telapristoneacetate,5.69,6.56,7.05,6.99,6.82,4.86,6.17,7.04,6.21,6.26,12.1,8.02,6.53,11.84,6.15,6.99,11.23,5.7
Abexinostat,5.7,4.21,4.97,3.18,5.73,4.84,8.57,4.97,5.07,2.48,11.27,5.67,6.53,12.03,6.25,4.84,11.29,5.43
"N-methyl-{4-[2-(7-oxo-6,7-dihydro-8H-[1,3]thiazolo[5,4-e]indol-8-ylidene)hydrazino]phenyl}methanesulfonamide",5.61,7.44,6.5,6.91,5.62,5.04,6.64,5.64,5.07,5.02,11.81,5.91,6.15,12.02,7.82,6.48,12.07,5.19
Acidyellow54freeacid,5.66,2.75,5.5,4.19,5.42,5.33,6.95,4.22,5.07,4.93,15.4,6.09,6.36,11.61,5.51,4.65,11.14,5.06
[(1-{2[(4-Carbamimidoyl-Phenylamino)-Methyl]-1-Methyl-1h-Benzoimidazol-5-Yl}-Cyclopropyl)-Pyridin-2-Yl-Methyleneaminooxy]-AceticAcidEthylEster,5.67,4.18,5.17,5.02,5.81,5.67,8.52,4.97,5.2,6.95,15.2,6.31,6.38,11.65,4.22,5.25,11.49,5.12
1-[1-(3-aminophenyl)-3-tert-butyl-1H-pyrazol-5-yl]-3-phenylurea,5.63,6.77,5.58,5.23,5.44,5.53,6.5,5.11,5.17,2.82,11.14,7.12,5.06,12.26,5.17,5.07,11.58,5.01
Glutathionedisulfide,5.62,5.11,6.13,5.58,5.61,5.2,6.47,4.19,5.08,11.08,19.74,6.5,6.31,11.46,4.61,4.66,10.7,5.16
N~2~-(biphenyl-4-ylsulfonyl)-N-hydroxy-N~2~-(2-hydroxyethyl)glycinamide,5.75,7.17,5.98,5.66,5.79,6.7,6.22,5.18,5.19,4.57,15.47,5.56,6.03,11.62,5.09,4.94,10.64,5.19
Tezosentan,5.63,8.94,5.75,5.45,5.59,5.81,7.68,5.32,5.07,10.15,12.73,6.83,6.57,11.81,6.02,5.39,11.6,5.09
Avatrombopag,5.72,11.37,7.13,6.85,5.78,5.13,5.21,5.34,5.12,6.91,10.97,5.95,6.18,11.63,6.55,5.25,11.57,5.53
Tenofovir,5.63,8.22,5.31,5.08,5.59,5.22,5.29,4.64,5.07,2.52,8.18,5.13,6.47,11.47,4.75,4.58,12.0,5.16
Epicriptine,5.63,8.91,6.47,6.47,5.6,5.24,7.22,4.46,5.09,15.73,18.36,5.9,6.07,10.96,6.51,4.78,11.32,5.2
"(2S,3S)-3-{3-[2-chloro-4-(methylsulfonyl)phenyl]-1,2,4-oxadiazol-5-yl}-1-cyclopentylidene-4-cyclopropyl-1-fluorobutan-2-amine",5.58,4.45,4.28,5.74,5.37,5.41,7.44,6.28,5.13,6.23,36.23,5.54,6.17,11.54,6.39,5.5,11.5,5.26
2-({5-CHLORO-2-[(2-METHOXY-4-MORPHOLIN-4-YLPHENYL)AMINO]PYRIMIDIN-4-YL}AMINO)-N-METHYLBENZAMIDE,5.63,5.82,6.32,6.33,6.69,4.9,7.27,7.05,5.36,7.36,10.47,6.67,6.83,13.22,7.1,6.1,11.78,5.56
"3''-(Beta-Chloroethyl)-2'',4''-Dioxo-3,5''-Spiro-Oxazolidino-4-Deacetoxy-Vinblastine",5.62,2.79,6.06,5.04,5.55,4.86,8.45,5.11,5.16,3.49,12.1,6.74,5.93,11.83,6.92,5.18,11.57,5.35
Afatinib,5.57,1.77,5.03,5.01,5.99,5.33,5.31,7.88,5.05,4.76,11.07,5.94,5.0,11.21,5.0,5.37,11.1,4.97
Paliperidone,5.62,8.27,6.52,6.5,6.42,5.32,6.85,5.38,5.09,4.47,14.26,6.87,6.3,12.09,6.39,6.09,10.82,5.13
Lapatinib,5.62,6.95,4.97,5.01,5.48,5.35,7.07,7.39,5.08,5.44,13.34,7.41,5.02,12.67,4.99,4.96,11.13,4.99
1-[(2R)-2-aminobutanoyl]-N-(3-chlorobenzyl)-L-prolinamide,5.57,14.4,6.63,6.54,5.7,5.08,6.66,5.37,5.11,10.63,32.7,5.42,5.99,11.1,3.22,5.81,11.69,5.17
Regorafenib,5.68,10.61,5.09,5.1,6.3,5.24,7.24,5.96,5.08,7.61,11.45,6.91,5.06,11.76,4.99,4.85,11.31,5.02
1-[(2R)-2-aminobutanoyl]-N-(4-carbamimidoylbenzyl)-L-prolinamide,5.59,6.39,6.57,6.54,5.67,4.89,6.8,5.14,5.05,9.44,17.72,6.19,6.0,11.53,5.73,5.3,11.71,5.14
Mangafodipir,5.65,2.43,5.76,4.62,5.27,5.16,5.27,4.51,5.12,4.32,12.45,7.03,6.26,12.2,4.1,4.63,11.49,5.29
Testosteronepropionate,5.53,1.95,7.03,6.29,5.67,5.23,7.58,6.13,5.17,4.94,11.65,6.04,6.66,10.93,6.14,5.25,10.79,5.58
AL5424,5.63,11.84,8.63,8.66,5.94,5.04,5.76,7.74,5.7,3.96,12.77,6.62,6.41,11.91,8.03,6.17,10.64,5.91
N-(1-ISOPROPYLPIPERIDIN-4-YL)-1-(3-METHOXYBENZYL)-1H-INDOLE-2-CARBOXAMIDE,5.65,4.77,5.97,6.28,5.88,5.09,6.94,4.79,5.15,4.89,10.87,6.87,5.99,10.4,5.02,4.55,11.6,5.18
Difloxacin,5.6,6.59,5.01,4.98,5.45,5.58,6.2,4.55,5.54,5.3,11.3,6.16,6.43,11.55,4.91,4.78,11.4,5.38
N-HYDROXY-2(R)-[[(4-METHOXYPHENYL)SULFONYL](3-PICOLYL)AMINO]-3-METHYLBUTANAMIDEHYDROCHLORIDE,5.64,4.08,7.31,7.02,6.74,6.68,7.04,6.87,5.07,5.88,10.73,6.7,6.35,11.7,6.91,6.04,10.85,5.09
Orlistat,5.71,2.39,7.04,6.77,5.72,5.1,6.58,5.83,5.38,2.98,13.32,6.18,6.66,11.56,6.19,6.35,10.42,5.25
"5-Methoxy-1,2-Dimethyl-3-(4-Nitrophenoxymethyl)Indole-4,7-Dione",5.5,17.29,6.22,5.9,5.56,5.08,7.36,4.59,5.12,6.57,16.61,6.15,6.71,11.73,6.03,4.87,11.33,5.23
"2-(4-fluorophenyl)-N-{[3-fluoro-4-(1H-pyrrolo[2,3-b]pyridin-4-yloxy)phenyl]carbamoyl}acetamide",5.63,9.0,6.69,6.31,5.83,4.92,7.56,5.23,5.22,6.5,24.35,6.99,6.39,11.62,5.18,5.35,11.62,5.12
Plitidepsin,5.49,20.61,6.5,7.01,6.01,5.25,6.67,5.63,5.22,6.64,14.08,6.97,5.92,11.67,7.24,5.73,10.68,5.39
2-chloro-5-[(1S)-1-hydroxy-3-oxo-2H-isoindol-1-yl]benzenesulfonamide,5.65,4.97,6.6,4.74,5.41,6.37,6.63,5.44,5.31,2.28,10.79,7.5,6.12,10.73,6.77,5.49,11.71,5.67
SP4160,5.48,5.01,6.5,6.32,5.89,5.5,5.76,5.06,5.09,4.9,17.52,6.79,6.53,11.69,7.02,5.31,11.44,5.05
"3-AMINO-3-BENZYL-9-CARBOXAMIDE[4.3.0]BICYCLO-1,6-DIAZANONAN-2-ONE",5.62,6.51,4.97,4.18,5.79,5.33,7.01,4.79,5.48,4.56,18.4,6.69,6.03,12.3,6.63,5.24,10.8,5.52
Tropisetron,5.61,8.42,6.53,5.55,5.84,5.48,7.84,5.13,5.09,7.95,15.53,6.53,5.4,11.78,5.5,4.8,11.48,5.16
Alectinib,5.62,5.72,6.22,6.03,5.49,4.93,7.14,7.1,5.94,5.44,14.14,6.83,6.63,10.67,6.09,5.15,10.7,5.94
MethylN-{[(1R)-1-({1-[(benzyloxy)carbonyl]-L-prolyl-6-ammonio-L-norleucyl}amino)-2-phenylethyl](hydroxy)phosphoryl}-L-alanyl-L-prolinate,5.61,2.94,3.98,4.33,5.72,5.55,6.29,4.55,5.3,3.68,11.67,7.22,5.77,11.73,3.73,4.72,11.12,5.28
Hydrocortisone,5.49,7.43,6.13,5.18,5.59,5.04,7.07,5.49,6.08,4.94,12.59,6.47,6.14,10.49,5.13,5.15,10.8,5.96
D-phenylalanyl-N-benzyl-L-prolinamide,5.53,5.12,5.34,4.63,5.43,5.22,6.95,4.81,5.29,7.12,12.71,5.95,5.99,12.61,4.85,5.09,11.71,5.61
5-Chloro-N-{(3S)-1-[(2S)-1-(4-morpholinyl)-1-oxo-2-propanyl]-2-oxo-3-pyrrolidinyl}-1H-indole-2-sulfonamide,5.69,2.57,5.27,4.43,6.01,4.86,6.56,5.52,6.12,8.05,12.33,8.28,6.14,11.54,6.6,4.92,11.35,5.67
1-(PHENYLMETHYL)CYCLOPENTYL[(1S)-1-FORMYLPENTYL]CARBAMATE,5.56,4.92,4.54,4.35,6.06,5.6,4.51,7.35,5.09,6.2,15.9,6.58,6.41,10.53,3.49,6.69,11.59,5.09
Donepezil,5.57,8.19,5.74,5.92,5.92,5.47,5.46,5.92,5.06,11.48,11.0,6.94,6.24,11.54,6.51,4.93,10.75,5.22
Norfloxacin,5.6,5.44,4.86,5.42,5.5,4.98,6.2,4.85,5.35,7.72,11.12,6.56,6.29,11.14,6.03,4.7,11.47,5.96
Romidepsin,5.62,4.97,5.92,5.63,5.89,5.36,7.02,6.5,5.74,9.49,14.01,7.47,6.58,12.29,7.21,5.7,10.73,5.39
Ronacaleret,5.62,4.61,6.87,6.49,5.9,5.33,7.58,6.09,5.05,2.36,11.04,7.17,6.56,12.49,5.31,5.5,10.81,5.21
"1-(5-CHLORO-2,4-DIMETHOXYPHENYL)-3-(5-CYANOPYRAZIN-2-YL)UREA",5.59,3.75,5.85,4.72,5.84,5.42,6.25,5.6,6.01,5.11,15.06,6.26,6.03,11.61,4.49,5.36,11.32,5.28
Morpholine-4-CarboxylicAcid[1-(2-Benzylsulfanyl-1-Formyl-Ethylcarbamoyl)-2-Phenyl-Ethyl]-Amide,5.6,3.53,5.62,5.7,6.23,5.2,7.44,6.63,5.26,3.09,12.95,6.97,5.58,11.81,4.82,5.84,11.32,5.15
Tafluprost,5.61,1.87,6.85,6.09,5.45,5.79,7.62,5.32,5.24,4.02,11.05,7.16,5.99,11.51,4.96,5.31,10.91,5.39
Lifitegrast,5.66,6.67,6.96,6.67,5.95,6.13,7.28,5.52,5.07,5.11,7.86,7.1,6.03,10.81,6.39,5.33,11.55,5.19
"Cis-[4,5-Bis-(4-Bromophenyl)-2-(2-Ethoxy-4-Methoxyphenyl)-4,5-Dihydroimidazol-1-Yl]-[4-(2-Hydroxyethyl)Piperazin-1-Yl]Methanone",5.62,5.18,4.68,5.54,5.31,5.4,6.29,5.97,5.09,6.8,11.2,6.41,6.74,13.16,7.63,4.72,11.27,5.08
Tryptophanyl-5'amp,5.64,5.55,6.04,6.77,5.63,5.62,6.92,4.82,5.11,5.52,11.53,6.54,6.32,11.58,5.36,4.67,10.67,5.2
Cefradine,5.6,4.37,5.31,4.48,5.6,5.1,7.16,3.89,5.09,12.11,11.14,6.66,6.44,11.67,5.62,4.0,11.38,5.3
"N-[2-({[amino(imino)methyl]amino}oxy)ethyl]-2-{6-chloro-3-[(2,2-difluoro-2-phenylethyl)amino]-2-fluorophenyl}acetamide",5.64,5.19,4.64,4.39,6.1,5.12,5.6,4.55,5.07,4.4,12.19,7.13,5.47,11.17,7.21,4.77,11.31,5.1
Cephaloglycin,5.61,5.14,5.45,5.95,5.28,5.3,6.94,3.62,5.51,5.62,11.86,6.34,6.38,10.87,5.5,4.22,11.44,5.29
Tolvaptan,5.6,6.3,7.08,6.1,5.9,5.24,6.78,5.65,5.05,4.87,51.84,7.01,5.67,10.43,6.06,5.11,11.43,5.08
"2-chloro-4-{[(1R,3Z,7S,7aS)-7-hydroxy-1-(trifluoromethyl)tetrahydro-1H-pyrrolo[1,2-c][1,3]oxazol-3-ylidene]amino}-3-methylbenzonitrile",5.56,4.99,5.41,4.18,6.05,4.86,5.58,6.2,5.49,5.75,12.1,6.82,6.23,11.71,6.08,5.85,10.85,5.78
1-((1R)-1-(HYDROXYMETHYL)-3-{6-[(3-PHENYLPROPANOYL)AMINO]-1H-INDOL-1-YL}PROPYL)-1H-IMIDAZOLE-4-CARBOXAMIDE,5.54,5.52,7.17,5.94,5.69,5.57,6.38,5.06,5.09,5.47,13.45,6.92,5.58,11.9,4.04,4.9,10.71,5.18
"1-(3-(2,4-DIMETHYLTHIAZOL-5-YL)-4-OXO-2,4-DIHYDROINDENO[1,2-C]PYRAZOL-5-YL)-3-(4-METHYLPIPERAZIN-1-YL)UREA",5.62,4.83,4.12,4.34,5.6,5.31,7.66,5.13,5.26,5.39,14.21,7.93,6.57,11.37,5.99,4.84,10.54,5.25
Rolapitant,5.63,8.07,4.82,5.21,5.86,6.27,6.81,4.39,5.29,5.55,11.69,6.57,5.81,11.96,6.03,4.71,11.59,5.18
L-1-naphthyl-2-acetamido-ethaneboronicacid,5.65,6.65,4.49,4.78,5.73,5.4,7.07,4.56,5.37,7.44,12.76,6.87,5.62,10.44,5.05,5.29,11.32,5.13
Anisodamine,5.62,3.08,7.48,6.91,5.59,6.18,7.32,4.65,5.14,4.73,11.3,6.58,5.43,11.49,6.92,5.07,10.85,5.3
Fluprednidene,5.56,3.3,7.54,6.35,5.5,5.08,7.11,5.65,6.13,3.85,13.71,7.72,6.25,11.03,6.64,4.91,11.22,5.81
Flunisolide,5.61,6.93,7.0,6.13,5.56,5.23,7.75,5.51,6.59,7.12,11.3,6.27,6.02,11.34,7.08,5.01,11.43,6.19
MLN8054,5.62,6.28,5.02,5.08,5.68,5.09,6.84,5.28,5.02,6.78,11.52,6.49,5.03,11.77,5.0,5.35,11.5,4.99
LGD2941,5.64,7.87,5.51,4.68,5.78,5.07,6.98,6.46,5.49,4.6,13.61,6.68,6.77,11.81,5.33,5.91,10.69,5.56
"5-CHLORO-N-((1R,2S)-2-(4-(2-OXOPYRIDIN-1(2H)-YL)BENZAMIDO)CYCLOPENTYL)THIOPHENE-2-CARBOXAMIDE",5.56,4.96,6.51,5.7,5.64,5.59,6.54,5.49,5.12,4.72,13.59,7.03,5.43,10.69,6.24,4.98,11.69,5.28
N-[[2-METHYL-4-HYDROXYCARBAMOYL]BUT-4-YL-N]-BENZYL-P-[PHENYL]-P-[METHYL]PHOSPHINAMID,5.62,5.09,6.28,6.43,5.56,6.96,8.02,6.9,5.08,3.17,7.44,6.74,5.99,11.62,7.3,5.6,11.53,5.13
Sunitinib,5.6,4.76,5.56,6.17,5.6,5.6,6.34,5.48,5.95,3.74,13.74,5.88,5.19,12.44,5.13,5.5,12.71,6.74
(1R)-2-[(CYANOMETHYL)AMINO]-1-({[2-(DIFLUOROMETHOXY)BENZYL]SULFONYL}METHYL)-2-OXOETHYLMORPHOLINE-4-CARBOXYLATE,5.62,6.08,7.22,6.82,5.64,5.25,5.76,4.88,5.85,6.04,11.52,6.23,6.46,11.87,4.78,5.1,11.41,5.34
Bendroflumethiazide,5.52,5.4,6.19,4.76,5.36,6.7,6.38,5.15,5.26,10.73,11.45,5.97,6.28,11.38,6.53,5.04,11.4,6.02
"N-(2-chloro-6-methylphenyl)-8-[(3S)-3-methylpiperazin-1-yl]imidazo[1,5-a]quinoxalin-4-amine",5.6,2.1,5.61,4.85,6.28,6.16,5.88,7.21,5.28,4.79,11.32,6.66,6.42,12.52,6.0,5.9,11.19,5.17
"3-(1H-indol-3-yl)-4-(1-{2-[(2S)-1-methylpyrrolidinyl]ethyl}-1H-indol-3-yl)-1H-pyrrole-2,5-dione",5.61,2.24,6.09,6.98,6.11,5.86,7.73,5.33,5.06,4.15,10.94,6.7,5.01,12.16,4.99,4.97,11.46,5.21
Cangrelor,5.67,5.46,7.27,6.48,6.0,5.28,6.92,8.1,5.32,5.3,14.89,6.26,6.23,11.62,5.1,5.23,10.75,5.3
Ceftriaxone,5.56,4.96,5.85,6.24,5.35,5.16,7.35,3.91,5.08,2.4,11.25,6.44,6.29,11.62,5.92,4.56,11.25,5.13
Naldemedine,5.62,3.1,6.71,5.85,5.39,5.58,7.92,7.27,5.35,4.79,12.91,5.98,6.07,12.15,7.56,5.49,11.27,5.59
"N-[1-(5-bromo-2,3-dimethoxybenzyl)piperidin-4-yl]-4-sulfanylbutanamide",5.61,8.76,4.53,5.57,6.1,4.97,5.02,5.31,5.06,8.66,17.55,7.64,5.48,11.84,5.79,4.78,11.37,5.11
"(2R)-1-[(5,6-DIPHENYL-7H-PYRROLO[2,3-D]PYRIMIDIN-4-YL)AMINO]PROPAN-2-OL",5.55,5.56,6.0,6.09,6.17,5.27,7.33,4.7,5.1,3.26,18.27,6.64,5.62,11.83,6.9,5.47,11.18,5.16
"8-ethyl-3,10,10-trimethyl-4,5,6,8,10,12-hexahydropyrazolo[4',3':6,7]cyclohepta[1,2-b]pyrrolo[2,3-f]indol-9(1H)-one",5.58,5.53,5.2,4.71,5.45,4.94,7.24,5.12,5.12,4.8,12.83,7.24,6.66,11.67,5.91,5.25,11.36,5.7
Tixocortol,5.54,18.04,5.74,5.29,5.58,5.16,7.33,5.76,6.0,15.13,26.82,6.56,6.05,11.1,5.15,5.28,11.24,5.78
"N-[7-(3-AMINOPHENYL)-5-METHOXY-1,3-BENZOXAZOL-2-YL]-2,5-DICHLOROBENZENESULFONAMIDE",5.63,11.12,4.81,4.09,5.68,5.56,7.27,4.97,5.05,19.94,7.97,7.21,5.76,11.5,5.82,5.24,11.41,5.08
LY374571,5.63,6.26,6.42,5.75,5.47,4.92,6.18,4.33,5.06,5.44,11.77,6.78,5.76,11.64,5.02,4.89,11.11,5.15
(2S)-2-[3-(AMINOMETHYL)PHENYL]-3-{(S)-HYDROXY[(1R)-2-METHYL-1-{[(2-PHENYLETHYL)SULFONYL]AMINO}PROPYL]PHOSPHORYL}PROPANOICACID,5.63,7.18,5.29,4.73,5.36,6.61,6.6,5.15,5.09,19.03,11.43,5.61,5.89,11.49,4.85,5.16,11.53,5.07
"2-(6-{[(3-chloro-2-methylphenyl)sulfonyl]amino}pyridin-2-yl)-N,N-diethylacetamide",5.57,7.26,4.48,4.09,5.45,5.53,5.67,4.9,5.1,5.86,11.61,6.84,6.32,11.56,5.12,5.26,11.58,5.69
Denibulin,5.6,4.48,4.83,4.24,5.21,4.91,6.04,4.34,5.08,8.98,10.96,6.94,6.04,11.77,4.19,5.57,10.79,5.12
AdenosinePhosphonoaceticAcid,5.55,3.21,5.94,4.72,5.62,5.18,5.51,4.5,5.09,3.98,11.65,6.49,6.61,10.56,4.86,4.6,10.76,5.14
Icotinib,5.49,6.64,4.93,5.02,5.54,4.82,6.06,6.24,5.08,9.73,11.22,6.35,5.03,12.23,5.0,4.89,11.13,5.03
Boldenone,5.48,4.86,8.68,8.62,5.9,5.25,7.45,5.34,5.3,4.52,10.0,6.28,6.18,10.95,7.02,5.22,10.8,5.7
"2-({[2,3,5,6-TETRAFLUORO-3'-(TRIFLUOROMETHOXY)BIPHENYL-4-YL]AMINO}CARBONYL)CYCLOPENTA-1,3-DIENE-1-CARBOXYLICACID",5.63,4.47,6.08,5.92,5.78,5.23,6.52,5.56,5.06,5.45,5.08,7.16,6.57,11.59,5.11,5.18,11.39,5.08
Spirapril,5.58,2.64,6.18,4.93,5.97,5.4,6.85,5.3,5.45,4.43,12.03,5.45,5.96,11.82,7.08,5.23,11.14,5.63
"5-[(3R)-3-(5-methoxy-3',5'-dimethylbiphenyl-3-yl)but-1-yn-1-yl]-6-methylpyrimidine-2,4-diamine",5.64,6.07,5.84,4.89,5.74,5.17,8.17,6.12,5.08,5.91,12.32,7.3,6.65,11.76,4.84,5.95,11.56,5.04
Talarozole,5.61,5.82,5.31,4.92,5.95,5.42,6.35,5.4,5.15,19.18,7.06,6.58,6.61,12.08,5.72,6.0,11.55,5.03
N-[(1S)-2-[(4-cyano-1-methylpiperidin-4-yl)amino]-1-(cyclohexylmethyl)-2-oxoethyl]morpholine-4-carboxamide,5.54,4.12,7.53,6.58,5.99,5.3,6.54,6.28,5.17,5.98,11.48,6.27,6.21,11.77,5.98,6.02,10.8,5.15
"1-(2,6-Dichlorophenyl)-5-(2,4-Difluorophenyl)-7-Piperidin-4-Yl-3,4-Dihydroquinolin-2(1h)-One",5.58,8.59,7.44,6.21,5.62,5.67,7.03,5.51,5.22,8.49,13.27,6.96,6.45,10.97,5.98,5.71,11.04,5.12
Dabigatranetexilate,5.6,3.29,6.22,5.83,5.6,4.96,6.69,5.34,5.12,4.22,14.06,5.23,6.38,11.44,6.86,5.53,11.65,5.12
"N-[(2R)-5-(aminosulfonyl)-2,3-dihydro-1H-inden-2-yl]-2-propylpentanamide",5.56,3.92,5.74,5.35,5.52,4.99,5.72,5.28,5.09,2.43,10.83,6.2,5.9,11.46,5.52,5.03,11.56,5.82
Prednicarbate,5.48,5.74,7.07,6.77,6.21,5.07,7.1,6.85,6.37,6.07,15.86,6.22,6.12,10.79,5.84,5.55,11.27,5.94
N-(2-METHOXYETHYL)-4-({4-[2-METHYL-1-(1-METHYLETHYL)-1H-IMIDAZOL-5-YL]PYRIMIDIN-2-YL}AMINO)BENZENESULFONAMIDE,5.49,7.92,6.06,6.5,6.26,6.83,7.3,7.56,5.05,8.28,13.0,6.87,5.97,12.53,5.91,6.43,11.66,5.1
Phosphatidylethanol,5.57,6.3,6.54,6.07,5.49,5.26,7.44,5.52,5.25,6.25,11.1,6.81,6.56,11.85,6.04,5.38,10.71,5.08
"N-cyclopropyl-6-[(6,7-dimethoxyquinolin-4-yl)oxy]naphthalene-1-carboxamide",5.47,2.94,6.34,6.5,5.68,5.5,7.22,4.67,5.05,3.19,10.39,6.85,6.09,11.69,5.01,5.02,11.22,5.18
Resiniferatoxin,5.46,5.9,8.67,8.1,5.3,5.37,6.64,5.12,5.27,7.87,14.69,7.29,6.5,11.47,7.16,4.8,11.38,5.11
Clazosentan,5.63,2.19,4.98,4.18,5.57,5.87,6.86,4.83,5.09,5.26,11.79,6.81,6.63,11.93,5.81,4.77,11.53,5.1
"N-(3-chlorophenyl)-N-methyl-2-oxo-3-[(3,4,5-trimethyl-1H-pyrrol-2-yl)methyl]-2H-indole-5-sulfonamide",5.59,5.46,4.24,4.69,5.48,6.76,5.75,4.42,5.2,4.76,12.33,7.02,6.59,11.89,5.85,4.73,11.35,5.67
Tenofovirdisoproxil,5.56,6.62,4.72,5.93,5.54,5.73,6.93,4.59,5.06,8.16,12.97,6.55,6.04,10.79,4.98,4.67,11.92,5.28
N-[4-CHLORO-3-(PYRIDIN-3-YLOXYMETHYL)-PHENYL]-3-FLUORO-,5.54,8.11,5.73,3.99,6.06,4.86,7.25,6.09,5.06,5.55,11.91,7.18,6.61,11.68,4.2,5.75,11.51,5.15
"3-Fluoro-4-{[(2R)-2-hydroxy-2-(5,5,8,8-tetramethyl-5,6,7,8-tetrahydro-2-naphthalenyl)acetyl]amino}benzoicacid",5.65,5.74,5.6,5.42,6.12,4.86,6.81,4.57,5.1,6.31,13.81,5.99,5.98,11.75,6.02,5.36,11.54,5.26
CoproporphyrinI,5.67,15.64,5.52,5.89,5.43,5.12,7.38,4.28,5.1,11.2,32.89,7.1,5.86,11.96,5.99,4.69,11.35,5.39
Bis-NapthylBeta-KetophosphonicAcid,5.56,8.23,5.06,5.89,5.7,6.39,6.57,4.88,5.07,8.36,10.63,7.03,5.73,10.47,5.85,4.79,11.55,5.09
"N-(2-AMINOETHYL)-N~2~-{(1S)-1-[4'-(AMINOSULFONYL)BIPHENYL-4-YL]-2,2,2-TRIFLUOROETHYL}-L-LEUCINAMIDE",5.61,2.88,5.55,5.65,6.54,5.12,6.75,6.82,5.12,3.97,11.21,6.94,6.09,12.52,7.06,5.85,11.69,5.15
Methscopolaminebromide,5.6,5.06,8.06,7.52,5.7,6.25,5.57,6.19,5.46,1.65,12.26,6.65,5.47,11.52,7.21,5.49,11.36,5.25
"6-(3,4-DIHYDROXYBENZYL)-3-ETHYL-1-(2,4,6-TRICHLOROPHENYL)-1H-PYRAZOLO[3,4-D]PYRIMIDIN-4(5H)-ONE",5.46,2.87,6.69,6.51,5.42,5.55,6.31,5.52,5.44,6.67,15.45,7.07,6.06,11.53,5.37,5.45,11.37,5.67
Seletracetam,5.6,6.58,5.92,6.49,5.31,4.9,6.04,5.26,6.08,4.83,11.7,6.55,5.75,11.61,3.74,5.35,11.7,5.31
N-Methylphenylalanyl-N-[(trans-4-aminocyclohexyl)methyl]-L-prolinamide,5.53,5.0,6.98,6.37,5.35,5.32,6.81,5.42,5.33,2.67,11.04,6.48,5.8,12.09,4.33,5.83,11.7,5.2
"N-[5-(1,1-DIOXIDOISOTHIAZOLIDIN-2-YL)-1H-INDAZOL-3-YL]-2-(4-PIPERIDIN-1-YLPHENYL)ACETAMIDE",5.6,5.33,4.8,4.72,5.71,4.92,5.95,7.49,5.09,5.82,16.43,7.08,5.77,11.69,5.0,6.62,11.24,5.15
"(3r)-4-(P-Toluenesulfonyl)-1,4-Thiazane-3-Carboxylicacid-L-Leucine",5.5,7.57,6.06,5.99,5.84,6.53,7.12,4.43,5.13,6.4,8.5,6.53,6.32,11.85,4.87,5.02,10.56,5.18
"(20S)-19,20,21,22-TETRAHYDRO-19-OXO-5H-18,20-ETHANO-12,14-ETHENO-6,10-METHENO-18H-BENZ[D]IMIDAZO[4,3-K][1,6,9,12]OXATRIAZA-CYCLOOCTADECOSINE-9-CARBONITRILE",5.6,5.06,7.13,6.92,5.71,5.33,7.35,7.02,5.05,7.82,31.15,6.51,6.54,10.4,6.11,5.25,11.7,5.21
1-[4-(PYRIDIN-4-YLOXY)PHENYL]-3-[3-(TRIFLUOROMETHYL)PHENYL]UREA,5.51,5.9,5.14,5.33,5.73,4.87,7.31,4.81,5.07,8.25,15.03,7.04,6.11,11.7,5.66,5.3,11.28,5.04
"[(3R)-3-(Methylcarbamoyl)-2-{[(2-methyl-2-propanyl)oxy]carbonyl}-1,2,3,4-tetrahydro-7-isoquinolinyl]sulfamicacid",5.4,2.9,4.26,4.12,5.36,4.93,5.38,4.64,5.05,4.85,11.22,6.31,5.83,10.68,4.93,4.72,11.3,5.16
4-({4-[(6-CHLORO-1-BENZOTHIEN-2-YL)SULFONYL]-2-OXOPIPERAZIN-1-YL}METHYL)BENZENECARBOXIMIDAMIDE,5.57,8.46,4.84,6.1,5.7,5.26,6.53,6.47,5.2,14.2,5.38,5.91,6.31,11.83,5.47,5.21,11.62,5.13
Lobeglitazone,5.57,6.82,4.4,5.04,5.51,4.97,5.79,5.32,5.24,6.57,12.79,6.77,6.44,11.86,5.01,5.41,10.9,5.08
MB-07803,5.62,4.32,5.29,4.3,5.87,5.65,7.5,6.29,5.06,18.3,29.8,6.73,6.36,10.89,6.01,4.79,11.32,5.22
Norgestimate,5.57,9.95,7.31,7.12,5.5,5.14,8.42,5.43,5.11,5.38,16.39,6.57,6.55,11.33,4.85,5.44,11.03,5.14
"9-HYDROXY-6-(3-HYDROXYPROPYL)-4-(2-METHOXYPHENYL)PYRROLO[3,4-C]CARBAZOLE-1,3(2H,6H)-DIONE",5.55,6.81,4.45,5.27,5.92,5.71,6.76,4.74,6.5,6.19,13.61,6.47,6.21,11.86,5.81,5.18,11.69,5.45
1-GUANIDINO-4-(N-PHENYLMETHANESULFONYL-L-LEUCYL-L-PROLYLAMINO)BUTANE,5.58,3.88,6.71,5.86,6.11,5.65,6.19,4.98,5.13,2.57,10.95,6.08,5.79,12.44,4.03,5.08,11.7,5.37
4-(5-BENZENESULFONYLAMINO-1-METHYL-1H-BENZOIMIDAZOL-2-YLMETHYL)-BENZAMIDINE,5.6,7.08,3.99,4.32,5.41,6.59,7.05,4.81,5.07,6.42,29.01,6.24,6.45,11.62,4.67,4.71,11.68,5.09
Lumateperone,5.58,3.85,6.35,6.79,5.56,5.7,7.27,5.63,5.12,5.87,11.23,7.06,5.61,10.25,7.32,4.99,11.36,5.18
"(6AR,11AS,11BR)-10-ACETYL-9-HYDROXY-7,7-DIMETHYL-2,6,6A,7,11A,11B-HEXAHYDRO-11H-PYRROLO[1',2':2,3]ISOINDOLO[4,5,6-CD]INDOL-11-ONE",5.55,4.93,4.32,4.11,5.45,5.2,6.67,4.69,6.19,11.99,20.12,6.27,5.89,11.9,6.01,4.91,10.66,5.38
Banoxantrone,5.47,5.46,5.43,5.37,5.35,5.81,5.85,4.85,5.09,2.75,13.31,6.06,6.03,13.12,6.09,4.82,11.7,5.11
FR236913,5.58,2.45,7.02,5.6,5.86,5.49,5.81,5.15,5.08,2.5,13.55,5.6,5.64,11.66,3.93,5.06,11.62,5.17
Prednisone,5.53,3.31,6.85,5.79,5.79,5.11,7.24,5.83,5.77,5.92,12.86,5.68,6.07,10.51,5.48,5.2,11.42,5.56
Travoprost,5.6,11.18,6.44,6.42,5.44,5.56,8.03,5.5,5.1,5.95,11.8,7.54,5.63,11.82,4.71,5.14,11.57,5.16
"2-{2-[(3,5-dimethylphenyl)amino]pyrimidin-4-yl}-N-[(1S)-2-hydroxy-1-methylethyl]-4-methyl-1,3-thiazole-5-carboxamide",5.55,16.43,5.87,6.82,5.7,5.7,7.69,7.13,5.05,3.67,20.68,7.06,6.13,11.94,6.7,5.76,11.63,5.05
Puromycin,5.49,5.14,3.97,4.32,5.71,5.12,7.5,4.63,5.1,4.64,10.89,5.19,6.27,11.59,4.91,4.67,11.14,5.14
InosinicAcid,5.56,8.91,3.99,3.5,5.09,5.15,5.71,4.71,5.24,7.09,15.86,5.88,6.2,10.49,5.06,4.62,10.88,5.51
"L-alanyl-N-[(1S,2R)-1-benzyl-2-hydroxypropyl]-L-alaninamide",5.49,2.61,5.03,4.61,5.71,5.45,6.94,4.27,5.5,6.59,11.66,6.14,5.93,11.65,4.95,5.03,10.52,5.27
Rescinnamine,5.56,6.72,5.72,5.49,5.48,5.11,5.98,4.75,5.31,6.09,12.08,8.91,6.44,11.68,5.99,4.97,11.37,5.44
"2-(CYCLOHEXYLMETHYLAMINO)-4-(PHENYLAMINO)PYRAZOLO[1,5-A][1,3,5]TRIAZINE-8-CARBONITRILE",5.6,8.25,6.99,6.61,5.56,5.05,6.18,5.02,5.21,15.77,12.82,7.54,6.41,11.86,6.84,5.17,10.94,5.52
Cilomilast,5.55,2.95,5.61,4.83,5.59,5.27,6.42,4.81,5.18,3.59,12.16,6.87,6.55,10.74,5.97,5.38,11.12,5.22
PhosphoricAcid-2'-[2'-Deoxy-Uridine]Ester-5'-GuanosineEster,5.49,7.71,6.39,6.11,5.75,5.12,6.38,5.29,5.18,5.44,27.16,6.96,6.11,10.86,4.96,4.7,11.4,5.28
ThreonineDerivative,5.57,4.21,6.85,5.25,5.67,4.94,6.91,4.37,5.17,5.77,11.25,6.67,6.05,12.37,7.42,4.84,10.72,5.14
Cabazitaxel,5.48,5.8,4.62,5.47,5.4,5.35,6.47,5.01,5.25,6.72,11.87,6.99,6.03,11.38,6.03,5.87,10.65,5.39
"2-[4-[4-[(5-cyclopropyl-1H-pyrazol-3-yl)amino]quinazolin-2-yl]iminocyclohexa-2,5-dien-1-yl]acetonitrile",5.55,4.22,6.09,7.12,5.59,4.91,6.34,6.79,5.46,2.17,11.3,7.04,5.14,12.78,5.62,5.78,11.65,5.34
Formebolone,5.45,8.61,7.05,5.93,5.83,5.14,7.1,4.76,6.42,7.69,13.53,6.19,6.38,11.48,6.33,5.21,11.28,5.96
Ticagrelor,5.63,6.93,7.38,7.03,5.67,5.33,5.71,4.92,5.17,4.0,16.55,6.74,6.18,11.54,6.04,5.02,11.45,5.1
"1-[4-(Octahydro-Pyrido[1,2-a]Pyrazin-2-Yl)-Phenyl]-2-Phenyl-1,2,3,4-Tetrahydro-Isoquinolin-6-Ol",5.59,6.71,6.7,6.92,5.62,4.89,7.76,5.11,5.2,3.03,13.98,6.62,5.65,10.48,7.79,5.09,11.36,5.94
"3-[[(METHYLAMINO)SULFONYL]AMINO]-2-OXO-6-PHENYL-N-[3,3,3-TRIFLUORO-1-(1-METHYLETHYL)-2-OXOPHENYL]-1(2H)-PYRIDINEACETAMIDE",5.56,5.85,4.48,4.34,5.73,5.95,5.72,4.84,5.16,9.48,9.03,6.65,6.17,11.65,6.67,4.85,11.57,5.22
CyclotheonamideA,5.52,10.54,5.29,4.42,5.75,5.18,6.67,4.64,5.09,14.95,10.69,7.29,5.72,12.46,7.38,5.05,10.71,5.27
Abemaciclib,5.58,7.45,7.35,7.58,5.73,4.95,7.75,6.7,5.58,2.93,10.95,6.78,6.71,12.08,6.05,6.2,11.48,5.09
"3-CARBOXAMIDO-1,3,5(10)-ESTRATRIEN-17(R)-SPIRO-2'(5',5'-DIMETHYL-6'OXO)TETRAHYDROPYRAN",5.62,6.27,5.58,5.26,5.63,4.99,6.37,5.04,5.72,4.01,10.89,5.92,6.49,11.75,6.79,4.87,11.35,5.56
CRA_10991,5.47,8.19,6.54,5.81,5.71,5.49,6.73,5.81,5.32,3.14,14.1,7.12,6.27,11.05,6.15,5.73,11.64,5.05
(2S)-2-(4-{[3-CHLORO-5-(TRIFLUOROMETHYL)PYRIDIN-2-YL]OXY}PHENOXY)PROPANOICACID,5.57,6.38,7.06,7.13,5.47,5.05,7.11,4.74,5.06,6.4,11.96,5.04,6.46,10.64,4.3,4.72,10.7,5.18
Zaltoprofen,5.39,4.49,5.58,5.86,5.6,6.27,7.3,4.63,5.47,4.63,10.83,7.66,5.35,12.4,4.33,5.26,10.45,5.32
"[4-(4-ACETYLAMINO-PHENYL)-3,5-DIOXO-4-AZA-TRICYCLO[5.2.2.02,6]UNDEC-1-YLCARBAMOYLOXY]-ACETICACID",5.54,2.98,3.58,4.75,6.32,5.64,6.36,4.64,5.13,3.39,11.82,4.88,6.34,11.19,5.95,4.75,11.79,5.31
"N6-(2,5-Dimethoxy-Benzyl)-N6-Methyl-Pyrido[2,3-D]Pyrimidine-2,4,6-Triamine",5.56,10.48,5.6,5.22,5.44,4.94,6.55,6.77,5.08,4.79,12.26,6.82,5.97,11.81,5.06,5.58,11.18,5.04
Zanapezil,5.61,7.01,5.6,5.63,6.24,5.67,6.59,5.18,5.07,8.03,13.35,7.06,6.04,11.42,7.28,5.06,11.42,5.44
"(3R)-4-[(3R)-3-AMINO-4-(2,4,5-TRIFLUOROPHENYL)BUTANOYL]-3-METHYL-1,4-DIAZEPAN-2-ONE",5.49,4.49,6.21,5.52,5.65,5.32,5.35,6.22,5.28,5.45,14.55,6.41,6.07,12.27,4.73,5.06,11.51,5.54
Hydrocortamate,5.5,4.43,6.12,5.19,5.91,5.24,6.52,5.11,6.2,8.19,11.07,6.37,6.57,11.08,4.62,5.19,11.17,6.12
Fluprednisoloneacetate,5.63,5.4,5.34,6.15,6.25,5.15,8.39,6.17,6.19,6.99,14.06,7.28,6.07,11.33,6.82,5.16,11.38,5.71
Trospium,5.57,11.13,7.21,6.39,5.52,5.91,7.12,7.06,5.07,18.24,12.78,7.58,6.05,11.95,7.53,5.21,11.42,5.12
Alpha-Benzyl-Aminobenzyl-PhosphonicAcid,5.56,2.56,5.1,3.71,5.16,5.41,5.97,4.57,5.09,3.23,10.25,6.69,5.62,11.95,4.62,4.83,11.64,5.06
Lubiprostone,5.58,6.31,3.49,5.67,5.63,5.05,6.49,5.14,5.3,7.73,11.77,5.5,5.88,10.67,4.89,5.37,10.59,5.6
Echinacoside,5.52,2.41,3.78,4.35,5.32,4.85,6.55,4.14,5.27,9.29,18.44,5.44,5.96,10.28,3.99,4.99,11.33,5.22
Nomegestrolacetate,5.55,3.07,5.62,4.87,6.36,5.21,7.57,5.77,5.45,4.07,10.89,6.5,6.47,11.4,5.69,5.38,10.98,5.57
Ceftazidime,5.46,10.68,5.38,4.66,5.34,5.88,7.45,3.86,5.1,5.01,13.42,5.79,6.21,11.78,6.04,4.94,11.02,5.09
Vandetanib,5.48,15.29,5.05,4.98,5.65,5.19,5.23,5.94,5.08,17.14,9.51,6.81,5.0,10.85,5.0,5.06,11.04,5.05
Rifabutin,5.57,3.35,4.77,5.16,5.34,5.12,6.46,7.19,5.45,3.69,11.34,6.42,5.93,11.78,6.29,5.74,11.16,5.52
Lefamulin,5.56,6.63,5.94,6.89,5.63,4.97,6.09,4.94,5.63,5.03,7.12,6.82,6.34,11.77,6.76,5.43,11.45,6.0
N-Benzoyl-N'-Beta-D-GlucopyranosylUrea,5.53,4.44,3.48,2.94,5.17,5.34,5.25,3.36,5.54,3.04,16.39,6.4,6.66,10.88,4.41,4.45,10.53,5.2
"Cyclohexyl-{4-[5-(3,4-Dichlorophenyl)-2-Piperidin-4-Yl-3-Propyl-3h-Imidazol-4-Yl]-Pyrimidin-2-Yl}Amine",5.55,2.36,5.59,5.54,5.99,6.07,5.56,6.91,5.06,5.34,19.23,6.62,5.65,11.37,6.86,5.83,11.8,5.19
"(1R,2R)-N-(2-Aminoethyl)-2-{[(4-methoxyphenyl)sulfonyl]methyl}cyclohexanecarboxamide",5.64,5.97,4.68,6.08,5.45,4.93,5.82,4.32,5.08,5.94,12.04,6.85,6.38,11.79,6.61,4.78,10.95,5.08
BenzylN-[(2S)-5-(diaminomethylamino)-1-[[(2S)-4-fluoro-3-oxobutan-2-yl]amino]-1-oxopentan-2-yl]carbamate,5.49,4.02,5.85,4.55,5.68,5.41,6.68,4.74,5.21,2.42,10.9,6.87,6.09,10.2,4.25,5.39,10.74,5.09
Varlitinib,5.56,9.65,4.9,4.19,5.9,5.6,6.38,6.42,5.08,7.56,11.54,6.25,5.18,11.76,5.0,4.69,11.13,5.02
1-(4-IODOBENZOYL)-5-METHOXY-2-METHYLINDOLE-3-ACETICACID,5.5,6.59,5.77,6.27,5.96,5.01,6.26,5.79,5.13,4.08,13.38,6.43,5.94,11.51,4.99,5.38,11.3,5.12
Apremilast,5.58,4.82,5.77,5.48,5.68,5.8,6.61,5.11,5.09,3.04,17.0,6.72,6.3,11.69,5.22,5.48,11.15,5.11
[N-(3-dibenzylcarbamoyl-oxiranecarbonyl)-hydrazino]-aceticacid,5.57,5.04,4.4,4.76,5.4,5.45,5.49,4.1,5.12,3.12,10.33,6.84,5.69,11.3,3.96,4.7,12.03,5.19
Biotin,5.58,6.38,4.88,4.37,5.54,4.94,4.68,4.38,5.34,5.2,12.37,6.31,5.73,11.53,5.71,4.98,11.25,5.92
"(3R,4R)-1-{6-[3-(METHYLSULFONYL)PHENYL]PYRIMIDIN-4-YL}-4-(2,4,5-TRIFLUOROPHENYL)PIPERIDIN-3-AMINE",5.54,5.5,6.98,6.69,5.34,5.38,8.53,5.64,5.08,10.19,11.22,6.29,6.38,11.22,5.69,5.16,11.55,5.67
SR-9011,5.42,6.62,6.48,5.89,5.61,5.17,7.37,5.1,5.17,10.64,21.38,7.19,5.68,11.77,5.21,5.17,10.9,5.43
(2S)-2-hydroxy-2-methyl-N-[4-nitro-3-(trifluoromethyl)phenyl]-3-(pentafluorophenoxy)propanamide,5.54,3.21,5.79,6.03,5.62,5.09,6.21,6.28,5.08,3.27,14.48,7.27,6.27,12.19,4.39,4.91,10.63,5.09
Pralatrexate,5.58,3.5,6.2,5.5,5.35,4.88,7.44,5.29,5.06,6.94,3.72,6.03,5.85,10.66,5.03,5.33,11.4,5.1
TERT-BUTYL4-({[4-(BUT-2-YN-1-YLAMINO)PHENYL]SULFONYL}METHYL)-4-[(HYDROXYAMINO)CARBONYL]PIPERIDINE-1-CARBOXYLATE,5.61,3.33,5.91,5.85,6.23,4.95,6.07,6.55,5.09,4.01,13.93,6.1,6.1,11.89,3.97,5.8,11.32,5.26
"(3R)-3-(aminomethyl)-9-methoxy-1,2,3,4-tetrahydro-5H-[1]benzothieno[3,2-e][1,4]diazepin-5-one",5.43,2.47,4.04,4.67,6.5,5.09,6.31,5.58,5.08,5.6,11.35,6.75,6.33,11.58,6.23,5.54,10.78,5.08
"N-(4-CHLOROPHENYL)-1,2,3,4-TETRAHYDROISOQUINOLINE-7-SULFONAMIDE",5.55,2.66,3.85,3.79,5.41,5.14,6.15,4.7,5.35,7.03,23.2,6.07,5.77,11.85,4.42,5.11,10.7,5.57
"4-[3-(2-Chloro-4,5-difluoro-benzoyl)ureido]-3-trifluoromethoxybenzoicacid",5.59,6.79,6.44,6.68,5.82,4.83,6.82,6.28,5.04,5.48,16.41,7.27,6.35,11.19,5.68,5.3,11.48,5.09
Adenylate-3'-phosphate-[[2'-deoxy-uridine-5'-phosphate]-3'-phosphate],5.62,2.55,5.68,4.98,5.8,5.06,6.85,4.58,5.08,3.83,11.87,6.97,6.42,11.16,5.29,4.62,10.71,5.11
CR665,5.47,7.39,7.03,5.95,5.71,5.21,5.9,4.46,5.51,5.62,16.38,6.45,5.93,12.76,4.82,5.06,10.77,5.09
4-Carbamoyl-4-{[6-(Difluoro-Phosphono-Methyl)-Naphthalene-2-Carbonyl]-Amino}-ButyricAcid,5.6,5.65,5.86,4.48,5.63,5.38,6.36,4.49,5.05,7.3,12.08,6.54,5.39,10.44,4.46,4.87,11.58,5.06
Lorlatinib,5.57,7.23,6.88,6.44,5.52,5.09,6.69,7.13,5.2,4.99,12.92,6.96,6.67,11.24,5.81,5.87,11.25,5.04
Piperacillin,5.58,5.53,5.06,4.56,5.68,6.0,6.25,4.49,5.21,6.21,3.62,6.67,6.21,12.57,6.03,4.98,10.74,5.42
N-(5-{[(2S)-4-amino-2-(3-chlorophenyl)butanoyl]amino}-1H-indazol-3-yl)benzamide,5.64,1.48,5.0,5.0,5.62,5.5,8.04,4.93,5.1,3.05,10.5,6.56,5.84,12.85,6.37,4.76,11.7,5.12
Muraglitazar,5.55,7.35,5.85,4.67,5.4,5.02,7.8,4.27,5.08,8.0,11.56,6.57,6.18,11.43,5.56,4.68,11.08,5.1
Fluconazole,5.55,3.9,4.89,4.9,5.8,5.05,5.32,5.82,5.07,9.29,12.69,6.47,6.81,12.0,4.26,5.14,11.18,5.12
Levomefolicacid,5.52,4.4,5.49,4.85,5.54,4.92,6.67,4.45,5.09,6.01,11.43,6.68,6.39,11.59,5.15,4.95,10.72,5.06
3-({4-[(6-CHLORO-1-BENZOTHIEN-2-YL)SULFONYL]-2-OXOPIPERAZIN-1-YL}METHYL)BENZENECARBOXIMIDAMIDE,5.63,5.49,5.66,6.18,5.78,5.08,6.66,6.52,5.52,6.03,12.82,6.09,6.31,12.28,5.78,5.06,11.74,5.19
Inecalcitol,5.63,4.67,5.44,6.27,5.64,5.18,6.26,5.09,5.7,5.56,14.17,6.69,6.37,11.39,6.23,5.26,10.61,5.93
"8-(2-Chloro-3,4,5-Trimethoxy-Benzyl)-2-Fluoro-9-Pent-4-Ylnyl-9h-Purin-6-Ylamine",5.4,6.11,6.62,6.55,5.42,5.15,6.57,5.16,5.1,6.01,12.16,6.49,6.35,11.77,5.0,5.01,11.49,5.09
PH-797804,5.52,7.87,7.35,7.81,5.95,5.1,5.47,5.17,5.04,6.97,17.01,6.61,6.27,10.82,6.36,5.15,11.4,5.07
Prednisolonehemisuccinate,5.44,6.16,6.57,6.36,6.22,4.97,6.59,5.47,6.43,5.36,10.85,5.46,6.23,10.82,5.83,5.2,11.67,5.82
N-[1-(4-CARBAMIMIDOYL-BENZYLCARBAMOYL)-3-METHYLSULFANYL-PROPYL]-3-HYDROXY-2-PROPOXYAMINO-BUTYRAMID,5.49,4.61,4.82,3.28,5.9,4.97,7.21,5.0,5.06,4.66,10.34,6.35,6.39,13.08,5.32,5.03,11.38,5.12
"(4R)-4-(3-HYDROXYPHENYL)-N,N,7,8-TETRAMETHYL-3,4-DIHYDROISOQUINOLINE-2(1H)-CARBOXAMIDE",5.54,9.37,6.3,5.02,5.58,5.16,7.76,4.54,5.08,6.7,12.11,7.27,6.19,11.49,7.72,4.7,11.52,5.15
"10-Propargyl-5,8-DideazafolicAcid",5.56,6.58,6.36,5.03,6.13,5.72,5.93,5.51,5.05,13.19,25.34,5.39,5.5,10.72,4.89,5.85,10.83,5.08
Rocaglamide,5.49,6.93,4.88,5.13,5.35,4.88,8.31,4.79,5.08,6.37,11.6,7.23,6.14,11.74,6.76,6.38,10.86,5.16
Velusetrag,5.57,5.47,6.54,7.5,5.95,5.56,9.07,6.39,5.32,4.66,16.08,5.83,6.31,11.58,4.13,5.41,11.46,5.21
Tamatinib,5.52,4.56,6.2,6.09,5.69,5.18,7.38,6.13,5.68,6.55,11.86,6.28,6.52,12.32,5.22,5.74,11.57,5.4
(2S)-2-({6-[(3-Amino-5-chlorophenyl)amino]-9-isopropyl-9H-purin-2-yl}amino)-3-methyl-1-butanol,5.66,6.19,4.95,5.31,5.59,4.98,7.06,5.39,5.09,7.76,14.86,6.62,6.5,10.94,5.6,5.14,10.73,5.18
"(2S)-1,3-benzothiazol-2-yl{2-[(2-pyridin-3-ylethyl)amino]pyrimidin-4-yl}ethanenitrile",5.48,2.97,6.69,6.38,5.53,5.35,7.27,5.59,5.03,4.83,11.32,7.06,6.26,11.87,5.01,5.06,10.73,5.05
Moxidectin,5.36,6.13,7.58,6.92,5.49,4.9,7.28,4.8,5.64,3.36,13.51,6.01,6.4,11.19,8.04,5.08,10.81,5.83
Guanosine-3'-Monophosphate-5'-Diphosphate,5.52,6.31,5.24,5.24,5.83,4.92,5.71,6.34,5.08,6.72,13.84,7.07,6.32,11.44,5.15,4.73,10.96,5.08
Quinupristin,5.48,3.13,5.9,6.06,6.01,5.82,6.38,5.26,5.23,5.42,10.67,8.26,5.82,11.84,6.32,5.23,11.64,5.25
Sildenafil,5.56,2.83,5.81,5.84,5.26,5.64,6.92,5.16,5.09,3.49,14.16,7.03,5.91,12.25,6.8,4.69,10.73,5.14
S-adenosyl-L-homocysteine,5.58,7.75,5.4,6.94,5.68,5.4,7.39,4.94,5.08,3.06,11.38,5.73,6.54,11.04,5.02,4.94,11.36,5.09
"5-[(3R)-3-(5-methoxy-4'-methylbiphenyl-3-yl)but-1-yn-1-yl]-6-methylpyrimidine-2,4-diamine",5.6,6.05,5.58,5.5,5.73,5.15,8.01,6.16,5.09,11.06,12.66,6.01,6.63,11.78,5.01,5.9,11.49,5.04
"(9R,10R)-9-(S-glutathionyl)-10-hydroxy-9,10-dihydrophenanthrene",5.51,9.36,4.53,4.14,5.78,5.57,6.91,4.88,5.09,4.9,10.53,7.03,6.34,11.92,4.82,4.6,10.67,5.14
Indocyaninegreenacidform,5.49,6.42,5.61,4.8,5.93,5.78,7.55,4.48,5.1,4.09,15.21,6.23,6.56,11.75,7.4,5.08,11.44,5.15
Ciclesonide,5.52,7.04,5.74,5.52,5.5,5.12,7.65,5.85,5.33,2.57,15.75,6.46,6.11,10.84,6.05,5.18,10.76,5.67
[1-(1-Benzyl-3-Hydroxy-2-Oxo-Propylcarbamoyl)-2-Phenyl-Ethyl]-CarbamicAcidBenzylEster,5.48,4.97,3.38,3.93,5.85,5.3,7.02,4.43,5.34,5.53,16.92,6.38,5.64,12.88,5.31,5.28,10.7,5.12
(2S)-4-(4-fluorobenzyl)-N-(3-sulfanylpropyl)piperazine-2-carboxamide,5.5,6.5,6.38,5.34,5.83,5.09,5.51,4.69,5.09,9.7,15.91,6.39,5.41,10.58,5.26,5.02,11.1,5.34
Erteberel,5.45,6.48,7.72,6.7,5.47,5.24,8.24,4.29,5.43,4.47,10.8,7.03,6.72,11.74,6.38,4.71,11.56,5.21
Porfiromycin,5.58,7.13,5.85,4.55,5.85,4.98,6.42,4.6,5.73,7.22,12.89,6.13,6.04,11.92,7.42,4.87,11.35,5.44
Tofacitinib,5.51,5.38,4.96,5.14,5.59,5.02,6.13,6.86,5.02,4.22,10.58,6.2,5.01,11.78,5.0,5.46,11.53,5.06
Bamifylline,5.5,6.04,4.9,6.05,5.47,5.18,5.26,4.51,5.25,2.72,7.83,5.22,6.85,11.15,5.11,4.62,11.27,5.31
1-{2-[(4-CHLOROPHENYL)AMINO]-2-OXOETHYL}-N-(1-ISOPROPYLPIPERIDIN-4-YL)-1H-INDOLE-2-CARBOXAMIDE,5.52,5.13,4.84,3.93,5.64,5.58,6.9,4.5,5.12,7.07,19.62,6.62,5.8,12.21,4.23,4.69,10.49,5.21
Motuporin,5.36,6.42,6.57,6.29,5.96,5.24,7.88,5.23,5.8,6.67,12.7,6.5,6.05,11.6,5.33,6.87,11.57,5.3
Irinotecan,5.57,7.65,5.91,6.93,5.45,5.02,6.66,5.07,5.08,10.78,44.61,6.28,6.37,11.94,6.53,5.02,11.16,5.12
CRA_17693,5.54,3.12,4.97,4.83,5.51,5.55,7.16,4.42,5.09,3.48,13.05,6.76,6.48,11.72,5.94,5.13,10.83,5.03
Nafcillin,5.57,6.39,6.39,6.35,5.62,5.64,5.61,5.03,5.38,4.94,9.87,6.8,6.0,11.89,5.0,5.09,11.67,6.0
(2S)-2-ETHOXY-3-{4-[2-(10H-PHENOXAZIN-10-YL)ETHOXY]PHENYL}PROPANOICACID,5.5,5.25,5.59,4.91,5.46,5.01,6.48,4.8,5.62,5.88,11.29,6.4,6.56,11.21,4.34,4.97,11.46,5.18
(2S)-2-[3-(AMINOMETHYL)PHENYL]-3-[(R)-[(1R)-1-{[(BENZYLOXY)CARBONYL]AMINO}-2-METHYLPROPYL](HYDROXY)PHOSPHORYL]PROPANOICACID,5.54,2.34,4.92,4.67,5.46,6.01,5.95,5.1,5.08,4.25,12.05,6.0,5.84,11.51,4.23,5.35,11.46,5.06
Canertinib,5.54,7.77,5.01,4.97,5.81,4.78,5.36,7.48,5.05,3.78,15.12,5.59,5.01,10.86,5.01,5.21,11.16,5.01
AMG-131,5.59,6.12,4.4,4.93,5.71,5.08,6.79,5.93,5.06,6.83,10.77,7.17,6.68,11.57,5.13,4.88,11.09,5.31
"1-[5-Methyl-2-(trifluoromethyl)furan-3-yl]-3-[5-[2-[[6-(1H-1,2,4-triazol-5-ylamino)pyrimidin-4-yl]amino]ethyl]-1,3-thiazol-2-yl]urea",5.56,4.61,4.98,4.96,5.59,4.93,7.18,7.15,5.86,7.45,11.87,5.56,6.14,12.24,5.0,5.52,11.23,5.19
RPR131247,5.54,5.46,6.59,7.12,5.85,4.87,7.85,5.76,5.05,3.87,10.42,6.76,6.13,11.55,6.55,5.17,11.07,5.16
1-(2-Fluorobenzyl)-3-Butyl-8-(N-Acetyl-4-Aminobenzyl)-Xanthine,5.54,4.64,6.99,7.01,5.6,5.0,5.78,4.99,5.09,3.31,10.93,6.02,5.98,11.88,6.65,4.89,11.34,5.11
"(5R)-5-(4-{[(2R)-6-HYDROXY-2,5,7,8-TETRAMETHYL-3,4-DIHYDRO-2H-CHROMEN-2-YL]METHOXY}BENZYL)-1,3-THIAZOLIDINE-2,4-DIONE",5.49,6.0,5.13,5.77,5.49,5.4,5.93,4.7,5.11,7.78,14.58,5.36,6.16,12.06,4.09,5.19,11.11,5.22
Hyoscyamine,5.58,5.59,7.68,6.97,5.56,6.16,7.97,4.61,5.21,3.58,14.99,7.42,6.66,11.59,7.38,5.21,11.31,5.2
VirginiamycinS1,5.48,7.22,6.64,7.02,5.84,5.82,6.38,4.6,5.34,6.68,16.33,7.31,5.55,12.02,5.69,4.99,11.76,5.26
"(3Z)-N,N-DIMETHYL-2-OXO-3-(4,5,6,7-TETRAHYDRO-1H-INDOL-2-YLMETHYLIDENE)-2,3-DIHYDRO-1H-INDOLE-5-SULFONAMIDE",5.5,5.19,5.6,5.6,5.45,6.7,6.65,4.57,5.58,4.59,17.06,6.09,5.17,12.1,5.02,5.42,11.82,5.53
Asimadoline,5.53,6.4,6.55,5.47,5.72,6.12,6.66,5.09,5.08,5.65,11.03,7.82,5.49,12.31,5.6,5.33,11.81,5.59
Lacidipine,5.3,3.77,4.52,4.35,5.23,6.15,6.32,5.18,5.18,7.59,12.01,6.27,6.0,11.52,6.51,4.89,11.32,5.85
"4-((3r,4s,5r)-4-Amino-3,5-Dihydroxy-Hex-1-Ynyl)-5-Fluoro-3-[1-(3-Methoxy-1h-Pyrrol-2-Yl)-Meth-(Z)-Ylidene]-1,3-Dihydro-Indol-2-One",5.49,5.63,5.97,5.43,5.54,5.48,5.63,5.09,5.51,6.86,19.15,6.94,5.4,12.23,6.06,5.38,11.35,5.34
VX-702,5.53,7.28,6.39,6.07,6.03,5.55,6.91,5.04,5.08,4.81,12.36,7.04,5.7,12.02,6.34,5.19,11.31,5.11
"2-[(2-chloro-4-iodophenyl)amino]-N-{[(2R)-2,3-dihydroxypropyl]oxy}-3,4-difluorobenzamide",5.53,4.88,4.92,4.95,5.87,6.28,5.29,6.86,5.07,2.83,16.73,7.72,5.01,11.13,4.99,6.48,11.06,5.02
Vintafolide,5.5,6.2,5.78,6.01,5.71,5.1,7.49,5.46,5.1,5.86,14.42,6.9,5.89,11.85,6.27,5.18,11.45,5.27
"[2-Amino-6-(2,6-Difluoro-Benzoyl)-Imidazo[1,2-a]Pyridin-3-Yl]-Phenyl-Methanone",5.49,8.75,4.36,5.05,5.45,6.26,7.12,4.48,5.05,8.54,1.98,6.97,5.49,11.74,5.97,4.73,11.29,5.05
Lornoxicam,5.44,5.34,6.65,5.6,5.39,5.24,6.55,4.44,5.05,6.13,13.08,7.84,6.26,11.71,5.29,4.85,10.76,5.11
Rifamycin,5.54,7.01,4.89,5.24,5.44,5.51,6.04,6.65,5.68,2.76,12.05,6.36,6.77,12.12,4.21,5.57,10.7,6.02
(2R)-2-(5-CHLORO-2-THIENYL)-N-{(3S)-1-[(1S)-1-METHYL-2-MORPHOLIN-4-YL-2-OXOETHYL]-2-OXOPYRROLIDIN-3-YL}PROPENE-1-SULFONAMIDE,5.49,2.66,6.19,6.54,5.8,6.38,5.84,5.95,6.2,4.09,10.8,7.44,5.79,10.77,4.74,5.85,11.45,5.8
Irbesartan,5.48,7.85,6.4,6.07,6.08,5.53,7.19,5.36,5.1,5.7,11.67,7.1,5.94,11.51,7.02,5.23,10.9,5.07
Tucatinib,5.52,8.28,4.52,4.92,5.84,5.03,6.64,6.28,5.08,6.48,32.1,6.21,6.18,11.68,5.4,5.03,11.14,5.04
"1-{2-[3-(2-Chloro-4,5-difluoro-benzoyl)-ureido]-4-fluoro-phenyl}-piperidine-4-carboxylicacid",5.52,4.83,6.34,6.7,5.75,5.14,6.13,5.42,5.09,10.41,14.05,6.23,6.31,11.53,6.01,5.91,11.26,5.23
Rifapentine,5.54,4.78,4.36,4.88,5.52,5.51,6.04,7.44,5.66,7.82,17.53,6.4,6.7,11.97,5.18,5.88,11.48,6.08
"1,2,3-TRIHYDROXY-1,2,3,4-TETRAHYDROBENZO[A]PYRENE",5.44,5.35,4.55,4.87,5.36,4.88,6.19,4.98,5.69,5.88,11.3,5.67,5.96,10.83,5.31,5.06,11.95,5.06
Tesevatinib,5.51,7.27,5.35,5.04,5.61,4.93,7.33,5.83,5.08,10.86,20.76,7.42,5.04,11.8,5.0,4.79,11.19,5.04
"N-METHYLALANYL-3-METHYLVALYL-4-PHENOXY-N-(1,2,3,4-TETRAHYDRONAPHTHALEN-1-YL)PROLINAMIDE",5.49,7.1,7.56,7.03,6.31,5.69,7.84,6.91,5.1,6.97,12.68,7.81,6.34,11.88,7.08,6.47,10.69,5.05
Atovaquone,5.53,5.84,6.46,6.29,5.54,4.97,7.79,4.42,5.1,3.86,10.5,6.73,6.16,11.71,6.08,4.89,11.42,5.24
(2R)-1-(DIMETHYLAMINO)-3-{4-[(6-{[2-FLUORO-5-(TRIFLUOROMETHYL)PHENYL]AMINO}PYRIMIDIN-4-YL)AMINO]PHENOXY}PROPAN-2-OL,5.43,6.46,4.82,5.46,5.61,5.06,6.31,5.23,5.07,8.85,11.32,6.42,6.1,11.85,5.0,5.51,11.27,5.08
"6-ethyl-5-[(2S)-1-(3-methoxypropyl)-2-phenyl-1,2,3,4-tetrahydroquinolin-7-yl]pyrimidine-2,4-diamine",5.51,4.02,7.76,5.8,5.5,5.26,8.09,5.44,5.12,5.24,11.35,8.02,6.72,12.0,5.92,5.29,10.73,5.1
3-FLUORO-N-[1-(4-FLUOROPHENYL)-3-(2-THIENYL)-1H-PYRAZOL-5-YL]BENZENESULFONAMIDE,5.47,7.37,5.73,4.43,5.37,6.6,6.29,5.06,5.08,4.96,11.59,6.6,6.46,12.11,5.36,4.94,11.48,5.1
(2S)-3-[4-(acetylamino)phenoxy]-2-hydroxy-2-methyl-N-[4-nitro-3-(trifluoromethyl)phenyl]propanamide,5.48,9.08,4.42,5.53,5.59,4.98,6.82,5.67,5.23,2.74,7.79,6.42,6.22,11.81,4.54,4.84,10.62,5.05
"4-{[(2,6-difluorophenyl)carbonyl]amino}-N-[(3S)-piperidin-3-yl]-1H-pyrazole-3-carboxamide",5.51,3.39,5.3,5.62,5.59,5.3,5.85,5.02,5.39,3.36,12.03,6.52,5.08,10.74,4.99,5.14,11.3,5.12
"2-[3-(5-Mercapto-[1,3,4]thiadiazol-2yl)-ureido]-N-methyl-3-pentafluorophenyl-propionamide",5.54,4.55,4.42,3.87,5.58,4.92,5.69,4.92,5.05,4.99,10.61,7.58,6.71,11.48,6.43,4.68,11.47,5.05
"N~2~-1,3-BENZOXAZOL-2-YL-3-CYCLOHEXYL-N-{2-[(4-METHOXYPHENYL)AMINO]ETHYL}-L-ALANINAMIDE",5.41,10.31,5.88,3.87,5.52,5.15,6.54,5.12,5.08,5.88,17.06,5.47,6.18,12.21,4.82,5.24,10.84,5.03
N-{3-[(4-{[3-(TRIFLUOROMETHYL)PHENYL]AMINO}PYRIMIDIN-2-YL)AMINO]PHENYL}CYCLOPROPANECARBOXAMIDE,5.5,4.11,6.67,7.12,5.96,5.15,7.31,5.29,5.07,2.91,10.87,6.59,6.49,13.12,4.98,5.46,11.46,5.07
Trabectedin,5.37,6.22,5.7,4.52,5.41,4.9,7.05,4.51,5.53,3.53,12.68,6.44,5.91,12.17,5.91,5.11,11.04,6.08
Prednisoloneacetate,5.38,10.07,6.52,5.68,6.11,4.96,6.33,6.14,6.32,2.53,6.97,5.76,6.24,10.86,5.64,5.19,10.85,5.67
4-{[4-(1-CYCLOPROPYL-2-METHYL-1H-IMIDAZOL-5-YL)PYRIMIDIN-2-YL]AMINO}-N-METHYLBENZENESULFONAMIDE,5.42,7.88,5.81,6.24,6.29,6.75,5.42,6.64,5.04,2.66,11.11,6.96,6.56,12.59,6.15,5.62,11.69,5.16
"4-{[4-(4-fluoro-3-methylphenyl)-1,3-thiazol-2-yl]amino}-2-hydroxybenzoicacid",5.57,7.02,6.58,6.41,5.34,5.06,7.04,4.69,5.04,2.26,13.81,5.96,5.08,11.52,5.01,4.91,11.34,5.05
Rbt205Inhibitor,5.53,9.84,4.78,5.57,5.97,5.49,5.09,4.52,5.04,6.97,11.66,6.68,5.01,12.72,4.99,5.21,11.39,5.21
CRA_9678,5.49,8.84,5.5,5.31,5.58,5.19,7.06,4.42,5.09,7.96,11.19,6.37,6.09,11.63,5.93,5.29,11.07,5.17
Hydroxyprogesterone,5.43,5.29,6.49,5.42,5.67,5.15,7.21,6.25,5.25,5.07,12.44,5.83,6.18,10.41,5.57,5.32,10.94,5.64
"N-(2,2,2-TRIFLUOROETHYL)-N-{4-[2,2,2-TRIFLUORO-1-HYDROXY-1-(TRIFLUOROMETHYL)ETHYL]PHENYL}BENZENESULFONAMIDE",5.49,5.61,6.58,6.24,5.52,6.15,7.05,5.32,5.07,5.64,16.81,7.44,6.75,11.62,5.3,5.25,11.35,5.27
"{[(2,6-difluorophenyl)carbonyl]amino}-N-(4-fluorophenyl)-1H-pyrazole-3-carboxamide",5.53,3.3,4.44,4.54,5.56,5.19,5.35,4.86,5.07,4.89,11.01,7.32,5.48,11.18,6.79,5.01,11.63,5.11
"N,4-dimethyl-3-[(1-phenyl-1H-pyrazolo[3,4-d]pyrimidin-4-yl)amino]benzamide",5.45,5.98,4.4,3.56,5.51,5.61,6.35,5.13,5.04,7.03,13.79,6.05,6.22,11.41,5.46,4.86,11.2,5.04
Brotizolam,5.64,6.21,8.12,7.26,5.41,5.39,7.77,6.24,5.02,11.06,15.62,6.65,5.61,11.61,7.33,5.21,11.6,5.2
Vinflunine,5.6,5.65,6.8,5.22,5.48,5.24,8.74,6.14,5.87,6.19,11.37,7.36,6.03,11.79,6.47,5.1,11.45,5.7
SB-409513,5.53,2.62,6.25,6.12,5.93,5.43,5.37,4.98,5.68,3.42,11.73,5.93,5.09,12.32,5.51,5.74,10.74,5.49
Desoximetasone,5.45,9.15,7.45,5.89,5.57,5.08,6.64,5.91,5.37,4.44,14.26,7.65,6.33,11.57,6.38,5.19,11.29,5.75
N-[4-(3-BROMO-PHENYLAMINO)-QUINAZOLIN-6-YL]-ACRYLAMIDE,5.51,5.91,4.97,5.02,5.89,5.03,5.74,7.7,5.07,4.87,11.23,5.74,5.03,11.73,5.0,5.17,11.18,5.02
"2,4-Diamino-6-[N-(3',5'-Dimethoxybenzyl)-N-Methylamino]Pyrido[2,3-D]Pyrimidine",5.48,1.67,5.66,5.28,5.4,5.18,6.1,6.71,5.07,5.55,13.13,6.5,6.08,11.88,5.1,5.58,11.29,5.05
Meprednisone,5.53,4.35,7.45,6.49,5.79,4.99,7.28,5.65,5.59,4.37,10.54,7.02,6.07,10.51,5.48,5.19,11.34,5.41
Argifin,5.69,2.39,5.8,5.52,5.76,5.44,6.85,5.14,5.08,3.59,11.95,7.16,5.67,10.99,4.79,5.13,11.42,5.1
"N-Butyl-11-[(7r,8r,9s,13s,14s,17s)-3,17-Dihydroxy-13-Methyl-7,8,9,11,12,13,14,15,16,17-Decahydro-6h-Cyclopenta[a]Phenanthren-7-Yl]-N-Methylundecanamide",5.5,5.2,7.54,6.69,5.85,5.06,8.78,5.87,5.2,2.34,10.92,6.72,6.31,11.74,5.71,4.92,10.7,5.77
"8-Benzo[1,3]Dioxol-,5-Ylmethyl-9-Butyl-2-Fluoro-9h-Purin-6-Ylamine",5.38,3.81,6.44,5.92,5.35,4.89,5.53,4.96,5.12,3.08,10.6,6.04,6.0,11.66,5.01,5.37,11.38,5.1
Amrubicin,5.51,2.19,4.15,3.95,5.4,5.93,6.31,4.62,6.08,3.99,15.96,6.17,5.81,11.82,5.99,5.06,11.12,5.95
2-(2-{2-[(BIPHENYL-4-YLMETHYL)-AMINO]-3-MERCAPTO-PENTANOYLAMINO}-ACETYLAMINO)-3-METHYL-BUTYRICACIDMETHYLESTER,5.46,4.48,5.71,5.09,5.64,5.61,7.01,4.99,5.12,7.62,15.18,6.21,6.28,11.73,5.02,4.92,11.29,5.18
Camptothecin,5.52,6.99,7.23,7.16,5.51,5.32,6.3,4.82,5.17,6.0,10.88,6.54,6.27,11.75,7.33,4.89,11.28,5.37
"1-(2,5-dideoxy-5-pyrrolidin-1-yl-beta-L-erythro-pentofuranosyl)-5-methylpyrimidine-2,4(1H,3H)-dione",5.45,2.81,4.72,4.62,5.47,5.07,5.85,5.1,5.06,4.14,12.05,6.44,6.64,10.44,4.09,4.73,11.39,5.29
"N-[1-(AMINOMETHYL)CYCLOPROPYL]-3-(BENZYLSULFONYL)-N~2~-[(1S)-2,2,2-TRIFLUORO-1-(4-HYDROXYPHENYL)ETHYL]-L-ALANINAMIDE",5.6,4.68,4.96,5.49,5.96,5.41,6.19,5.02,5.15,3.99,10.41,6.08,5.93,13.38,6.76,5.24,11.8,5.2
Fidarestat,5.61,5.45,7.54,6.59,5.4,5.04,7.38,5.34,6.0,4.83,22.63,6.48,6.6,12.18,5.59,5.68,10.93,5.49
BiliverdineIXAlpha,5.53,5.25,4.53,4.06,5.41,5.43,7.25,4.88,5.35,6.73,11.99,6.53,6.08,12.24,5.67,5.11,11.75,5.66
N6-ISOPENTENYL-ADENOSINE-5'-MONOPHOSPHATE,5.46,4.67,6.17,4.19,5.75,5.12,6.02,6.13,5.1,2.05,11.52,6.05,6.69,10.94,5.07,4.71,10.79,5.1
Arzoxifene,5.52,7.36,5.26,5.1,5.89,5.15,8.27,5.36,5.09,5.16,14.08,7.0,6.5,11.52,5.07,4.82,11.65,5.06
"(3R)-3-cyclopentyl-7-[(4-methylpiperazin-1-yl)sulfonyl]-3,4-dihydro-2H-1,2-benzothiazine1,1-dioxide",5.45,3.24,5.92,5.49,5.7,5.75,5.96,4.6,5.27,3.9,11.37,5.72,6.67,11.8,5.99,4.75,11.38,5.6
"3-(2-CHLOROPHENYL)-1-(2-{[(1S)-2-HYDROXY-1,2-DIMETHYLPROPYL]AMINO}PYRIMIDIN-4-YL)-1-(4-METHOXYPHENYL)UREA",5.51,4.12,6.84,5.92,5.46,5.59,7.71,5.42,5.25,4.52,12.93,6.36,6.72,12.07,6.0,5.15,11.25,5.2
3'-deoxy-3'-aminothymidinemonophosphate,5.48,6.37,5.18,4.62,5.78,5.07,6.99,5.56,5.46,5.12,11.62,5.08,6.48,10.57,5.06,4.94,11.43,5.92
"19-(cyclopropylamino)-4,6,7,15-tetrahydro-5H-16,1-(azenometheno)-10,14-(metheno)pyrazolo[4,3-o][1,3,9]triazacyclohexadecin-8(9H)-one",5.59,5.32,6.84,7.14,5.75,5.34,6.94,4.55,5.34,4.98,11.16,6.17,6.76,12.87,6.96,5.26,11.44,5.47
3-(2-AMINOQUINAZOLIN-6-YL)-4-METHYL-N-[3-(TRIFLUOROMETHYL)PHENYL]BENZAMIDE,5.53,7.22,5.19,6.29,5.75,5.96,7.17,7.61,5.04,5.85,12.23,7.3,5.19,12.21,4.99,5.88,11.23,5.05
1-O-Octyl-2-Heptylphosphonyl-Sn-Glycero-3-Phosphoethanolamine,5.53,5.6,7.1,7.05,5.57,4.95,6.68,5.13,5.08,6.31,19.08,6.28,6.45,11.79,5.89,5.57,10.75,5.08
"6-Aminohexyl-uridine-C1,5'-diphosphate",5.54,6.99,5.92,5.66,5.53,5.03,7.74,4.28,5.17,1.59,11.9,6.8,6.72,10.5,4.37,4.71,10.88,5.1
5-fluorouridine,5.48,3.37,4.19,4.37,5.37,5.21,4.86,5.04,6.47,3.61,12.04,5.26,6.62,10.48,4.79,4.8,10.6,5.84
Flibanserin,5.59,2.83,4.45,4.91,5.59,4.92,7.02,4.78,5.88,4.44,14.01,7.07,6.35,10.82,4.88,4.79,11.58,5.29
Azilsartanmedoxomil,5.54,2.98,6.65,5.15,5.66,5.87,7.72,5.14,5.64,5.1,14.94,6.72,6.19,12.28,6.94,4.71,11.27,5.85
"N-Hydroxy1n(4-Methoxyphenyl)Sulfonyl-4-(Z,E-N-Methoxyimino)Pyrrolidine-2r-Carboxamide",5.6,5.88,5.72,5.02,6.28,6.75,6.07,7.17,5.08,3.13,12.1,7.39,6.66,11.97,6.35,5.34,11.05,5.92
"(1S,3R,4S,5S,7S)-4-{[2-(4-METHOXYPHENOXY)-2-METHYLPROPANOYL]AMINO}ADAMANTANE-1-CARBOXAMIDE",5.48,2.59,6.24,6.15,5.58,4.9,7.09,6.18,5.8,3.25,11.94,5.28,6.4,10.65,5.54,5.26,11.04,5.76
Eliglustat,5.46,3.4,3.83,5.39,5.45,5.83,5.75,5.58,5.09,11.81,20.44,7.35,6.84,11.63,5.04,5.73,11.33,5.1
Loracarbef,5.49,6.46,6.26,5.85,5.72,6.55,5.25,3.99,5.28,8.39,11.13,6.24,5.48,11.97,6.1,4.82,11.33,5.21
Hydrocortisonesuccinate,5.41,4.93,5.8,5.11,6.02,5.0,6.6,5.01,6.29,4.04,10.37,6.08,6.63,11.44,5.43,5.14,11.15,5.99
Asunaprevir,5.5,9.66,6.73,6.6,6.06,5.13,5.45,6.28,5.08,2.71,7.59,6.62,5.97,11.58,5.54,5.7,11.53,5.19
Aleglitazar,5.34,7.52,4.95,4.62,5.79,5.24,5.92,6.64,5.1,9.09,11.65,6.46,6.07,11.72,6.03,5.82,10.75,5.2
N-(3-TERT-BUTYL-1H-PYRAZOL-5-YL)-N'-{4-CHLORO-3-[(PYRIDIN-3-YLOXY)METHYL]PHENYL}UREA,5.47,6.47,4.76,5.24,6.01,5.1,7.36,5.4,5.05,5.81,13.75,6.22,5.1,12.19,4.99,5.08,11.19,5.07
Reserpine,5.48,2.96,6.7,5.66,5.35,5.05,6.23,5.35,5.32,5.3,17.46,7.4,6.26,11.47,5.73,5.14,10.82,5.39
Deserpidine,5.48,2.65,7.07,6.49,5.37,5.05,6.23,5.11,5.8,5.25,10.47,7.11,6.38,11.36,5.94,4.93,11.36,5.51
Pavinetant,5.53,10.02,7.33,6.88,5.42,6.3,7.08,5.23,5.06,10.26,11.4,7.53,5.91,11.59,6.81,5.1,11.49,5.1
Hydroxy-Phenyl-AceticAcid8-Methyl-8-Aza-Bicyclo[3.2.1]Oct-3-YlEster,5.48,5.65,6.18,5.63,5.56,5.76,7.25,4.82,5.11,3.98,19.18,7.34,6.52,11.4,4.79,5.0,11.47,5.16
Cortisone,5.42,10.06,6.43,5.38,5.59,5.09,7.55,6.02,5.49,5.3,17.37,5.81,6.27,10.33,5.26,5.1,10.75,5.97
CRA_16847,5.52,2.48,5.85,4.95,5.44,5.63,6.9,4.52,5.08,4.95,16.32,5.91,6.18,11.72,5.32,5.29,11.47,5.08
(S)-N-(4-carbamimidoylbenzyl)-1-(3-cyclopentylpropanoyl)pyrrolidine-2-carboxamide,5.55,8.15,5.65,3.95,5.79,4.89,6.51,5.01,5.05,5.44,12.12,5.91,5.87,11.54,4.33,5.15,11.61,5.12
"5-(2-ETHOXYETHYL)-5-[4-(4-FLUOROPHENOXY)PHENOXY]PYRIMIDINE-2,4,6(1H,3H,5H)-TRIONE",5.48,3.24,5.18,4.42,5.55,5.35,6.97,6.78,5.34,4.78,10.83,6.42,6.36,12.13,5.11,5.52,10.92,5.35
Bosentan,5.54,4.22,4.29,4.47,5.37,4.98,7.35,4.65,5.08,1.96,11.67,7.02,6.65,11.79,4.82,5.15,11.53,5.05
Quinapril,5.5,7.43,6.04,4.84,5.78,5.37,7.26,5.31,5.06,3.47,8.75,6.13,5.6,11.25,5.52,4.97,10.66,5.15
"(2R)-3-{[(4Z)-5,6-DIPHENYL-6,7-DIHYDRO-4H-PYRROLO[2,3-D]PYRIMIDIN-4-YLIDENE]AMINO}PROPANE-1,2-DIOL",5.46,5.0,6.52,6.3,6.14,5.18,6.22,4.46,5.18,8.83,11.35,7.3,5.61,11.85,6.86,5.08,11.34,5.16
"3-(1H-indol-3-yl)-4-{1-[2-(1-methylpyrrolidin-2-yl)ethyl]-1H-indol-3-yl}-1H-pyrrole-2,5-dione",5.59,4.55,6.09,6.98,6.11,5.77,7.48,5.33,5.06,5.13,9.99,6.71,5.01,12.16,4.99,4.97,11.46,5.21
BalanolAnalog2,5.54,4.32,6.02,5.76,5.55,5.67,7.62,4.7,5.37,5.64,10.77,7.55,5.84,11.55,6.87,4.86,11.9,5.2
Paramethasone,5.48,3.73,7.22,6.72,6.09,4.99,6.88,5.59,6.42,3.68,9.48,7.71,6.13,11.61,7.35,5.21,11.47,5.63
cis-Diamminechlorocholylglycinateplatinum(II),5.5,6.72,4.53,4.49,5.12,5.76,7.31,4.7,5.17,5.29,11.18,7.07,6.1,11.71,5.24,5.1,10.58,5.19
"5-(4-PHENOXYPHENYL)-5-(4-PYRIMIDIN-2-YLPIPERAZIN-1-YL)PYRIMIDINE-2,4,6(2H,3H)-TRIONE",5.56,5.79,5.39,4.92,5.62,5.61,7.71,5.51,5.11,2.99,20.14,5.54,6.64,12.35,6.35,5.23,11.48,5.19
Beraprost,5.5,4.44,5.51,4.94,5.51,5.47,6.83,5.91,5.09,7.39,12.71,7.07,6.26,11.59,6.29,5.72,10.64,5.41
Lumacaftor,5.55,6.42,6.61,6.63,5.79,5.1,7.04,6.67,5.11,5.77,11.97,6.91,6.58,11.59,6.2,5.64,11.27,5.22
"1-(5-{2-[(1-methyl-1H-pyrazolo[4,3-d]pyrimidin-7-yl)amino]ethyl}-1,3-thiazol-2-yl)-3-[3-(trifluoromethyl)phenyl]urea",5.5,4.0,6.05,5.03,6.02,5.13,7.4,7.24,5.07,4.45,22.33,6.84,6.42,11.97,5.08,5.34,11.38,5.06
MesobiliverdinIValpha,5.39,7.61,4.76,4.49,5.41,5.43,7.34,4.45,5.63,1.66,11.91,6.44,6.16,12.13,6.2,4.82,11.54,5.88
(R)-Bicalutamide,5.47,7.07,6.09,5.99,5.59,6.29,6.85,5.06,5.17,6.14,12.11,7.4,6.28,11.94,5.77,4.79,11.15,5.16
Hydrocortisoneaceponate,5.35,5.94,6.38,5.48,5.93,5.03,6.57,5.16,6.13,5.88,12.32,4.63,6.65,11.1,4.94,4.95,10.65,6.07
Linezolid,5.5,7.1,4.24,4.56,5.82,4.95,6.21,4.59,5.83,8.03,15.05,7.3,5.89,10.79,5.0,4.48,11.61,5.44
SC-74020,5.57,6.61,5.96,4.93,5.99,4.98,7.25,6.03,5.07,4.26,11.07,7.6,5.55,11.8,4.1,5.44,11.03,5.08
CRA_10656,5.52,4.3,5.63,5.57,5.62,5.15,8.1,4.97,5.06,2.73,12.13,6.58,6.46,11.61,5.84,5.17,11.4,5.04
"(9S,10S)-9-(S-glutathionyl)-10-hydroxy-9,10-dihydrophenanthrene",5.48,10.52,3.82,4.22,5.51,5.5,7.99,4.99,5.22,8.13,20.86,6.46,6.32,11.86,5.93,4.87,10.74,5.17
"2-ACETAMIDO-2-DEOXY-BETA-D-GLUCOPYRANOSE(BETA1-4)-2-ACETAMIDO-1,6-ANHYDRO-3-O-[(R)-1-CARBOXYETHYL]-2-DEOXY-BETA-D-GLUCOPYRANOSE-L-ALANYL-GAMMA-D-GLUTAMYL-MESO-DIAMINOPIMELYL-D-ALANINE",5.53,3.24,4.62,4.92,4.88,5.15,7.01,4.37,5.34,15.59,7.49,6.23,6.01,11.38,5.38,4.81,10.53,5.17
Bicalutamide,5.47,5.9,6.09,5.99,5.59,6.29,6.64,5.06,5.17,8.27,11.82,7.43,6.28,11.94,5.77,4.79,11.15,5.16
Deflazacort,5.48,4.73,7.69,6.6,5.6,5.12,7.38,5.47,5.78,4.25,12.22,5.69,6.2,11.72,7.37,5.28,11.38,5.55
(2S)-4-METHYL-2-(3-PHENYLTHIOUREIDO)-N-((3S)-TETRAHYDRO-2-HYDROXY-3-FURANYL)PENTANAMIDE,5.44,4.66,7.61,7.02,5.67,5.19,7.69,5.06,5.11,2.21,11.98,6.61,6.44,11.53,3.64,4.74,10.68,5.14
Managlinatdialanetil,5.49,6.21,6.83,6.44,5.92,5.55,7.13,5.2,5.44,5.19,11.17,6.36,5.78,11.29,6.07,4.98,10.88,5.99
Niguldipine,5.5,8.06,5.64,4.66,6.01,5.31,6.92,6.67,5.23,4.48,15.04,6.39,5.86,11.38,7.35,6.1,11.55,5.51
Haloperidol,5.53,7.49,6.6,5.65,5.79,4.93,7.39,5.53,5.23,2.93,11.65,6.97,6.14,11.65,5.75,5.84,11.29,5.32
Alclometasone,5.39,5.46,7.69,7.06,5.5,4.94,5.84,5.37,6.28,4.81,11.34,6.05,6.53,11.96,7.46,5.23,11.45,5.61
"4-{4-[2-(1A,7A-DIMETHYL-4-OXY-OCTAHYDRO-1-OXA-4-AZA-CYCLOPROPA[A]NAPHTHALEN-4-YL)-ACETYLAMINO]-PHENYLCARBAMOYL}-BUTYRICACID",5.32,2.51,5.34,6.12,5.6,5.2,6.46,4.51,5.11,4.52,11.46,6.16,5.7,11.89,4.92,4.86,11.19,5.21
Levorphanol,5.35,6.48,7.0,6.22,5.89,5.46,6.69,7.06,5.19,5.32,11.14,7.28,6.08,11.6,6.73,5.62,10.76,5.98
[[CYCLOHEXANESULFONYL-GLYCYL]-3[PYRIDIN-4-YL-AMINOMETHYL]ALANYL]PIPERIDINE,5.5,1.5,6.25,5.06,6.01,6.44,5.9,5.2,5.07,3.19,9.59,5.62,6.71,12.07,4.93,5.26,11.55,5.14
Vindesine,5.45,6.56,7.25,6.11,5.56,5.57,8.36,5.1,5.6,4.61,11.16,6.98,6.07,11.96,6.26,5.0,11.63,5.56
"5-[(3R)-3-(5-methoxybiphenyl-3-yl)but-1-yn-1-yl]-6-methylpyrimidine-2,4-diamine",5.55,7.48,5.42,4.25,5.69,5.6,8.12,6.13,5.08,10.79,11.2,7.34,6.65,11.71,4.88,5.71,11.38,5.04
Estriol,5.36,4.83,6.02,5.18,5.7,5.05,7.59,5.17,5.08,5.55,11.33,6.43,6.62,11.75,5.84,4.77,11.59,5.25
LatrunculinA,5.56,5.64,6.31,5.91,5.79,5.38,6.33,6.59,5.98,4.41,10.54,6.81,6.33,11.9,7.96,5.82,11.51,6.13
Diminazene,5.51,9.8,5.98,5.36,5.27,4.9,6.51,4.55,5.09,11.61,13.89,5.97,6.22,11.68,3.7,4.99,11.47,5.09
1-(5-CHLORO-2-METHOXYPHENYL)-3-{6-[2-(DIMETHYLAMINO)-1-METHYLETHOXY]PYRAZIN-2-YL}UREA,5.51,2.67,4.89,4.31,5.7,5.04,6.14,4.82,5.06,3.59,11.46,6.43,5.97,11.6,4.47,4.74,11.57,5.08
"N-[(1S)-1-{1-[(1R,3E)-1-ACETYLPENT-3-EN-1-YL]-1H-1,2,3-TRIAZOL-4-YL}-1,2-DIMETHYLPROPYL]BENZAMIDE",5.48,4.2,5.62,6.22,5.6,6.51,5.53,6.16,5.05,1.54,11.9,6.74,5.85,10.76,6.04,5.46,11.53,5.11
"2-{[(1R,2S)-2-aminocyclohexyl]amino}-4-[(3-methylphenyl)amino]pyrimidine-5-carboxamide",5.42,8.28,6.55,6.51,5.85,4.92,7.65,6.8,5.1,1.99,12.79,6.69,6.73,12.35,7.11,5.51,11.85,5.16
"(1S)-1,2,3,4-TETRAHYDRO-BENZO[C]PHENANTHRENE-2,3,4-TRIOL",5.33,6.06,4.88,5.16,5.36,5.37,6.64,4.51,5.19,7.96,12.7,6.21,5.96,10.83,5.31,4.75,11.78,5.11
"4-[(3AS,4R,7R,8AS,8BR)-2-(1,3-BENZODIOXOL-5-YLMETHYL)-7-HYDROXY-1,3-DIOXODECAHYDROPYRROLO[3,4-A]PYRROLIZIN-4-YL]BENZENECARBOXIMIDAMIDE",5.5,5.01,6.12,6.14,5.63,5.27,6.6,5.46,5.08,14.05,11.56,6.05,6.05,11.22,6.19,5.35,11.66,5.41
Darunavir,5.46,2.06,9.05,8.35,5.57,7.17,7.77,5.14,5.19,7.42,24.66,6.76,5.97,11.6,6.32,6.0,11.61,5.15
Deutetrabenazine,5.48,3.35,7.28,5.78,5.44,5.08,6.74,5.25,5.62,5.35,6.36,6.98,6.34,11.65,5.86,4.86,10.77,5.82
(S)-3-(4-(2-Carbazol-9-Yl-Ethoxy)-Phenyl)-2-Ethoxy-PropionicAcid,5.54,4.98,5.8,5.66,5.6,4.98,6.21,4.7,5.66,9.99,10.66,6.28,5.67,11.35,4.24,5.03,11.75,5.27
CP-526423,5.5,2.8,6.19,5.61,5.54,4.87,6.88,5.53,5.6,2.9,12.94,7.48,5.8,11.39,5.19,4.85,10.77,5.61
"(8alpha,10alpha,13alpha,17beta)-17-[(4-hydroxyphenyl)carbonyl]androsta-3,5-diene-3-carboxylicacid",5.56,6.19,5.85,4.55,5.67,6.38,7.75,5.65,5.13,5.89,11.22,7.1,6.23,12.55,6.26,4.95,10.67,5.22
2-(2-HYDROXY-CYCLOPENTYL)-PENT-4-ENAL,5.35,5.94,3.69,4.02,5.33,5.22,6.05,4.5,5.15,7.48,5.84,6.03,6.03,11.51,5.93,5.09,11.19,5.76
7-thionicotinamide-adenine-dinucleotidephosphate,5.47,3.5,5.93,6.27,5.84,4.93,6.43,5.24,5.07,4.38,3.44,6.77,6.39,11.5,5.81,4.69,11.12,5.1
OSI-930,5.5,6.45,4.95,4.69,5.63,5.44,6.44,4.7,5.06,6.95,12.42,6.49,5.94,11.65,5.88,4.87,10.79,5.08
D-1-naphthyl-2-acetamido-ethaneboronicacid,5.45,3.52,4.49,4.78,5.73,5.06,5.77,4.56,5.37,4.45,15.55,6.43,5.62,10.44,5.05,5.29,11.32,5.13
"Mdl101,146",5.53,1.96,3.4,3.01,5.96,6.21,6.04,5.13,5.08,3.86,12.56,6.27,5.95,11.71,5.37,5.06,11.57,5.35
Thionicotinamide-Adenine-Dinucleotide,5.47,2.53,5.49,5.78,5.75,4.93,6.43,5.23,5.11,5.72,12.74,6.82,6.33,10.92,5.36,4.59,11.04,5.11
Doxycycline,5.47,7.41,6.46,6.57,5.57,5.42,7.1,5.36,5.09,8.45,11.7,6.0,5.86,11.84,6.49,4.98,11.53,5.21
Vemurafenib,5.46,6.23,5.01,5.14,5.64,4.91,6.94,5.51,5.09,8.45,11.72,6.89,5.3,12.45,5.0,5.17,11.65,5.15
"(5S)-2-{[(1S)-1-(4-Fluorophenyl)ethyl]amino}-5-(2-hydroxy-2-propanyl)-5-methyl-1,3-thiazol-4(5H)-one",5.42,4.09,5.21,5.8,5.65,5.7,4.71,5.25,6.38,7.17,17.43,6.9,6.37,11.78,6.05,5.38,11.29,5.83
SoraphenA,5.33,6.46,7.46,7.38,5.39,4.98,6.37,5.31,5.07,6.18,12.11,6.87,6.18,10.61,5.98,5.16,10.51,5.38
Tariquidar,5.42,2.52,5.87,5.53,5.71,5.38,7.05,4.91,5.06,5.33,11.94,6.82,6.37,11.63,5.49,5.33,11.01,5.07
Cefamandole,5.43,3.81,6.45,5.18,5.36,5.72,6.85,4.02,5.08,6.32,10.8,6.15,6.48,11.88,5.01,4.47,11.34,5.15
"(1-HYDROXYNONANE-1,1-DIYL)BIS(PHOSPHONICACID)",5.47,5.11,6.65,6.37,5.21,5.1,5.92,4.6,5.35,7.34,13.47,5.38,6.33,11.25,5.8,4.75,11.32,5.13
6-(CYCLOHEXYLMETHOXY)-8-ISOPROPYL-9H-PURIN-2-AMINE,5.49,3.28,3.88,4.2,5.34,5.0,5.58,4.48,5.05,5.11,10.98,5.09,6.63,11.31,5.67,5.11,11.22,5.11
N-(4-phenoxyphenyl)-2-[(pyridin-4-ylmethyl)amino]nicotinamide,5.5,8.83,5.06,5.14,5.53,5.23,8.5,4.63,5.06,3.17,8.64,8.12,5.05,10.59,5.02,4.9,11.05,5.02
N-(4-carbamimidoylbenzyl)-1-(3-phenylpropanoyl)-L-prolinamide,5.51,5.16,3.46,3.88,5.76,5.19,7.09,4.25,5.06,5.07,12.25,6.85,5.98,11.6,3.04,5.06,11.35,5.71
"(2S)-1-[4-({4-[(2,5-Dichlorophenyl)amino]-2-pyrimidinyl}amino)phenoxy]-3-(dimethylamino)-2-propanol",5.39,2.67,5.8,5.4,6.34,5.05,7.93,5.68,5.04,5.94,11.13,6.85,6.31,12.31,5.03,6.13,11.66,5.09
3-({2-[(4-{[6-(CYCLOHEXYLMETHOXY)-9H-PURIN-2-YL]AMINO}PHENYL)SULFONYL]ETHYL}AMINO)PROPAN-1-OL,5.49,3.08,4.33,3.98,5.88,6.95,5.68,6.33,5.07,4.9,11.01,6.37,6.68,11.93,5.88,5.3,10.54,5.08
Nintedanib,5.53,4.3,5.53,5.91,5.61,5.02,6.46,5.05,5.76,4.73,11.3,6.91,5.05,12.51,5.07,5.2,11.6,5.73
3-[(3-(2-CARBOXYETHYL)-4-METHYLPYRROL-2-YL)METHYLENE]-2-INDOLINONE,5.52,3.55,6.05,6.35,5.62,5.33,5.49,4.36,5.99,2.07,10.98,6.11,5.09,12.92,5.04,4.94,11.77,6.06
Corticosterone,5.53,4.83,6.43,5.14,5.46,5.16,6.87,5.27,5.6,11.24,9.73,6.67,6.28,10.87,4.54,5.22,10.86,5.89
Cimicoxib,5.5,4.32,5.74,5.43,5.63,4.92,6.8,7.39,5.09,5.37,11.47,7.12,6.74,11.65,4.93,5.52,11.02,5.15
Fludrocortisone,5.43,5.41,6.97,6.34,5.58,4.96,6.87,6.11,5.9,2.96,10.06,6.97,6.66,11.34,5.82,5.28,10.81,5.89
Ipratropium,5.42,14.3,6.96,6.87,5.51,6.12,7.04,5.39,5.11,9.69,12.07,6.41,6.63,11.74,7.14,5.62,11.19,5.23
"5-ethoxy-4-(1-methyl-7-oxo-3-propyl-6,7-dihydro-1H-pyrazolo[4,3-d]pyrimidin-5-yl)thiophene-2-sulfonamide",5.53,15.56,6.98,6.3,5.26,5.3,6.5,7.2,5.14,11.5,11.23,4.69,5.9,11.47,6.71,4.77,11.32,5.3
Capravirine,5.47,6.68,5.58,5.7,5.76,5.01,6.94,4.8,5.06,5.95,13.45,7.23,6.27,12.33,5.18,5.62,11.22,5.04
Prednisoneacetate,5.45,4.02,6.87,5.52,6.07,5.1,7.16,5.07,5.45,4.06,25.29,6.51,6.39,11.03,5.76,5.15,10.86,5.54
Mifepristone,5.59,7.15,7.25,7.66,7.26,4.84,6.47,7.62,6.36,3.93,14.35,7.47,6.59,11.79,5.99,7.21,11.35,5.63
"3-[3-(3-methyl-6-{[(1S)-1-phenylethyl]amino}-1H-pyrazolo[4,3-c]pyridin-1-yl)phenyl]propanamide",5.54,9.67,5.33,4.28,5.58,5.42,7.36,6.17,5.08,5.66,12.13,6.75,6.43,12.68,5.96,5.03,10.96,5.07
N-1H-indazol-5-yl-2-(6-methylpyridin-2-yl)quinazolin-4-amine,5.37,4.87,6.14,4.61,5.84,5.29,6.84,5.37,5.09,6.29,13.56,6.83,5.99,11.53,5.01,5.04,11.32,5.13
Lemborexant,5.5,7.17,7.12,6.64,5.63,5.04,6.68,5.26,5.78,5.18,11.11,7.03,6.81,11.85,6.91,5.04,11.34,5.51
Desoxycorticosteroneacetate,5.41,4.73,6.09,4.56,5.63,5.19,7.17,5.64,5.14,9.73,13.28,6.15,6.17,10.79,4.28,5.25,10.43,5.79
Flucloxacillin,5.53,3.5,6.56,6.17,5.81,5.63,5.46,5.06,5.76,3.34,13.43,6.5,6.46,11.97,5.31,4.97,11.23,5.66
"4-[(3-BROMO-4-O-SULFAMOYLBENZYL)(4-CYANOPHENYL)AMINO]-4H-[1,2,4]-TRIAZOLE",5.43,10.69,4.91,5.99,6.3,4.88,7.13,7.7,5.07,4.35,13.29,6.42,6.75,11.66,4.72,5.56,11.61,5.33
Pazufloxacin,5.46,5.09,5.89,5.88,5.52,4.89,7.36,4.93,5.17,3.74,13.87,7.13,6.28,11.66,5.97,4.81,11.11,5.23
Gibberellicacid,5.48,2.82,4.77,5.48,5.57,5.17,5.5,4.41,6.52,5.76,11.14,6.67,6.71,12.09,7.68,5.19,10.78,5.84
Torasemide,5.43,8.43,5.84,4.83,5.41,6.36,6.54,6.71,5.05,3.48,11.09,6.7,6.74,12.49,5.41,5.0,11.61,5.11
Piritrexim,5.42,4.39,5.35,4.66,5.79,5.07,5.94,7.62,5.08,6.23,15.5,6.79,6.01,11.72,4.96,5.87,11.28,5.04
TG-100801,5.47,4.67,4.82,5.14,5.8,4.95,8.2,5.45,5.06,4.7,11.54,8.63,6.31,11.94,5.03,5.57,11.48,5.16
Idelalisib,5.47,4.36,4.85,5.14,5.5,5.47,6.3,4.5,5.19,6.65,8.76,6.82,5.88,11.7,5.14,5.26,11.11,5.11
Darusentan,5.44,4.81,4.89,4.77,5.47,5.45,7.49,4.52,5.23,6.98,18.35,7.11,6.29,11.51,4.28,5.07,11.51,5.25
N-(1-adamantyl)-N'-(4-guanidinobenzyl)urea,5.44,3.55,7.31,6.89,6.04,5.0,7.84,4.95,5.14,3.2,11.45,6.63,6.17,11.45,5.78,5.39,11.5,5.15
"3-(3,5-Dibromo-4-Hydroxy-Benzoyl)-2-Ethyl-Benzofuran-6-SulfonicAcid(4-Sulfamoyl-Phenyl)-Amide",5.54,8.32,4.28,5.06,5.39,4.97,7.49,4.93,5.08,6.07,12.14,7.15,6.22,11.68,5.21,5.14,11.3,5.19
Nandrolonephenpropionate,5.49,4.7,7.19,6.79,5.65,5.22,7.97,5.22,5.09,5.86,11.25,8.09,6.25,10.88,4.93,5.24,10.58,5.36
Bedoradrine,5.36,5.81,5.39,5.05,5.36,5.72,5.6,4.89,5.17,4.94,22.19,5.88,6.44,11.75,5.87,4.89,11.28,5.34
SNS-314,5.54,3.66,4.72,5.0,5.8,5.18,5.75,6.34,5.06,3.24,12.69,5.71,6.02,11.95,5.0,4.91,11.61,5.13
3-(1h-Indol-3-Yl)-2-[4-(4-Phenyl-Piperidin-1-Yl)-Benzenesulfonylamino]-PropionicAcid,5.48,7.69,5.08,5.14,5.36,6.33,6.82,5.12,5.17,2.83,11.12,6.31,6.53,11.42,5.19,4.88,11.05,5.58
Cortivazol,5.44,9.11,3.91,4.49,6.03,5.12,8.15,4.75,5.92,6.06,18.16,6.69,6.4,11.46,5.99,5.13,11.29,5.55
Levallorphan,5.4,10.3,7.42,7.01,5.98,5.6,6.98,7.05,5.18,4.94,5.48,7.18,6.12,11.79,6.4,5.85,11.35,6.0
Dalfopristin,5.44,8.12,5.92,7.1,5.54,5.25,7.64,4.57,5.15,6.3,12.26,5.94,5.98,12.2,7.12,4.93,10.66,5.72
3-[3-(4-methylpiperazin-1-yl)-7-(trifluoromethyl)quinoxalin-5-yl]phenol,5.54,5.79,6.26,6.0,5.47,5.25,6.96,4.59,5.32,5.7,12.06,7.16,6.36,11.3,4.99,5.06,11.17,5.17
3-(5-{[4-(AMINOMETHYL)PIPERIDIN-1-YL]METHYL}-1H-INDOL-2-YL)QUINOLIN-2(1H)-ONE,5.56,8.29,5.91,5.53,5.58,5.07,6.97,7.04,5.5,6.63,15.86,6.86,5.45,10.59,5.93,6.0,11.59,5.16
(2S)-2-[3-(AMINOMETHYL)PHENYL]-3-[(R)-HYDROXY{(1R)-2-METHYL-1-[(PHENYLSULFONYL)AMINO]PROPYL}PHOSPHORYL]PROPANOICACID,5.54,5.35,4.9,4.59,5.55,7.19,6.04,4.98,5.08,3.92,15.3,6.22,6.24,12.28,5.76,5.09,11.56,5.08
Epoprostenol,5.48,6.06,6.36,5.43,5.13,5.11,7.82,5.11,5.11,6.51,13.4,6.35,6.05,11.79,5.57,5.07,11.36,5.35
Ingenolmebutate,5.34,5.69,4.85,6.01,5.17,5.27,5.24,4.34,5.68,7.33,8.12,7.08,6.46,11.01,7.2,4.95,10.74,5.52
Candicidin,5.47,8.9,5.72,5.86,5.67,5.0,6.95,5.8,5.17,6.83,16.22,6.84,6.23,11.63,6.22,4.96,11.67,5.28
"1-methyl-8-(phenylamino)-4,5-dihydro-1H-pyrazolo[4,3-h]quinazoline-3-carboxylicacid",5.49,3.9,6.19,6.39,5.24,5.32,6.41,5.28,5.06,2.68,11.69,6.69,6.4,11.55,4.48,4.89,11.21,5.13
3-BROMO-6-HYDROXY-2-(4-HYDROXYPHENYL)-1H-INDEN-1-ONE,5.36,5.33,4.29,4.45,5.6,4.91,4.54,5.48,5.13,7.85,12.41,6.49,6.23,12.47,5.22,4.85,12.01,5.26
Tiagabine,5.55,6.15,6.51,5.81,5.59,5.53,7.13,4.79,5.05,4.44,13.73,6.34,6.56,10.74,5.4,5.54,11.53,5.32
Omadacycline,5.42,2.25,5.12,5.41,5.52,5.79,7.12,5.3,5.14,3.77,10.98,6.99,6.13,11.68,6.32,5.13,11.48,5.33
KB-141,5.51,2.75,7.72,6.85,6.42,5.08,7.63,6.87,5.2,3.95,13.21,6.95,6.01,11.75,6.13,5.94,11.52,5.5
"(3R)-3-[(1,2,3,4-tetrahydroisoquinolin-7-yloxy)methyl]-2,3-dihydrothieno[2,3-f][1,4]oxazepin-5-amine",5.52,4.15,5.74,6.14,5.78,5.63,7.39,6.2,5.31,5.0,11.32,7.08,6.19,12.64,6.81,5.15,10.83,5.87
Pimozide,5.43,21.83,6.1,5.56,5.73,4.89,6.85,5.16,5.28,10.47,16.36,6.83,5.53,11.03,4.34,4.95,11.55,5.44
Ixazomib,5.5,7.91,6.54,5.32,5.69,5.13,6.99,5.82,5.11,2.88,8.04,6.74,5.56,11.69,6.19,5.17,10.76,5.17
Rolofylline,5.46,5.07,8.47,7.26,5.84,5.14,6.33,5.14,5.43,7.2,12.32,6.56,5.98,9.87,8.36,4.95,11.54,5.62
Fradafiban,5.62,10.03,4.49,4.39,5.67,5.0,6.99,4.61,5.19,2.65,26.3,6.17,6.28,10.64,6.64,4.71,10.6,5.84
Amibegron,5.34,5.27,5.52,4.21,5.71,5.75,5.41,5.26,5.24,3.72,16.17,5.86,6.42,11.92,4.11,5.46,11.07,5.27
Neratinib,5.49,2.13,5.04,4.98,5.5,5.18,7.86,5.84,5.06,4.53,11.38,6.92,4.97,11.24,5.09,4.82,10.95,5.28
Norethynodrel,5.46,4.95,6.14,6.29,5.63,5.39,7.09,4.96,5.21,2.83,10.72,5.98,6.47,11.74,6.24,5.3,11.46,5.93
"N-1,2,3,4-Tetrahydronaphth-1-Yl-2'-[3,5-Dimethoxybenzamido]-2'-Deoxy-Adenosine",5.44,5.57,5.96,5.39,5.88,5.51,7.56,5.71,5.21,4.69,11.41,7.59,6.6,11.66,5.92,4.81,11.05,5.18
Felypressin,5.43,12.44,6.1,5.88,5.86,5.4,6.22,4.83,5.12,7.47,11.52,5.45,5.77,12.22,5.22,5.16,11.71,5.1
"(6R)-2-amino-6-[2-(3'-methoxybiphenyl-3-yl)ethyl]-3,6-dimethyl-5,6-dihydropyrimidin-4(3H)-one",5.53,6.46,3.6,3.71,5.51,5.3,7.43,4.62,5.07,5.5,13.51,6.71,5.77,11.69,5.57,4.86,10.64,5.09
"1-cyclopentyl-3-(1H-pyrrolo[2,3-b]pyridin-5-yl)-1H-pyrazolo[3,4-d]pyrimidin-4-amine",5.44,5.96,6.66,7.16,5.56,5.06,6.93,6.51,5.29,4.0,14.6,6.6,5.91,12.24,5.96,5.33,12.18,5.45
BMS-488043,5.49,9.19,6.44,5.7,5.37,4.95,5.54,4.93,5.21,11.26,5.46,7.0,6.17,11.48,5.02,4.78,10.83,5.31
Clofazimine,5.52,7.66,5.27,5.57,5.58,4.86,7.18,4.93,5.08,3.6,9.06,6.92,6.1,11.65,5.76,5.32,10.56,5.12
Enalapril,5.45,6.48,4.89,5.08,5.7,5.43,6.82,5.46,5.18,9.35,10.87,5.77,5.5,10.97,4.45,5.02,10.89,5.59
NicotinamideMononucleotide,5.54,6.49,5.78,5.02,5.52,5.1,4.83,4.12,5.14,6.74,11.64,4.71,6.38,10.48,6.11,4.82,10.9,5.12
5'-Deoxy-5'-Methylthioadenosine,5.41,5.63,4.73,4.02,5.66,5.22,6.03,5.08,5.07,5.84,4.35,5.59,6.55,10.84,5.14,4.88,11.21,5.08
Hemi-Babim,5.42,4.01,4.59,4.3,5.53,5.1,6.17,4.35,5.08,5.04,11.69,6.66,6.33,11.74,4.77,4.84,11.62,5.14
Robalzotan,5.43,7.44,4.82,4.35,5.82,5.19,7.1,5.06,5.06,6.72,16.54,6.97,6.12,11.77,6.2,5.25,11.32,5.03
Cefoperazone,5.41,6.61,5.4,4.64,5.46,5.85,5.71,4.07,5.13,6.02,12.67,6.71,6.17,11.91,5.79,4.76,11.36,5.16
Ganstigmine,5.49,7.65,3.88,4.51,5.37,4.9,6.09,6.75,5.14,3.43,16.5,6.64,6.56,11.8,4.09,6.39,10.87,5.21
Bacitracin,5.44,3.19,6.01,6.0,5.77,5.09,6.12,5.16,5.17,4.38,13.53,6.58,5.99,11.29,6.1,5.11,11.48,5.16
Sonidegib,5.52,5.33,5.72,4.86,5.82,5.32,7.5,5.32,5.07,3.86,11.17,6.68,6.43,11.41,5.0,5.1,10.77,5.06
Azidocillin,5.47,4.08,5.44,5.1,5.41,5.45,7.41,4.73,6.18,3.91,15.89,6.93,6.15,12.23,5.9,5.4,10.78,6.1
Manitimus,5.5,3.99,5.83,4.96,5.5,4.96,7.01,4.87,5.08,3.29,10.93,6.75,6.24,11.71,4.69,5.39,11.35,5.09
Repaglinide,5.37,15.96,6.7,6.51,5.45,5.14,7.19,5.09,5.08,5.76,11.96,6.39,6.62,10.57,5.94,5.28,11.09,5.06
"N-Hydroxy-4-[(4-Methoxylphenyl)Sulfonyl]-2,2-Dimethyl-Hexahydro-1,4-Thiazepine-3(S)-Carboxamide",5.57,5.49,5.62,5.02,7.04,6.74,6.85,8.52,5.1,7.79,7.03,6.75,6.63,11.53,5.02,6.95,10.98,5.65
17alpha-Estriol,5.32,5.73,6.02,5.18,5.7,5.04,7.8,5.17,5.08,8.1,12.87,6.27,6.62,11.75,5.84,4.77,11.59,5.25
NPS-2143,5.56,5.03,6.61,6.62,6.86,5.29,6.76,7.19,5.1,6.35,37.73,7.07,6.01,10.4,6.54,7.19,11.06,5.09
"5-Methoxy-1,2-Dimethyl-3-(Phenoxymethyl)Indole-4,7-Dione",5.37,6.68,5.93,5.33,5.58,5.16,6.75,4.64,5.14,6.96,14.4,6.28,6.67,11.86,5.97,4.85,11.26,5.2
(2S)-2-[3-(AMINOMETHYL)PHENYL]-3-{(R)-HYDROXY[(1R)-2-METHYL-1-{[(3-PHENYLPROPYL)SULFONYL]AMINO}PROPYL]PHOSPHORYL}PROPANOICACID,5.51,5.4,4.94,4.35,5.31,6.06,5.51,5.39,5.07,4.93,11.04,6.11,6.01,11.6,5.05,5.24,11.06,5.07
6-fluoro-2-(2-hydroxy-3-isobutoxy-phenyl)-1H-benzoimidazole-5-carboxamidine,5.48,6.22,5.25,5.57,5.7,5.18,5.95,5.62,5.08,5.42,11.08,6.81,6.48,11.49,6.12,5.35,11.13,5.05
Domperidone,5.5,5.04,4.01,5.0,5.67,5.01,7.41,5.13,5.14,11.28,11.79,7.32,5.91,11.3,4.89,5.14,11.43,5.76
"(3R)-N-(4-CHLOROPHENYL)-3-(HYDROXYMETHYL)-1,2,3,4-TETRAHYDROISOQUINOLINE-7-SULFONAMIDE",5.49,8.42,5.13,4.19,5.47,4.92,6.69,4.76,5.38,3.93,19.52,6.43,6.09,11.93,4.44,5.0,11.18,5.49
"4-[1-allyl-7-(trifluoromethyl)-1H-indazol-3-yl]benzene-1,3-diol",5.48,6.18,6.04,5.38,5.53,5.1,5.79,5.14,5.1,5.66,14.62,6.47,6.33,12.53,5.93,5.02,11.84,5.23
Mizolastine,5.43,5.0,6.59,5.06,5.49,5.46,7.84,4.93,5.08,4.15,12.11,6.9,6.33,12.05,6.06,5.2,11.47,5.24
Dofequidar,5.45,7.21,6.04,6.43,5.91,5.86,6.71,4.92,5.08,6.18,11.65,7.16,6.02,10.66,4.61,5.02,11.42,5.09
N-[(benzyloxy)carbonyl]-L-leucyl-N-[(1S)-3-fluoro-1-(4-hydroxybenzyl)-2-oxopropyl]-L-leucinamide,5.32,5.69,5.12,4.96,6.13,5.51,6.71,4.92,5.16,2.19,19.38,7.09,5.98,10.93,4.11,5.23,10.77,5.07
Progesterone,5.37,5.68,5.92,4.65,5.62,5.14,7.31,6.58,5.12,2.56,25.24,5.83,6.06,10.67,5.15,5.55,10.79,5.5
Fiboflapon,5.34,5.49,6.04,5.44,6.3,5.4,6.2,5.33,5.16,7.27,10.69,6.94,5.89,11.69,5.58,5.56,11.4,5.14
"5-(5-CHLORO-2,4-DIHYDROXYPHENYL)-N-ETHYL-4-PIPERAZIN-1-YL-1H-PYRAZOLE-3-CARBOXAMIDE",5.53,5.28,5.94,6.29,5.76,5.59,6.98,5.93,5.4,5.95,7.67,7.04,5.77,10.4,6.25,5.49,11.49,5.19
"3-[(4-AMINO-1-TERT-BUTYL-1H-PYRAZOLO[3,4-D]PYRIMIDIN-3-YL)METHYL]PHENOL",5.49,7.97,6.36,5.34,5.51,5.07,5.63,4.95,5.2,6.86,19.96,5.1,5.98,11.61,5.85,5.01,11.33,5.14
Lefradafiban,5.44,4.53,5.04,4.71,5.57,4.98,6.83,5.09,5.2,5.84,10.58,5.61,6.11,10.28,7.27,4.93,10.66,5.29
Bradanicline,5.47,7.5,7.46,6.66,5.95,5.83,7.76,4.6,5.04,1.67,11.81,5.71,5.77,12.0,6.58,4.73,10.86,5.09
Bilastine,5.36,64.24,6.59,6.1,5.73,4.93,6.64,5.76,5.06,16.64,3.48,6.19,5.77,11.91,3.93,5.08,11.46,5.08
N-(5-METHYL-1H-PYRAZOL-3-YL)-2-PHENYLQUINAZOLIN-4-AMINE,5.28,4.51,6.04,4.1,5.54,5.49,6.53,4.98,5.09,5.37,12.21,6.76,5.46,11.65,4.99,5.04,11.65,5.13
Bictegravir,5.43,5.49,6.51,5.7,5.46,5.08,6.98,5.74,5.26,4.81,14.0,6.65,5.9,11.23,5.99,5.12,11.14,5.3
Lumiracoxib,5.36,3.15,6.81,7.22,5.77,5.03,6.22,5.76,5.34,7.91,13.64,6.79,5.86,11.43,5.82,5.11,11.22,5.08
Indirubin-5-sulphonate,5.41,4.32,5.1,4.48,5.69,5.01,7.26,5.05,5.55,2.57,11.67,6.91,5.9,12.12,6.67,4.93,11.18,5.89
IDD552,5.43,5.91,6.3,5.92,5.82,5.63,6.84,5.21,5.06,6.56,13.16,5.99,6.08,11.48,4.45,5.09,10.92,5.16
Daporinad,5.43,5.22,4.87,4.72,5.73,5.57,7.12,5.51,5.11,5.54,13.52,7.15,5.68,10.71,4.15,5.24,11.4,5.46
Bortezomib,5.45,8.02,6.03,5.95,5.92,5.27,6.3,5.48,5.13,7.01,11.65,6.61,5.67,11.98,5.92,5.69,10.83,5.09
"N-(3-(8-CYANO-4-(PHENYLAMINO)PYRAZOLO[1,5-A][1,3,5]TRIAZIN-2-YLAMINO)PHENYL)ACETAMIDE",5.39,11.14,7.37,7.34,5.48,5.34,7.48,4.57,5.18,4.96,10.94,6.29,5.59,12.58,5.3,4.98,11.58,5.19
Ceritinib,5.45,7.3,6.86,7.13,5.44,5.14,5.91,6.75,5.49,23.97,8.23,7.01,6.87,11.79,5.11,5.32,11.38,5.97
Clindamycin,5.45,5.99,4.94,4.8,5.51,5.53,5.66,4.4,5.19,12.12,10.4,5.44,6.07,12.11,4.65,5.23,10.99,5.61
Desogestrel,5.44,6.01,5.16,5.29,5.71,5.22,8.49,4.94,5.36,5.68,14.3,6.72,6.72,11.1,5.81,5.42,11.03,5.94
Avibactam,5.51,7.89,5.92,4.26,5.49,5.15,5.4,5.88,5.15,4.95,16.87,3.94,6.31,12.53,5.04,5.08,11.38,5.36
Dofetilide,5.48,2.19,5.36,4.71,5.69,5.23,6.72,5.95,5.07,5.2,12.16,5.61,5.36,11.76,4.4,5.21,11.56,5.09
Diltiazem,5.42,4.28,5.92,4.98,5.33,4.94,5.86,4.99,5.86,4.5,23.29,7.38,6.58,11.87,4.07,4.88,11.49,5.43
Iclaprim,5.48,4.95,6.83,6.78,5.74,4.88,6.69,6.1,5.09,5.31,13.36,7.79,6.73,12.11,6.69,5.28,11.43,5.86
Mitomycin,5.49,3.69,5.51,4.44,5.72,5.11,5.51,4.74,5.76,6.87,8.11,5.27,6.11,11.9,7.28,4.83,11.11,5.27
GlutathionylspermidineDisulfide,5.44,5.02,3.72,4.69,5.5,5.19,7.72,4.4,5.09,6.79,36.99,6.96,6.02,11.61,6.38,5.1,10.66,5.13
"METHYL1-(4-{[(2,4-DIAMINOPTERIDIN-6-YL)METHYL]AMINO}BENZOYL)PIPERIDINE-4-CARBOXYLATE",5.47,7.61,5.19,6.03,5.27,5.66,6.44,5.2,5.13,2.85,10.91,6.06,6.26,11.24,5.33,5.21,11.36,5.14
Myristoyl-Coa,5.48,5.03,5.38,5.38,5.82,5.16,6.17,4.5,5.15,6.58,11.31,7.2,6.35,11.86,5.28,4.83,10.94,5.07
'5'-O-(N-(L-Prolyl)-Sulfamoyl)Adenosine,5.42,5.28,4.09,3.81,5.44,5.14,6.17,4.41,5.17,3.59,10.23,4.72,6.64,10.88,5.67,4.79,10.73,5.76
Dihydro-alpha-ergocryptine,5.46,5.03,5.78,5.41,5.59,5.2,7.9,4.48,5.08,4.89,20.35,6.75,6.07,10.89,6.3,4.83,11.43,5.16
N-[O-Phosphono-Pyridoxyl]-Isoleucine,5.48,2.74,5.97,4.04,5.28,5.25,5.83,4.49,5.09,3.24,10.53,6.35,6.1,10.72,5.97,4.87,10.94,5.17
Teniposide,5.45,27.49,6.12,5.44,5.41,5.34,6.58,5.09,5.34,16.97,17.23,7.3,5.72,10.74,6.21,5.23,11.25,5.2
Norelgestromin,5.51,10.75,7.99,7.89,5.58,5.22,8.28,5.41,5.08,4.78,11.35,5.97,6.7,11.43,5.17,5.77,11.23,5.11
Testosteronecypionate,5.52,2.55,6.98,6.37,5.67,5.24,8.72,6.07,5.06,4.84,11.06,7.62,6.64,11.42,6.42,5.16,10.75,5.49
(2-{[(4-BROMO-2-FLUOROBENZYL)AMINO]CARBONYL}-5-CHLOROPHENOXY)ACETICACID,5.46,2.85,6.85,4.97,6.0,5.73,5.55,5.18,5.07,3.25,12.1,5.55,6.13,11.57,5.27,5.05,10.75,5.05
Octanoyl-CoenzymeA,5.48,6.52,5.38,5.38,5.82,5.16,6.18,4.5,5.15,2.34,11.11,8.07,6.35,11.86,5.28,4.83,10.94,5.07
PatentBlue,5.48,6.28,4.89,4.9,5.35,4.88,6.7,4.79,5.1,5.07,12.63,6.55,6.71,10.4,4.86,5.17,10.9,5.22
N-[N-[1-Hydroxycarboxyethyl-Carbonyl]Leucylamino-Butyl]-Guanidine,5.52,5.7,4.41,4.68,5.73,5.26,5.64,4.67,5.09,6.36,15.45,5.72,6.3,11.56,4.09,5.25,10.51,5.2
Selexipag,5.48,13.31,6.33,6.48,5.55,5.8,7.28,5.3,5.08,7.34,9.92,7.4,5.34,11.72,5.1,5.0,11.12,5.07
"4-(Aminosulfonyl)-N-[(2,4,6-Trifluorophenyl)Methyl]-Benzamide",5.45,3.64,6.9,6.94,5.53,6.26,5.91,4.93,5.06,6.99,7.97,6.35,5.66,10.74,6.93,4.89,10.73,5.06
(R)-Rolipram,5.46,4.55,5.97,6.4,5.55,5.57,6.58,4.81,5.07,22.57,9.28,6.16,5.7,11.53,4.95,5.02,11.25,5.07
Uridinemonophosphate,5.46,9.65,5.21,3.93,5.2,5.07,5.59,4.11,5.36,2.87,12.69,6.08,6.73,10.39,4.31,4.64,10.95,5.21
"3,4-DIHYDRO-4-OXO-3-((5-TRIFLUOROMETHYL-2-BENZOTHIAZOLYL)METHYL)-1-PHTHALAZINEACETICACID",5.5,2.72,5.01,5.19,5.42,4.8,6.65,5.79,5.07,5.43,11.45,5.81,5.69,10.95,6.71,5.34,11.48,5.12
"N-[(1S)-2-amino-1-phenylethyl]-5-(1H-pyrrolo[2,3-b]pyridin-4-yl)thiophene-2-carboxamide",5.53,5.75,6.68,6.39,6.51,6.6,6.57,7.29,5.06,5.91,11.25,6.97,6.26,11.76,6.56,6.27,11.81,5.08
"(3aS)-3a-hydroxy-1-phenyl-1,2,3,3a-tetrahydro-4H-pyrrolo[2,3-b]quinolin-4-one",5.53,5.69,7.13,7.0,5.67,6.31,6.61,4.52,6.21,3.19,15.7,7.16,6.6,11.67,6.77,4.81,11.62,5.47
"4-Methyl-5-[(2Z)-2-{[4-(4-morpholinyl)phenyl]imino}-2,5-dihydro-4-pyrimidinyl]-1,3-thiazol-2-amine",5.47,6.98,5.92,4.92,5.56,4.92,8.63,4.62,5.21,16.78,15.57,6.35,6.57,11.54,5.9,4.77,11.65,5.18
Zanamivir,5.4,7.94,5.14,5.61,5.82,4.97,5.34,7.29,5.18,5.24,11.72,6.41,6.0,13.03,4.06,6.15,11.44,5.04
"4-[(3-CHLORO-4-{[(2R)-3,3,3-TRIFLUORO-2-HYDROXY-2-METHYLPROPANOYL]AMINO}PHENYL)SULFONYL]-N,N-DIMETHYLBENZAMIDE",5.46,4.95,4.22,4.86,5.98,6.31,5.64,5.27,5.09,5.37,8.6,6.64,5.17,11.88,4.08,4.84,10.98,5.32
"4-chloro-N-[(2S)-2-methyl-2,3-dihydro-1H-indol-1-yl]-3-sulfamoylbenzamide",5.41,6.65,5.83,5.32,5.72,6.0,7.07,5.5,5.08,10.54,11.42,5.89,6.1,11.86,4.85,5.21,11.24,5.38
"2-(1,1-DIMETHYLETHYL)9-FLUORO-3,6-DIHYDRO-7H-BENZ[H]-IMIDAZ[4,5-F]ISOQUINOLIN-7-ONE",5.45,1.89,6.75,5.63,6.34,5.37,6.93,5.18,5.08,4.83,12.31,7.27,6.06,12.77,6.0,4.91,12.0,5.09
"2,4-Diamino-6-[N-(3',4',5'-Trimethoxybenzyl)-N-Methylamino]Pyrido[2,3-D]Pyrimidine",5.44,8.9,6.4,6.37,5.41,5.14,7.51,7.16,5.07,17.77,11.3,6.7,6.21,12.4,5.64,5.57,11.06,5.05
Sitaxentan,5.36,6.46,4.37,4.52,5.48,5.63,7.45,6.73,5.08,5.02,16.17,6.33,6.82,10.86,5.15,4.86,11.23,5.15
"3-{[(1R)-1-phenylethyl]amino}-4-(pyridin-4-ylamino)cyclobut-3-ene-1,2-dione",5.48,3.6,5.91,6.06,5.52,6.51,6.89,4.51,5.07,5.47,10.62,6.49,5.55,11.44,5.09,5.11,11.09,5.12
"2-(2-CHLORO-4-FLUOROPHENOXY)-2-METHYL-N-[(1R,2S,3S,5S,7S)-5-(METHYLSULFONYL)-2-ADAMANTYL]PROPANAMIDE",5.43,3.38,7.84,7.31,5.67,4.89,6.74,5.27,5.4,5.88,12.84,5.63,6.7,12.24,6.51,4.98,11.32,5.84
"N-[2-(1,3-BENZODIOXOL-5-YL)ETHYL]-1-[2-(1H-IMIDAZOL-1-YL)-6-METHYLPYRIMIDIN-4-YL]-D-PROLINAMIDE",5.28,4.78,4.55,4.18,5.84,5.39,7.77,4.74,5.05,5.35,8.02,6.29,6.06,11.48,5.83,5.94,11.08,5.1
Manidipine,5.46,6.55,5.16,4.41,6.11,5.99,5.68,4.78,6.11,7.79,12.05,6.45,5.87,11.44,7.35,5.55,11.62,5.76
D-Eritadenine,5.39,6.44,4.92,6.28,5.54,5.41,5.28,4.35,5.08,4.96,11.06,6.27,6.08,10.77,4.68,4.36,10.89,5.05
Ulipristal,5.44,10.52,6.12,6.11,7.12,4.85,7.86,6.04,6.39,5.47,11.35,6.26,6.47,11.54,6.09,6.6,11.48,5.67
"2-amino-4-[2,4-dichloro-5-(2-pyrrolidin-1-ylethoxy)phenyl]-N-ethylthieno[2,3-d]pyrimidine-6-carboxamide",5.44,4.85,5.86,5.64,5.59,5.08,4.99,5.8,5.34,2.59,13.25,6.46,6.4,11.56,6.27,5.05,11.39,5.2
"2-(3-((4,5,7-trifluorobenzo[d]thiazol-2-yl)methyl)-1H-pyrrolo[2,3-b]pyridin-1-yl)aceticacid",5.43,4.26,6.13,6.29,5.52,5.02,7.96,5.15,5.06,6.06,10.95,6.62,6.05,11.56,5.04,4.77,10.41,5.19
Adenosine-2'-5'-Diphosphate,5.42,4.51,4.09,3.57,5.74,5.05,5.65,5.89,5.06,8.25,9.88,6.62,6.61,11.13,5.28,4.82,10.82,5.15
Ethinylestradiol,5.36,7.52,6.03,6.01,5.93,5.29,7.68,4.91,5.16,3.59,12.23,6.36,6.49,12.03,5.71,5.0,11.39,6.01
Caspofungin,5.45,2.83,4.88,5.6,6.73,5.14,6.76,7.52,5.15,2.94,10.39,7.04,5.66,12.02,7.9,6.79,10.77,5.15
Stanozolol,5.43,3.49,7.0,6.99,5.62,5.0,8.42,5.83,5.07,6.68,11.13,6.63,6.4,10.19,5.51,5.18,11.29,5.39
Laurylalcoholdiphosphonicacid,5.47,5.06,6.65,6.37,5.21,5.11,6.25,4.6,5.35,6.96,13.08,5.45,6.33,11.25,5.8,4.75,11.32,5.13
PurvalanolA,5.35,4.66,5.44,5.56,5.53,4.99,6.62,5.56,5.17,4.06,12.91,6.44,6.47,10.94,5.58,5.04,10.71,5.15
"7-(1,1-Dioxo-1h-Benzo[D]Isothiazol-3-Yloxymethyl)-2-(Oxalyl-Amino)-4,7-Dihydro-5h-Thieno[2,3-C]Pyran-3-CarboxylicAcid",5.42,5.39,4.46,5.84,5.62,5.53,6.27,4.32,5.61,3.12,11.19,6.66,6.7,11.7,6.01,4.79,10.74,5.21
Dacomitinib,5.41,6.61,4.9,4.98,5.78,5.17,6.32,7.02,5.07,5.37,11.6,7.23,5.01,11.27,5.0,4.93,11.15,5.01
"(4Z)-6-bromo-4-({[4-(pyrrolidin-1-ylmethyl)phenyl]amino}methylidene)isoquinoline-1,3(2H,4H)-dione",5.4,4.62,4.19,5.48,5.41,4.96,6.72,4.58,5.06,8.4,15.32,6.4,5.82,11.61,7.11,4.68,11.69,5.57
"2',5'-DIDEOXY-ADENOSINE3'-MONOPHOSPHATE",5.43,5.97,5.15,4.24,5.59,5.16,5.93,4.42,5.08,3.87,10.41,6.79,6.65,11.8,5.08,4.39,11.55,5.15
Hydrocortisoneacetate,5.35,7.52,5.71,5.15,5.93,5.03,6.73,5.28,6.1,6.31,12.62,6.25,6.65,11.68,4.86,5.12,10.57,5.83
"5,6-DIPHENYL-N-(2-PIPERAZIN-1-YLETHYL)FURO[2,3-D]PYRIMIDIN-4-AMINE",5.56,6.24,6.19,5.38,5.63,5.07,7.79,5.09,5.11,8.57,11.85,7.16,6.35,11.1,5.01,5.24,10.74,5.23
"17-HYDROXY-18A-HOMO-19-NOR-17ALPHA-PREGNA-4,9,11-TRIEN-3-ONE",5.44,3.42,6.93,6.67,5.82,5.1,8.14,5.48,5.9,3.91,11.07,6.6,6.14,11.87,6.08,5.39,11.66,6.03
5'-{[4-(aminooxy)butyl](methyl)amino}-5'-deoxy-8-ethenyladenosine,5.38,4.42,4.72,4.15,5.97,5.25,6.4,4.53,5.11,3.43,11.64,5.92,6.3,11.42,5.56,4.77,11.76,5.08
"4-{[5-(CYCLOHEXYLMETHOXY)[1,2,4]TRIAZOLO[1,5-A]PYRIMIDIN-7-YL]AMINO}BENZENESULFONAMIDE",5.34,5.88,5.58,4.06,5.51,6.8,5.67,4.31,5.07,8.07,13.79,6.46,6.71,12.34,5.57,5.05,10.67,5.25
Halofuginone,5.43,4.9,6.2,5.29,5.62,5.28,6.08,5.13,5.06,4.28,10.48,6.75,5.43,11.97,5.84,4.77,11.0,5.16
Dihydroergocornine,5.51,8.18,4.91,5.86,5.58,5.18,7.76,4.33,5.1,3.29,8.68,6.72,6.07,11.05,6.33,4.75,11.38,5.18
"(3R,4R)-3-Hydroxy-4-(hydroxymethyl)-1-[(4-oxo-4,4a,5,7a-tetrahydro-3H-pyrrolo[3,2-d]pyrimidin-7-yl)methyl]pyrrolidinium",5.4,7.26,4.82,4.83,5.54,5.35,7.55,4.05,6.04,7.74,13.88,6.32,6.2,10.38,6.86,4.69,11.75,5.28
Tetrahydrofolicacid,5.37,3.54,5.87,4.55,5.64,4.86,6.62,4.32,5.08,19.71,13.0,7.08,6.29,11.61,5.0,4.79,11.12,5.08
"N-{2,2-DIFLUORO-2-[(2R)-PIPERIDIN-2-YL]ETHYL}-2-[2-(1H-1,2,4-TRIAZOL-1-YL)BENZYL][1,3]OXAZOLO[4,5-C]PYRIDIN-4-AMINE",5.47,4.65,5.94,4.65,5.59,5.68,6.87,4.78,5.12,6.69,38.71,6.93,5.69,10.6,5.88,5.09,11.57,5.66
Cilazapril,5.54,2.55,4.21,4.23,6.06,5.43,7.66,5.28,5.12,7.92,8.34,6.58,6.05,11.61,5.89,5.09,10.87,5.1
Methotrexate,5.4,2.83,7.28,6.19,5.34,4.96,6.58,6.07,5.07,2.7,10.28,6.66,6.21,10.43,5.53,5.35,11.38,5.07
"1-{(2S,5S)-4-FLUORO-5-[(TRITYLOXY)METHYL]TETRAHYDROFURAN-2-YL}PYRIMIDINE-2,4(1H,3H)-DIONE",5.4,7.31,4.89,4.67,5.61,5.82,6.29,4.42,5.2,9.84,12.37,6.37,6.41,10.55,4.92,5.14,11.36,5.34
Scopolamine,5.5,4.4,7.39,6.91,5.67,6.16,6.82,5.8,5.34,4.81,11.63,7.28,5.42,11.43,7.07,5.42,11.17,5.15
SR11254,5.44,6.45,6.33,6.51,5.66,5.34,7.03,4.38,5.09,7.09,14.68,8.17,6.47,12.19,5.05,4.84,11.36,5.36
"(S)-2-CHLORO-N-(1-(2-(2-HYDROXYETHYLAMINO)-2-OXOETHYL)-2-OXO-1,2,3,4-TETRAHYDROQUINOLIN-3-YL)-6H-THIENO[2,3-B]PYRROLE-5-CARBOXAMIDE",5.33,3.15,7.27,6.69,5.51,6.18,5.91,5.52,5.33,4.65,11.22,6.84,5.59,11.62,4.53,4.97,10.81,5.23
"(1S,2S,5S)2-(4-GLUTARIDYLBENZYL)-5-PHENYL-1-CYCLOHEXANOL",5.44,5.35,7.87,7.36,5.61,6.06,6.96,4.45,5.06,7.46,11.79,7.31,5.89,10.54,5.07,4.88,11.56,5.58
Ketotifen,5.34,4.78,5.63,5.87,5.47,5.28,7.33,4.39,5.62,5.59,13.68,6.57,6.1,11.73,6.06,4.66,10.38,5.88
Posaconazole,5.48,4.73,5.47,6.04,6.01,5.44,7.0,6.1,5.5,4.43,10.48,7.98,6.62,10.75,6.19,5.97,10.73,5.33
"3-[1-(3-AMINOPROPYL)-1H-INDOL-3-YL]-4-(1H-INDOL-3-YL)-1H-PYRROLE-2,5-DIONE",5.38,7.34,4.62,4.74,5.98,5.47,5.06,4.37,5.08,5.33,12.26,6.14,5.01,12.75,4.99,5.16,11.82,5.16
"(1S,3S,5S)-2-{(2S)-2-amino-2-[(1R,3S,5R,7S)-3-hydroxytricyclo[3.3.1.1~3,7~]dec-1-yl]acetyl}-2-azabicyclo[3.1.0]hexane-3-carbonitrile",5.38,5.36,7.34,7.16,5.45,5.22,6.33,5.0,5.59,14.92,11.92,6.46,5.92,12.09,7.87,5.2,11.39,5.32
"(2S)-1-[4-({6-[(2,6-Difluorophenyl)amino]-4-pyrimidinyl}amino)phenoxy]-3-(dimethylamino)-2-propanol",5.43,6.29,4.78,5.47,5.74,5.11,6.64,5.55,5.07,5.15,10.86,6.87,6.21,11.21,6.07,5.39,11.32,5.08
"5-{[1-(2-fluorobenzyl)piperidin-4-yl]methoxy}quinazoline-2,4-diamine",5.51,4.66,5.29,5.0,5.77,5.29,6.16,5.57,5.09,6.2,16.55,6.43,5.1,11.52,5.09,5.52,10.83,5.12
"5-[4-(2-Hydroxyethyl)-1-piperidinyl]-5-phenyl-2,4,6(1H,3H,5H)-pyrimidinetrione",5.47,5.68,5.91,4.96,5.46,6.43,5.34,4.82,5.19,6.8,10.29,6.86,5.96,13.16,5.81,4.71,11.61,5.26
"N,N'-DIPHENYLPYRAZOLO[1,5-A][1,3,5]TRIAZINE-2,4-DIAMINE",5.37,6.26,6.14,4.67,5.45,5.6,7.09,4.77,5.13,4.05,10.92,7.9,5.92,13.01,5.09,4.99,11.64,5.31
"(1-HYDROXYHEPTANE-1,1-DIYL)BIS(PHOSPHONICACID)",5.41,7.85,6.65,6.37,5.21,5.09,5.47,4.6,5.35,3.07,12.43,5.34,6.33,11.25,5.8,4.75,11.32,5.13
Diphthamide,5.35,4.74,4.46,4.18,5.46,5.2,6.47,4.55,5.12,7.43,9.95,6.71,6.12,11.84,4.01,4.59,11.73,5.24
N-(4-{[(3S)-3-(dimethylamino)pyrrolidin-1-yl]carbonyl}phenyl)-5-fluoro-4-[2-methyl-1-(1-methylethyl)-1H-imidazol-5-yl]pyrimidin-2-amine,5.46,6.38,6.65,7.31,6.16,6.18,7.53,7.32,5.05,5.9,11.38,6.42,5.77,12.12,4.57,6.6,11.59,5.29
Diflorasone,5.44,2.45,7.69,6.91,5.92,4.92,7.13,6.32,5.86,3.3,13.96,7.39,6.02,11.61,7.49,5.31,11.03,5.45
"(17beta)-17-(cyanomethyl)-2-methoxyestra-1(10),2,4-trien-3-ylsulfamate",5.46,7.23,7.62,7.15,6.35,5.03,7.87,5.28,5.13,1.6,11.68,6.67,6.41,10.82,6.75,4.84,10.91,5.7
"5-(2-Fluoro-5-{(1E)-3-[3-hydroxy-2-(methoxycarbonyl)phenoxy]-1-propen-1-yl}phenyl)-1,2-oxazole-3-carboxylicacid",5.4,4.95,5.66,4.88,5.38,5.88,6.09,4.85,5.75,5.67,11.57,6.8,6.33,11.62,5.0,5.06,11.4,5.24
Tibolone,5.39,5.29,7.39,7.18,5.63,5.18,8.14,4.56,5.17,5.44,11.97,6.39,6.47,11.74,6.24,5.57,11.32,5.56
Thiocolchicoside,5.47,5.98,4.13,6.18,5.44,5.59,6.82,4.6,5.13,5.12,42.73,6.62,6.36,11.68,6.22,4.8,10.76,5.14
Flecainide,5.38,6.53,6.57,6.14,5.79,5.35,7.26,4.62,5.16,8.47,9.86,5.44,6.31,11.81,7.74,4.96,11.16,5.26
N-({(2S)-1-[(3R)-3-amino-4-(3-chlorophenyl)butanoyl]pyrrolidin-2-yl}methyl)-3-(methylsulfonyl)benzamide,5.38,6.36,6.0,5.7,5.8,6.29,6.33,6.07,5.47,6.25,12.0,6.39,5.28,11.91,4.92,5.49,11.3,5.45
Avanafil,5.5,8.0,6.61,6.12,5.52,5.38,7.5,6.94,5.06,6.38,12.66,5.2,6.34,10.69,6.45,5.95,11.3,5.09
Pipotiazine,5.47,3.53,5.68,5.6,5.57,6.84,7.38,6.09,5.07,5.05,10.22,6.03,6.41,12.43,4.95,5.39,11.17,5.13
Butylscopolamine,5.48,5.5,5.73,5.06,5.78,6.21,7.42,5.69,5.35,2.92,18.23,6.77,5.48,11.57,7.09,4.99,10.69,5.2
O6-CYCLOHEXYLMETHOXY-2-(4'-SULPHAMOYLANILINO)PURINE,5.37,2.0,4.23,4.09,5.79,6.66,5.7,6.18,5.06,3.01,26.79,6.8,6.63,12.58,6.06,5.48,10.44,5.13
Azelnidipine,5.42,6.17,6.9,5.02,5.92,6.06,7.86,6.27,5.24,7.8,10.84,7.02,6.0,11.42,7.59,6.0,10.73,5.8
Demegestone,5.46,3.16,6.4,6.47,5.78,5.21,7.86,6.42,5.2,7.2,11.16,6.81,5.98,11.79,4.27,6.46,10.97,5.78
"[(3,7,11-TRIMETHYL-DODECA-2,6,10-TRIENYLOXYCARBAMOYL)-METHYL]-PHOSPHONICACID",5.37,6.76,4.56,4.59,4.95,5.23,6.54,4.39,5.13,6.17,11.32,6.34,6.01,11.53,5.63,4.76,10.99,5.16
Cloxacillin,5.49,2.94,6.96,5.83,5.63,5.91,5.63,4.62,5.47,4.04,13.94,6.77,6.34,11.94,5.83,4.97,11.27,5.29
Methylergometrine,5.44,7.87,6.36,6.61,6.01,5.21,6.79,5.38,5.37,5.72,11.18,7.69,5.16,11.59,5.81,4.68,10.52,5.16
FR239087,5.41,4.97,5.0,5.73,5.92,5.53,6.05,5.93,5.08,3.22,10.48,6.63,5.88,12.32,5.12,5.4,11.41,5.5
Lidoflazine,5.41,5.84,5.95,5.98,5.5,5.04,7.43,4.79,5.81,4.81,11.59,6.5,5.98,11.67,4.88,4.93,10.85,5.4
"(3,4,8b-Trimethyl-3-oxido-2,3a-dihydro-1H-pyrrolo[2,3-b]indol-3-ium-7-yl)N-(2-ethylphenyl)carbamate",5.52,19.26,4.1,4.32,5.97,4.89,6.29,6.49,5.15,10.72,12.98,6.69,6.44,12.12,4.25,5.7,10.93,5.09
N-(3-Phenyl-2-Sulfanylpropanoyl)Phenylalanylalanine,5.4,3.94,5.69,4.8,5.61,5.17,7.55,6.55,5.51,10.29,9.1,5.22,5.85,11.68,4.67,6.08,10.6,5.59
Dexniguldipine,5.43,13.0,5.64,4.66,6.01,5.28,7.39,6.67,5.23,12.28,12.87,6.52,5.86,11.38,7.35,6.1,11.55,5.51
Tazobactam,5.42,7.49,3.87,4.6,5.55,5.13,5.31,5.84,6.01,6.55,12.12,6.61,6.03,11.26,8.14,5.92,10.63,5.96
"2,5-DICHLORO-N-[5-METHOXY-7-(6-METHOXYPYRIDIN-3-YL)-1,3-BENZOXAZOL-2-YL]BENZENESULFONAMIDE",5.45,8.1,4.74,4.39,5.63,5.6,7.02,5.32,5.06,3.6,14.41,6.98,5.72,11.61,6.07,5.4,11.32,5.09
Cefazolin,5.41,7.79,5.85,5.69,5.4,5.05,6.73,4.04,5.3,8.45,18.68,6.04,6.33,12.35,6.1,4.79,11.03,5.18
6-(cyclohexylamino)-9-[2-(4-methylpiperazin-1-yl)-ethyl]-9H-purine-2-carbonitrile,5.43,3.18,7.24,5.91,5.73,5.15,6.63,6.76,5.19,6.95,20.24,5.83,6.52,11.62,5.04,5.77,10.81,5.25
"(1R,3R)-5-[(2E)-3-{(1S,3R)-2,2,3-trimethyl-3-[6,6,6-trifluoro-5-hydroxy-5-(trifluoromethyl)hex-3-yn-1-yl]cyclopentyl}prop-2-en-1-ylidene]cyclohexane-1,3-diol",5.43,7.06,5.39,5.3,5.51,4.95,7.47,4.73,5.25,5.56,11.07,6.62,6.26,11.64,5.77,5.07,11.22,5.47
"N-(CYCLOPROPYLMETHYL)-4-(METHYLOXY)-3-({5-[3-(3-PYRIDINYL)PHENYL]-1,3-OXAZOL-2-YL}AMINO)BENZENESULFONAMIDE",5.44,7.26,3.82,3.65,5.83,5.19,5.89,5.99,5.04,2.37,12.02,7.03,6.83,11.9,6.05,5.22,10.88,5.69
"N-(4-AMINO-5-CYANO-6-ETHOXYPYRIDIN-2-YL)-2-(4-BROMO-2,5-DIMETHOXYPHENYL)ACETAMIDE",5.3,2.91,4.33,4.72,5.66,5.58,7.07,5.18,5.17,3.75,11.7,6.94,6.83,12.08,5.04,5.06,11.26,5.16
"2-(3,4-DIHYDROXYPHENYL)-8-(1,1-DIOXIDOISOTHIAZOLIDIN-2-YL)-3-HYDROXY-6-METHYL-4H-CHROMEN-4-ONE",5.52,7.94,5.24,4.7,5.5,5.68,6.99,5.51,5.2,3.75,13.58,6.26,6.19,11.73,5.91,5.64,11.24,5.17
Glycyrrhizicacid,5.34,5.99,4.25,3.97,5.48,4.97,7.15,5.41,5.34,7.47,11.01,6.16,6.17,10.67,5.55,5.33,10.93,5.39
Noscapine,5.41,4.04,6.97,6.32,5.42,4.88,7.72,4.62,5.13,7.53,7.4,5.95,6.11,11.68,5.97,4.84,11.17,5.17
"4-Oxo-2-Phenylmethanesulfonyl-Octahydro-Pyrrolo[1,2-a]Pyrazine-6-CarboxylicAcid[1-(N-Hydroxycarbamimidoyl)-Piperidin-4-Ylmethyl]-Amide",5.49,6.51,6.67,5.92,6.02,5.36,6.7,5.79,5.28,4.78,10.95,6.91,6.01,12.13,4.69,5.33,11.52,5.24
Dovitinib,5.51,5.66,5.06,5.37,6.32,5.67,6.54,8.04,6.09,6.24,11.53,7.43,6.53,11.78,5.0,7.33,10.66,5.46
Atropine,5.46,5.32,7.68,6.97,5.56,6.28,8.16,4.61,5.21,3.75,12.13,7.6,6.66,11.59,7.38,5.21,11.31,5.2
5-monophosphate-9-beta-D-ribofuranosylxanthine,5.4,7.06,3.64,4.0,5.07,5.16,6.32,4.11,5.23,5.98,17.26,5.88,6.04,10.58,4.93,5.23,10.89,5.31
Conivaptan,5.42,9.49,5.75,6.08,5.52,5.73,6.81,5.49,5.08,2.96,7.04,6.63,5.88,11.64,5.18,4.82,11.52,5.06
5-methyltetrahydrofolicacid,5.42,5.92,5.49,4.85,5.54,4.92,6.46,4.45,5.09,7.33,13.87,6.2,6.39,11.59,5.15,4.95,10.72,5.06
"N-{2-[(4'-CYANO-1,1'-BIPHENYL-4-YL)OXY]ETHYL}-N'-HYDROXY-N-METHYLUREA",5.45,18.12,5.08,4.25,5.55,4.88,6.8,4.83,5.38,11.33,8.56,6.38,6.31,11.36,4.1,4.7,11.46,5.15
"N-((2-aminopyrimidin-5-yl)methyl)-5-(2,6-difluorophenyl)-3-ethylpyrazolo[1,5-a]pyrimidin-7-amine",5.53,1.52,7.27,6.8,5.44,5.38,5.74,6.05,5.08,3.47,10.15,7.31,5.76,11.31,7.34,5.52,11.45,5.06
Linsitinib,5.43,2.81,5.1,6.21,5.55,5.57,8.19,6.15,5.1,2.85,10.45,7.78,6.44,11.76,6.04,5.29,11.28,5.13
Etorphine,5.45,3.28,7.12,6.45,5.69,5.2,7.76,7.84,5.18,5.58,6.63,7.11,5.91,12.38,6.01,5.61,10.74,5.44
Quinestrol,5.39,9.07,6.71,5.82,5.57,5.29,7.33,5.32,5.1,6.7,11.97,5.75,6.56,12.16,4.93,4.98,11.25,5.32
"6-[4-(2-fluorophenyl)-1,3-oxazol-5-yl]-N-(1-methylethyl)-1,3-benzothiazol-2-amine",5.46,5.7,6.07,6.04,5.58,5.6,5.86,5.09,5.09,7.15,11.55,6.88,5.92,11.72,5.0,5.37,11.01,5.05
Otilonium,5.41,5.95,6.43,6.22,5.76,5.05,7.67,4.48,5.07,4.45,10.81,6.39,5.33,12.3,4.31,4.75,11.37,5.07
Mometasonefuroate,5.42,3.13,9.17,8.42,5.31,4.96,7.61,4.39,5.75,4.27,11.3,6.8,6.44,12.67,7.82,4.95,11.3,5.34
Eplerenone,5.33,2.87,4.12,4.27,5.51,5.23,6.77,4.74,5.68,4.0,12.46,6.58,6.53,11.39,7.17,4.73,11.12,5.65
7-methyl-guanosine-5'-triphosphate-5'-guanosine,5.3,6.72,6.75,5.32,5.76,4.99,5.82,5.73,5.1,5.14,13.28,6.97,6.48,11.6,5.21,4.78,11.24,5.1
N-Ethyl-5'-CarboxamidoAdenosine,5.34,2.43,6.88,6.62,5.73,5.16,5.92,6.04,5.09,5.12,9.68,6.7,6.54,10.66,4.94,5.19,11.58,5.39
(2S)N-acetyl-L-alanyl-αL-phenylalanyl-chloroethylketone,5.38,1.78,4.28,4.03,5.55,5.42,6.86,4.17,5.18,3.26,11.73,5.48,6.34,10.43,4.91,5.4,11.31,5.23
Palbociclib,5.37,5.9,5.09,4.63,5.82,4.98,6.16,5.28,5.92,5.15,6.34,6.27,6.85,11.98,7.28,4.68,11.71,5.63
Paclitaxel,5.4,3.26,5.16,6.06,5.46,5.39,6.62,5.12,5.12,5.34,11.32,6.86,6.05,11.34,6.01,5.33,11.51,5.23
PARA-NITROPHENYL1-THIO-BETA-D-GLUCOPYRANOSIDE,5.31,8.55,4.19,4.13,5.11,4.92,7.0,3.17,5.08,2.75,8.13,4.0,6.83,11.47,3.87,4.46,11.12,5.08
5-Chloro-1h-Indole-2-CarboxylicAcid[1-(4-Fluorobenzyl)-2-(4-Hydroxypiperidin-1yl)-2-Oxoethyl]Amide,5.51,15.61,7.15,6.56,5.65,6.46,6.3,4.79,5.73,6.08,11.52,6.03,5.06,12.62,4.25,4.8,11.52,5.58
Quinidine,5.4,4.86,4.5,4.46,5.86,5.44,7.06,5.22,5.1,9.25,10.38,7.37,5.93,11.58,4.29,6.22,11.69,5.56
[N-(BENZYLOXYCARBONYL)AMINO](4-AMIDINOPHENYL)METHANE-PHOSPHONATE,5.41,5.12,4.3,4.38,5.59,5.49,6.66,4.31,5.14,5.98,39.24,7.22,5.93,11.47,5.65,4.82,11.73,5.11
4-(6-CYCLOHEXYLMETHOXY-9H-PURIN-2-YLAMINO)--BENZAMIDE,5.37,6.07,5.05,5.44,5.84,5.01,5.64,4.61,5.04,3.38,7.06,6.0,6.08,12.09,5.87,5.16,11.06,5.05
Quinagolide,5.4,5.26,5.77,4.81,5.53,5.13,7.46,5.13,5.08,5.05,13.44,6.12,5.84,11.96,5.28,4.87,11.66,5.22
AplyronineA,5.42,2.49,5.26,5.81,5.57,5.05,8.29,5.25,5.1,4.23,11.29,6.75,6.65,11.59,5.48,5.27,11.43,5.29
"Bishydroxy[2h-1-Benzopyran-2-One,1,2-Benzopyrone]",5.42,6.61,5.12,5.33,5.29,5.14,7.3,5.01,5.07,8.1,14.98,6.05,6.73,13.12,5.87,4.94,11.55,5.34
Estronesulfate,5.4,4.34,5.23,5.09,6.52,5.34,7.95,5.51,5.16,16.06,8.57,5.76,6.32,11.48,6.04,4.72,11.33,5.45
"Cyclic3',5'-thymidinemonophosphate",5.44,15.12,5.18,4.62,5.43,4.97,5.23,5.14,5.83,46.76,5.47,4.92,6.5,10.63,5.04,4.68,11.31,5.93
"5-[(E)-(5-CHLORO-2-OXO-1,2-DIHYDRO-3H-INDOL-3-YLIDENE)METHYL]-N-[2-(DIETHYLAMINO)ETHYL]-2,4-DIMETHYL-1H-PYRROLE-3-CARBOXAMIDE",5.45,9.07,5.65,5.77,5.75,5.56,6.06,5.02,6.15,8.01,11.89,6.03,5.16,12.44,5.26,5.31,12.67,6.64
"2-(4-ETHYLPIPERAZIN-1-YL)-4-(PHENYLAMINO)PYRAZOLO[1,5-A][1,3,5]TRIAZINE-8-CARBONITRILE",5.39,2.18,7.02,7.25,5.5,5.42,7.15,5.21,5.68,4.59,11.79,5.56,5.6,12.83,6.13,5.06,10.9,5.24
3-(6-CYCLOHEXYLMETHOXY-9H-PURIN-2-YLAMINO)-BENZENESULFONAMIDE,5.33,5.33,4.93,5.95,5.84,6.65,5.4,5.9,5.07,2.68,11.71,6.85,6.73,12.55,5.94,5.54,10.66,5.14
1-GUANIDINO-4-(N-NITRO-BENZOYLAMINO-L-LEUCYL-L-PROLYLAMINO)BUTANE,5.39,5.45,5.36,5.86,6.07,6.05,6.34,5.11,5.08,4.04,12.81,6.54,5.65,11.91,6.06,4.88,10.98,5.1
"2-{2-hydroxy-[1,1'-biphenyl]-3-yl}-1H-1,3-benzodiazole-5-carboximidamide",5.38,7.28,3.78,4.26,5.58,5.26,6.5,4.43,5.08,8.91,11.51,6.74,6.18,11.65,5.52,5.1,11.18,5.08
Z-Pro-Prolinal,5.41,9.33,4.45,4.27,5.79,5.81,5.92,6.7,5.11,3.07,7.74,5.74,5.58,11.43,4.76,6.35,11.48,5.2
"7-{2,6-DICHLORO-4-[3-(2-CHLORO-BENZOYL)-UREIDO]-PHENOXY}-HEPTANOICACID",5.37,2.66,4.21,4.2,5.98,5.29,6.85,5.43,5.06,4.03,13.76,5.92,6.28,11.6,4.45,4.79,11.42,5.21
Gestodene,5.44,13.86,8.29,7.57,5.52,5.17,8.25,5.05,5.17,12.0,18.52,6.62,6.21,10.42,5.89,5.08,11.36,5.94
6-CHLORO-N-{(3S)-1-[(1S)-1-METHYL-2-MORPHOLIN-4-YL-2-OXOETHYL]-2-OXOPYRROLIDIN-3-YL}-1-BENZOTHIOPHENE-2-SULFONAMIDE,5.48,9.03,5.8,6.58,6.17,5.19,6.1,6.34,6.08,8.93,12.94,6.85,6.33,12.11,5.8,5.46,10.86,5.32
Nicotinamideadeninedinucleotidephosphate,5.47,9.44,5.77,5.92,5.84,5.23,6.33,5.34,5.07,6.56,9.16,7.29,6.27,10.79,5.97,4.72,11.12,5.09
Tacrolimus,5.39,13.01,7.85,8.09,5.34,5.23,9.56,6.43,5.69,7.3,16.5,9.26,6.14,11.58,8.84,6.06,10.98,6.0
Fluprednideneacetate,5.37,4.51,7.14,6.12,5.5,5.05,6.91,4.91,5.72,2.52,11.09,6.24,6.3,10.8,6.15,4.86,10.81,5.71
4-[(2-{4-[(CYCLOPROPYLCARBAMOYL)AMINO]-1H-PYRAZOL-3-YL}-1H-BENZIMIDAZOL-6-YL)METHYL]MORPHOLIN-4-IUM,5.45,6.76,5.5,6.37,5.66,5.3,6.99,7.39,5.08,10.88,11.49,8.35,6.04,10.61,7.01,5.33,11.53,5.11
Darodipine,5.28,4.76,4.6,4.51,5.51,5.94,5.26,5.18,5.14,6.33,11.1,6.19,6.25,11.65,7.84,4.81,11.37,5.49
Daclatasvir,5.41,3.21,6.64,5.86,5.85,6.12,7.26,6.61,5.24,2.72,13.36,5.88,6.18,10.45,7.22,5.11,11.14,5.74
Capecitabine,5.4,7.89,6.37,4.18,5.63,4.95,5.4,4.48,5.16,3.18,9.66,7.33,6.68,10.56,5.37,5.36,10.64,5.1
Medrogestone,5.36,7.63,5.93,5.29,5.68,5.08,7.59,5.73,5.54,5.24,11.2,6.76,6.05,11.47,4.55,5.33,11.21,5.64
Encainide,5.32,6.4,5.2,6.08,5.44,4.92,6.82,5.26,5.05,4.59,10.48,7.09,5.5,11.75,4.63,4.97,11.19,5.12
(4-{(2S)-2-[(tert-butoxycarbonyl)amino]-3-methoxy-3-oxopropyl}phenyl)methaneseleninicacid,5.3,5.77,6.36,6.07,5.54,5.21,5.62,4.4,5.06,2.53,11.13,5.24,6.11,11.52,5.62,4.82,11.3,5.27
"5-[(Z)-(5-Chloro-2-oxo-1,2-dihydro-3H-indol-3-ylidene)methyl]-N,2,4-trimethyl-1H-pyrrole-3-carboxamide",5.4,13.62,5.85,5.22,5.78,5.75,6.25,4.35,6.34,6.78,15.01,7.01,5.15,12.45,5.28,5.28,11.61,6.32
Tandutinib,5.41,4.54,5.07,5.02,5.63,5.16,6.05,5.96,5.04,4.93,11.17,6.58,5.03,10.51,4.99,5.33,10.85,4.97
Ouabain,5.48,6.26,4.38,5.36,5.33,5.27,7.09,4.85,5.99,2.59,11.36,4.92,6.44,10.6,4.76,4.76,11.35,5.45
Testosterone,5.29,4.69,8.23,8.03,5.61,5.14,7.51,5.9,5.31,4.62,11.68,6.0,6.4,10.55,6.99,5.33,10.5,5.97
S-{2-[Amino(Dihydroxy)-Lambda~4~-Sulfanyl]Ethyl}-D-Cysteine,5.38,12.74,3.14,4.35,4.98,5.56,6.55,4.38,5.1,5.4,11.88,5.52,5.3,11.05,5.31,4.78,10.59,5.08
Riociguat,5.31,7.7,5.08,5.45,5.61,5.52,6.91,4.99,5.07,6.17,20.59,6.8,5.89,11.58,6.41,4.81,10.97,5.13
"4-(Aminosulfonyl)-N-[(2,4-Difluorophenyl)Methyl]-Benzamide",5.44,8.9,7.29,7.34,5.56,6.24,5.74,5.37,5.07,3.9,13.93,6.31,5.79,10.69,7.15,5.18,10.82,5.07
"5-(2-PHENYLPYRAZOLO[1,5-A]PYRIDIN-3-YL)-1H-PYRAZOLO[3,4-C]PYRIDAZIN-3-AMINE",5.42,4.8,6.03,6.77,5.53,6.13,6.32,5.74,5.12,5.84,12.55,7.32,5.85,11.6,6.22,4.99,10.96,5.06
Bromocriptine,5.44,5.56,6.43,5.22,5.7,5.3,8.36,4.64,5.14,4.03,13.61,6.54,5.86,11.11,6.28,4.86,10.57,5.2
Aminopterin,5.4,6.62,6.76,5.43,5.32,4.87,6.66,5.64,5.05,7.01,15.59,7.42,6.31,10.58,5.28,5.23,11.45,5.04
Treprostinil,5.47,5.89,5.55,6.22,5.72,5.26,7.44,4.51,5.1,6.9,13.1,6.33,6.31,13.08,5.7,4.85,10.63,5.1
4-(dimethylamino)-N-[7-(hydroxyamino)-7-oxoheptyl]benzamide,5.3,4.44,6.4,5.96,5.77,4.9,7.55,6.44,5.08,4.17,7.73,5.2,5.26,11.69,6.58,5.92,11.44,5.19
4-(5-Bromo-2-Oxo-2h-Indol-3-Ylazo)-Benzenesulfonamide,5.27,3.84,4.57,5.99,5.31,5.97,6.02,4.35,5.1,5.11,10.9,6.01,6.38,11.91,5.47,4.82,11.64,5.47
Ridaforolimus,5.44,8.25,6.83,5.98,5.29,5.11,6.99,6.72,5.54,7.71,10.87,6.66,6.44,11.46,8.18,5.19,10.91,5.66
Ado-P-Ch2-P-Ps-Ado,5.37,7.04,4.34,4.74,5.81,5.13,6.76,5.74,5.08,7.14,13.04,6.93,6.28,11.64,5.48,4.77,10.87,5.1
(S)-1-PHENYL-1-[4-(9H-PURIN-6-YL)PHENYL]METHANAMINE,5.41,4.95,4.09,4.94,5.81,5.48,7.01,4.33,5.06,3.42,10.39,7.47,5.54,11.98,4.99,4.68,11.51,5.1
2-[{4-[(2S)-2-{[(Allyloxy)carbonyl]amino}-3-({4-[3-hydroxy-2-(methoxycarbonyl)phenoxy]butyl}amino)-3-oxopropyl]phenyl}(carboxycarbonyl)amino]benzoicacid,5.41,5.04,5.89,5.1,5.38,5.81,5.97,4.92,5.1,7.84,12.44,7.21,6.54,11.76,5.91,6.11,10.79,5.18
"(2S)-1-(Dimethylamino)-3-(4-{[4-(2-methylimidazo[1,2-a]pyridin-3-yl)-2-pyrimidinyl]amino}phenoxy)-2-propanol",5.49,10.88,4.6,4.48,5.74,5.26,7.67,5.36,5.05,7.42,11.97,6.83,6.69,11.95,6.72,6.28,11.57,5.07
3-OXO-N-[(3S)-2-OXOPYRROLIDIN-3-YL]DODECANAMIDE,5.22,6.45,6.29,6.2,5.55,5.11,4.98,5.76,5.38,4.79,10.83,4.81,6.01,11.87,5.25,4.86,11.45,5.11
Carfilzomib,5.4,7.62,4.36,4.92,5.81,5.32,7.68,4.95,5.94,5.58,13.5,6.36,5.81,11.9,4.31,5.19,10.67,5.96
"(2S)-3-(1-{[2-(2-CHLOROPHENYL)-5-METHYL-1,3-OXAZOL-4-YL]METHYL}-1H-INDOL-5-YL)-2-ETHOXYPROPANOICACID",5.41,8.17,5.8,5.44,5.74,4.95,7.52,5.33,5.63,8.77,11.35,6.1,5.97,11.18,5.02,5.43,11.48,5.21
Dexanabinol,5.5,4.31,8.4,7.88,5.43,5.04,8.04,5.36,5.62,2.22,11.38,6.89,6.25,11.06,5.93,5.34,10.76,5.18
Methyltestosterone,5.29,8.19,7.68,7.26,5.64,5.16,7.44,6.0,5.24,5.97,9.98,6.03,6.35,10.72,6.94,5.26,10.91,5.78
CRA_10762,5.39,5.5,3.81,4.92,5.59,5.48,6.42,4.83,5.31,8.47,11.73,6.83,6.05,11.6,5.96,4.93,11.38,5.1
"2-(Oxalyl-Amino)-4,5,6,7-Tetrahydro-Thieno[2,3-C]Pyridine-3-CarboxylicAcid",5.46,6.79,6.25,6.01,5.51,5.14,5.58,4.43,6.01,6.44,8.26,6.19,6.37,12.08,5.2,4.85,11.66,5.26
Rufinamide,5.29,8.13,4.57,4.36,5.51,5.37,4.44,4.78,5.07,6.81,13.72,6.38,5.83,12.36,4.88,4.93,11.33,5.04
PROGESTERONE-11-ALPHA-OL-HEMISUCCINATE,5.42,8.21,6.05,4.87,5.56,5.22,7.3,5.76,5.54,5.74,13.8,6.7,6.43,10.89,4.44,5.28,11.52,5.78
Pentazocine,5.33,3.63,7.56,6.79,5.99,5.11,7.18,5.4,5.79,3.35,11.62,6.04,6.0,11.55,6.68,5.33,11.51,5.31
Rokitamycin,5.4,3.26,6.23,6.87,5.39,4.97,6.9,6.7,5.29,6.08,17.53,6.45,6.23,10.91,6.01,5.1,10.79,5.84
Gestrinone,5.41,4.32,7.78,7.07,6.87,5.24,7.61,5.87,5.21,7.14,10.26,7.35,6.3,11.68,6.36,5.63,11.35,6.01
"4-[(7-OXO-7H-THIAZOLO[5,4-E]INDOL-8-YLMETHYL)-AMINO]-N-PYRIDIN-2-YL-BENZENESULFONAMIDE",5.38,4.82,4.34,6.04,5.43,4.99,6.99,5.1,5.06,3.87,11.29,7.01,6.68,11.9,6.17,4.94,12.3,5.11
Ajmaline,5.51,6.8,5.79,4.78,5.93,5.56,6.01,4.49,6.2,5.92,5.66,6.61,6.42,12.78,7.47,5.53,11.67,5.86
"Sar9,Met(O2)11-SubstanceP",5.39,2.47,6.75,6.81,6.0,5.13,7.64,4.45,5.12,7.96,14.39,7.1,5.93,12.2,5.77,5.19,11.13,5.18
Azimilide,5.45,2.97,4.89,6.22,5.59,5.06,6.47,4.7,5.9,5.6,10.97,6.44,5.78,11.91,5.55,5.16,10.95,5.8
PX-478,5.29,2.37,4.97,3.8,5.19,4.85,7.07,3.96,5.31,3.05,14.85,5.97,6.09,11.54,4.89,4.73,11.69,5.12
Lisuride,5.37,14.5,5.32,5.8,5.56,5.07,6.21,5.39,5.79,5.66,16.03,7.04,5.17,11.61,5.98,4.77,10.6,5.26
Osimertinib,5.42,9.31,6.18,5.04,5.5,5.1,6.42,5.96,5.08,2.81,8.45,6.59,6.85,12.21,6.0,5.18,11.66,5.04
Otamixaban,5.38,4.9,5.54,4.93,5.72,6.09,6.96,4.94,5.12,7.14,11.09,6.39,6.02,11.02,5.86,5.67,11.49,5.15
2-(hydrazinocarbonyl)-3-phenyl-1H-indole-5-sulfonamide,5.46,6.32,4.84,6.66,5.56,6.01,6.42,4.64,5.3,8.03,12.76,6.41,6.08,11.7,5.82,4.79,11.43,5.87
"2-{[(6-OXO-1,6-DIHYDROPYRIDIN-3-YL)METHYL]AMINO}-N-[4-PROPYL-3-(TRIFLUOROMETHYL)PHENYL]BENZAMIDE",5.39,5.93,6.28,6.64,5.6,5.0,5.54,5.93,5.07,7.03,13.71,6.37,5.12,11.08,5.63,5.92,10.67,5.07
Lasmiditan,5.38,9.73,6.54,5.56,5.55,6.27,5.8,5.05,5.06,13.82,12.68,6.47,6.52,10.89,7.47,5.45,11.34,5.1
S-3-(4-FLUOROPHENOXY)-2-HYDROXY-2-METHYL-N-[4-NITRO-3-(TRIFLUOROMETHYL)PHENYL]PROPANAMIDE,5.42,6.04,5.94,5.46,5.63,5.28,6.57,6.15,5.22,2.57,12.93,6.88,6.18,11.79,4.42,4.95,10.52,5.08
CRA_17312,5.46,5.38,4.31,4.58,5.41,5.71,7.05,4.65,5.09,7.31,8.66,7.2,6.14,11.58,5.9,4.95,10.67,5.09
Semaxanib,5.39,11.55,5.99,5.34,5.81,5.06,6.93,4.55,5.76,4.73,13.26,6.06,5.14,13.32,5.03,5.45,11.72,5.79
Phosphomethylphosphonicacidguanosylester,5.41,2.5,4.49,4.47,5.05,5.1,6.37,4.87,5.61,4.91,18.07,5.5,6.05,10.32,5.05,4.74,11.05,5.73
Oxytetracycline,5.38,3.73,5.76,6.32,5.55,5.24,5.83,4.73,5.1,4.0,12.57,7.01,5.81,11.74,6.82,5.06,11.58,5.22
Oxacillin,5.49,5.95,6.02,6.07,5.48,5.8,6.21,4.73,5.72,4.99,11.34,6.9,6.28,11.92,5.65,4.74,11.3,5.29
Mesoridazine,5.41,2.77,5.53,6.04,5.61,5.44,6.73,6.36,5.05,3.98,10.58,6.85,6.75,12.1,3.91,5.7,11.24,5.14
Pholcodine,5.37,2.92,5.54,4.41,5.58,5.24,6.98,5.29,5.1,7.82,12.67,7.15,5.92,12.27,6.11,4.76,11.36,5.23
Fluvastatin,5.32,6.03,4.76,5.05,6.0,5.04,5.88,4.93,5.96,7.77,12.66,5.9,6.59,12.0,5.88,5.41,11.24,5.42
"(2S,3S)-3-FORMYL-2-({[(4-NITROPHENYL)SULFONYL]AMINO}METHYL)PENTANOICACID",5.38,5.46,4.39,4.29,5.54,6.81,6.76,4.47,5.29,5.17,23.89,5.15,6.09,11.86,4.3,4.94,11.17,5.91
Estradiol,5.27,6.99,8.38,7.83,6.04,5.09,7.96,6.58,5.06,7.43,19.72,6.32,6.14,10.18,6.96,5.46,11.33,5.29
Triazolam,5.42,2.72,8.73,7.36,5.18,5.37,7.17,4.66,5.06,6.26,13.47,6.38,6.18,11.57,6.06,4.9,11.59,5.08
(2R)-2-Acetamido-3-(octadecyloxy)propyl2-(methylsulfanyl)ethylhydrogenphosphate,5.36,5.32,6.65,6.52,5.51,5.24,6.0,4.34,5.1,7.21,13.26,6.03,6.13,10.81,5.57,4.78,10.66,5.09
Methacrylyl-CoenzymeA,5.44,22.63,5.33,5.57,5.81,5.32,6.17,4.5,5.1,22.05,11.55,7.49,6.34,11.75,5.22,4.78,11.11,5.08
Deoxyuridinemonophosphate,5.41,6.07,5.67,4.5,5.14,5.04,5.9,5.01,5.37,6.15,11.16,4.84,6.74,10.59,4.19,4.8,11.03,5.31
"1-BENZYL-4-[(5,6-DIMETHOXY-1-INDANON-2-YL)METHYL]PIPERIDINE",5.43,2.62,5.74,5.92,5.92,5.42,6.26,5.92,5.06,4.73,11.23,5.67,6.24,11.54,6.51,4.93,10.75,5.22
1-(4-Amidinophenyl)-3-(4-Chlorophenyl)Urea,5.5,5.07,5.44,4.78,5.03,4.94,5.66,4.64,5.08,8.35,11.99,6.38,5.91,11.62,4.08,4.85,11.3,5.04
AV-412,5.45,5.77,4.98,5.14,5.9,5.05,6.49,7.22,5.07,6.64,13.9,6.34,5.35,11.85,6.04,5.1,11.15,5.02
N-cyclopropyl-4-methyl-3-{2-[(2-morpholin-4-ylethyl)amino]quinazolin-6-yl}benzamide,5.43,8.17,5.01,6.43,5.63,5.47,6.21,5.11,5.04,3.03,8.93,6.43,5.75,11.68,5.46,5.22,11.46,5.1
Thymidinemonophosphate,5.38,12.03,5.23,4.61,5.31,5.16,5.45,5.95,5.6,5.2,14.77,6.28,6.68,10.55,4.88,4.85,11.03,5.7
6-[(Z)-Amino(Imino)Methyl]-N-[4-(Aminomethyl)Phenyl]-4-(Pyrimidin-2-Ylamino)-2-Naphthamide,5.44,6.18,5.99,5.25,5.77,4.92,7.86,4.76,5.04,5.42,14.22,6.06,5.16,12.78,6.21,5.33,11.43,5.04
Methysergide,5.38,5.42,6.44,6.75,6.06,5.45,5.53,5.81,5.64,5.92,11.56,7.56,5.12,11.56,5.45,4.99,10.64,5.18
Denufosol,5.4,9.36,4.51,4.62,5.64,5.17,6.75,4.5,5.12,10.93,13.46,6.83,6.76,11.28,5.03,4.74,11.45,5.13
Ticalopride,5.48,4.18,8.59,7.65,5.76,5.9,6.27,4.95,5.14,2.99,12.58,6.14,5.1,11.01,6.8,4.99,11.26,5.13
Fidaxomicin,5.4,6.28,4.81,5.67,5.6,4.98,6.78,5.3,5.19,11.2,22.8,7.17,5.55,10.72,5.84,5.71,11.05,5.41
Codeine,5.4,10.59,5.74,4.67,5.62,5.17,7.33,5.11,5.23,6.07,14.52,6.0,5.94,12.2,6.02,4.76,11.29,5.48
"N-(dibenzo[b,d]thiophen-3-ylsulfonyl)-L-valine",5.48,5.43,4.66,4.19,5.41,6.84,6.88,5.06,5.36,2.03,10.16,6.24,6.27,11.9,4.94,5.03,10.74,5.42
Ebastine,5.35,6.37,4.29,4.74,5.43,5.61,6.24,4.38,5.08,16.53,57.95,7.16,5.66,11.49,5.03,5.09,11.51,5.13
Galactose-uridine-5'-diphosphate,5.42,4.41,4.61,4.58,5.38,5.16,7.24,4.12,5.89,7.29,14.08,5.48,6.62,10.38,4.06,4.57,10.77,5.21
N6-BenzylAdenosine-5'-Diphosphate,5.38,2.94,4.95,4.94,5.69,5.4,5.85,5.07,5.1,7.91,5.62,6.94,6.71,10.8,5.14,4.45,10.6,5.11
"(5S)-5-(2-amino-2-oxoethyl)-4-oxo-N-[(3-oxo-3,4-dihydro-2H-1,4-benzoxazin-6-yl)methyl]-3,4,5,6,7,8-hexahydro[1]benzothieno[2,3-d]pyrimidine-2-carboxamide",5.51,6.42,4.69,5.71,5.41,5.43,6.12,5.46,5.29,5.58,11.98,6.17,6.65,11.0,5.95,4.85,11.36,5.24
Talinolol,5.5,5.73,5.15,4.94,6.15,5.54,7.04,5.97,5.08,6.77,22.82,5.37,6.25,11.72,5.08,4.85,10.62,5.1
5-HYDROXY-3-[(1R)-1-(1H-PYRROL-2-YL)ETHYL]-2H-INDOL-2-ONE,5.36,7.49,3.44,4.07,5.49,5.6,6.11,4.39,5.69,2.42,28.52,6.55,6.71,11.45,6.44,5.03,11.94,5.36
5-[(2-methyl-5-{[3-(trifluoromethyl)phenyl]carbamoyl}phenyl)amino]pyridine-3-carboxamide,5.42,8.49,6.18,6.28,5.55,4.96,6.65,5.39,5.05,6.38,15.8,7.26,5.14,11.89,5.07,5.45,11.27,5.02
Vismodegib,5.39,3.34,4.69,4.82,5.53,6.29,6.96,4.87,5.07,6.63,12.01,6.87,6.48,11.78,4.68,5.09,10.94,5.19
(1S)-2-(1H-INDOL-3-YL)-1-[({5-[(E)-2-PYRIDIN-4-YLVINYL]PYRIDIN-3-YL}OXY)METHYL]ETHYLAMINE,5.37,5.36,5.72,5.86,6.15,5.14,6.51,5.33,5.52,4.04,11.76,6.33,5.36,11.79,6.0,5.35,11.31,5.74
"2,2,2-TRIFLUORO-1-{5-[(3-PHENYL-5,6-DIHYDROIMIDAZO[1,2-A]PYRAZIN-7(8H)-YL)CARBONYL]THIOPHEN-2-YL}ETHANE-1,1-DIOL",5.42,4.81,5.85,6.43,5.45,5.19,7.71,5.09,5.08,3.06,10.03,6.97,5.91,11.12,5.4,5.31,10.74,5.12
4-[4-(4-Methyl-2-Methylamino-Thiazol-5-Yl)-Pyrimidin-2-Ylamino]-Phenol,5.35,5.24,5.8,6.33,5.63,5.65,5.4,4.8,5.04,6.47,15.81,7.62,6.37,12.83,6.15,5.19,11.74,5.07
"(3r)-4-(P-Toluenesulfonyl)-1,4-Thiazane-3-Carboxylicacid-L-PhenylalanineEthylEster",5.35,5.5,4.59,5.89,5.93,6.75,6.27,4.39,5.37,5.78,11.07,5.07,6.06,11.37,4.92,5.03,11.53,5.79
"(4R)-7,8-dichloro-1',9-dimethyl-1-oxo-1,2,4,9-tetrahydrospiro[beta-carboline-3,4'-piperidine]-4-carbonitrile",5.28,5.22,6.42,5.59,5.45,4.94,6.22,4.62,5.41,15.48,10.98,6.63,5.64,11.53,7.34,4.82,11.26,5.56
"N-[3-[[4-[(5-CHLORO-1,3-BENZODIOXOL-4-YL)AMINO]PYRIMIDIN-2-YL]AMINO]PHENYL]METHANESULFONAMIDE",5.31,4.8,7.19,7.06,5.98,5.19,7.51,5.65,5.11,3.82,7.19,6.36,6.77,12.43,6.51,4.93,10.8,5.2
N-[4-Methyl-3-[[4-(3-Pyridinyl)-2-Pyrimidinyl]Amino]Phenyl]-3-Pyridinecarboxamide,5.38,8.45,5.01,5.0,5.57,5.28,6.46,4.32,5.05,1.87,11.28,6.5,5.08,12.17,4.99,4.85,11.13,5.02
Ulixertinib,5.4,2.6,6.78,6.76,5.94,6.19,5.96,6.4,5.16,3.36,12.03,7.25,6.35,11.76,6.11,5.9,11.57,5.11
Carboxyatractyloside,5.43,16.03,5.69,5.93,5.55,5.09,8.23,5.25,5.19,22.6,6.06,7.21,6.48,10.61,7.04,5.6,11.21,5.19
(S)-N-(1-(3-CHLORO-4-FLUOROPHENYL)-2-HYDROXYETHYL)-4-(4-(3-CHLOROPHENYL)-1H-PYRAZOL-3-YL)-1H-PYRROLE-2-CARBOXAMIDE,5.43,2.85,4.46,4.68,5.85,6.13,6.65,5.89,5.06,3.83,11.7,6.64,6.26,11.78,5.99,5.79,11.55,5.05
(2S)-1-{4-[(4-Anilino-5-bromo-2-pyrimidinyl)amino]phenoxy}-3-(dimethylamino)-2-propanol,5.43,5.85,5.2,5.34,5.97,5.28,6.66,7.06,5.09,6.11,11.84,6.85,6.46,12.89,5.93,6.35,11.72,5.14
Rosoxacin,5.45,5.05,3.48,5.99,5.34,4.89,5.13,4.46,5.07,4.29,10.38,5.45,6.57,11.69,4.4,4.69,11.38,5.12
"(3Z)-1-[(6-fluoro-4H-1,3-benzodioxin-8-yl)methyl]-4-[(E)-2-phenylethenyl]-1H-indole-2,3-dione3-oxime",5.41,5.87,6.38,6.24,5.41,5.3,7.58,5.2,5.29,16.65,15.18,6.63,6.49,11.34,6.16,5.19,11.46,5.28
"(4R,2S)-5'-(4-(4-CHLOROBENZYLOXY)PYRROLIDIN-2-YLMETHANESULFONYL)ISOQUINOLINE",5.43,2.72,7.17,6.51,5.66,5.54,6.8,5.25,5.07,4.24,11.32,7.08,6.48,11.46,4.73,5.54,11.32,5.08
"Hydroxy(oxo)(2-{(1S)-2,2,2-trifluoro-1-[2-(trimethylarsonio)ethoxy]ethyl}phenyl)ammonium",5.37,5.98,4.52,4.48,5.54,5.25,7.86,4.47,5.16,6.4,19.31,6.27,6.02,11.33,4.51,5.8,11.08,5.32
"4-(Aminosulfonyl)-N-[(2,3,4-Trifluorophenyl)Methyl]-Benzamide",5.46,7.16,7.29,7.45,5.55,6.29,5.74,5.51,5.06,6.98,16.03,7.35,5.83,11.07,7.13,5.28,10.63,5.07
Deamido-Nad+,5.29,5.0,5.52,5.58,5.71,5.31,6.9,4.95,5.12,8.06,14.06,7.15,6.55,11.01,5.59,4.61,11.13,5.18
PR-104,5.39,6.98,6.45,5.51,5.56,4.98,6.01,4.58,5.09,5.73,14.04,5.68,6.64,11.47,4.09,4.79,10.93,5.85
"8-BENZO[1,3]DIOXOL-,5-YLMETHYL-9-BUTYL-9H-",5.24,4.77,6.99,5.3,5.32,5.17,5.44,4.61,5.09,6.07,13.02,6.1,6.08,11.51,5.01,5.02,11.27,5.07
Andrographolide,5.42,2.41,6.53,5.89,5.24,5.17,6.7,4.29,5.27,3.72,11.69,6.68,6.71,11.53,3.91,4.68,10.75,5.19
"9-Butyl-8-(2,5-Dimethoxy-Benzyl)-2-Fluoro-9h-Purin-6-Ylamine",5.31,12.1,5.03,4.2,5.46,5.25,7.11,5.61,5.07,3.53,8.37,6.02,5.94,11.69,5.0,5.16,11.44,5.04
Ridogrel,5.47,5.7,5.0,4.45,5.51,5.23,5.69,4.6,5.06,5.69,18.26,5.76,5.77,11.58,4.76,5.07,11.32,5.08
"N'-(Pyrrolidino[2,1-B]Isoindolin-4-On-8-Yl)-N-(Pyridin-2-Yl)Urea",5.42,5.81,4.97,5.26,5.67,5.39,6.38,4.47,5.09,2.64,10.35,6.46,5.98,12.4,5.86,4.74,11.12,5.1
"6-hydroxy-1,6-dihydropurinenucleoside",5.41,11.32,4.18,3.8,5.31,5.07,5.48,3.9,5.75,9.99,5.22,6.27,6.01,10.6,4.97,4.36,10.6,5.47
Plazomicin,5.39,2.15,4.74,5.17,5.02,4.93,6.07,5.7,5.39,4.03,11.75,6.3,6.31,10.8,4.65,5.33,11.22,5.51
"2-[5-Methanesulfonylamino-2-(4-Aminophenyl)-6-Oxo-1,6-Dihydro-1-Pyrimidinyl]-N-(3,3,3-Trifluoro-1-Isopropyl-2-Oxopropyl)Acetamide",5.39,4.01,5.99,6.15,5.56,5.72,5.59,4.76,5.08,5.13,21.64,7.07,6.11,11.53,4.76,5.06,11.33,5.08
"PYRIMIDINE-4,6-DICARBOXYLICACIDBIS-(4-FLUORO-3-METHYL-BENZYLAMIDE)",5.34,5.96,5.33,4.71,5.43,4.86,7.11,5.34,5.05,7.32,10.54,6.79,5.93,10.71,4.87,4.97,11.35,5.06
Estradiolvalerate,5.26,5.41,7.6,7.26,5.75,5.37,7.59,5.41,5.09,3.32,10.11,6.73,6.52,11.65,6.41,5.05,11.07,5.38
Firocoxib,5.39,6.88,5.64,4.51,5.42,5.64,6.02,5.45,5.17,4.36,12.55,5.96,6.31,11.83,4.11,4.92,10.92,5.91
5-[3-(BENZYLAMINO)PHENYL]-4-BROMO-3-(CARBOXYMETHOXY)THIOPHENE-2-CARBOXYLICACID,5.31,4.84,6.05,5.02,5.47,5.27,5.87,4.19,5.07,5.61,13.93,5.68,6.75,11.36,5.98,4.86,11.58,5.14
2-((9H-PURIN-6-YLTHIO)METHYL)-5-CHLORO-3-(2-METHOXYPHENYL)QUINAZOLIN-4(3H)-ONE,5.29,6.35,5.4,5.91,5.19,5.0,5.64,4.48,5.24,5.08,10.81,6.93,6.33,11.77,5.68,4.43,11.32,5.23
Fexofenadine,5.42,5.8,5.66,5.39,5.67,6.33,5.78,4.84,5.18,6.19,11.81,7.9,5.33,10.68,4.34,4.77,11.54,5.51
Dorzolamide,5.41,6.54,8.85,8.75,6.1,5.2,7.21,6.56,5.18,9.17,13.45,7.64,6.55,11.67,8.84,5.31,10.74,5.18
Acetoacetyl-CoA,5.42,6.24,5.3,5.41,5.82,5.12,6.01,4.49,5.1,6.2,12.52,7.45,6.39,11.85,5.35,4.75,11.13,5.07
N-{[4-(but-2-yn-1-yloxy)phenyl]sulfonyl}-5-methyl-D-tryptophan,5.41,3.49,5.03,6.22,5.56,6.65,6.42,5.96,5.1,5.21,15.63,6.73,6.51,10.97,4.85,4.81,10.93,5.1
1-[N-4'-NITROBENZYL-N-4'-CARBOXYBUTYLAMINO]METHYLPHOSPHONICACID,5.42,4.1,4.3,4.16,5.43,4.87,6.78,4.62,5.28,6.48,10.88,6.43,5.57,11.65,4.12,4.71,11.4,5.91
Tafenoquine,5.44,6.04,6.94,5.43,5.77,4.93,7.65,6.84,5.09,6.61,19.46,6.96,6.41,11.82,5.16,5.52,11.09,5.1
"2,6,8-Trimethyl-3-Amino-9-Benzyl-9-MethoxynonanoicAcid",5.35,5.33,6.21,5.78,5.8,5.42,5.59,4.38,5.62,18.73,8.74,6.31,6.22,10.64,5.01,4.69,10.6,5.51
L-N(omega)-nitroarginine-(4R)-amino-L-prolineamide,5.41,7.79,5.65,3.94,5.56,5.05,7.32,4.21,5.43,7.11,10.11,6.42,5.58,10.83,4.78,4.69,10.7,5.18
Cefalotin,5.39,4.76,5.28,5.1,5.58,4.94,6.42,4.07,5.42,2.64,22.89,5.85,6.18,11.98,5.08,4.06,11.47,5.29
Carbenicillin,5.46,9.06,4.81,6.17,5.64,6.17,6.35,4.41,5.35,11.45,16.78,6.23,6.28,11.73,5.75,5.0,10.82,5.79
Cefacetrile,5.4,4.58,4.87,5.78,5.56,5.07,6.57,4.21,5.31,6.19,16.43,6.0,6.15,11.56,5.2,4.65,11.32,5.29
TAS-108,5.38,6.25,5.76,6.15,5.51,5.17,7.71,5.68,5.09,7.12,11.22,6.35,6.7,11.6,6.59,5.11,11.26,5.47
Sri-9662,5.38,3.56,5.0,5.48,5.64,5.09,6.18,6.12,5.07,2.39,9.31,6.67,6.32,11.87,5.99,5.3,10.79,5.05
CarboxymycobactinT,5.47,5.57,4.47,4.67,5.51,6.1,6.78,5.52,5.73,5.55,13.95,7.61,5.99,13.06,7.09,4.96,11.12,5.98
"1-METHYL-3-TRIFLUOROMETHYL-1H-THIENO[2,3-C]PYRAZOLE-5-CARBOXYLICACID(2-MERCAPTO-ETHYL)-AMIDE",5.43,9.01,5.95,5.85,5.44,5.02,7.37,4.97,5.36,12.35,10.2,6.99,5.84,10.66,5.99,4.84,11.19,5.14
Fluprednisolone,5.41,13.19,6.43,6.48,6.09,5.01,7.1,6.2,6.4,6.19,15.99,7.12,6.13,11.61,7.35,5.28,11.39,5.79
Lumichrome,5.44,6.74,4.23,3.78,5.13,5.48,6.2,4.2,5.11,5.29,21.61,5.89,6.19,11.6,5.15,4.7,11.44,5.15
N-cyclopropyl-4-methyl-3-[1-(2-methylphenyl)phthalazin-6-yl]benzamide,5.41,5.42,5.86,5.62,5.51,5.19,7.69,4.73,5.06,8.23,12.39,7.06,5.93,11.24,5.11,4.91,10.84,5.13
AL5927,5.39,4.77,7.98,7.65,5.54,5.1,6.84,6.41,5.07,7.04,9.04,6.74,6.04,11.79,7.29,5.43,10.76,5.06
"N-(2,3,4,5,6-Pentaflouro-Benzyl)-4-Sulfamoyl-Benzamide",5.44,6.79,7.13,7.16,5.54,6.2,5.92,4.59,5.05,8.32,21.21,7.77,5.74,11.24,6.82,4.76,11.09,5.09
Clofarabine,5.32,5.86,4.18,4.15,5.61,5.05,5.2,4.76,5.26,5.49,12.32,6.88,6.26,10.7,5.25,4.75,11.56,5.29
"2-Amino-3-(3-Hydroxy-7,8-Dihydro-6h-Cyclohepta[D]-4-Isoxazolyl)PropionicAcid",5.24,4.45,4.28,4.15,5.58,5.2,4.32,4.05,5.48,3.98,10.56,6.83,6.33,11.72,6.04,4.75,10.63,5.25
"4-{[5-(CYCLOHEXYLAMINO)[1,2,4]TRIAZOLO[1,5-A]PYRIMIDIN-7-YL]AMINO}BENZENESULFONAMIDE",5.33,2.17,6.45,5.28,5.53,6.83,6.59,4.94,5.07,4.92,13.31,6.06,6.73,12.62,4.99,5.18,10.62,5.25
CARBOBENZYLOXY-(L)-LEUCINYL-(L)LEUCINYLMETHOXYMETHYLKETONE,5.38,2.89,3.77,4.14,5.84,5.44,5.46,4.97,5.09,2.77,11.42,6.28,6.5,11.55,5.21,5.26,10.8,5.04
Selenazole-4-carboxyamide-adeninedinucleotide,5.38,5.09,5.02,4.95,5.78,6.22,7.17,5.99,5.09,5.82,14.64,7.17,6.07,11.66,5.97,5.01,11.23,5.08
"7-(5-DEOXY-BETA-D-RIBOFURANOSYL)-5-IODO-7H-PYRROLO[2,3-D]PYRIMIDIN-4-AMINE",5.34,5.74,4.04,3.88,5.44,5.13,5.76,6.53,5.3,5.04,28.19,6.22,6.51,11.62,6.18,4.93,11.07,5.51
Thymectacin,5.45,5.7,5.55,4.59,5.83,5.17,6.54,5.09,5.22,5.57,16.31,6.76,5.93,10.73,5.66,4.6,11.46,5.81
CRA_10972,5.38,5.47,5.56,6.62,5.66,5.19,7.41,4.72,5.31,5.36,11.76,7.0,6.59,11.66,5.93,5.12,11.3,5.08
Tenofoviralafenamide,5.32,6.69,5.69,5.57,5.84,5.48,7.01,4.65,5.07,7.67,11.91,7.34,6.15,11.26,4.74,4.61,11.38,5.09
"2-(Beta-D-Glucopyranosyl)-5-Methyl-1,3,4-Benzothiazole",5.38,2.43,5.24,3.88,5.53,5.38,6.37,3.9,5.33,5.37,11.67,5.15,5.78,10.54,4.06,4.57,11.33,5.1
"3-({4-[(5-chloro-1,3-benzodioxol-4-yl)amino]pyrimidin-2-yl}amino)benzenesulfonamide",5.36,11.46,6.82,7.1,6.28,6.31,6.86,5.63,5.23,5.95,14.59,6.32,6.61,12.37,6.21,5.46,10.87,5.32
Di-Stearoyl-3-Sn-Phosphatidylcholine,5.44,3.96,7.15,6.94,5.34,5.23,8.28,5.23,5.25,5.93,16.33,6.39,6.45,11.67,7.01,5.16,10.69,5.1
"(2S,3S,4E,6E,8S,9S)-3-amino-9-methoxy-2,6,8-trimethyl-10-phenyldeca-4,6-dienoicacid",5.27,9.31,4.87,5.54,5.57,5.42,5.49,4.16,5.77,5.55,18.67,5.51,6.14,11.72,4.42,4.54,10.65,5.54
Docetaxel,5.34,6.13,5.09,5.36,5.42,6.05,7.65,6.11,5.15,5.61,11.33,7.29,6.02,11.15,6.01,5.74,10.67,5.22
3-Hydroxybutyryl-CoenzymeA,5.41,7.9,5.37,5.59,5.82,5.13,6.17,4.58,5.09,4.76,7.38,7.34,6.35,11.83,5.43,4.76,11.03,5.06
"3-(3,5-Dibromo-4-Hydroxy-Benzoyl)-2-Ethyl-Benzofuran-6-SulfonicAcidDimethylamide",5.39,7.51,4.74,5.39,5.32,5.07,6.76,5.51,5.08,6.56,4.6,7.33,6.34,11.64,6.16,5.2,11.38,5.13
"[1-(1-Methyl-4,5-Dioxo-Pent-2-Enylcarbamoyl)-2-Phenyl-Ethyl]-CarbamicAcidBenzylEster",5.35,8.47,3.99,4.32,5.66,5.25,7.14,4.59,5.19,9.03,13.36,6.19,6.13,12.33,6.08,5.61,11.13,5.13
"2,4-Diamino-6-[N-(2',5'-Dimethoxybenzyl)-N-Methylamino]Quinazoline",5.33,10.65,5.44,4.43,5.55,5.23,6.97,7.15,5.08,4.9,20.02,6.74,5.75,11.55,5.03,6.11,10.79,5.05
"(4aS)-5-[(2,4-diaminopteridin-6-yl)methyl]-4a,5-dihydro-2H-dibenzo[b,f]azepin-8-ol",5.39,3.59,5.7,5.27,5.29,5.04,7.45,5.01,5.03,5.63,9.12,8.02,6.17,10.84,6.94,5.13,11.55,5.12
Radezolid,5.39,1.44,5.88,5.0,5.5,5.54,7.35,4.6,5.3,2.96,9.47,7.8,6.16,11.45,5.0,4.64,11.51,5.18
Carba-nicotinamide-adenine-dinucleotide,5.44,3.6,5.65,5.83,5.87,5.84,6.58,5.21,5.09,3.02,13.87,7.25,6.54,11.52,5.97,4.8,11.06,5.14
Ceftibuten,5.37,10.33,5.26,5.02,5.47,5.04,6.07,4.15,5.06,2.31,12.37,5.4,6.49,11.71,5.02,4.57,11.24,5.12
13-deoxydoxorubicin,5.43,7.02,3.61,4.35,5.39,5.09,6.98,4.37,5.22,7.82,12.76,6.3,5.99,12.06,5.98,4.94,11.48,5.47
Fluticasonepropionate,5.35,3.81,7.03,6.99,5.82,4.9,6.81,6.82,5.42,3.22,11.46,7.19,6.23,11.66,7.6,5.3,11.32,5.52
Flurandrenolide,5.43,4.46,5.67,4.77,5.44,5.2,7.26,5.27,6.51,4.79,10.45,6.55,6.24,11.1,7.04,4.99,11.21,6.16
Flupentixol,5.41,2.47,4.86,5.88,5.87,5.15,7.55,5.33,6.13,5.52,11.09,8.27,5.37,12.09,4.79,5.31,11.32,5.1
CRA_9785,5.37,2.69,4.87,4.45,5.5,5.63,6.67,4.91,5.09,3.73,15.65,6.71,5.82,11.79,4.89,4.93,11.58,5.08
Hexanoyl-CoA,5.41,4.5,5.36,5.38,5.83,5.1,6.16,4.47,5.15,2.77,13.31,6.98,6.34,11.87,5.29,4.82,10.99,5.07
S-P-Nitrobenzyloxycarbonylglutathione,5.26,6.04,4.05,5.03,5.51,4.93,6.95,4.22,5.09,10.85,14.19,5.63,6.54,12.54,5.02,5.49,11.26,5.06
Tmr,5.46,8.64,7.03,6.32,5.62,4.84,7.31,4.6,5.32,29.36,11.27,4.99,6.48,11.63,5.01,5.07,12.12,5.97
Cobimetinib,5.32,1.97,6.87,6.98,5.78,5.78,7.65,7.01,5.06,3.75,12.13,7.21,5.04,11.46,7.1,5.46,11.47,5.04
Brinzolamide,5.39,2.29,8.93,8.73,5.86,5.26,7.08,6.64,5.64,5.36,4.01,6.99,6.03,11.8,8.51,5.39,10.67,5.5
Famciclovir,5.35,6.84,6.57,6.08,5.43,4.97,6.04,4.18,5.8,4.31,17.79,5.04,6.64,10.81,4.69,4.95,11.07,5.78
Ezatiostat,5.36,8.78,3.89,5.75,5.67,5.74,7.15,4.67,5.13,6.76,15.28,5.62,5.99,11.93,4.19,5.06,10.82,5.14
(TERT-BUTYLOXYCARBONYL)-ALANYL-AMINOETHYL-FORMAMIDE,5.25,5.62,4.98,5.0,5.56,5.2,4.99,5.12,5.21,5.18,35.33,5.64,6.02,11.39,4.1,5.24,11.16,5.33
Bis(5-Amidino-2-Benzimidazolyl)MethaneKetoneHydrate,5.39,6.96,5.18,4.11,5.59,5.15,6.93,4.78,5.09,1.97,16.43,6.98,6.34,12.02,4.93,4.95,11.51,5.07
Trifluridine,5.45,10.61,4.13,4.51,5.06,5.18,4.4,5.82,6.03,15.58,9.68,5.65,6.48,10.66,4.49,4.81,11.43,5.64
(R)-3-hydroxydecanoyl-CoA,5.41,5.46,5.59,5.77,5.82,5.11,6.02,4.63,5.13,3.45,11.83,7.26,6.32,11.71,5.56,4.79,10.83,5.07
"Uridine-2',3'-vanadate",5.35,6.52,4.0,4.27,5.77,5.36,6.75,4.1,6.25,3.89,23.88,6.79,6.19,10.7,5.89,4.54,11.51,5.38
Ramosetron,5.32,5.06,4.61,4.82,5.8,5.28,5.91,4.57,5.08,6.7,11.87,8.07,5.38,11.48,4.81,4.7,11.02,5.22
Valsartan,5.21,3.34,7.14,6.91,5.82,5.59,7.07,4.22,5.15,3.17,13.39,5.91,5.93,11.53,5.47,5.54,10.75,5.22
"(5R)-2-[(2-Fluorophenyl)amino]-5-isopropyl-1,3-thiazol-4(5H)-one",5.31,3.18,5.44,6.02,5.66,5.25,4.79,5.12,5.16,4.82,14.11,6.9,6.14,11.71,4.44,5.16,11.3,5.18
Vardenafil,5.44,9.42,4.85,5.74,5.26,5.62,6.97,4.49,5.06,13.41,12.51,6.72,5.94,11.93,7.4,4.72,11.06,5.08
Roflumilast,5.24,7.27,6.55,6.47,6.91,5.09,6.24,6.41,5.06,5.33,18.11,6.47,5.73,11.41,4.43,5.48,11.45,5.24
Bis(5-Amidino-Benzimidazolyl)Methane,5.47,8.28,5.07,3.94,5.53,4.87,7.11,4.44,5.12,8.17,17.03,6.2,6.33,11.74,4.77,4.77,11.69,5.11
"6-ChloropurineRiboside,5'-Monophosphate",5.25,7.92,3.83,3.89,5.54,5.07,5.68,5.64,5.32,7.77,10.72,3.83,6.45,10.65,5.14,4.78,10.84,5.23
Mepenzolate,5.4,3.69,7.36,6.72,5.63,5.91,7.79,6.17,5.05,2.39,11.23,7.56,6.12,11.66,8.07,5.5,11.46,5.18
Adenosinephosphate,5.33,6.71,2.89,2.72,5.58,5.14,5.15,5.49,5.08,5.22,9.02,4.98,6.68,10.58,4.59,4.67,10.76,5.26
"4-{3-CHLORO-4-[3-(2,4-DICHLORO-BENZOYL)-UREIDO]-PHENOXY}-BUTYRICACID",5.43,3.87,4.77,5.85,5.82,5.01,5.7,5.44,5.07,4.56,18.19,5.43,6.23,11.5,5.03,4.65,11.24,5.11
"N(2)-carbamimidoyl-N-{2-[4-(3-{4-[(5-carboxyfuran-2-yl)methoxy]-2,3-dichlorophenyl}-1-methyl-1H-pyrazol-5-yl)piperidin-1-yl]-2-oxoethyl}-D-leucinamide",5.41,8.53,6.7,6.34,6.16,5.58,5.8,6.75,5.15,7.36,6.77,6.57,5.71,11.86,7.54,5.52,11.2,5.1
"N-{3-[5-(6-Amino-Purin-9-Yl)-3,4-Dihydroxy-Tetrahydro-Furan-2-Yl]-Allyl}-2,3-Dihydroxy-5-Nitro-Benzamide",5.37,6.6,5.71,6.8,5.67,5.4,6.23,6.06,5.07,2.95,11.25,7.01,6.78,11.12,5.04,5.18,11.37,5.14
Amelubant,5.38,19.15,5.32,6.02,5.25,5.13,6.26,5.2,5.59,5.48,10.94,6.11,5.22,11.32,5.35,5.01,11.53,5.19
"4-(Aminosulfonyl)-N-[(3,4,5-Trifluorophenyl)Methyl]-Benzamide",5.31,7.69,7.03,7.17,5.63,6.2,6.41,5.11,5.06,7.49,10.21,7.53,5.55,11.2,7.35,4.77,11.35,5.08
N-(Bromoacetyl)-beta-alanyl-N-(2-{4-[(carboxycarbonyl)amino]phenyl}ethyl)-L-serinamide,5.41,5.6,4.25,5.0,5.65,4.92,7.31,4.1,5.09,3.32,10.8,6.14,6.2,11.67,4.31,4.8,11.3,5.06
4-[(6-Amino-4-Pyrimidinyl)Amino]Benzenesulfonamide,5.4,6.36,6.15,5.92,5.61,4.99,5.81,5.2,5.08,3.66,11.28,4.99,6.32,10.63,4.62,5.03,11.09,5.16
"N'-(5-chloro-1,3-benzodioxol-4-yl)-N-(3-methylsulfonylphenyl)pyrimidine-2,4-diamine",5.36,7.85,6.51,6.38,6.28,6.31,6.91,5.4,5.23,5.61,10.7,6.64,6.72,11.24,6.15,5.11,10.75,5.24
"8-(2-Chloro-3,4,5-Trimethoxy-Benzyl)-9-Pent-4-Ylnyl-9h-Purin-6-Ylamine",5.29,6.29,6.22,6.53,5.43,5.63,6.77,4.74,5.07,3.6,14.39,6.69,6.35,11.46,4.96,4.78,11.14,5.06
"N-(2,6-Diflouro-Benzyl)-4-Sulfamoyl-Benzamide",5.45,5.76,7.21,7.44,5.53,6.29,5.89,4.97,5.05,6.48,12.55,6.46,5.81,10.65,7.05,4.88,10.9,5.06
Levonorgestrel,5.41,2.07,8.08,7.83,5.74,5.19,8.2,5.84,5.08,3.99,11.77,5.83,6.23,11.38,6.95,5.58,10.71,5.34
"4-[(4-O-SULFAMOYLBENZYL)(4-CYANOPHENYL)AMINO]-4H-[1,2,4]-TRIAZOLE",5.36,5.18,5.74,5.53,6.31,4.87,7.31,7.2,5.12,3.46,10.78,6.49,6.37,11.58,4.15,5.29,11.59,5.76
Micafungin,5.45,3.45,5.69,5.56,6.23,4.93,5.56,7.03,5.22,6.46,13.32,6.78,6.02,11.69,5.98,6.23,11.2,5.6
"(2S,3S)-3-FORMYL-2-({[(4-METHYLPHENYL)SULFONYL]AMINO}METHYL)PENTANOICACID",5.36,2.49,6.23,4.66,5.52,6.71,5.89,4.69,5.15,2.63,11.03,5.59,6.14,11.34,4.53,5.04,11.55,5.34
PurineRiboside-5'-Monophosphate,5.33,3.17,3.19,2.73,5.26,5.08,5.57,6.07,5.25,6.67,29.16,3.63,6.65,10.56,4.48,4.75,10.62,5.65
Lasofoxifene,5.34,9.95,6.39,6.59,5.7,5.68,7.94,5.99,5.11,5.67,16.65,6.92,6.34,12.17,4.98,4.99,11.7,5.47
"(S)-2-[(R)-3-amino-4-(2-fluorophenyl)butyryl]-1,2,3,4-tetrahydroisoquinoline-3-carboxamide",5.36,3.63,5.26,5.16,5.54,5.3,7.02,4.98,5.15,3.11,13.24,7.3,5.8,10.82,5.18,4.78,10.61,5.26
Etheno-NAD,5.45,8.95,5.74,5.69,5.6,5.91,6.15,5.15,5.08,7.52,10.67,7.27,6.04,10.72,5.88,4.99,10.86,5.09
"N~4~-(3-methyl-1H-indazol-6-yl)-N~2~-(3,4,5-trimethoxyphenyl)pyrimidine-2,4-diamine",5.21,5.56,6.72,6.47,5.66,5.07,7.62,4.61,5.13,6.95,11.26,6.37,6.43,12.85,5.06,5.11,11.5,5.09
Cabozantinib,5.37,11.12,6.73,5.56,5.97,5.5,8.5,5.27,5.28,9.98,35.87,6.47,5.23,11.27,4.99,6.19,11.01,5.02
"9-HYDROXY-4-PHENYL-6H-PYRROLO[3,4-C]CARBAZOLE-1,3-DIONE",5.37,8.69,5.56,5.7,5.86,5.09,6.66,4.93,5.7,3.76,8.84,6.27,6.06,11.08,6.12,4.9,11.56,5.45
5-androstenedione,5.21,7.36,6.57,6.43,5.52,5.04,7.0,4.98,5.26,3.49,11.98,6.36,6.24,10.78,5.25,4.84,11.11,5.25
N-({4-[(2-aminopyridin-4-yl)oxy]-3-fluorophenyl}carbamoyl)-2-(4-fluorophenyl)acetamide,5.3,2.72,6.59,5.61,5.8,5.06,6.98,4.73,5.09,7.7,13.22,5.71,6.3,11.66,6.25,5.02,11.54,5.11
Eslicarbazepineacetate,5.39,2.21,5.13,4.34,5.17,5.2,7.16,4.68,5.09,3.61,16.3,6.53,6.14,10.75,4.61,4.88,10.44,5.2
Segesteroneacetate,5.37,2.39,6.23,4.33,5.53,5.13,7.81,5.96,5.07,4.4,12.37,7.18,6.41,11.55,6.42,5.24,10.76,5.41
PPI-2458,5.38,7.51,4.23,4.12,5.8,4.92,8.01,5.79,5.12,3.9,16.25,6.83,6.54,11.02,5.62,5.59,10.53,5.14
Tamsulosin,5.37,5.98,8.61,8.13,5.52,5.08,7.38,5.2,5.07,5.98,13.65,7.14,5.85,11.63,7.45,5.13,10.55,5.15
D-1-(4-chlorophenyl)-2-(acetamido)ethaneboronicacid,5.26,9.61,5.53,5.37,5.64,5.03,5.79,4.79,5.07,4.78,15.05,6.46,5.66,11.49,4.08,5.23,11.04,5.05
Homatropine,5.37,9.56,6.18,5.63,5.56,5.97,6.86,4.82,5.11,3.81,11.62,7.83,6.52,11.4,4.79,5.0,11.47,5.16
S-(N-hydroxy-N-iodophenylcarbamoyl)glutathione,5.33,3.26,6.28,6.4,5.73,5.8,5.94,4.63,5.09,3.04,10.45,6.94,6.3,10.56,4.57,4.92,10.74,5.08
"2-[4-(DIMETHYLAMINO)PHENYL]-6-HYDROXY-3-METHYL-1,3-BENZOTHIAZOL-3-IUM",5.32,5.31,3.62,4.11,5.57,4.86,6.99,4.85,5.08,4.87,15.39,6.77,5.67,10.81,4.36,5.08,11.65,5.08
"2-[4-({[(3,5-DICHLOROPHENYL)AMINO]CARBONYL}AMINO)PHENOXY]-2-METHYLPROPANOICACID",5.45,3.35,4.83,4.32,5.59,5.06,5.15,4.46,5.08,6.75,11.99,6.83,6.18,11.7,4.32,5.1,11.35,5.07
7-methyl-5'-guanylicacid,5.37,7.31,5.25,4.06,5.05,5.24,5.58,4.84,6.06,2.74,7.9,6.39,6.25,10.44,5.23,5.09,11.17,5.83
Levofloxacin,5.4,4.53,4.69,5.76,5.53,5.04,6.88,5.03,5.22,5.12,15.01,7.4,6.67,11.3,5.78,4.81,11.0,5.13
2-[(3-Hydroxy-2-Methyl-5-Phosphonooxymethyl-Pyridin-4-Ylmethyl)-Imino]-5-Phosphono-Pent-3-EnoicAcid,5.38,3.1,4.7,4.52,5.35,5.08,6.14,4.54,5.08,3.71,12.1,3.54,6.62,12.46,5.47,4.81,11.52,5.11
Uridinediphosphateglucose,5.37,5.49,4.61,4.58,5.38,5.18,6.28,4.12,5.89,5.34,10.31,7.88,6.62,10.38,4.06,4.57,10.77,5.21
Uridine,5.39,9.22,4.24,4.23,4.97,5.15,5.96,3.48,6.38,4.69,11.26,4.62,6.69,10.51,4.16,4.48,10.58,5.74
Ibandronate,5.33,5.23,6.63,6.39,5.75,5.12,5.68,5.4,5.27,7.39,13.93,5.13,5.86,11.38,6.47,5.27,11.55,5.18
"4-(2-{[4-{[3-(4-Chlorophenyl)Propyl]Sulfanyl}-6-(1-Piperazinyl)-1,3,5-Triazin-2-Yl]Amino}Ethyl)Phenol",5.38,5.68,5.95,6.43,5.66,4.96,7.13,7.45,5.25,5.23,9.93,6.5,6.14,11.67,4.94,5.64,11.75,5.21
N-[2-(1-Formyl-2-Methyl-Propyl)-1-(4-Piperidin-1-Yl-but-2-Enoyl)-Pyrrolidin-3-Yl]-Methanesulfonamide,5.39,2.59,4.48,4.41,5.71,5.26,7.39,6.71,5.21,3.96,12.13,6.41,5.85,12.15,6.39,5.49,11.33,5.26
N-[(1R)-3-(4-HYDROXYPHENYL)-1-METHYLPROPYL]-2-(2-PHENYL-1H-INDOL-3-YL)ACETAMIDE,5.37,8.64,6.85,6.0,5.51,4.97,6.09,4.61,5.09,8.91,13.42,7.17,5.19,11.72,5.37,5.24,10.74,5.09
8-Bromo-Adenosine-5'-Monophosphate,5.31,2.69,3.17,2.74,5.7,4.95,5.66,4.6,5.08,3.39,13.51,4.51,6.7,11.15,4.85,4.74,10.99,5.24
BrequinarAnalog,5.36,9.75,3.95,5.45,5.71,5.72,7.07,4.58,5.1,3.17,8.53,7.19,6.32,11.71,6.02,4.89,11.51,5.13
Brexpiprazole,5.42,7.8,6.01,5.31,7.04,5.54,7.07,5.57,5.23,8.14,12.95,5.74,6.07,12.21,5.48,5.11,10.86,5.11
Amcinonide,5.35,5.96,7.91,6.53,5.46,4.88,5.98,5.19,5.94,5.04,11.36,6.32,6.18,10.97,6.01,5.19,10.62,5.56
Ofloxacin,5.39,9.26,4.69,5.76,5.53,5.1,6.91,5.03,5.22,5.05,11.77,7.12,6.67,11.3,5.78,4.81,11.0,5.13
"(2R,3R,4S)-3-(4-HYDROXYPHENYL)-4-METHYL-2-[4-(2-PYRROLIDIN-1-YLETHOXY)PHENYL]CHROMAN-6-OL",5.36,7.63,6.32,4.78,5.38,5.24,7.36,7.04,5.19,7.95,17.22,6.46,6.66,11.77,6.45,4.68,11.69,5.24
EM-1745,5.23,6.83,7.32,7.13,5.54,5.16,6.61,5.43,5.09,4.57,10.99,7.15,6.68,10.83,5.11,4.93,11.06,5.15
Nevirapine,5.38,1.77,3.92,4.25,5.61,4.92,7.03,5.0,5.3,5.34,12.05,6.83,6.25,11.81,5.92,5.09,11.61,5.59
Meloxicam,5.34,4.14,6.24,6.5,5.53,5.5,5.13,4.47,5.66,10.04,10.11,6.99,6.65,12.63,6.29,4.87,10.75,5.34
Cilastatin,5.35,4.95,4.01,4.44,5.53,5.48,5.81,3.64,5.33,6.26,16.16,5.53,6.28,11.69,5.17,4.24,10.69,5.74
Pioglitazone,5.45,2.86,4.63,6.39,5.64,4.99,5.92,4.51,5.16,6.54,5.42,6.48,6.48,11.9,5.03,5.06,11.36,5.11
KX-01,5.42,2.16,5.31,5.86,5.46,5.33,7.2,4.45,5.09,3.26,14.04,6.58,6.14,11.74,5.05,4.72,11.6,5.06
Ademetionine,5.23,4.83,5.05,5.36,5.73,5.24,6.51,4.54,5.08,2.27,11.26,6.78,6.48,10.94,4.85,4.81,11.04,5.13
3-[5-(1H-IMIDAZOL-1-YL)-7-METHYL-1H-BENZIMIDAZOL-2-YL]-4-[(PYRIDIN-2-YLMETHYL)AMINO]PYRIDIN-2(1H)-ONE,5.39,2.19,4.16,4.25,5.56,5.03,6.66,5.04,5.07,3.4,14.52,6.14,6.11,11.98,5.08,4.88,11.19,5.07
"3-[3-(2,3-Dihydroxy-Propylamino)-Phenyl]-4-(5-Fluoro-1-Methyl-1h-Indol-3-Yl)-Pyrrole-2,5-Dione",5.36,2.36,4.34,5.12,6.08,5.22,5.95,5.59,6.36,3.46,11.56,7.23,5.02,12.06,4.87,5.35,10.83,5.69
"N7-BUTYL-N2-(5-CHLORO-2-METHYLPHENYL)-5-METHYL[1,2,4]TRIAZOLO[1,5-A]PYRIMIDINE-2,7-DIAMINE",5.37,1.75,6.22,5.58,5.57,5.27,7.02,4.59,5.03,4.02,11.68,6.44,5.89,12.36,5.34,4.86,10.85,5.09
Aeruginosin98-B,5.43,6.95,5.52,6.1,6.11,4.98,6.8,5.34,5.1,9.16,11.77,6.88,5.64,11.74,8.16,5.44,11.47,5.11
"(1R)-2-[(Diaminomethylene)amino]-1-{4-[(4R)-4-(hydroxymethyl)-1,3,2-dioxaborolan-2-yl]phenyl}ethylnicotinate",5.38,4.81,5.68,4.56,5.17,5.26,6.76,4.33,5.06,5.25,10.75,6.79,5.89,12.08,6.09,4.97,11.64,5.06
"3-[(4-fluorophenyl)sulfanyl]-N-(4-methyl-1,3-thiazol-2-yl)-6-[(4-methyl-4H-1,2,4-triazol-3-yl)sulfanyl]pyridine-2-carboxamide",5.4,8.96,5.67,4.55,5.52,5.04,5.85,5.42,5.05,5.17,22.07,6.88,6.24,11.95,5.76,4.88,10.96,5.03
1-Allyl-3-Butyl-8-(N-Acetyl-4-Aminobenzyl)-Xanthine,5.36,5.68,4.53,5.51,5.66,4.99,5.46,5.26,5.17,13.44,7.61,5.96,6.72,11.23,6.63,4.81,11.37,5.12
Dicloxacillin,5.4,9.78,6.76,5.84,5.65,5.57,5.67,4.82,6.04,6.24,22.42,6.65,6.46,11.97,5.89,5.01,11.24,5.28
Pardoprunox,5.42,8.63,5.14,5.66,5.6,5.48,7.44,4.95,5.55,4.78,11.31,5.87,6.48,12.25,5.03,5.06,11.53,5.35
Abiraterone,5.35,7.84,6.69,6.63,6.24,5.16,8.18,6.12,5.04,6.98,12.2,7.09,6.27,11.76,5.99,5.42,11.12,5.09
Pinaverium,5.26,4.46,6.09,6.24,5.61,4.99,7.18,4.92,5.07,4.1,10.52,6.73,6.36,12.3,6.04,4.89,10.88,5.13
Kitasamycin,5.39,3.38,5.95,6.52,5.36,5.01,5.04,6.4,5.16,3.27,11.54,6.48,6.15,10.79,5.81,5.02,10.6,5.62
Flumethasone,5.37,6.92,7.69,6.91,5.92,4.91,6.96,6.32,5.86,6.68,11.35,7.76,6.02,11.61,7.49,5.31,11.03,5.45
N-omega-propyl-L-arginine,5.29,4.44,5.01,4.29,5.15,5.05,6.27,4.19,5.09,5.12,21.81,5.86,6.26,10.56,4.03,4.84,10.63,5.11
Phenoxymethylpenicillin,5.45,17.35,4.49,5.51,5.26,5.45,6.63,4.35,5.65,5.97,11.73,7.2,6.15,11.92,5.93,5.03,10.85,5.9
1-Testosterone,5.38,4.53,8.09,8.16,5.58,5.09,7.84,5.88,5.15,5.3,7.74,6.12,6.16,11.72,6.29,5.41,10.42,5.94
Metocurine,5.36,3.0,4.91,4.61,5.56,5.05,7.8,4.05,5.05,3.73,11.15,6.58,6.07,11.26,4.09,4.53,10.87,5.12
Prasugrel,5.35,4.31,6.72,6.83,5.74,5.27,6.6,5.98,5.47,6.38,14.75,6.75,6.11,11.85,6.16,5.71,10.91,6.02
Aldosterone,5.42,7.57,5.49,4.98,5.48,5.17,7.33,5.04,5.1,7.13,12.39,6.82,6.22,11.08,4.08,5.23,10.95,5.76
"(2R)-1-[4-({6-[(2,6-Difluorophenyl)amino]-4-pyrimidinyl}amino)phenoxy]-3-(dimethylamino)-2-propanol",5.33,2.06,4.78,5.47,5.74,5.12,6.67,5.55,5.07,4.02,12.08,6.91,6.21,11.21,6.07,5.39,11.32,5.08
"2-(2,6-DIFLUOROPHENOXY)-N-(2-FLUOROPHENYL)-9-ISOPROPYL-9H-PURIN-8-AMINE",5.34,5.31,6.96,6.77,5.47,5.3,6.93,5.29,5.36,5.83,11.83,6.08,6.13,12.19,6.04,5.37,11.15,5.25
"Al-6619,[2h-Thieno[3,2-E]-1,2-Thiazine-6-Sulfonamide,2-(3-Hydroxyphenyl)-3-(4-Morpholinyl)-,1,1-Dioxide]",5.38,7.4,7.48,7.68,5.99,6.86,5.9,8.15,5.04,7.65,17.4,6.69,6.41,11.68,8.59,6.49,10.84,5.18
"18-CHLORO-11,12,13,14-TETRAHYDRO-1H,10H-8,4-(AZENO)-9,15,1,3,6-BENZODIOXATRIAZACYCLOHEPTADECIN-2-ONE",5.39,4.69,5.88,6.31,5.89,5.02,7.17,6.21,5.25,9.35,11.23,5.65,6.65,11.29,5.0,5.36,11.36,5.32
BIA,5.45,20.51,3.92,4.29,5.81,5.32,6.24,4.51,5.28,6.34,14.05,6.49,6.14,12.64,5.45,4.87,11.43,5.74
Ciglitazone,5.36,3.18,4.89,5.27,5.26,4.93,6.07,4.61,5.11,3.21,12.38,6.98,6.01,10.6,3.84,5.72,10.69,5.32
"8-(2-CHLOROPHENYLAMINO)-2-(2,6-DIFLUOROPHENYLAMINO)-9-ETHYL-9H-PURINE-1,7-DIIUM",5.36,2.72,5.38,6.78,5.92,5.2,6.59,5.41,5.14,2.87,12.36,6.24,5.94,11.88,5.34,5.51,11.57,5.11
Uridylyl-2'-5'-phospho-adenosine,5.3,7.47,6.63,6.73,5.68,5.11,5.97,4.47,5.18,5.86,10.72,6.03,6.38,10.78,5.37,4.62,10.5,5.2
5-CHLORO-N-{(3S)-1-[(1S)-1-METHYL-2-MORPHOLIN-4-YL-2-OXOETHYL]-2-OXOPYRROLIDIN-3-YL}-1-BENZOTHIOPHENE-2-SULFONAMIDE,5.41,3.99,6.93,7.01,6.22,5.12,6.18,6.19,5.8,3.85,8.61,6.82,6.36,12.31,5.86,5.21,10.9,5.27
2'-Monophosphoadenosine-5'-Diphosphate,5.34,2.98,6.23,6.67,5.82,5.02,5.7,5.39,5.07,3.97,15.09,6.91,6.61,11.63,5.29,4.74,10.7,5.1
2'-O-AcetylAdenosine-5-Diphosphoribose,5.3,4.6,4.78,4.79,5.71,5.06,5.82,5.23,5.11,4.57,10.45,6.98,6.57,10.57,5.24,4.81,10.8,5.3
1-Phenylsulfonamide-3-Trifluoromethyl-5-Parabromophenylpyrazole,5.36,7.27,4.91,5.04,5.41,6.18,6.02,5.83,5.07,3.79,17.3,6.93,5.64,11.59,5.52,5.08,10.89,5.45
Cethromycin,5.37,4.81,5.41,5.08,5.41,4.96,6.32,5.34,5.07,2.35,11.24,6.83,6.44,11.45,5.96,5.15,11.53,5.51
Canagliflozin,5.32,5.69,4.82,4.46,5.85,5.66,6.77,4.9,5.5,6.43,8.78,6.3,5.83,11.9,4.64,4.9,11.17,5.2
Ertugliflozin,5.25,4.59,5.65,4.19,5.67,5.04,6.56,5.59,5.49,2.31,11.24,6.28,5.75,10.46,6.34,5.5,10.85,5.61
Mocetinostat,5.37,12.6,6.01,5.16,5.62,6.24,6.25,5.2,5.05,2.09,11.85,7.93,5.09,11.79,5.0,4.76,10.44,5.02
O-(((1R)-((N-PHENYLMETHOXYCARBONYL-L-ALANYL)AMINO)ETHYL)HYDROXYPHOSPHONO)-L-BENZYLACETICACID,5.33,2.87,4.9,4.46,5.8,5.73,7.64,4.14,5.23,4.25,11.66,6.32,6.08,11.47,4.56,5.04,11.4,5.08
Fimasartan,5.38,5.59,6.91,6.43,5.92,4.97,6.95,5.74,5.09,16.71,7.89,6.73,6.23,12.12,6.55,4.81,11.27,5.06
AL4623,5.35,7.11,8.7,8.33,5.84,5.16,6.01,6.58,6.07,4.76,11.03,6.35,6.08,11.78,8.22,5.42,10.71,5.76
"2-[3-chloro-6-[2,2-difluoro-2-(1-oxidopyridin-1-ium-2-yl)ethyl]imino-1-hydroxypyridin-2-yl]-N-[(1R)-1-(3-chlorophenyl)ethyl]acetamide",5.36,6.5,4.26,5.18,5.7,5.46,6.85,4.64,5.1,4.7,13.5,7.16,5.98,11.87,6.13,5.43,11.56,5.1
Mevastatin,5.42,5.11,5.95,6.42,5.2,4.94,8.16,6.79,5.26,6.97,8.06,6.31,6.58,11.59,5.08,4.75,10.48,5.81
Lynestrenol,5.35,5.12,6.55,5.6,5.76,5.31,7.93,4.64,5.16,5.12,12.22,7.5,6.55,11.53,6.26,5.29,11.16,5.24
Methylprednisolone,5.38,6.52,6.32,6.12,5.79,4.99,7.34,5.54,6.29,2.05,13.36,6.88,6.05,10.68,5.84,5.27,11.37,5.81
Clidinium,5.38,15.02,6.38,6.66,5.98,5.79,7.07,7.06,5.11,5.61,10.36,7.72,6.04,11.72,8.48,5.18,11.53,5.13
CVT-6883,5.37,4.02,6.83,6.26,6.29,4.9,6.87,5.29,5.61,2.43,11.06,6.41,6.09,11.99,6.83,5.27,11.52,5.46
N-[4-(4-nitrophenylphospho)butanoyl]-D-alanine,5.3,5.66,5.74,5.73,5.11,4.9,7.69,4.79,5.66,7.76,11.53,6.19,5.51,11.59,5.0,4.8,11.14,5.25
CRA_9076,5.38,9.34,6.07,6.16,5.61,5.6,7.26,4.6,5.1,5.26,14.88,6.83,6.26,11.61,5.98,5.27,11.59,5.15
Cortisoneacetate,5.28,4.67,6.0,5.28,5.95,5.09,7.5,5.6,5.2,3.61,11.14,6.31,6.6,11.81,5.25,5.05,10.59,5.89
Etonogestrel,5.39,13.56,7.22,6.85,5.69,5.19,8.51,5.68,5.16,4.81,2.36,7.54,6.47,10.77,6.67,5.59,11.1,6.1
Gimatecan,5.26,5.34,8.26,7.65,5.43,5.48,7.13,4.6,5.42,4.65,11.23,6.86,6.3,11.73,7.42,5.2,11.41,5.48
Spironolactone,5.29,5.39,5.59,6.13,5.76,5.22,6.82,5.38,5.11,12.87,13.0,5.98,6.7,12.35,5.61,4.91,11.3,5.42
Etheno-Nadp,5.31,17.24,6.06,5.62,5.68,5.12,5.89,5.73,5.07,3.62,35.28,6.83,6.23,10.65,5.41,5.08,10.84,5.11
"4-[(7R,7AS)-7-HYDROXY-1,3-DIOXOTETRAHYDRO-1H-PYRROLO[1,2-C]IMIDAZOL-2(3H)-YL]-1-NAPHTHONITRILE",5.39,3.24,5.85,5.32,5.71,5.8,5.19,4.82,5.34,5.55,13.28,6.95,6.37,11.71,6.03,5.03,11.64,5.24
"N-[2-methyl-5-(methylcarbamoyl)phenyl]-2-{[(1R)-1-methylpropyl]amino}-1,3-thiazole-5-carboxamide",5.32,5.83,6.48,5.7,5.97,5.03,7.34,5.97,5.14,4.78,27.04,6.1,5.36,10.73,4.9,5.29,10.88,5.02
Floxuridine,5.41,6.37,4.47,4.53,5.47,5.17,4.31,6.39,6.36,5.41,12.51,6.51,6.68,10.53,4.4,5.14,11.57,5.79
2-ANILINO-6-CYCLOHEXYLMETHOXYPURINE,5.36,6.29,4.38,5.36,5.73,5.66,6.76,4.29,5.05,9.8,11.42,7.02,6.33,12.26,6.14,4.56,10.58,5.18
"METHYL1-(4-{[(2,4-DIAMINOPTERIDIN-6-YL)METHYL](METHYL)AMINO}BENZOYL)PIPERIDINE-4-CARBOXYLATE",5.39,5.95,5.81,5.1,5.26,5.33,6.43,5.12,5.2,7.36,14.6,6.93,6.33,10.81,5.46,5.05,11.36,5.43
Lomefloxacin,5.41,9.47,5.06,6.24,5.59,5.0,6.27,5.22,5.11,2.85,11.92,6.22,6.67,11.4,6.85,4.75,11.31,5.3
Olopatadine,5.34,2.03,3.46,6.21,5.61,5.08,7.36,4.1,5.69,4.31,11.55,7.55,6.11,10.83,5.0,4.69,10.74,5.59
4-(BENZHYDRYLOXY)-1-[3-(1H-TETRAAZOL-5-YL)PROPYL]PIPERIDINE,5.33,5.3,4.08,4.39,5.36,5.89,6.35,4.81,5.06,5.93,14.83,6.42,5.68,11.31,5.03,4.85,11.17,5.09
Indapamide,5.31,7.37,5.83,5.32,5.72,5.82,6.61,5.5,5.08,6.89,14.8,7.04,6.1,11.86,4.85,5.21,11.24,5.38
6-bromoindirubin-3'-oxime,5.4,6.9,5.75,4.57,5.87,5.06,6.77,5.74,5.9,6.34,12.41,6.75,6.09,12.36,7.46,5.2,11.32,5.7
LGD-2226,5.43,2.77,6.12,5.66,5.72,5.26,5.41,5.55,5.44,3.62,14.13,6.94,6.11,11.61,4.63,5.91,10.61,5.2
Dienogest,5.39,3.85,6.99,6.31,5.91,5.27,8.06,5.42,5.79,3.33,10.52,6.15,6.06,11.7,5.81,6.09,10.83,5.93
2-{5-[3-(6-BENZOYL-1-PROPYLNAPHTHALEN-2-YLOXY)PROPOXY]INDOL-1-YL}ETHANOICACID,5.41,7.67,5.54,5.46,5.57,5.7,6.94,5.07,5.07,5.83,11.98,7.06,5.96,11.62,5.39,4.74,11.0,5.14
Oxibendazole,5.34,4.26,4.49,4.77,5.5,4.9,5.64,4.15,5.09,5.98,11.85,6.95,6.13,11.38,5.16,4.47,10.85,5.05
"6,6-DIMETHYL-1-[3-(2,4,5-TRICHLOROPHENOXY)PROPOXY]-1,6-DIHYDRO-1,3,5-TRIAZINE-2,4-DIAMINE",5.39,5.59,5.63,4.8,6.07,5.36,6.28,5.72,5.28,6.31,20.7,5.34,6.18,10.85,7.03,6.36,11.42,5.31
Benzthiazide,5.26,2.65,5.95,6.16,5.48,6.49,6.48,5.34,5.8,2.86,11.31,6.38,6.49,10.61,5.52,4.89,11.35,6.06
"[2(R,S)-2-Sulfanylheptanoyl]-Phe-Ala",5.27,3.74,6.6,5.2,5.56,5.18,7.66,5.63,5.66,3.63,12.45,5.88,5.63,11.92,4.9,5.7,10.5,5.2
"6-[1-(3,5,5,8,8-Pentamethyl-5,6,7,8-Tetrahydronaphthalen-2-Yl)Cyclopropyl]Pyridine-3-CarboxylicAcid",5.41,4.82,8.01,7.65,5.55,5.59,8.2,6.14,5.07,8.48,12.71,6.37,6.55,12.17,7.5,5.05,10.89,5.36
Motexafingadolinium,5.39,5.01,3.79,4.58,5.51,5.01,6.29,4.89,5.08,2.75,11.15,6.95,6.32,13.62,5.69,4.97,10.96,5.09
Pagoclone,5.37,7.76,6.35,6.66,5.58,5.09,6.15,6.21,5.07,10.81,12.97,6.96,5.89,10.99,6.16,5.21,10.71,5.14
"(5R,6S,8S)-8-[3-(AMINOMETHYL)PHENYL]-6-HYDROXY-5-ISOPROPYL-3-OXO-1-PHENYL-2,7-DIOXA-4-AZA-6-PHOSPHANONAN-9-OICACID6-OXIDE",5.34,3.28,4.3,4.11,5.5,6.17,7.7,3.97,5.09,5.61,13.02,7.26,5.45,11.66,4.88,4.72,11.54,5.06
Bedaquiline,5.35,6.6,4.28,4.65,5.69,5.6,8.17,4.82,5.09,5.25,8.47,7.79,6.14,11.55,5.47,5.07,11.48,5.13
"(2R)-1-[4-({4-[(2,5-Dichlorophenyl)amino]-2-pyrimidinyl}amino)phenoxy]-3-(dimethylamino)-2-propanol",5.19,6.91,5.8,5.4,6.34,5.05,7.85,5.68,5.04,4.62,10.94,6.91,6.31,12.31,5.03,6.13,11.66,5.09
"3-(3,5-Dibromo-4-Hydroxy-Benzoyl)-2-Ethyl-Benzofuran-6-SulfonicAcid[4-(Thiazol-2-Ylsulfamoyl)-Phenyl]-Amide",5.38,9.44,4.9,5.83,5.4,5.01,7.01,4.5,5.06,10.02,11.56,7.27,6.29,11.75,5.04,4.89,11.02,5.11
3-(4-{2-[2-(2-bromo-acetylamino)-ethyldisulfanyl]-ethylcarbamoyl}-cyclohexylcarbamoyl)-pyrazine-2-carboxylicacid,5.31,2.09,3.93,4.18,5.32,5.61,7.1,4.35,5.22,4.05,13.41,5.5,5.28,11.7,6.32,4.83,11.08,5.17
Indirubin,5.33,3.29,4.96,5.6,5.7,5.1,4.97,4.64,5.94,3.51,13.64,6.4,5.67,12.05,6.01,4.46,11.51,5.87
"5-[(1S)-1-(3-chlorophenyl)ethoxy]quinazoline-2,4-diamine",5.34,2.95,4.74,5.08,5.46,5.38,6.68,5.37,5.14,6.87,17.14,7.17,5.96,12.45,4.8,5.92,11.12,5.18
alpha-D-mannose6-phosphate,5.32,19.2,3.19,2.75,5.2,5.22,5.38,4.54,5.31,5.84,13.81,6.25,6.36,11.46,4.49,4.79,11.1,5.34
IMIDAZOPYRIDAZIN1,5.29,9.76,6.7,6.68,5.63,5.12,5.98,6.5,5.15,2.7,8.03,8.47,6.21,11.49,5.24,5.42,11.27,5.23
"N-[(2R,3S)-3-AMINO-2-HYDROXY-4-PHENYLBUTYL]-4-METHOXY-2,3,6-TRIMETHYLBENZENESULFONAMIDE",5.37,8.45,5.92,4.64,5.53,6.33,6.96,5.32,5.32,11.6,11.71,6.59,6.55,12.19,5.98,5.04,11.27,5.6
Vorapaxar,5.35,4.6,6.96,6.94,6.41,4.97,8.25,6.37,5.14,3.37,12.39,6.53,6.75,11.5,6.95,5.27,10.51,5.11
"N-(3-cyanophenyl)-2'-methyl-5'-(5-methyl-1,3,4-oxadiazol-2-yl)-4-biphenylcarboxamide",5.39,4.62,5.0,5.33,5.74,5.51,7.36,4.81,5.1,10.39,11.35,7.22,5.41,11.35,5.79,4.81,10.97,5.08
"N-(TERT-BUTYL)-3,5-DIMETHYL-N'-[(5-METHYL-2,3-DIHYDRO-1,4-BENZODIOXIN-6-YL)CARBONYL]BENZOHYDRAZIDE",5.43,9.83,4.9,5.94,5.55,5.62,7.2,5.0,5.09,6.49,7.9,6.63,6.47,10.65,6.46,4.99,11.29,5.13
Enrasentan,5.37,4.81,4.18,5.2,5.33,6.21,7.75,4.87,5.09,2.49,12.66,6.22,6.29,12.01,5.93,4.81,10.91,5.04
Lansoprazole,5.38,4.04,6.66,5.9,5.3,5.67,6.91,4.59,5.17,8.8,11.94,6.61,6.25,11.64,4.27,4.83,11.36,5.18
(S)-N-(4-carbamimidoylbenzyl)-1-(2-(cyclohexylamino)ethanoyl)pyrrolidine-2-carboxamide,5.38,4.89,4.34,3.79,5.7,4.88,7.2,4.46,5.06,5.94,12.15,5.96,5.97,11.38,5.26,4.85,11.49,5.14
9-Butyl-8-(3-Methoxybenzyl)-9h-Purin-6-Amine,5.21,2.64,5.62,5.29,5.47,5.78,6.83,4.44,5.09,7.67,8.86,5.57,6.14,11.46,5.01,4.8,11.07,5.04
"(1aR,8S,13S,14S,15aR)-5,13,14-trihydroxy-3-methoxy-8-methyl-8,9,13,14,15,15a-hexahydro-6H-oxireno[k][2]benzoxacyclotetradecine-6,12(1aH)-dione",5.27,6.76,4.93,4.23,5.3,5.08,5.41,5.46,5.12,3.89,13.41,6.85,6.2,12.28,4.82,5.12,11.01,5.25
Pemetrexed,5.31,4.69,5.43,5.78,5.43,4.95,6.28,4.46,5.05,7.8,11.57,5.55,5.96,10.27,5.01,4.8,11.34,5.05
(S)-N-(4-carbamimidoylbenzyl)-1-(3-cyclohexylpropanoyl)pyrrolidine-2-carboxamide,5.38,5.11,5.28,3.44,5.8,4.88,6.68,4.98,5.06,27.55,13.6,6.21,5.9,11.54,4.25,5.08,11.58,5.09
9-(2-carboxyethyl)-10-methylanthraceneendoperoxide,5.33,8.9,4.19,4.36,5.34,4.96,7.28,4.94,5.08,11.84,10.92,6.04,6.17,11.41,4.99,4.85,11.14,5.19
Pipemidicacid,5.38,5.19,6.39,5.21,5.36,4.97,5.37,5.48,5.55,3.84,14.02,6.36,6.48,11.6,5.46,4.68,11.7,5.82
Benzoyl-tyrosine-alanine-fluoro-methylketone,5.36,2.82,5.88,4.75,5.91,5.13,5.71,4.58,5.13,4.57,11.37,7.21,5.94,12.22,4.47,5.53,10.67,5.07
O-(((1R)-((N-(PHENYL-METHOXY-CARBONYL)-ALANYL)-AMINO)METHYL)HYDROXYPHOSPHINYL)3-L-PHENYLLACTATE,5.34,7.46,4.46,4.12,5.88,5.82,7.6,4.48,5.23,6.87,17.03,5.91,6.12,11.16,4.24,5.39,11.21,5.07
Terfenadine,5.35,3.27,5.47,5.32,5.53,5.52,6.35,4.88,5.21,2.61,10.7,8.07,5.87,11.43,4.87,4.86,11.76,5.24
Carbenoxolone,5.37,5.7,4.39,3.54,5.54,4.94,6.69,5.05,6.24,4.6,10.47,6.89,6.49,10.82,4.95,5.29,11.3,5.51
Prasteronesulfate,5.37,5.5,6.1,5.38,5.45,5.03,8.4,4.53,5.24,8.48,10.49,5.77,6.37,11.58,5.07,4.73,10.83,5.32
Trifarotene,5.41,22.73,3.04,3.43,5.88,5.55,6.86,4.66,5.12,6.38,12.68,6.04,5.87,11.54,5.76,4.83,11.55,5.1
DegradedCephaloridine,5.31,5.93,5.75,5.94,5.62,5.02,6.08,5.94,5.13,5.74,11.24,4.45,6.08,11.88,5.76,5.42,11.57,5.28
CRA_9334,5.35,6.54,5.03,4.91,5.72,5.41,7.48,4.45,5.07,6.65,13.88,6.63,6.42,11.85,4.94,5.02,11.56,5.05
2-(6-methylpyridin-2-yl)-N-pyridin-4-ylquinazolin-4-amine,5.28,6.15,6.21,6.46,5.59,5.13,7.21,5.19,5.09,6.6,10.77,6.75,6.11,10.59,5.0,4.85,11.3,5.1
Exemestane,5.33,2.6,5.07,5.08,5.79,5.05,7.05,6.03,5.21,4.58,11.2,6.1,5.9,11.16,5.41,4.95,11.31,5.38
Morphine,5.35,11.33,6.22,4.79,5.6,5.25,7.05,5.16,5.64,6.26,18.02,6.37,5.9,12.11,6.03,4.9,11.47,5.57
FR233623,5.19,6.27,5.59,5.56,5.72,5.21,6.62,5.22,5.07,3.85,6.47,6.51,5.99,12.15,4.28,5.23,11.0,5.11
"N-[1-(2,6-dimethoxybenzyl)piperidin-4-yl]-4-sulfanylbutanamide",5.32,6.28,5.17,4.82,5.59,4.94,4.68,5.29,5.07,10.45,10.92,5.54,5.5,11.51,4.25,5.0,11.28,5.11
Doxorubicin,5.41,6.21,4.53,4.25,5.4,5.64,6.16,4.85,5.25,7.47,9.89,6.68,5.88,11.06,6.0,4.97,11.31,5.42
Indeglitazar,5.36,3.34,4.74,5.04,5.95,5.04,6.76,5.26,5.08,3.26,12.99,7.66,6.67,11.47,5.15,5.01,11.08,5.14
"8-(2,5-Dimethoxy-Benzyl)-2-Fluoro-9-Pent-9h-Purin-6-Ylamine",5.31,3.21,4.34,4.24,5.45,5.31,5.33,4.98,5.07,2.85,11.07,7.14,5.94,11.72,5.0,4.92,11.48,5.04
"3-(9-HYDROXY-1,3-DIOXO-4-PHENYL-2,3-DIHYDROPYRROLO[3,4-C]CARBAZOL-6(1H)-YL)PROPANOICACID",5.37,7.47,5.46,5.25,5.93,6.14,5.29,4.95,5.82,5.36,10.66,6.41,6.11,11.92,5.67,5.09,12.7,5.71
Hydromorphone,5.34,5.09,7.0,5.22,5.75,5.25,6.64,6.35,5.23,4.42,12.67,6.01,6.08,11.6,6.05,4.95,11.31,5.29
Candesartan,5.33,5.06,7.41,7.18,5.66,5.3,7.24,4.42,5.15,9.45,11.77,7.11,6.04,12.02,7.2,4.68,11.27,5.2
N-{3-METHYL-5-[2-(PYRIDIN-4-YLAMINO)-ETHOXY]-PHENYL}-BENZENESULFONAMIDE,5.33,4.14,5.3,4.41,5.53,4.92,8.0,4.95,5.08,1.85,11.41,6.73,6.54,11.92,4.12,4.87,11.36,5.09
Medroxyprogesteroneacetate,5.37,7.08,5.73,5.27,5.75,5.09,7.52,6.47,5.21,8.8,15.05,6.8,6.45,10.66,4.37,5.26,10.72,5.68
6-CARBAMIMIDOYL-2-[2-HYDROXY-6-(4-HYDROXY-PHENYL)-INDAN-1-YL]-HEXANOICACID,5.34,7.29,4.89,4.45,5.85,4.79,6.2,4.44,5.28,2.92,11.1,7.19,5.84,12.15,6.83,5.07,10.64,5.24
Benzylpenicillin,5.38,5.72,6.11,6.0,5.6,5.22,6.32,4.41,5.62,6.68,11.87,6.43,5.88,12.02,5.86,4.93,11.24,5.39
"1-Tert-Butyl-3-(4-Chloro-Phenyl)-1h-Pyrazolo[3,4-D]Pyrimidin-4-Ylamine",5.41,3.28,6.81,6.25,5.4,5.17,6.83,5.08,5.21,4.84,13.64,6.32,5.8,11.91,5.33,5.19,11.19,5.03
Risedronicacid,5.43,4.16,5.27,4.04,5.73,5.05,6.62,6.1,5.03,3.08,25.0,7.21,5.97,11.75,4.99,4.95,10.9,5.1
Rosiglitazone,5.35,7.45,4.71,6.61,5.52,5.56,6.49,5.75,5.05,5.75,10.26,6.54,6.48,11.47,5.0,5.78,11.65,5.16
"7-PYRIDIN-2-YL-N-(3,4,5-TRIMETHOXYPHENYL)-7H-PYRROLO[2,3-D]PYRIMIDIN-2-AMINE",5.25,7.83,6.2,6.17,5.84,4.99,7.85,5.85,5.38,6.65,12.31,6.15,6.86,12.88,5.62,5.49,11.6,5.1
LOC14,5.43,4.31,6.17,5.85,5.73,4.98,5.57,5.2,5.18,11.78,18.75,6.28,5.36,11.89,5.8,5.01,11.65,5.16
Didesmethylrocaglamide,5.35,2.52,5.35,5.05,5.35,4.87,9.08,4.67,5.09,6.33,11.35,7.53,6.27,11.75,6.83,6.19,10.8,5.14
"N'-(3-CHLORO-4-METHOXY-PHENYL)-N-(3,4,5-TRIMETHOXYPHENYL)-1,3,5-TRIAZINE-2,4-DIAMINE",5.32,6.27,4.67,4.07,5.57,4.96,7.51,5.0,5.06,4.78,11.0,6.17,6.5,12.22,5.38,4.94,11.81,5.08
Rubitecan,5.28,5.14,5.87,6.56,5.47,5.09,6.31,5.83,5.12,3.81,12.09,6.76,6.44,11.68,7.55,5.15,11.42,5.26
"3-[1-(3-Aminopropyl)-1h-Indol-3-Yl]-4-(1-Methyl-1h-Indol-3-Yl)-1h-Pyrrole-2,5-Dione",5.34,8.57,5.36,4.92,5.98,5.75,5.45,5.03,5.05,9.75,12.0,7.05,5.01,12.75,4.99,5.03,12.16,5.19
"1,3-CYCLOHEXANEDIOL,4-METHYLENE-5-[(2E)-[(1S,3AS,7AS)-OCTAHYDRO-1-(5-HYDROXY-5-METHYL-1,3-HEXADIYNYL)-7A-METHYL-4H-INDEN-4-YLIDENE]ETHYLIDENE]-,(1R,3S,5Z)",5.41,2.7,7.99,7.39,5.67,4.93,7.42,6.39,5.29,3.14,11.9,7.46,6.44,11.67,6.28,5.57,10.65,5.76
"(1S,2S,3R,4S,5S)-2,3,4-TRIHYDROXY-5-(HYDROXYMETHYL)CYCLOHEXYL(1E)-2-PHENYL-N-(SULFOOXY)ETHANIMIDOTHIOATE",5.35,10.21,5.09,4.81,5.72,5.16,6.67,4.46,5.11,16.56,19.04,6.86,6.79,12.06,5.05,4.76,11.34,5.57
Bepotastine,5.29,5.9,4.45,5.19,5.58,5.6,5.18,4.75,5.05,9.01,7.83,6.11,5.55,11.69,4.98,4.78,10.79,5.13
Macitentan,5.37,3.04,5.22,4.41,5.81,5.87,6.74,6.58,5.07,3.42,10.59,6.52,6.29,12.22,5.03,5.08,11.38,5.08
Lisdexamfetamine,5.32,3.66,3.82,3.97,5.12,5.13,5.7,4.38,5.15,2.37,11.64,5.0,6.66,11.82,3.99,4.59,10.54,5.05
Stavudine,5.19,5.16,4.37,4.64,5.39,5.04,5.4,4.72,6.42,2.7,11.5,4.86,6.36,10.59,5.19,4.41,11.42,6.07
Buprenorphine,5.43,5.66,8.14,6.76,6.1,4.87,7.97,8.1,5.92,5.08,10.78,7.2,5.85,11.97,6.55,5.81,11.48,5.84
Hexestrol,5.34,4.91,4.64,4.87,5.19,5.14,5.4,4.39,5.1,3.09,12.49,6.92,5.97,11.78,5.95,4.87,11.73,5.15
Hexocyclium,5.14,6.07,5.07,6.09,5.81,4.99,7.94,4.67,5.09,2.76,30.04,6.27,5.93,10.83,5.11,5.32,11.44,5.16
"N-[2-(4-AMINO-5,8-DIFLUORO-1,2-DIHYDROQUINAZOLIN-2-YL)ETHYL]-3-FURAMIDE",5.37,4.88,5.13,5.36,5.72,4.84,4.99,6.06,5.06,7.06,12.79,5.97,6.51,11.49,6.26,5.5,10.73,5.06
"O6-(R)-ROSCOVITINE,R-2-(6-BENZYLOXY-9-ISOPROPYL-9H-PURIN-2-YLAMINO)-BUTAN-1-OL",5.2,5.13,4.96,5.0,5.62,5.3,7.1,4.54,5.16,5.81,11.66,6.14,6.13,10.74,5.46,4.82,11.43,5.09
Tasosartan,5.23,7.2,6.92,6.44,5.62,4.91,7.36,5.15,5.1,3.14,10.75,6.87,6.01,10.56,6.62,5.38,10.75,5.11
4-[(5-{[4-(3-CHLOROPHENYL)-3-OXOPIPERAZIN-1-YL]METHYL}-1H-IMIDAZOL-1-YL)METHYL]BENZONITRILE,5.37,19.25,5.4,4.38,5.69,4.92,6.79,5.0,5.18,23.25,12.66,7.02,5.96,10.4,6.27,5.46,10.75,5.07
"(2R)-2-{[4-(benzylamino)-8-(1-methylethyl)pyrazolo[1,5-a][1,3,5]triazin-2-yl]amino}butan-1-ol",5.31,2.98,4.99,6.25,5.67,5.28,5.43,4.6,5.94,2.94,10.61,6.2,6.16,11.05,6.65,5.11,11.47,5.23
Tianeptine,5.36,6.62,5.72,5.48,5.46,5.31,5.69,4.63,5.19,4.38,14.87,6.59,6.84,11.58,5.83,5.05,10.57,5.31
3-(6-HYDROXY-NAPHTHALEN-2-YL)-BENZO[D]ISOOXAZOL-6-OL,5.35,5.62,3.84,5.13,6.07,5.11,6.14,6.61,5.17,4.93,16.33,7.89,6.08,10.37,5.41,5.39,11.16,5.13
Cilazaprilat,5.44,3.3,4.24,4.57,6.06,5.43,7.83,6.13,5.2,6.63,14.81,6.15,6.11,12.07,5.25,5.32,10.65,5.14
Flavinmononucleotide,5.35,7.08,4.68,4.95,5.54,5.25,5.58,4.65,5.13,7.08,16.96,6.56,6.27,10.77,6.43,4.86,11.51,5.08
N-butyl-3-{[6-(9H-purin-6-ylamino)hexanoyl]amino}benzamide,5.19,6.19,6.28,5.9,5.59,6.32,5.82,5.28,5.09,4.86,12.33,5.52,6.14,11.45,5.41,4.74,11.03,5.06
N-(P-CYANOPHENYL)-N'-DIPHENYLMETHYL-GUANIDINE-ACETICACID,5.33,7.09,4.58,4.41,5.84,5.1,7.39,4.83,5.37,5.43,15.35,5.66,5.83,12.0,5.32,5.1,11.38,5.17
Acitretin,5.36,7.7,6.94,6.05,5.56,5.32,7.24,4.72,5.3,6.13,11.5,5.97,5.52,11.77,8.0,4.58,11.67,5.95
Fluorometholone,5.36,2.63,5.9,5.57,5.75,4.94,7.14,5.57,6.07,3.02,12.85,7.08,6.08,11.49,6.78,5.27,10.93,5.57
Metergoline,5.26,7.73,3.88,3.74,5.43,5.47,7.49,6.47,5.13,3.7,12.36,7.31,5.56,11.43,4.34,5.33,11.55,5.17
"{4-[2,2-BIS(5-METHYL-1,2,4-OXADIAZOL-3-YL)-3-PHENYLPROPYL]PHENYL}SULFAMICACID",5.36,2.69,3.72,4.57,5.55,5.25,6.54,4.41,5.07,3.71,11.77,4.96,6.58,11.16,5.04,4.99,11.28,5.11
N-(tert-butyl)-4-[5-(pyridin-2-ylamino)quinolin-3-yl]benzenesulfonamide,5.38,5.1,4.6,5.47,5.58,6.75,6.7,4.99,5.08,5.59,11.54,6.65,6.76,11.87,4.99,5.28,11.65,5.3
Macimorelin,5.31,10.23,5.09,5.26,5.88,4.95,6.0,5.26,5.28,14.88,10.89,7.78,5.07,11.44,5.01,5.34,11.64,5.21
"{3-[(4,5,7-TRIFLUORO-1,3-BENZOTHIAZOL-2-YL)METHYL]-1H-INDOL-1-YL}ACETICACID",5.33,4.8,5.92,4.43,5.56,5.03,7.7,5.36,5.09,2.86,11.35,6.47,5.47,11.65,5.85,4.95,10.64,5.15
4-[5-(3-IODO-PHENYL)-2-(4-METHANESULFINYL-PHENYL)-1H-IMIDAZOL-4-YL]-PYRIDINE,5.35,3.01,4.92,5.63,5.59,6.12,6.36,4.97,5.08,5.16,11.23,7.32,5.43,11.72,5.03,5.08,11.26,5.05
"N-{2,4-difluoro-3-[(5-pyridin-3-yl-1H-pyrrolo[2,3-b]pyridin-3-yl)carbonyl]phenyl}ethanesulfonamide",5.33,3.54,4.98,5.11,5.6,4.82,7.13,5.3,5.09,3.68,11.73,6.9,5.28,12.06,5.0,5.23,11.38,5.13
LATRUNCULINB,5.28,4.83,4.77,4.76,5.79,5.31,5.79,6.11,6.05,3.27,16.69,6.51,6.33,11.93,7.86,5.53,11.46,5.59
Diprenorphine,5.38,14.04,8.15,6.93,6.1,5.32,6.72,8.2,5.65,9.9,5.41,6.59,5.86,12.02,6.53,5.76,11.35,5.71
"N-(5-{4-Chloro-3-[(2-hydroxyethyl)sulfamoyl]phenyl}-4-methyl-1,3-thiazol-2-yl)acetamide",5.34,4.46,5.66,5.72,5.5,6.32,6.95,5.22,5.32,6.47,9.71,6.3,6.34,11.95,7.38,5.49,11.51,5.15
Formycin,5.33,6.52,4.27,4.38,5.5,5.5,5.36,4.39,5.56,9.15,11.42,6.64,5.89,10.77,6.17,4.45,10.77,5.5
Naloxone,5.29,3.51,7.44,6.31,6.01,5.3,7.88,6.7,6.07,4.73,15.8,6.58,6.0,12.16,6.52,5.21,11.34,5.92
Piroxicam,5.36,4.44,6.41,6.61,5.48,5.38,5.26,4.35,5.15,12.28,13.12,5.94,6.68,11.86,5.11,4.73,10.48,5.18
"2,5-Anhydroglucitol-1,6-Biphosphate",5.34,5.18,3.34,2.92,5.66,5.02,6.4,4.26,5.2,5.81,11.41,6.8,6.06,11.3,4.23,4.58,11.02,5.34
NadphDihydro-Nicotinamide-Adenine-Dinucleotidephosphate,5.4,5.22,5.14,5.62,5.98,5.17,6.6,6.04,5.07,14.75,9.05,7.37,6.24,11.46,5.64,5.09,10.75,5.05
17-METHYL-17-ALPHA-DIHYDROEQUILENIN,5.23,3.96,7.44,7.24,6.0,5.12,8.23,5.54,5.08,3.29,12.19,7.22,6.26,11.72,7.2,5.2,11.66,5.26
"4-(4-propoxy-1H-pyrrolo[2,3-b]pyridin-3-yl)pyrimidin-2-amine",5.34,9.37,4.76,5.41,5.67,5.04,6.56,4.14,5.06,2.61,7.27,6.06,6.5,12.07,6.02,5.7,11.1,5.1
ProstaglandinG2,5.29,6.09,6.68,6.82,5.49,4.94,6.14,4.17,5.33,5.54,12.13,5.81,5.95,11.99,5.95,5.11,11.0,5.45
Clozapine,5.28,6.02,6.96,6.85,5.48,5.52,6.67,5.77,6.21,9.32,24.16,7.72,6.4,11.9,6.08,5.39,10.59,5.6
"2-[(2,4-DICHLOROBENZOYL)AMINO]-5-(PYRIMIDIN-2-YLOXY)BENZOICACID",5.34,4.76,4.39,4.06,5.51,5.13,6.66,4.71,5.06,4.64,17.96,6.4,5.42,11.36,5.4,4.81,11.08,5.06
Rimiducid,5.39,8.8,5.17,5.7,5.68,5.51,7.65,5.14,5.09,4.36,14.3,8.57,5.52,11.41,5.93,5.15,10.82,5.08
"2-Phenyl-1-[4-(2-Piperidin-1-Yl-Ethoxy)-Phenyl]-1,2,3,4-Tetrahydro-Isoquinolin-6-Ol",5.39,8.91,5.7,5.47,5.66,5.8,7.64,6.4,5.09,14.11,13.09,7.51,5.45,12.12,7.11,5.32,11.66,5.14
"6-[N-(4-Ethyl-1,2,3,4-Tetrahydro-6-Isoquinolinyl)Carbamyl]-2-Naphthalenecarboxamidine",5.38,3.7,5.43,5.7,5.89,6.38,6.74,5.22,5.06,6.6,16.12,6.04,5.7,10.71,6.7,5.14,10.61,5.06
Cyclacillin,5.4,5.71,4.8,5.15,5.34,5.28,6.72,4.38,5.84,8.15,10.68,6.57,6.05,11.7,6.01,5.15,11.09,5.79
DPI59,5.17,1.74,3.96,4.32,5.31,5.44,6.06,4.08,5.26,10.57,11.17,5.81,5.86,11.25,4.25,4.7,11.65,5.13
Bentiromide,5.29,3.75,3.69,4.2,5.52,5.17,6.43,4.27,5.05,8.64,10.79,6.29,5.69,11.66,4.54,4.77,11.59,5.05
2-ACETYLAMINO-4-METHYL-PENTANOICACID(1-FORMYL-2-PHENYL-ETHYL)-AMIDE,5.16,6.74,4.42,4.62,5.7,5.47,6.69,5.64,5.38,6.7,11.0,5.03,5.99,11.57,4.64,6.48,10.81,5.73
Androstenedione,5.2,7.88,6.5,5.84,5.63,5.17,7.76,5.72,5.27,7.58,11.68,6.03,6.15,10.66,5.26,5.23,10.7,5.78
Cpad,5.44,5.15,5.08,5.17,5.76,5.0,7.19,5.58,5.1,2.73,2.36,7.66,6.16,11.4,5.31,4.75,10.88,5.1
Triclocarban,5.43,3.7,3.91,5.06,5.16,5.05,5.86,4.68,5.08,5.0,15.98,6.64,5.84,11.64,3.58,5.18,11.37,5.04
5-[(2-AMINOETHYL)AMINO]-6-FLUORO-3-(1H-PYRROL-2-YL)BENZO[CD]INDOL-2(1H)-ONE,5.38,4.05,4.18,4.4,5.66,5.62,5.61,5.78,5.94,5.21,11.53,6.93,6.29,11.99,6.33,5.78,11.61,5.3
Mivacurium,5.36,7.27,5.22,5.73,5.52,5.18,7.58,4.26,5.05,4.38,20.55,7.27,6.11,11.85,4.24,4.74,11.12,5.11
"1-{(1R,2S)-2-HYDROXY-1-[2-(2-NAPHTHYLOXY)ETHYL]PROPYL}-1H-IMIDAZONE-4-CARBOXAMIDE",5.3,5.41,6.28,5.14,5.75,5.06,5.57,5.03,5.08,5.83,10.57,6.95,6.42,12.57,6.03,5.51,11.42,5.09
(R)-3-BROMO-2-HYDROXY-2-METHYL-N-[4-NITRO-3-(TRIFLUOROMETHYL)PHENYL]PROPANAMIDE,5.31,2.51,5.8,6.34,5.48,5.14,6.23,6.27,5.12,5.37,10.32,6.88,6.5,11.81,4.08,4.91,10.58,5.1
"2-CHLORO-N-[(1R,2R)-1-HYDROXY-2,3-DIHYDRO-1H-INDEN-2-YL]-6H-THIENO[2,3-B]PYRROLE-5-CARBOXAMIDE",5.2,3.0,5.54,5.55,5.62,6.18,6.72,7.16,5.23,3.87,11.62,8.06,5.56,11.72,4.17,5.2,11.25,5.26
Ibudilast,5.35,2.05,6.09,5.98,5.53,5.66,6.22,4.25,5.08,5.04,12.29,5.97,5.82,11.8,7.06,4.73,11.43,5.12
Bromo-Willardiine,5.23,3.8,4.32,4.49,5.27,5.04,4.52,5.68,5.33,5.87,10.11,5.65,5.7,11.61,4.08,5.13,11.65,5.24
Eprotirome,5.33,6.32,7.8,6.11,6.25,5.27,6.6,6.07,5.09,5.06,15.95,6.33,6.0,11.71,5.38,5.59,11.78,5.19
Daunorubicin,5.4,6.42,3.96,4.31,5.41,5.62,6.63,4.72,5.18,6.71,12.54,6.93,5.92,11.03,6.01,4.98,11.49,5.43
(S)-N-(4-carbamimidoylbenzyl)-1-(2-(cyclohexyloxy)ethanoyl)pyrrolidine-2-carboxamide,5.4,4.12,5.75,4.03,5.78,4.9,6.86,4.69,5.06,5.26,24.21,5.91,6.09,11.4,5.62,5.12,11.4,5.15
"3-(2-aminoquinazolin-6-yl)-1-(3,3-dimethylindolin-6-yl)-4-methylpyridin-2(1H)-one",5.37,7.53,5.11,5.04,6.07,5.62,6.81,5.7,5.13,3.34,8.94,6.46,6.04,11.82,4.31,5.29,11.56,5.15
Metocurineiodide,5.31,6.04,4.88,4.64,5.56,5.08,7.5,4.08,5.05,5.16,12.58,7.23,6.07,11.26,4.09,4.55,10.78,5.13
"4-(4-methoxy-1H-pyrrolo[2,3-b]pyridin-3-yl)pyrimidin-2-amine",5.34,7.9,6.6,5.96,5.61,5.04,6.29,4.72,5.06,5.59,11.58,5.62,6.44,12.04,6.02,5.28,11.22,5.09
Metolazone,5.35,4.21,3.83,4.4,5.54,5.35,6.86,6.86,5.31,3.25,12.88,7.24,6.03,11.5,7.06,5.49,11.71,5.45
Enrofloxacin,5.41,5.18,4.67,5.94,5.49,5.35,8.12,5.58,5.52,5.51,11.35,6.69,6.28,10.99,6.03,4.77,11.54,5.97
Tolrestat,5.33,8.35,6.97,6.76,5.53,5.25,6.74,6.15,5.08,5.8,14.32,6.66,5.97,11.53,5.92,5.53,11.34,5.17
3-(3-FLUORO-4-HYDROXYPHENYL)-7-HYDROXY-1-NAPHTHONITRILE,5.32,5.67,5.09,4.86,5.98,5.33,5.36,5.94,5.31,7.56,14.8,7.21,6.47,11.5,5.01,5.37,11.48,5.06
"2-[({2-[(1Z)-3-(DIMETHYLAMINO)PROP-1-ENYL]-4-FLUOROPHENYL}SULFONYL)AMINO]-5,6,7,8-TETRAHYDRONAPHTHALENE-1-CARBOXYLICACID",5.2,5.61,5.46,5.34,5.8,5.57,7.25,5.83,5.06,5.07,7.34,6.64,6.74,11.56,5.08,5.93,11.54,5.37
Empagliflozin,5.32,5.34,5.22,4.43,5.74,4.8,7.14,4.52,5.16,9.72,13.32,5.41,5.72,11.39,4.53,4.89,11.26,5.07
"({[(3E)-2'-OXO-2',7'-DIHYDRO-2,3'-BIINDOL-3(7H)-YLIDENE]AMINO}OXY)ACETICACID",5.4,4.79,5.53,5.13,5.46,5.18,6.43,3.57,5.21,4.37,16.55,7.31,6.31,11.27,6.6,4.38,11.54,5.1
Becatecarin,5.3,3.34,6.11,6.12,5.73,5.36,4.97,4.06,6.46,5.03,15.02,6.62,5.75,10.16,6.87,4.7,10.43,6.2
Nomegestrol,5.38,5.27,5.27,4.34,5.82,5.27,7.69,6.13,5.63,8.88,12.81,6.26,5.85,10.98,4.81,5.26,11.35,5.56
"2-[(4-ETHYNYL-2-FLUOROPHENYL)AMINO]-3,4-DIFLUORO-N-(2-HYDROXYETHOXY)BENZAMIDE",5.29,4.92,4.94,4.84,5.59,6.12,6.2,5.82,5.07,5.04,10.22,5.78,5.02,10.48,6.87,5.38,11.46,5.03
"5-amino-2,4,6-tribromobenzene-1,3-dicarboxylicacid",5.34,6.58,4.73,4.37,5.79,5.02,5.76,5.09,5.77,5.77,11.16,5.39,5.92,11.78,5.23,5.01,11.42,5.78
Renzapride,5.31,7.56,6.07,5.36,5.7,5.19,5.64,6.85,5.13,6.44,11.2,6.78,5.94,11.77,6.54,4.96,11.4,5.15
Saracatinib,5.36,4.67,5.7,4.24,5.7,5.02,7.14,6.29,5.08,8.73,9.42,6.06,6.38,11.02,5.76,4.77,10.94,5.03
Tranilast,5.23,5.67,5.54,3.63,5.49,5.32,6.05,5.0,5.11,17.12,15.92,5.73,5.4,12.05,4.39,4.9,11.56,5.25
EpothiloneD,5.35,7.23,6.76,6.74,5.33,5.31,6.78,4.49,5.16,5.8,9.12,4.85,6.51,11.58,4.72,4.59,11.38,5.34
Fluspirilene,5.33,3.84,7.37,7.16,5.79,5.95,7.86,5.38,5.89,4.27,10.61,6.58,6.34,11.38,7.21,4.99,11.47,5.5
Dihydrexidine,5.24,6.36,6.3,5.89,5.77,5.28,7.29,5.14,5.17,5.99,11.86,6.51,5.94,11.37,7.38,5.11,11.75,5.28
Myxothiazol,5.28,4.37,5.75,6.45,5.49,5.25,6.64,5.01,5.08,6.1,15.23,6.68,6.6,11.86,4.96,5.16,11.59,5.19
Eprinomectin,5.32,7.24,6.52,6.55,5.62,4.93,7.03,6.12,5.44,6.14,8.52,7.56,6.35,11.32,6.89,5.69,10.6,5.69
Darglitazone,5.33,6.83,5.23,5.17,5.53,6.07,5.72,5.01,5.12,8.73,27.8,7.81,6.78,11.62,4.94,5.57,10.75,5.18
"(9aS)-4-bromo-9a-butyl-7-hydroxy-1,2,9,9a-tetrahydro-3H-fluoren-3-one",5.23,14.45,5.33,5.17,6.07,5.36,6.53,7.01,5.85,5.24,12.86,6.38,6.01,11.79,6.07,6.17,11.31,6.03
Zidovudine,5.37,3.27,4.31,4.64,5.77,5.11,5.39,6.19,6.52,7.09,14.57,6.06,6.51,10.46,5.79,4.74,11.13,6.0
5'-Deoxy-5'-(Methylthio)-Tubercidin,5.3,8.14,5.07,4.1,5.52,5.36,5.78,4.87,5.07,6.26,16.63,6.32,6.55,11.49,5.26,4.79,11.31,5.08
"beta-D-fructofuranose1,6-bisphosphate",5.22,2.96,4.66,4.48,5.39,4.97,5.53,5.19,5.23,3.22,11.01,5.4,6.24,11.72,5.11,5.0,10.88,5.19
N-(2-(((5-CHLORO-2-PYRIDINYL)AMINO)SULFONYL)PHENYL)-4-(2-OXO-1(2H)-PYRIDINYL)BENZAMIDE,5.35,6.24,4.99,5.15,5.61,5.29,6.37,4.76,5.05,5.68,11.21,6.87,6.03,11.74,4.02,5.0,11.37,5.18
Tolterodine,5.34,6.65,6.77,5.87,5.61,5.76,7.74,4.6,5.25,6.19,9.09,7.2,5.62,11.58,4.93,5.38,11.69,5.59
"1-((1R,2S)-1-{2-[2-(4-CHLOROPHENYL)-1,3-BENZOXAZOL-7-YL]ETHYL}-2-HYDROXYPROPYL)-1H-IMIDAZOLE-4-CARBOXAMIDE",5.28,5.18,5.31,6.09,5.94,5.04,7.61,5.57,5.1,4.74,19.07,7.05,5.75,12.39,5.9,5.27,11.49,5.36
"N-[3-(2-fluoroethoxy)phenyl]-N'-(1,3,4-trioxo-1,2,3,4-tetrahydroisoquinolin-6-yl)butanediamide",5.17,5.6,4.86,6.06,5.59,5.32,5.7,6.08,5.09,5.24,12.04,6.23,6.06,11.69,6.94,5.61,11.51,5.16
[4-({4-[(5-cyclopropyl-1H-pyrazol-3-yl)amino]quinazolin-2-yl}amino)phenyl]acetonitrile,5.17,6.6,6.54,6.82,5.63,4.89,7.14,5.0,5.1,9.74,15.75,7.34,5.06,12.57,5.15,5.24,11.66,5.13
"(1S,7S,8S,8AR)-1,2,3,7,8,8A-HEXAHYDRO-7-METHYL-8-[2-[(2R,4R)-TETRAHYDRO-4-HYDROXY-6-OXO-2H-PYRAN-2-YL]ETHYL]-1-NAPHTHALENOL",5.16,4.79,5.74,6.1,5.17,4.95,6.59,6.42,5.72,5.56,19.71,6.37,6.32,11.61,5.66,4.71,10.71,5.88
Clarithromycin,5.31,4.82,5.84,5.77,5.4,5.06,5.31,6.54,5.34,3.06,10.13,6.55,6.33,10.48,5.76,5.26,11.61,5.84
Tetracycline,5.36,6.93,6.21,6.6,5.51,5.89,6.68,5.2,5.1,7.77,14.11,6.47,5.84,11.77,7.02,5.34,11.6,5.35
Estrone,5.18,2.65,4.91,4.9,5.62,5.06,7.62,5.1,5.51,4.87,12.92,6.24,5.9,10.43,6.11,4.68,11.36,5.96
Mirabegron,5.3,19.67,4.38,5.83,5.53,5.0,5.57,4.65,5.06,16.04,5.61,7.94,5.89,11.58,4.96,5.06,11.18,5.07
Erlotinib,5.39,3.81,4.95,5.0,5.55,5.06,7.17,6.44,5.09,6.19,11.7,6.04,5.03,12.42,5.0,4.63,11.17,5.03
6-{4-[4-(4-CHLOROPHENYL)PIPERIDIN-4-YL]PHENYL}-9H-PURINE,5.37,5.26,4.0,4.21,5.87,5.61,6.27,4.37,5.11,3.97,11.97,7.86,6.34,11.66,5.77,4.77,10.79,5.4
Zofenoprilat,5.34,2.46,6.08,4.66,5.71,5.44,6.73,7.34,5.07,4.39,12.68,6.12,6.36,10.2,5.62,5.15,10.98,5.16
Periciazine,5.32,5.68,6.16,6.27,5.74,5.31,7.42,6.11,5.24,7.0,12.14,6.63,6.44,12.29,4.38,5.21,11.66,5.37
N2-[(Benzyloxy)carbonyl]-N-[(3R)-1-{N-[(benzyloxy)carbonyl]-L-leucyl}-4-oxo-3-pyrrolidinyl]-L-leucinamide,5.31,3.21,6.71,5.21,6.27,5.82,7.97,5.11,5.09,3.41,11.65,7.19,6.21,11.36,5.44,5.54,10.76,5.13
"N-(5-chloro-1,3-benzodioxol-4-yl)-6-methoxy-7-(3-piperidin-1-ylpropoxy)quinazolin-4-amine",5.28,4.54,5.25,5.21,5.68,5.16,6.49,5.61,5.08,4.21,10.56,6.69,5.44,11.17,5.02,4.69,10.91,5.03
3-[(3-sec-butyl-4-hydroxybenzoyl)amino]azepan-4-yl4-(2-hydroxy-5-methoxybenzoyl)benzoate,5.33,7.33,6.83,6.2,6.18,5.46,6.53,5.11,5.19,7.09,11.34,7.91,6.17,11.75,7.03,5.38,11.76,5.18
2-Methoxyestradiol,5.21,6.55,8.59,8.41,5.72,5.14,7.89,5.14,5.28,5.0,11.5,6.44,6.65,11.38,5.52,4.99,10.88,5.84
Lanosterol,5.34,8.22,5.16,4.16,5.42,5.15,7.62,4.53,5.3,6.95,14.3,5.23,6.67,11.65,6.99,4.94,10.64,5.43
"N~4~-methyl-N~4~-(3-methyl-1H-indazol-6-yl)-N~2~-(3,4,5-trimethoxyphenyl)pyrimidine-2,4-diamine",5.26,5.13,6.03,5.42,5.57,4.83,7.63,5.93,5.1,5.84,11.43,5.36,6.34,12.57,5.01,5.95,11.67,5.12
Mant-Adp,5.17,8.81,5.41,5.26,5.73,5.19,5.64,5.08,5.07,2.79,8.17,6.78,6.74,11.48,5.08,4.89,11.41,5.15
Norgestrel,5.15,6.5,8.08,7.83,5.74,5.39,7.32,5.84,5.08,6.72,10.82,6.58,6.23,11.38,6.95,5.58,10.71,5.34
CRA_23653,5.34,5.41,4.44,4.14,5.48,5.9,7.86,4.97,5.06,5.21,13.67,6.53,6.27,11.63,5.23,4.86,11.52,5.07
CRA_8696,5.36,6.82,5.55,4.04,5.56,6.05,7.88,4.26,5.36,4.87,8.71,6.41,6.21,10.55,5.95,5.13,11.67,5.13
Naloxegol,5.37,4.95,7.27,6.52,6.05,5.44,7.67,6.41,5.13,7.38,11.32,7.03,6.02,11.98,6.97,5.52,11.34,5.71
2-(5-CHLORO-2-THIENYL)-N-{(3S)-1-[(1S)-1-METHYL-2-MORPHOLIN-4-YL-2-OXOETHYL]-2-OXOPYRROLIDIN-3-YL}ETHENESULFONAMIDE,5.43,7.7,5.97,6.28,5.82,5.03,6.44,4.59,5.96,6.84,11.04,7.12,5.96,11.35,4.32,4.98,10.88,5.65
Adenosinemonotungstate,5.21,3.45,3.8,3.41,5.65,5.33,5.86,5.04,5.08,4.36,13.23,6.41,6.57,10.42,4.7,4.74,10.5,5.14
Selinexor,5.33,2.91,4.99,5.15,5.69,4.96,7.69,4.92,5.04,4.44,18.1,6.64,6.58,11.54,5.44,5.2,11.73,5.05
Raltitrexed,5.35,4.97,5.74,5.38,5.72,5.5,6.94,6.07,5.06,5.61,10.5,6.01,5.92,11.11,5.17,5.2,11.28,5.2
"3-(3-aminophenyl)-N-(3-chlorophenyl)pyrazolo[1,5-a]pyrimidin-5-amine",5.41,6.56,7.54,7.36,5.51,5.29,7.7,4.2,5.05,4.3,11.15,8.64,6.6,12.59,6.11,4.88,11.32,5.05
R-1487,5.29,2.93,7.29,7.16,5.73,5.09,6.29,4.62,5.02,4.74,13.6,7.42,6.57,11.51,7.23,4.88,11.33,5.42
"Sp-Adenosine-3',5'-Cyclic-Monophosphorothioate",5.22,7.39,5.52,4.66,5.48,5.46,6.44,5.4,5.07,7.67,11.75,5.34,6.33,11.4,5.15,5.2,11.47,5.06
Quinethazone,5.21,3.1,4.04,4.28,5.65,4.91,6.47,6.27,5.38,2.73,10.7,6.48,6.12,11.59,6.1,5.38,12.12,5.29
Immucillin-G,5.09,3.61,6.92,6.83,5.85,5.12,6.01,6.64,5.08,5.01,21.1,5.1,6.02,11.9,7.67,4.7,11.6,5.11
Cefotiam,5.29,7.61,5.69,5.52,5.42,5.01,6.6,4.16,5.08,11.06,27.59,6.02,6.38,11.84,5.11,4.7,10.85,5.11
Alvocidib,5.35,6.4,4.98,5.11,5.67,6.01,5.73,5.84,5.17,4.98,10.89,5.77,5.14,11.79,4.99,5.68,11.56,5.23
"3-{[(2,2-dioxido-1,3-dihydro-2-benzothien-5-yl)amino]methylene}-5-(1,3-oxazol-5-yl)-1,3-dihydro-2H-indol-2-one",5.38,2.78,5.43,6.82,5.81,4.93,6.9,5.19,6.35,3.17,12.04,6.35,5.36,12.76,5.96,5.06,11.77,5.8
Rufloxacin,5.33,3.68,4.8,6.29,5.44,5.44,7.81,4.97,5.06,5.18,12.36,7.21,6.74,11.78,6.06,4.87,11.26,5.08
"3-{5-[AMINO(IMINIO)METHYL]-1H-INDOL-2-YL}-5-METHOXY-1,1'-BIPHENYL-2-OLATE",5.32,5.99,4.49,5.21,5.51,5.77,8.51,4.91,5.1,6.09,19.87,6.37,6.1,10.66,5.89,5.65,11.79,5.08
CD564,5.18,2.18,6.53,6.62,5.75,5.69,7.57,4.38,5.12,4.08,11.43,6.87,5.6,11.16,6.81,4.67,11.45,5.49
"2-({4-[(5-CHLORO-1H-INDOL-2-YL)SULFONYL]PIPERAZIN-1-YL}CARBONYL)THIENO[3,2-B]PYRIDINE4-OXIDE",5.33,2.88,4.66,5.06,5.74,6.43,5.94,5.07,5.45,5.94,11.37,7.57,5.86,11.73,6.08,5.25,11.45,5.82
Brequinar,5.33,2.2,4.34,5.75,5.73,5.74,7.33,5.18,5.13,3.27,14.37,7.36,6.42,11.76,5.79,5.14,11.5,5.09
16-Bromoepiandrosterone,5.32,7.05,5.31,4.37,5.7,4.97,8.24,4.85,5.07,20.91,13.63,5.8,5.93,11.86,5.72,4.91,11.14,5.14
4-[[(1E)-2-(4-CHLOROPHENYL)ETHENYL]SULFONYL]-1-[[1-(4-PYRIDINYL)-4-PIPERIDINYL]METHYL]PIPERAZINONE,5.36,4.14,6.37,5.34,5.75,4.87,6.33,5.04,5.58,2.34,11.27,6.34,6.25,11.49,4.03,4.77,11.27,5.99
"16,17-Androstene-3-Ol",5.31,6.59,6.12,5.74,5.39,4.99,7.94,5.02,5.1,10.91,10.95,6.8,6.07,11.19,6.23,5.21,10.74,5.16
S-{3-[(4-ANILINOQUINAZOLIN-6-YL)AMINO]-3-OXOPROPYL}-L-CYSTEINE,5.37,5.36,5.03,5.99,5.87,4.9,6.83,5.76,5.09,8.17,13.13,6.7,5.03,11.38,5.0,4.84,10.62,5.02
Rocuronium,5.28,6.82,5.44,4.75,6.14,5.04,6.57,5.42,5.97,3.86,12.97,6.05,5.47,12.01,6.93,5.08,10.75,5.63
Lusutrombopag,5.33,5.29,6.29,6.11,5.59,5.42,6.65,4.43,5.04,11.68,20.49,7.04,5.89,11.45,6.03,5.01,11.39,5.06
"5-(HEXAHYDRO-2-OXO-1H-THIENO[3,4-D]IMIDAZOL-6-YL)PENTANAL",5.29,8.5,5.92,4.95,5.54,4.99,7.43,5.09,5.19,5.52,11.21,6.14,5.74,11.49,5.56,5.07,11.69,5.64
2-(3-GUANIDINOPHENYL)-3-MERCAPTOPROPANOICACID,5.3,5.95,6.86,6.19,5.57,4.96,6.12,5.86,5.38,5.36,14.55,6.2,6.06,11.71,5.3,5.64,11.33,5.19
Alprazolam,5.28,5.15,8.19,7.13,5.23,5.05,7.59,4.51,5.04,5.88,13.22,6.5,6.2,11.65,6.1,4.98,11.52,5.07
Zoledronicacid,5.31,12.63,6.94,6.01,5.6,5.07,7.11,6.01,5.04,2.36,17.01,5.33,5.74,11.75,5.21,5.17,11.38,5.08
Raloxifene,5.38,6.23,4.81,5.0,5.79,4.88,7.37,5.53,5.08,5.26,10.98,6.82,6.29,11.71,5.49,4.97,11.74,5.06
"Beta-Dadf,Msa,MultisubstrateAdductInhibitor",5.28,7.27,6.83,3.68,5.74,5.1,5.46,4.73,5.06,5.28,10.85,7.26,6.23,11.94,6.07,5.01,11.39,5.12
Silibinin,5.35,5.41,4.97,5.07,5.2,5.35,8.09,3.72,5.43,3.55,9.96,7.78,6.79,11.39,4.97,4.69,10.59,5.39
3'-Uridinemonophosphate,5.28,2.35,4.43,4.39,5.57,5.1,5.98,4.16,5.29,6.78,4.3,4.82,6.72,10.63,5.43,4.54,10.94,5.2
Imipenem,5.31,2.97,6.09,6.05,6.05,5.17,7.14,5.46,5.55,2.8,12.28,6.42,6.23,12.34,7.45,5.68,11.62,5.43
"2-(2-QUINOLIN-3-YLPYRIDIN-4-YL)-1,5,6,7-TETRAHYDRO-4H-PYRROLO[3,2-C]PYRIDIN-4-ONE",5.3,3.81,5.6,5.07,5.72,5.51,6.02,4.92,5.08,2.32,10.95,6.78,6.16,11.9,7.19,4.94,11.69,5.36
Nebivolol,5.25,16.0,6.72,6.94,5.77,5.53,6.87,4.55,6.04,17.29,12.61,7.28,6.29,11.8,6.67,5.07,11.18,5.53
Eritoran,5.33,3.99,5.69,5.43,5.4,5.01,7.07,4.58,5.08,3.55,11.16,7.21,5.76,11.56,6.27,5.6,10.96,5.14
PHENYLALANYLAMINODI(ETHYLOXY)ETHYLBENZENESULFONAMIDEAMINOCARBONYLBENZENESULFONAMIDE,5.3,5.62,6.54,6.9,5.68,5.76,7.38,4.38,5.26,5.09,11.69,5.97,5.61,11.63,6.24,4.77,10.81,5.15
"N-Methyl-4-{[(2-oxo-1,2-dihydro-3H-indol-3-ylidene)methyl]amino}benzenesulfonamide",5.35,6.73,5.98,6.73,5.77,5.03,6.34,4.37,6.05,9.41,9.21,6.49,5.04,12.06,6.03,4.67,12.52,5.52
Etynodiol,5.32,5.07,7.0,6.74,5.72,5.26,7.82,5.96,5.1,5.45,10.59,6.41,6.43,11.58,6.4,5.42,10.92,5.53
N-[2-(6-AMINO-4-METHYLPYRIDIN-2-YL)ETHYL]-4-CYANOBENZAMIDE,5.12,6.11,5.88,5.85,5.62,4.9,7.18,4.82,5.04,6.43,12.27,6.53,5.37,10.7,4.83,5.23,11.45,5.08
"N-[4-(2-CHLOROPHENYL)-1,3-DIOXO-1,2,3,6-TETRAHYDROPYRROLO[3,4-C]CARBAZOL-9-YL]FORMAMIDE",5.3,14.4,6.67,6.08,6.09,5.57,6.12,6.54,6.04,3.45,13.13,7.61,6.11,12.91,6.01,5.37,12.62,5.95
"HYDROXY(OXO)(3-{[(2Z)-4-[3-(1H-1,2,4-TRIAZOL-1-YLMETHYL)PHENYL]PYRIMIDIN-2(5H)-YLIDENE]AMINO}PHENYL)AMMONIUM",5.31,5.87,6.9,6.54,5.63,5.88,7.14,5.08,5.19,5.76,17.54,6.46,6.25,12.04,5.01,5.66,11.75,5.74
2-({4-[4-(pyridin-4-ylmethyl)-1H-pyrazol-3-yl]phenoxy}methyl)quinoline,5.15,3.62,4.46,5.23,5.53,4.89,7.67,5.85,5.08,2.38,11.27,7.13,6.16,10.37,5.34,5.17,11.57,5.04
"9-Butyl-8-(2,5-Dimethoxy-Benzyl)-9h-Purin-6-Ylamine",5.12,5.51,5.11,4.39,5.47,5.69,6.74,4.48,5.09,3.96,14.97,6.1,6.06,11.62,5.0,4.8,10.86,5.04
2-[2-ETHANESULFONYLAMINO-3-(1H-INDOL-3-YL)-PROPIONYLAMINO]-PENTANEDIOICACID5-AMIDE1-(4-CARBAMIMIDOYL-BENZYLAMIDE),5.29,3.19,5.47,5.44,5.68,4.89,7.78,4.53,5.14,3.67,11.52,6.56,5.95,11.6,5.22,4.71,11.65,5.13
"5-(5-CHLORO-2-THIENYL)-N-{(3S)-1-[(1S)-1-METHYL-2-MORPHOLIN-4-YL-2-OXOETHYL]-2-OXOPYRROLIDIN-3-YL}-1H-1,2,4-TRIAZOLE-3-SULFONAMIDE",5.34,8.03,6.27,5.89,5.61,4.99,6.08,5.47,6.19,8.06,11.78,6.97,5.96,11.57,5.28,5.03,11.21,5.76
4-BROMO-3-(CARBOXYMETHOXY)-5-[3-(CYCLOHEXYLAMINO)PHENYL]THIOPHENE-2-CARBOXYLICACID,5.29,7.38,6.75,6.47,5.58,5.15,5.7,4.17,5.06,5.36,9.5,5.79,6.79,11.73,6.32,4.84,10.97,5.12
"(5S,8R,9S,10S,13R,14S,17S)-13-{2-[(3,5-DIFLUOROBENZYL)OXY]ETHYL}-17-HYDROXY-10-METHYLHEXADECAHYDRO-3H-CYCLOPENTA[A]PHENANTHREN-3-ONE",5.21,4.42,8.17,7.17,5.8,5.14,8.39,5.75,5.09,4.94,10.69,5.88,6.08,10.63,5.6,5.56,11.57,5.48
Bis(5-Amidino-2-Benzimidazolyl)MethaneKetone,5.22,4.73,4.48,3.81,5.47,5.6,7.7,4.53,5.12,7.92,12.12,7.08,6.24,11.65,5.0,5.14,11.72,5.09
"5-(Aminomethyl)-6-(2,4-Dichlorophenyl)-2-(3,5-Dimethoxyphenyl)Pyrimidin-4-Amine",5.39,2.56,4.35,4.8,5.5,5.57,7.52,6.23,5.07,3.25,15.8,6.82,5.84,11.5,5.98,6.14,11.35,5.04
Aminophosphonicacid-guanylateester,5.38,4.86,5.59,5.55,5.14,4.91,5.47,4.52,5.18,7.06,12.39,6.62,6.06,10.4,5.21,4.6,10.83,5.44
(2S)-N-(4-cyano-3-iodophenyl)-3-(4-cyanophenoxy)-2-hydroxy-2-methylpropanamide,5.34,4.42,6.53,5.09,5.85,4.83,6.7,4.93,5.37,4.41,13.53,7.08,6.63,11.98,4.27,5.09,10.75,5.11
Morniflumate,5.31,3.02,5.18,6.55,5.09,4.95,5.27,4.97,5.07,6.64,33.4,6.4,6.22,11.81,4.9,4.96,11.46,5.05
4-(4-hydroxy-3-methylphenyl)-6-phenylpyrimidin-2(5H)-one,5.29,6.29,5.02,4.85,5.69,5.69,6.69,4.43,5.09,4.63,11.59,5.81,5.94,10.66,4.67,5.03,11.69,5.23
Cositecan,5.34,3.56,7.55,7.64,5.42,5.51,4.63,4.94,5.08,17.9,12.95,6.5,6.23,11.77,7.17,5.08,10.85,5.2
Epirubicin,5.37,6.52,4.53,4.25,5.4,5.66,6.38,4.85,5.25,3.78,17.94,6.54,5.88,11.06,6.0,4.97,11.31,5.42
Lesinurad,5.29,10.34,5.05,4.5,5.62,5.39,6.67,4.4,5.07,3.69,8.8,6.46,5.66,11.03,5.02,4.67,11.36,5.1
5-Chloro-1h-Indole-2-CarboxylicAcid{[Cyclopentyl-(2-Hydroxy-Ethyl)-Carbamoyl]-Methyl}-Amide,5.36,2.26,4.5,5.33,5.77,6.02,6.02,5.1,5.64,4.87,13.57,5.48,5.04,12.26,5.33,5.65,10.73,5.74
2-[N'-(4-AMINO-BUTYL)-HYDRAZINOCARBONYL]-PYRROLIDINE-1-CARBOXYLICACIDBENZYLESTER,5.24,2.81,3.54,4.33,5.4,5.89,6.92,4.54,5.06,3.45,11.62,5.03,5.87,11.64,3.94,4.79,11.37,5.09
Histrelin,5.25,15.41,6.33,5.86,5.89,5.42,5.92,4.75,5.38,4.21,20.85,7.0,5.78,11.83,5.96,4.84,11.45,5.23
Glutathione,5.14,9.79,5.8,5.48,5.7,5.29,6.34,4.16,5.14,2.88,10.23,5.72,6.63,11.2,4.5,4.62,11.12,5.17
Temsirolimus,5.33,7.64,6.73,6.02,5.32,5.04,7.91,6.89,5.63,5.63,11.33,6.28,6.42,11.25,8.58,5.35,10.77,5.61
Gantacurium,5.3,7.85,5.59,6.18,5.43,5.02,7.67,4.26,5.06,6.31,9.86,7.19,6.44,11.7,5.9,4.78,10.8,5.09
Desoxycorticosteronepivalate,5.31,5.94,5.98,4.56,5.65,5.25,7.6,6.13,5.18,1.53,13.68,6.7,6.27,10.89,4.2,5.32,10.64,5.81
"3-({2-[(2-AMINO-6-METHYLPYRIMIDIN-4-YL)ETHYNYL]BENZYL}AMINO)-1,3-OXAZOL-2(3H)-ONE",5.31,3.02,6.2,5.55,5.53,5.07,5.96,4.91,5.09,4.98,11.35,6.84,6.55,12.96,6.72,4.71,11.09,5.12
Inosine,5.22,5.35,4.3,4.21,5.07,5.23,5.5,3.73,5.81,5.1,11.27,6.33,6.34,10.36,4.41,4.52,10.74,5.2
"Maltosyl-Alpha(1,4)-D-Gluconhydroximo-1,5-Lactam",5.26,5.74,4.64,4.74,5.21,5.16,6.45,4.31,5.18,5.57,19.45,6.9,5.95,11.51,3.87,4.72,10.51,5.33
"4-[3-Oxo-3-(5,5,8,8-Tetramethyl-5,6,7,8-Tetrahydro-Naphthalen-2-Yl)-Propenyl]-BenzoicAcid",5.27,6.49,4.5,4.56,5.63,5.08,7.31,4.42,5.61,2.4,11.14,6.73,5.81,10.4,6.48,4.92,11.35,5.67
(2E)-N-{4-[(3-bromophenyl)amino]quinazolin-6-yl}-4-(dimethylamino)but-2-enamide,5.25,3.39,4.95,5.0,5.95,5.24,5.81,7.77,5.07,4.52,10.93,7.94,5.05,11.43,5.0,5.15,10.92,5.01
Adapalene,5.33,8.84,6.67,6.94,5.56,5.99,7.55,4.41,5.43,7.62,11.86,7.16,6.28,11.54,5.16,4.75,11.32,5.42
Aplaviroc,5.34,4.73,6.86,5.85,5.62,5.26,7.48,4.48,5.06,13.03,11.78,6.13,6.49,11.22,5.07,4.48,11.35,5.16
"BIS-1,2-{[(Z)-2CARBOXY-2-METHYL-1,3-DIOXANE]-5-YLOXYCARBONYL}-PIPERAZINE",5.2,8.15,3.74,4.14,5.36,5.0,5.88,4.47,5.1,3.83,16.47,6.14,6.28,10.82,3.79,4.91,11.32,5.24
beta-D-Ribose-5-phosphate,5.24,2.46,3.22,2.82,5.14,5.34,5.16,4.69,5.43,2.42,15.74,6.46,6.34,11.91,4.74,4.87,10.96,5.42
N-(Phosphonoacetyl)-L-Ornithine,5.23,6.06,5.7,5.42,5.46,5.24,6.96,4.22,5.14,3.26,10.84,5.21,5.39,11.6,4.27,4.61,10.55,5.17
Lanreotide,5.32,5.59,6.33,6.17,5.77,5.5,5.9,5.02,5.1,11.58,8.06,7.41,5.21,11.79,5.01,5.33,11.55,5.1
"3-[Aminoethylphosphoryl]-[1,2-Di-Palmitoyl]-Sn-Glycerol",5.39,6.66,7.1,6.74,5.39,5.15,6.97,5.5,5.19,6.86,14.89,6.72,6.46,11.78,6.18,5.7,10.67,5.08
Diosmin,5.27,5.83,4.0,4.12,5.4,4.91,5.4,4.22,5.04,6.75,22.29,6.01,5.2,10.94,5.95,4.72,11.21,5.25
"1-alpha,25-dihydroxyl-20-epi-22-oxa-24,26,27-trihomovitaminD3",5.25,5.26,8.14,6.8,5.75,4.99,6.87,8.0,5.23,5.03,10.47,6.92,6.44,11.82,5.71,5.94,11.01,5.72
Asoprisnil,5.22,6.61,6.8,6.79,6.77,5.25,7.57,6.28,6.06,5.05,15.12,7.41,6.33,11.7,6.12,6.03,11.25,5.8
"1-cyclobutyl-3-(3,4-dimethoxyphenyl)-1H-pyrazolo[3,4-d]pyrimidin-4-amine",5.26,8.76,6.14,6.88,5.47,4.96,5.54,5.12,5.06,8.69,10.64,6.98,5.83,11.68,5.66,4.76,11.9,5.16
(1H-indol-3-yl)-(2-mercapto-ethoxyimino)-aceticacid,5.21,5.24,3.84,4.04,5.24,5.6,5.3,4.06,5.16,7.08,13.04,5.87,5.17,11.91,5.39,5.14,11.59,5.09
Difluprednate,5.29,7.1,7.76,7.28,5.89,4.93,6.98,6.0,5.93,5.27,21.28,7.01,6.18,11.5,7.23,5.33,10.51,5.68
Tenoxicam,5.25,5.18,5.72,5.59,5.38,5.49,5.57,4.49,5.06,4.59,10.31,7.89,6.5,11.61,5.53,4.7,10.36,5.12
5-iodotubercidin,5.23,4.2,4.03,4.03,5.27,5.07,6.01,5.52,5.96,3.14,12.1,6.87,6.49,11.53,6.25,4.7,11.24,5.23
ProstaglandinD2,5.33,5.12,5.09,4.9,5.64,5.0,5.8,5.08,5.22,4.49,10.1,6.65,6.05,11.48,5.38,5.07,10.78,5.41
alpha-Tocopherolsuccinate,5.21,6.94,5.65,5.74,5.59,5.22,7.49,4.21,5.88,7.26,28.71,6.28,6.05,12.17,5.0,4.52,10.72,5.51
Adinazolam,5.3,7.55,7.58,6.91,5.37,5.05,7.42,4.58,5.07,6.21,11.62,6.22,6.01,11.66,6.04,5.12,11.59,5.08
Quingestanol,5.34,5.89,7.15,6.98,5.83,5.15,9.05,4.84,5.07,2.73,11.42,7.51,6.36,11.7,6.3,5.36,11.25,5.13
Sri-9439,5.14,14.48,5.69,5.38,5.77,5.13,7.16,7.03,5.07,20.82,14.47,6.29,6.23,11.51,5.61,5.61,11.27,5.04
Stanolone,5.28,9.9,8.82,8.43,5.61,5.07,7.79,6.21,5.13,5.42,10.98,6.04,6.09,11.88,7.6,5.32,10.83,5.49
Edotecarin,5.34,6.16,6.01,5.55,5.68,5.05,6.99,3.34,6.41,2.26,14.57,6.68,5.73,10.28,6.85,4.55,10.49,5.61
(2S)-1-(1H-INDOL-3-YL)-3-{[5-(3-METHYL-1H-INDAZOL-5-YL)PYRIDIN-3-YL]OXY}PROPAN-2-AMINE,5.33,6.2,4.97,5.19,6.43,5.43,7.72,7.63,5.54,6.07,11.58,6.5,5.02,11.95,5.68,7.09,12.21,5.27
"3,6-DIAMINO-5-CYANO-4-(4-ETHOXYPHENYL)THIENO[2,3-B]PYRIDINE-2-CARBOXAMIDE",5.34,6.56,5.73,5.78,5.49,5.06,5.15,4.6,5.6,10.5,9.26,7.19,6.67,12.21,6.03,4.64,11.07,5.12
"N-(1-BENZYL-3,3,3-TRIFLUORO-2,2-DIHYDROXY-PROPYL)-ACETAMIDE",5.33,2.49,6.78,6.95,5.6,5.53,6.24,4.26,5.29,3.72,11.9,4.84,6.07,11.51,4.37,4.71,11.62,5.32
Ranirestat,5.29,6.78,6.67,4.33,5.48,5.18,5.29,6.79,5.07,4.97,14.58,7.57,5.96,11.76,6.7,5.88,10.93,5.18
(2Z)-2-cyano-N-(3'-ethoxybiphenyl-4-yl)-3-hydroxybut-2-enamide,5.3,4.61,3.9,3.81,5.51,5.45,6.68,5.09,5.67,4.38,10.53,6.24,6.23,11.89,4.46,5.25,11.13,5.26
JNJ-37822681,5.35,6.44,6.76,5.06,5.36,4.86,5.18,4.59,5.09,7.54,11.79,6.71,5.94,11.7,6.66,4.88,11.16,5.06
N-(4-chlorophenyl)-2-[(pyridin-4-ylmethyl)amino]benzamide,5.28,8.66,4.9,5.36,5.43,5.22,6.18,5.43,5.07,3.09,7.58,8.25,5.28,11.33,4.45,5.13,11.16,5.03
LY-517717,5.3,3.1,5.93,5.34,5.51,6.64,6.57,5.12,5.09,4.88,13.02,5.86,5.29,11.81,7.09,4.94,11.62,5.35
Aspartame,5.25,5.21,3.53,3.76,5.47,5.09,5.07,4.21,5.41,5.14,10.2,4.37,6.02,11.41,4.54,4.59,11.01,5.52
Ligandrol,5.36,4.79,6.02,5.39,5.84,4.96,5.71,5.89,5.47,5.49,16.02,7.14,6.47,10.82,6.55,5.89,11.36,5.73
3-Phosphono-D-alanine,5.13,7.11,6.12,5.76,5.37,5.18,5.92,4.21,5.09,6.92,23.58,4.23,6.53,10.41,5.64,4.8,10.93,5.11
Tyropanoicacid,5.09,7.94,6.43,6.51,5.73,5.1,6.21,4.51,5.08,4.56,16.62,6.0,5.64,10.87,6.33,4.75,10.76,5.12
"4-(2-AMINOETHOXY)-3,5-DICHLORO-N-[3-(1-METHYLETHOXY)PHENYL]BENZAMIDE",5.16,5.43,6.69,5.59,5.57,4.82,7.13,5.59,5.07,5.42,11.55,7.25,6.22,11.69,3.99,4.85,11.38,5.04
"[5-(5-Amino-1H-pyrrolo[3,2-b]pyridin-2-yl)-6-hydroxy-3'-nitro-3-biphenylyl]aceticacid",5.36,5.65,3.94,4.63,5.49,5.84,6.95,4.68,5.18,5.58,14.53,5.42,6.27,11.18,5.89,4.85,11.67,5.16
"6-(2,6-DICHLOROPHENYL)-2-{[3-(HYDROXYMETHYL)PHENYL]AMINO}-8-METHYLPYRIDO[2,3-D]PYRIMIDIN-7(8H)-ONE",5.33,8.16,7.56,6.66,5.56,5.03,6.52,5.79,4.99,4.54,11.0,7.07,5.46,12.47,5.12,5.08,11.82,5.05
Dihydroergocristine,5.3,3.28,5.92,5.31,5.53,5.36,7.54,4.42,5.1,3.96,12.19,6.92,6.04,11.69,6.95,4.94,11.6,5.29
Hycanthone,5.34,6.31,5.84,6.14,6.12,5.36,5.81,5.36,6.48,6.52,14.72,5.62,5.78,11.87,7.9,5.52,11.76,5.69
1-{2-OXO-3-[(1R)-1-(1H-PYRROL-2-YL)ETHYL]-2H-INDOL-5-YL}UREA,5.29,5.38,4.3,4.45,5.4,5.6,5.93,4.64,5.18,25.63,12.91,6.12,6.56,11.44,6.15,5.31,11.68,5.23
"3-{[4-([amino(imino)methyl]aminosulfonyl)anilino]methylene}-2-oxo-2,3-dihydro-1H-indole",5.32,5.04,6.62,7.01,6.01,7.18,6.39,4.45,5.93,7.3,13.67,6.1,5.04,12.03,6.49,4.5,12.0,5.5
Pranlukast,5.36,2.76,7.11,4.85,5.56,5.49,7.04,4.71,5.06,4.15,10.96,7.37,6.5,12.12,6.69,4.95,11.39,5.11
Annamycin,5.34,7.09,3.94,4.15,5.38,5.41,5.66,4.72,5.86,13.42,16.14,5.26,5.84,10.21,6.05,5.08,10.49,5.74
"6-[N-(1-Isopropyl-3,4-Dihydro-7-Isoquinolinyl)Carbamyl]-2-Naphthalenecarboxamidine",5.32,7.31,6.29,6.72,5.59,6.37,6.8,5.0,5.05,2.25,27.26,6.16,5.28,11.91,7.75,5.01,10.69,5.06
Ovalicin,5.27,6.87,6.52,6.31,5.32,5.03,5.78,6.3,6.47,4.0,10.35,6.74,6.72,11.33,5.94,5.16,10.69,6.18
Betrixaban,5.3,7.01,6.21,5.09,5.61,4.91,6.51,6.67,5.06,5.74,12.24,6.87,5.2,10.95,4.19,5.43,10.97,5.05
Bezafibrate,5.08,4.29,5.04,6.12,5.48,4.83,6.58,4.13,5.05,6.05,10.88,6.53,5.49,11.78,4.13,4.91,11.24,5.07
"5-Methyl-5-(4-Phenoxy-Phenyl)-Pyrimidine-2,4,6-Trione",5.31,5.85,3.62,4.21,5.44,5.85,7.52,4.76,5.09,6.14,11.06,5.5,5.65,11.93,4.87,5.2,11.24,5.2
(4R)-4-(3-butoxy-4-methoxybenzyl)imidazolidin-2-one,5.22,2.97,6.31,6.51,5.59,5.3,7.03,4.03,5.06,3.21,12.62,6.09,5.41,11.82,4.18,4.67,11.33,5.04
(2R)-1-{4-[(4-Anilino-5-bromo-2-pyrimidinyl)amino]phenoxy}-3-(dimethylamino)-2-propanol,5.34,4.57,5.2,5.34,5.97,5.29,6.58,7.06,5.09,5.51,5.84,6.76,6.46,12.89,5.93,6.35,11.72,5.14
"(2R,3R,4S,5R)-2-[6-amino-8-[(3,4-dichlorophenyl)methylamino]purin-9-yl]-5-(hydroxymethyl)oxolane-3,4-diol",5.2,7.33,5.19,4.9,5.67,5.1,6.17,4.23,5.11,6.03,13.79,6.49,6.41,11.13,5.99,4.58,11.25,5.11
5-O-phosphono-alpha-D-ribofuranosyldiphosphate,5.17,9.91,3.43,3.43,5.45,4.96,5.89,4.5,5.13,6.25,20.19,6.78,6.22,12.02,3.88,4.79,11.01,5.22
Idarubicin,5.33,6.82,3.56,4.12,5.39,5.94,6.01,4.7,5.79,6.97,11.72,5.8,5.89,11.53,6.01,5.04,11.0,5.6
Prucalopride,5.32,13.45,7.85,7.4,6.09,5.31,5.11,5.16,5.03,6.72,16.48,6.61,6.03,11.16,7.38,5.12,10.9,5.15
"(5-phenyl-7-(pyridin-3-ylmethylamino)pyrazolo[1,5-a]pyrimidin-3-yl)methanol",5.34,9.62,5.48,4.45,5.49,5.69,6.76,4.87,5.07,12.91,13.26,7.57,5.98,11.7,8.16,5.18,11.4,5.06
Zenarestat,5.25,3.24,7.29,6.73,5.83,4.96,4.92,4.98,5.08,3.15,31.24,5.71,6.23,11.3,5.03,4.97,10.95,5.22
N-[(4-HYDROXY-8-IODOISOQUINOLIN-3-YL)CARBONYL]GLYCINE,5.35,12.33,4.31,4.85,5.41,5.45,4.69,4.82,5.13,10.42,22.52,6.1,5.49,10.59,6.28,4.99,11.42,5.14
"2-[4-(4-Hydroxy-3-Isopropyl-Phenoxy)-3,5-Dimethyl-Phenyl]-2h-[1,2,4]Triazine-3,5-Dione",5.13,3.08,6.74,5.14,5.69,4.91,6.47,6.77,5.27,4.2,14.29,6.4,6.08,11.37,5.96,5.35,11.62,5.62
"3-({4-[(5-CHLORO-1,3-BENZODIOXOL-4-YL)AMINO]PYRIMIDIN-2-YL}AMINO)BENZAMIDE",5.25,7.02,6.83,7.43,6.22,5.29,6.92,5.25,5.13,4.95,12.01,5.93,6.79,12.39,7.37,5.36,10.98,5.06
Barnidipine,5.29,4.5,6.38,3.97,6.19,5.64,7.69,6.04,5.56,2.63,11.2,7.26,5.53,11.07,8.08,5.39,11.19,5.8
(2S)-N-[(3E)-5-Cyclopropyl-3H-pyrazol-3-ylidene]-2-[4-(2-oxo-1-imidazolidinyl)phenyl]propanamide,5.32,6.62,5.99,4.9,5.54,4.89,6.41,4.36,5.18,6.56,11.01,6.72,5.49,12.33,7.34,4.99,11.53,5.25
"4-chloro-6-{5-[(2-morpholin-4-ylethyl)amino]-1,2-benzisoxazol-3-yl}benzene-1,3-diol",5.35,20.31,6.66,6.99,5.7,5.18,6.43,4.99,5.21,7.71,15.56,6.5,6.33,11.36,5.23,4.99,11.51,5.14
N-cyclooctylglycyl-N-(4-carbamimidoylbenzyl)-L-prolinamide,5.33,4.78,4.34,3.79,5.74,4.88,7.34,4.46,5.06,4.85,18.1,6.81,5.99,11.25,5.33,4.85,11.49,5.14
2-(5-CHLORO-2-THIENYL)-N-{(3S)-1-[(1S)-1-METHYL-2-MORPHOLIN-4-YL-2-OXOETHYL]-2-OXOPYRROLIDIN-3-YL}ETHANESULFONAMIDE,5.36,6.94,5.42,4.3,5.63,5.0,6.25,5.05,6.03,3.43,8.26,7.19,5.98,12.31,3.95,4.99,11.24,5.7
HE3286,5.18,12.64,6.31,5.92,5.48,5.27,8.38,4.4,5.12,10.47,7.24,7.72,6.47,11.67,6.31,5.12,11.3,5.48
Flufenamicacid,5.32,8.24,5.55,6.05,5.51,5.26,5.35,4.64,5.05,6.25,6.75,6.65,5.91,11.68,4.44,4.87,11.56,5.09
9-Butyl-8-(4-Methoxybenzyl)-9h-Purin-6-Amine,5.12,3.15,6.35,5.83,5.4,5.49,5.95,4.43,5.09,3.84,10.15,5.72,6.33,11.47,5.02,4.76,10.94,5.04
Norethisterone,5.3,7.08,7.7,7.19,5.74,5.2,7.84,6.1,5.08,18.11,7.52,7.13,6.23,11.38,6.95,5.48,11.07,5.68
(S)-N-(4-carbamimidoylbenzyl)-1-(2-(cyclopentylamino)ethanoyl)pyrrolidine-2-carboxamide,5.36,3.19,4.81,4.03,5.7,4.87,6.44,4.45,5.05,5.91,12.74,6.05,6.0,11.37,5.48,4.8,11.43,5.2
Guanosine-5'-Monophosphate,5.17,3.4,4.71,4.29,5.05,5.13,4.77,4.85,5.38,17.92,12.18,5.61,6.07,10.36,5.13,4.74,10.72,5.68
(S)-wiskostatin,5.28,10.65,4.19,4.47,5.4,4.89,7.71,4.37,5.07,5.38,11.81,6.34,5.69,10.65,4.48,4.97,11.35,5.15
Copanlisib,5.3,4.12,5.38,5.94,5.69,5.49,7.34,7.37,5.11,6.32,12.64,6.91,6.64,12.39,7.12,5.5,11.96,5.11
Tezampanel,5.24,6.26,6.29,5.63,5.59,5.1,7.91,4.52,5.14,11.06,10.81,5.56,5.43,10.4,5.08,4.99,10.61,5.1
(Z)-2-[2-(4-methylpiperazin-1-yl)benzyl]diazenecarbothioamide,5.32,7.73,5.92,5.59,5.46,5.19,5.8,4.87,5.1,4.55,19.64,6.74,6.6,11.82,4.46,5.06,11.18,5.15
"2-(4-CHLOROBENZYLAMINO)-4-(PHENYLAMINO)PYRAZOLO[1,5-A][1,3,5]TRIAZINE-8-CARBONITRILE",5.27,3.57,7.38,6.89,5.6,5.38,7.2,4.61,5.08,5.36,11.87,6.96,5.81,12.5,6.11,4.9,11.18,5.17
Gefitinib,5.29,7.81,4.94,4.99,5.63,5.07,5.99,6.77,5.08,6.6,12.53,6.0,5.06,11.21,5.0,4.83,11.02,5.02
"4-{5-[(Z)-(2-IMINO-4-OXO-1,3-THIAZOLIDIN-5-YLIDENE)METHYL]FURAN-2-YL}-2-(TRIFLUOROMETHYL)BENZENESULFONAMIDE",5.33,6.13,6.16,6.43,5.67,6.31,6.4,6.02,5.21,5.69,15.71,6.06,6.43,12.64,6.92,5.16,10.83,5.14
MF268,5.2,7.38,4.53,3.88,5.39,5.28,6.29,5.2,5.08,6.43,19.92,6.2,5.82,10.47,4.92,4.91,10.69,5.08
Sorbinil,5.34,7.29,5.71,6.08,5.46,5.38,6.35,5.16,5.54,14.99,7.58,6.96,6.63,12.03,5.82,5.32,11.14,5.61
"N-[5-(ETHYLSULFONYL)-2-METHOXYPHENYL]-5-[3-(2-PYRIDINYL)PHENYL]-1,3-OXAZOL-2-AMINE",5.32,5.55,5.71,4.4,5.95,6.26,5.49,6.31,5.06,4.56,10.83,7.17,6.8,11.7,6.16,5.01,11.42,5.08
ORE-1001,5.28,3.13,5.47,5.72,5.64,5.3,6.98,5.34,5.07,4.98,12.95,6.49,5.86,10.73,4.64,5.67,11.08,5.05
Flavinadeninedinucleotide,5.35,3.22,5.07,5.78,5.51,4.94,7.59,6.42,5.08,3.55,13.69,5.69,6.24,11.55,6.43,4.66,11.41,5.08
Cefmetazole,5.1,5.78,5.06,5.93,5.38,5.34,6.61,4.38,5.11,5.0,11.6,6.26,6.28,11.76,5.97,4.99,11.15,5.14
Sofosbuvir,5.3,7.04,6.03,4.64,5.74,5.16,6.9,4.93,5.19,8.27,11.23,7.22,6.49,10.7,5.97,4.86,11.23,5.17
N-cycloheptylglycyl-N-(4-carbamimidoylbenzyl)-L-prolinamide,5.34,18.28,4.34,3.79,5.71,4.87,7.12,4.46,5.06,5.62,44.32,6.9,5.97,11.33,5.3,4.85,11.49,5.14
Telithromycin,5.3,5.37,5.74,5.44,5.59,4.89,5.35,5.89,5.07,5.12,20.72,7.35,6.11,11.64,7.23,5.27,11.55,5.18
Celecoxib,5.31,5.36,5.56,5.3,5.4,5.0,7.02,5.89,5.14,6.26,12.57,6.63,5.6,11.55,5.32,5.08,11.14,5.1
2-(2f-Benzothiazolyl)-5-Styryl-3-(4f-Phthalhydrazidyl)TetrazoliumChloride,5.26,5.0,7.54,6.34,5.69,5.38,6.44,4.97,5.08,4.18,10.23,7.0,6.12,12.2,5.58,4.83,11.52,5.15
CyclicGMP,5.19,8.0,5.37,4.67,5.16,5.13,6.18,5.34,5.28,7.1,11.65,5.45,6.07,10.32,5.32,5.04,11.42,5.16
Sulfinpyrazone,5.36,10.46,4.6,5.51,5.72,5.91,6.95,4.52,5.16,10.61,15.15,6.68,6.38,12.0,5.84,4.85,11.61,5.33
Teriflunomide,5.31,7.75,5.76,4.97,5.42,4.98,6.69,5.83,5.1,4.01,10.82,6.53,6.25,11.79,4.36,5.05,11.21,5.1
Cinchocaine,5.24,5.75,6.28,5.8,5.54,5.11,5.37,4.59,6.05,6.27,12.85,5.16,5.91,12.93,6.13,5.01,11.2,5.6
"N-{[(2S,3S)-3-(ETHOXYCARBONYL)OXIRAN-2-YL]CARBONYL}-L-ISOLEUCYL-L-ISOLEUCINE",5.26,7.56,5.1,3.88,5.68,5.02,5.32,5.04,5.83,6.44,12.08,4.89,6.45,11.89,5.87,5.37,11.47,5.5
Matairesinol,5.34,5.58,6.11,5.76,5.59,4.93,5.08,4.41,5.07,7.0,13.69,6.53,5.98,11.2,4.4,4.77,11.25,5.08
CP-271485,5.35,4.36,6.34,5.66,5.49,5.48,6.96,4.37,5.26,3.58,11.26,6.62,6.45,11.64,6.61,4.91,11.38,5.17
SB-269970,5.28,1.96,6.61,6.19,5.39,4.92,7.19,5.61,5.08,4.98,13.4,5.37,5.82,11.87,6.1,4.73,11.31,5.62
Mestranol,5.25,12.97,5.74,5.97,5.78,5.34,7.72,4.81,5.09,9.38,12.35,6.05,6.54,11.9,4.88,4.87,11.23,5.55
Tesaglitazar,5.34,4.52,5.01,5.0,5.84,5.03,5.21,4.41,5.45,4.72,14.15,6.29,6.02,11.31,3.86,4.79,11.42,5.16
"N-{3-[(5-chloro-1H-pyrrolo[2,3-b]pyridin-3-yl)carbonyl]-2,4-difluorophenyl}propane-1-sulfonamide",5.17,4.06,5.04,5.14,5.54,5.09,5.74,6.08,5.1,7.52,11.59,6.99,5.15,11.87,5.05,5.19,11.67,5.15
2-({2-[(3-HYDROXYPHENYL)AMINO]PYRIMIDIN-4-YL}AMINO)BENZAMIDE,5.17,5.91,7.49,7.91,6.46,5.4,5.95,6.11,5.06,9.56,14.01,5.39,6.58,12.55,7.16,6.1,11.51,5.08
"2',3'-dideoxy-3'-fluoro-urididine-5'-diphosphate",5.32,21.46,6.06,5.15,5.68,5.0,5.64,4.76,5.47,5.7,13.39,6.83,6.54,10.53,4.29,4.77,11.33,5.18
"[3,5-Dibromo-4-(4-Hydroxy-3-Phenethylcarbamoyl-Phenoxy)-Phenyl]-AceticAcid",5.26,6.81,6.36,5.14,6.01,4.97,8.42,6.66,5.82,9.68,7.81,6.88,5.86,10.14,7.24,5.63,10.66,5.32
BalanolAnalog1,5.32,3.75,6.49,6.1,5.39,5.81,7.58,4.47,5.06,5.2,15.12,7.75,5.47,11.37,7.85,4.73,12.02,5.17
AS-8112,5.3,9.46,7.14,7.11,5.65,4.92,6.02,5.93,5.27,5.79,11.21,6.31,6.04,11.78,4.69,5.59,11.35,5.22
BMS-564929,5.32,5.91,5.59,6.16,6.03,5.12,5.99,6.17,5.33,7.13,10.49,6.74,6.23,11.14,6.59,5.27,10.87,5.16
trifluoro-[hydroxy-[hydroxy-[2-(N-methyl-2-nitro-anilino)ethoxy]phosphoryl]oxy-phosphoryl]oxy-beryllium(1-),5.34,,3.23,3.22,4.85,5.43,7.98,4.03,5.11,,,7.27,5.19,10.05,3.58,4.55,10.64,5.1
Nateglinide,5.28,4.49,6.57,4.93,5.52,5.4,5.46,4.48,5.42,17.9,4.28,6.7,5.84,10.82,5.0,5.94,11.38,5.25
"N-{[(2S,3S)-3-(ETHOXYCARBONYL)OXIRAN-2-YL]CARBONYL}-L-ISOLEUCYL-L-ALANINE",5.26,7.16,4.98,4.3,5.63,5.05,5.6,4.66,6.09,5.02,30.93,6.42,6.42,12.19,5.15,5.17,11.57,5.22
"5-[1-(4-methoxyphenyl)-1H-benzimidazol-6-yl]-1,3,4-oxadiazole-2(3H)-thione",5.26,4.49,5.69,5.73,5.57,4.97,6.33,4.88,5.09,4.06,23.16,7.22,6.46,11.37,5.2,5.19,11.35,5.1
[4-({4-[(5-cyclopropyl-1H-pyrazol-3-yl)amino]-6-(methylamino)pyrimidin-2-yl}amino)phenyl]acetonitrile,5.16,3.81,6.95,7.05,6.24,4.9,7.76,5.72,5.18,5.66,12.71,7.07,5.34,13.04,6.29,5.42,11.79,5.27
Fluoxymesterone,5.18,8.0,7.53,7.35,5.71,5.04,6.8,5.88,6.14,7.8,10.87,6.45,6.68,11.81,4.99,5.44,10.84,6.0
Cilansetron,5.32,6.98,5.92,5.85,5.55,5.11,6.76,5.09,5.07,7.51,14.15,6.83,5.81,11.66,6.71,4.87,11.34,5.14
Sulpiride,5.25,2.24,7.96,7.48,5.62,5.59,7.62,5.52,5.07,4.99,19.64,6.49,6.02,11.92,6.05,5.11,11.34,5.12
(2S)-1-{[5-(1H-Indazol-5-yl)-3-pyridinyl]oxy}-3-(7aH-indol-3-yl)-2-propanamine,5.27,4.52,5.3,5.31,5.75,5.38,6.17,6.5,5.53,2.75,11.26,6.74,5.17,12.39,6.33,6.27,12.89,5.3
4-[(6-chloropyrazin-2-yl)amino]benzenesulfonamide,5.11,4.37,5.56,5.74,5.6,6.81,5.45,4.72,5.07,4.67,14.95,6.94,6.53,11.52,5.63,5.11,11.03,5.15
cis-tetracosenoylsulfatide,5.29,2.63,6.52,6.21,4.99,5.12,4.66,4.16,5.15,6.48,11.65,5.35,6.26,10.31,5.41,4.54,10.62,5.1
Naluzotan,5.24,8.73,6.07,4.79,5.57,4.99,6.96,4.66,5.1,7.76,5.5,5.66,6.39,11.61,5.38,4.72,11.48,5.22
Patupilone,5.11,8.66,7.05,6.98,5.62,5.27,6.31,4.56,5.06,7.22,26.17,5.97,6.66,11.32,4.3,4.76,11.55,5.18
Acrivastine,5.31,3.86,7.22,7.25,6.36,5.56,6.76,4.58,5.05,5.73,10.11,6.96,6.41,12.69,5.45,5.2,10.7,5.08
N-({(2S)-1-[(3R)-3-AMINO-4-(2-FLUOROPHENYL)BUTANOYL]PYRROLIDIN-2-YL}METHYL)BENZAMIDE,5.2,2.97,6.11,5.56,5.51,6.61,6.15,5.78,5.11,4.76,11.1,5.65,5.78,11.39,6.78,5.79,11.33,5.85
"2',3'-Dideoxythymidine-5'-Monophosphate",5.36,8.2,4.9,4.42,5.63,5.14,5.18,5.69,5.73,3.12,11.26,3.66,6.67,10.52,4.98,4.85,10.95,5.85
1-(4-Tert-Butylcarbamoyl-Piperazine-1-Carbonyl)-3-(3-Guanidino-Propyl)-4-Oxo-Azetidine-2-CarboxylicAcid,5.13,7.51,5.52,6.09,5.75,4.99,6.97,4.46,5.73,3.82,33.31,6.76,5.84,11.53,3.89,4.81,11.22,5.24
Benidipine,5.28,3.35,6.51,3.98,6.13,5.82,7.85,6.51,5.58,8.83,12.31,8.39,5.5,10.84,8.58,5.12,11.23,5.93
"(1S,3R,6S)-4-oxo-6-{4-[(2-phenylquinolin-4-yl)methoxy]phenyl}-5-azaspiro[2.4]heptane-1-carboxylicacid",5.25,5.42,5.7,5.65,5.58,5.8,6.41,7.05,5.27,5.83,11.71,7.02,5.89,11.06,5.57,4.8,11.46,5.25
Naltrexone,5.33,6.37,7.85,6.58,6.03,5.22,6.67,6.8,5.63,15.51,8.41,6.27,5.98,11.95,6.55,5.44,11.15,5.76
4-[(1S)-1-(3-fluoro-4-methoxyphenyl)-2-(2-methoxy-5-nitrophenyl)ethyl]-1H-imidazol-2-amine,5.33,3.39,4.11,5.01,5.59,5.68,7.92,4.88,5.12,4.57,11.04,6.79,6.78,11.74,4.61,5.69,11.64,5.15
Fosinopril,5.33,4.78,6.82,6.22,6.13,5.66,5.79,5.52,5.21,4.51,10.53,7.17,6.11,11.56,5.09,5.58,10.57,5.31
2-[2-(2-Cyclohexyl-2-Guanidino-Acetylamino)-Acetylamino]-N-(3-Mercapto-Propyl)-Propionamide,5.31,6.49,5.08,4.52,5.61,4.95,6.13,4.97,5.08,5.2,11.56,6.56,6.15,10.97,5.87,5.13,11.19,5.12
"Imino[2-(2-oxo-1,2-dihydro-3-pyridinyl)-1H-benzimidazol-5-yl]methanaminium",5.15,4.05,3.9,4.74,5.54,5.25,6.35,4.6,5.25,4.93,11.53,6.85,6.45,12.12,5.06,5.03,11.72,5.13
Safinamide,5.23,7.88,6.56,4.51,5.75,4.96,7.08,5.49,5.08,3.17,8.81,7.5,6.17,11.35,5.52,5.38,11.16,5.15
"(5S)-2-{[(1S)-1-(2-fluorophenyl)ethyl]amino}-5-methyl-5-(trifluoromethyl)-1,3-thiazol-4(5H)-one",5.28,8.35,5.91,6.06,5.77,5.23,5.43,5.01,6.39,4.2,16.81,6.4,5.67,11.57,7.32,5.33,10.7,5.87
"1-ethyl-N-(phenylmethyl)-4-(tetrahydro-2H-pyran-4-ylamino)-1H-pyrazolo[3,4-b]pyridine-5-carboxamide",5.33,3.61,6.74,4.3,5.72,5.21,6.62,4.33,5.08,6.51,10.66,7.55,6.59,12.1,7.41,5.13,11.31,5.25
Olodaterol,5.3,5.32,4.5,4.24,5.45,4.97,7.75,6.24,5.17,3.76,19.87,6.24,6.35,12.18,4.25,5.77,11.11,5.15
Bis(5-Amidino-2-Benzimidazolyl)Methanone,5.24,4.86,4.63,3.86,5.47,5.68,7.43,4.52,5.08,6.04,16.28,7.1,6.24,11.65,5.0,5.1,11.66,5.12
6-(3-AMINOPHENYL)-N-(TERT-BUTYL)-2-(TRIFLUOROMETHYL)QUINAZOLIN-4-AMINE,5.3,6.04,4.98,4.27,5.55,4.88,7.19,4.95,5.09,7.96,11.07,6.78,5.63,11.55,6.1,5.11,11.32,5.1
"4-CHLORO-6-(4-{4-[4-(METHYLSULFONYL)BENZYL]PIPERAZIN-1-YL}-1H-PYRAZOL-5-YL)BENZENE-1,3-DIOL",5.31,7.66,5.88,6.14,5.54,6.58,7.2,5.51,5.05,7.52,12.34,6.69,6.72,11.19,6.13,5.22,11.16,5.18
Tapentadol,5.3,10.58,4.3,4.61,5.41,5.34,7.29,4.52,5.1,11.04,24.08,7.0,6.16,11.95,5.6,5.21,11.67,5.19
2-OXOHEPTYLPHOSPHONICACID,5.11,5.05,5.65,4.38,5.13,5.06,5.2,4.87,5.43,5.05,32.39,5.0,6.08,11.0,5.67,4.91,11.21,5.15
Novobiocin,5.34,9.33,7.45,6.8,5.6,4.9,6.45,5.27,5.11,2.96,8.07,6.13,5.62,11.55,6.08,4.87,10.74,5.06
Estradiolcypionate,5.21,4.95,6.66,6.52,5.74,5.15,8.41,5.62,5.08,5.59,10.64,6.83,6.54,11.73,6.43,4.97,11.3,5.48
"8-(6-BROMO-BENZO[1,3]DIOXOL-5-YLSULFANYL)-9-(3-ISOPROPYLAMINO-PROPYL)-ADENINE",5.17,5.16,5.8,5.96,5.36,5.11,4.92,5.04,5.08,7.31,11.54,6.18,6.68,11.77,5.06,5.27,11.15,5.15
8-(Pyrimidin-2-Ylamino)Naphthalene-2-Carboximidamide,5.14,4.82,4.29,5.01,5.4,5.43,5.9,5.0,5.04,2.62,14.69,5.71,6.3,11.65,5.35,5.24,11.67,5.08
Fotemustine,5.27,8.09,4.06,4.12,5.51,5.3,6.66,3.94,5.08,7.72,14.87,6.29,5.64,11.82,4.16,4.44,11.49,5.09
Cyclothiazide,5.31,2.88,4.62,5.37,5.47,5.86,5.89,5.05,5.67,5.07,10.59,7.11,6.29,11.7,7.33,5.03,11.55,5.43
Halofantrine,5.26,4.75,3.98,4.7,5.87,5.84,7.61,5.05,5.09,7.63,12.81,7.07,6.15,11.58,4.64,5.08,11.5,5.08
Oleandomycin,5.32,4.27,5.98,5.21,5.48,4.88,6.25,4.33,5.17,12.28,6.3,7.06,6.54,10.79,4.73,4.71,11.39,5.41
Rucaparib,5.25,8.81,6.13,5.76,5.54,4.85,6.69,4.73,5.29,3.42,8.81,7.7,5.82,11.4,4.98,5.57,11.25,5.11
"L-709,587",5.25,5.12,7.34,7.52,5.52,5.24,6.22,7.41,5.8,6.06,11.9,7.29,6.53,11.56,7.75,5.69,10.89,5.48
N-(7-CARBAMIMIDOYL-NAPHTHALEN-1-YL)-3-HYDROXY-2-METHYL-BENZAMIDE,5.3,3.32,6.32,5.43,5.53,5.11,7.46,6.12,5.04,6.59,10.53,7.35,5.88,11.31,4.88,5.18,11.43,5.1
Gadoxeticacid,5.33,4.59,6.53,6.15,5.73,5.24,6.48,4.52,5.13,2.41,11.26,5.53,5.68,11.59,5.32,4.89,11.97,5.36
"Cp403700,(S)-1-{2-[(5-Chloro-1h-Indole-2-Carbonyl)-Amino]-3-Phenyl-Propionyl}-Azetidine-3-Carboxylate",5.33,3.59,6.78,5.92,5.55,6.62,7.2,4.95,5.89,3.87,11.64,7.07,5.07,11.83,4.45,5.44,11.53,5.59
Ramelteon,5.11,3.81,6.31,6.02,5.59,5.47,5.57,6.57,5.1,3.07,13.85,5.8,5.71,12.59,5.01,4.84,11.18,5.21
"R-2-{[4'-Methoxy-(1,1'-Biphenyl)-4-Yl]-Sulfonyl}-Amino-6-Methoxy-Hex-4-YnoicAcid",5.32,3.34,5.57,6.18,5.31,6.42,6.33,5.32,5.08,5.24,13.88,6.8,6.63,12.21,5.79,5.12,11.05,5.12
"(2Z)-2-cyano-N-(2,2'-dichlorobiphenyl-4-yl)-3-hydroxybut-2-enamide",5.36,8.26,5.61,4.04,5.61,5.83,7.07,6.02,5.58,5.93,18.59,7.55,6.23,11.87,4.93,5.27,11.02,5.19
Phosphatidylserine,5.17,9.66,5.99,6.76,5.33,5.12,6.28,4.11,5.12,2.97,10.89,5.3,6.46,11.76,5.04,5.32,10.8,5.15
CalyculinA,5.3,4.28,6.42,5.84,5.82,5.0,7.42,7.73,5.18,5.46,11.03,8.27,6.16,11.85,6.25,6.77,11.31,5.28
Zolmitriptan,5.3,4.71,8.55,8.75,5.2,4.94,7.25,5.82,5.09,5.73,10.46,5.41,5.09,11.68,7.13,4.76,11.67,5.32
Tirofiban,5.32,5.43,6.22,5.83,5.54,5.32,6.84,4.46,5.19,4.82,15.31,5.96,5.97,11.45,5.01,5.26,10.64,5.22
Calusterone,5.11,22.38,8.39,7.97,5.64,5.13,7.58,5.22,5.09,10.13,65.6,6.19,6.35,10.72,6.94,5.2,10.97,5.44
Nilutamide,5.25,5.65,5.94,6.21,5.57,5.49,7.09,5.34,5.07,5.21,11.71,6.2,5.86,10.82,5.04,5.52,10.78,5.12
2-{4-[5-(4-chlorophenyl)-4-pyrimidin-4-yl-1H-pyrazol-3-yl]piperidin-1-yl}-2-oxoethanol,5.25,5.12,6.56,6.44,5.59,5.83,5.64,6.92,5.11,1.91,12.83,7.56,6.03,11.71,4.21,5.27,11.22,5.73
Morphineglucuronide,5.12,5.99,7.6,6.09,5.58,5.12,7.31,5.11,5.26,5.69,4.78,6.49,5.8,11.6,6.34,4.99,11.21,5.5
Beta-D-GlucopyranoseSpirohydantoin,5.23,6.9,3.08,3.64,5.39,5.25,4.31,3.67,6.35,4.84,10.68,5.34,6.09,11.63,5.55,4.6,10.4,5.73
Mefloquine,5.35,3.71,5.06,5.3,5.39,5.67,6.88,4.57,5.29,4.45,16.65,7.53,5.99,11.3,6.14,4.97,11.06,5.3
Grepafloxacin,5.34,5.68,6.33,6.24,5.63,5.67,6.56,5.79,5.5,3.79,11.27,6.82,6.52,11.85,6.5,4.87,11.45,5.57
"Alpha,Beta-Methyleneadenosine-5'-Triphosphate",5.26,5.18,4.35,4.7,5.61,5.03,5.72,5.09,5.08,5.57,11.24,6.99,6.42,10.35,5.21,4.66,10.81,5.15
"{4-[(CARBOXYMETHOXY)CARBONYL]-3,3-DIOXIDO-1-OXONAPHTHO[1,2-D]ISOTHIAZOL-2(1H)-YL}ACETICACID",5.33,7.75,4.77,4.99,5.42,5.66,5.51,4.69,5.82,9.01,11.17,4.76,6.32,10.84,5.44,5.04,10.5,5.28
Melengestrol,5.26,11.38,5.96,5.21,6.38,5.11,7.04,5.5,5.4,8.37,29.55,6.83,6.53,11.39,5.98,4.87,11.47,5.6
Melengestrolacetate,5.25,4.4,4.45,4.18,5.86,5.12,7.05,5.67,5.3,2.85,22.95,6.9,6.49,11.58,6.08,4.7,11.29,5.57
N-(3-cyclopropyl-1H-pyrazol-5-yl)-2-(2-naphthyl)acetamide,5.26,3.85,5.87,6.41,5.58,5.09,7.05,7.34,5.07,3.32,12.48,7.21,5.8,11.38,5.84,5.87,11.11,5.14
Perphenazine,5.26,6.88,4.77,5.59,5.97,5.01,7.31,5.02,5.71,8.68,11.21,6.7,6.81,12.28,3.95,5.04,11.62,5.13
Fluticasonefuroate,5.22,2.62,7.46,7.11,5.59,4.89,7.05,6.95,5.68,3.05,11.59,7.21,6.12,11.75,7.34,5.22,11.37,5.99
Ketanserin,5.34,4.38,7.84,7.14,5.68,5.25,5.8,5.71,5.13,4.62,13.9,6.65,6.4,11.24,6.22,5.29,11.54,5.22
Dolasetron,5.19,7.51,6.05,4.75,5.75,5.59,6.63,4.91,5.14,6.99,17.89,6.81,5.38,11.71,6.35,4.7,11.34,5.17
Flutemetamol(18F),5.26,5.32,6.43,4.72,5.72,5.11,5.86,4.91,5.24,5.08,10.28,7.47,5.55,11.64,4.73,4.99,11.39,5.07
Folicacid,5.19,6.55,5.85,4.87,5.29,4.84,5.71,4.46,5.06,6.09,11.07,5.61,5.96,10.03,4.56,4.8,11.52,5.06
Ergometrine,5.32,6.95,6.65,6.0,6.02,5.21,6.71,4.85,5.19,10.39,14.78,7.32,5.1,11.56,5.85,4.72,10.55,5.1
Flupirtine,5.27,6.82,5.72,4.46,5.63,5.09,6.1,5.09,5.08,5.31,19.85,6.67,6.14,10.99,4.07,5.01,11.19,5.13
Oxybutynin,5.25,4.96,6.24,5.76,5.52,5.91,6.31,4.69,5.06,4.67,6.75,5.37,6.21,10.97,4.37,4.68,11.37,5.12
Troleandomycin,5.29,5.23,4.73,4.79,5.54,4.85,6.27,4.6,5.75,2.83,10.42,7.02,6.27,10.69,6.15,5.0,11.64,5.56
TrifluoroacetonylcoenzymeA,5.23,3.32,5.35,5.99,5.86,5.27,6.3,5.09,5.09,4.99,13.21,6.84,6.21,11.65,5.29,4.83,11.08,5.06
Esomeprazole,5.3,6.56,5.47,5.6,5.35,5.12,6.66,4.6,5.07,5.04,12.16,7.47,6.11,11.96,4.57,4.61,11.39,5.05
Rofecoxib,5.31,10.46,5.7,5.42,5.56,6.3,7.05,5.1,5.19,3.1,8.39,6.33,5.86,11.87,5.72,4.73,10.72,5.31
Enoxacin,5.3,6.31,6.78,6.32,5.48,4.97,6.29,5.22,5.19,6.91,11.49,6.19,6.8,11.25,5.92,4.75,11.65,5.78
Milataxel,5.32,4.53,4.54,4.91,5.34,5.28,7.06,5.39,5.77,6.33,12.42,7.14,5.91,11.62,6.01,5.22,10.91,5.74
Ethylmorphine,5.23,7.27,5.83,4.44,5.66,5.24,8.01,5.18,5.14,14.38,5.29,6.73,5.93,12.33,6.03,4.75,11.45,5.61
"N~3~-cyclopropyl-N~4~'-(cyclopropylmethyl)-6-methylbiphenyl-3,4'-dicarboxamide",5.34,8.48,6.07,6.3,5.61,5.12,7.14,4.49,5.1,6.53,11.71,6.68,5.65,10.7,6.02,4.82,10.88,5.09
Varespladibmethyl,5.36,3.06,6.16,5.94,5.51,5.38,7.68,6.51,5.24,4.99,10.85,6.96,5.93,11.68,5.4,6.48,11.38,5.17
Regadenoson,5.26,6.25,4.6,4.52,5.69,5.49,5.48,4.58,5.15,5.45,12.03,6.52,6.61,10.65,4.94,4.61,11.14,5.19
Lumefantrine,5.16,4.75,6.97,4.95,6.19,5.7,7.47,4.74,5.46,7.84,13.25,7.28,5.86,12.07,4.55,5.07,11.3,5.3
"N-[amino(imino)methyl]-2-(2,5-diphenyl-1H-pyrrol-1-yl)acetamide",5.3,8.16,4.8,4.39,5.58,5.93,6.07,4.53,5.55,8.36,12.64,6.64,5.91,11.69,4.96,4.97,10.73,5.22
Fluoro-Willardiine,5.29,9.95,4.55,4.25,5.3,5.07,4.58,6.46,5.28,3.07,8.44,5.24,5.94,11.61,4.28,5.22,11.59,5.24
"[2'-HYDROXY-3'-(1H-PYRROLO[3,2-C]PYRIDIN-2-YL)-BIPHENYL-3-YLMETHYL]-UREA",5.24,3.43,4.79,4.81,5.61,5.43,6.06,5.16,5.15,1.83,11.44,6.91,5.96,11.31,5.97,5.28,11.21,5.08
Tildipirosin,5.26,11.16,4.76,5.53,5.4,5.0,5.5,4.92,5.07,2.85,7.45,7.3,6.13,10.82,5.94,5.25,10.56,5.38
"N-Alpha-Acetyl-3,5-Diiodotyrosylglycine",5.29,6.69,5.93,5.67,5.51,5.06,5.94,4.44,5.34,3.78,15.47,5.42,5.53,11.62,4.65,5.13,10.67,5.12
Edonerpic,5.04,2.83,5.79,6.07,5.71,4.99,6.13,4.96,5.05,8.09,6.87,6.2,5.96,11.4,4.96,4.98,11.29,5.11
N-{(4S)-4-Amino-5-[(2-aminoethyl)amino]pentyl}-N'-nitroguanidine,5.14,12.33,4.19,3.65,5.64,5.15,4.96,4.42,5.43,9.44,20.23,6.25,6.03,10.69,5.91,4.71,11.47,5.18
Quetiapine,5.3,17.74,5.19,4.91,5.67,5.2,7.18,4.74,5.26,5.51,14.24,7.98,5.85,12.35,5.38,4.75,11.69,5.12
N-(2-AMINOETHYL)-2-{3-CHLORO-4-[(4-ISOPROPYLBENZYL)OXY]PHENYL}ACETAMIDE,5.23,6.01,6.09,5.75,5.72,4.93,7.0,4.83,5.08,7.22,14.24,6.2,5.49,11.32,4.12,4.69,11.36,5.04
Gavestinel,5.12,5.74,5.03,5.13,5.12,5.68,5.75,4.29,5.64,4.89,11.9,6.77,5.8,11.48,5.55,4.88,11.62,5.29
alpha-Fluoro-carboxymethyldethiacoenzymeAcomplex,5.23,3.43,5.34,5.63,5.84,5.26,6.21,4.5,5.09,3.99,11.24,6.34,6.43,11.55,5.14,4.73,10.78,5.06
PUROMYCINAMINONUCLEOSIDE-5'-MONOPHOSPHATE,5.34,6.55,3.22,2.92,5.81,5.1,5.81,5.51,5.09,2.41,11.46,6.9,6.44,11.21,5.01,4.69,11.38,5.43
Progabide,5.26,4.43,5.34,5.28,5.58,4.88,6.81,4.61,5.09,5.36,16.07,6.33,5.53,11.71,5.05,5.13,10.59,5.11
S-4-Nitrobutyryl-CoA,5.23,4.13,5.41,5.36,5.8,5.27,6.3,4.55,5.11,5.53,13.8,6.68,6.34,11.72,5.35,4.83,10.79,5.08
Eletriptan,5.28,9.48,7.04,6.97,6.3,7.14,6.27,6.48,5.07,9.21,11.33,8.61,6.31,11.43,5.64,5.29,11.42,5.12
6-[(Z)-AMINO(IMINO)METHYL]-N-[3-(CYCLOPENTYLOXY)PHENYL]-2-NAPHTHAMIDE,5.24,5.78,5.43,5.02,5.55,4.88,6.18,4.51,5.04,13.43,16.8,6.36,6.06,11.82,5.95,4.72,10.78,5.07
"6S-5,6,7,8-Tetrahydrobiopterin",5.12,7.13,4.38,4.55,5.59,5.08,5.61,7.1,5.07,2.24,28.24,6.87,6.55,12.01,5.32,5.77,11.58,5.15
Arformoterol,5.24,6.68,5.8,5.47,6.08,4.95,6.61,5.54,5.87,5.77,10.92,7.37,6.07,11.65,4.44,5.42,10.77,5.82
"4-(6-HYDROXY-BENZO[D]ISOXAZOL-3-YL)BENZENE-1,3-DIOL",5.24,4.21,5.3,4.8,5.8,4.99,6.56,6.51,5.12,2.33,11.33,7.14,6.12,10.39,4.23,5.38,11.29,5.18
"1-(2-{[(6-amino-2-methylpyridin-3-yl)methyl]amino}ethyl)-6-chloro-3-[(2,2-difluoro-2-pyridin-2-ylethyl)amino]-1,4-dihydropyrazin-2-ol",5.28,3.34,4.13,4.53,5.69,5.27,6.45,4.91,5.09,3.31,11.73,6.77,6.49,11.61,7.52,4.94,10.64,5.15
BrefeldinA,5.11,5.29,4.36,4.0,5.43,5.16,6.41,4.57,6.16,4.64,17.65,5.83,6.61,11.86,6.37,4.83,11.03,5.98
"4-{4-[(5-hydroxy-2-methylphenyl)amino]quinolin-7-yl}-1,3-thiazole-2-carbaldehyde",5.13,3.07,3.99,5.27,5.65,4.98,6.64,5.14,5.04,6.77,11.0,6.96,5.49,10.91,4.28,5.15,11.47,5.06
Cilnidipine,5.13,13.81,6.47,5.07,5.81,6.05,6.92,4.93,5.16,9.38,12.64,6.52,5.96,11.36,7.31,5.2,11.28,5.54
"2-[2-(1,3-Dioxo-1,3-Dihydro-2h-Isoindol-2-Yl)Ethyl]-4-(4'-Ethoxy-1,1'-Biphenyl-4-Yl)-4-OxobutanoicAcid",5.15,8.25,6.34,5.76,5.95,5.45,6.75,4.84,6.12,3.43,8.33,6.43,5.98,10.43,5.88,4.79,10.64,5.85
"8-bromo-4-(2-chlorophenyl)-N-(2-hydroxyethyl)-6-methyl-1,3-dioxo-1,2,3,6-tetrahydropyrrolo[3,4-e]indole-7-carboxamide",5.28,3.66,6.16,5.92,5.75,5.58,4.65,4.84,6.39,4.38,6.88,6.29,6.54,12.38,6.03,4.89,11.71,5.29
Cobiprostone,5.18,7.33,4.16,5.53,5.59,5.14,7.85,5.86,5.14,6.28,11.13,6.44,6.03,10.9,4.96,5.43,10.57,5.47
"4-[(1S,2S,5S)-5-(HYDROXYMETHYL)-6,8,9-TRIMETHYL-3-OXABICYCLO[3.3.1]NON-7-EN-2-YL]PHENOL",5.27,6.12,5.02,4.75,5.51,5.36,6.84,4.46,5.57,6.65,18.46,7.34,6.43,11.88,4.09,4.72,11.57,5.21
CoenzymeApersulfide,5.23,7.51,5.33,5.61,5.83,5.26,6.23,4.46,5.1,8.6,12.24,6.48,6.52,11.69,5.18,4.7,11.05,5.07
"(4R)-7-chloro-9-methyl-1-oxo-1,2,4,9-tetrahydrospiro[beta-carboline-3,4'-piperidine]-4-carbonitrile",5.16,5.69,6.38,4.18,5.41,4.94,6.32,4.95,5.86,4.22,11.29,7.39,5.51,11.47,7.29,4.99,11.2,5.81
1-butanoyl-N-(4-carbamimidoylbenzyl)-L-prolinamide,5.27,7.37,3.97,3.95,5.68,4.9,6.5,4.92,5.05,3.65,11.45,6.53,6.0,11.52,3.79,5.09,11.53,5.17
5-bromo-N-(3-chloro-2-(4-(prop-2-ynyl)piperazin-1-yl)phenyl)furan-2-carboxamide,5.16,6.19,5.05,4.65,5.56,4.89,7.4,5.53,5.14,5.64,12.52,6.56,5.46,10.37,5.15,5.18,11.2,5.26
"5-hydroxymethyl-5,6-dihydrofolicacid",5.21,6.96,5.68,4.4,5.23,4.83,6.34,4.46,5.06,5.14,4.79,5.69,6.24,11.7,6.2,4.8,10.74,5.06
"4-(N,N-Dimethylamino)cinnamoyl-CoA",5.23,7.8,5.3,5.31,5.74,5.27,6.3,4.52,5.09,4.16,44.29,6.61,6.36,11.56,5.62,4.76,11.13,5.14
Digoxin,5.04,2.31,4.64,4.58,5.39,5.3,7.37,4.99,5.21,9.87,14.1,7.01,6.43,10.73,6.8,4.89,11.05,5.32
"3-(HYDROXYMETHYL)-1-METHYL-5-(2-METHYLAZIRIDIN-1-YL)-2-PHENYL-1H-INDOLE-4,7-DIONE",5.26,5.16,5.64,6.07,5.37,5.79,7.26,4.48,5.47,4.33,10.54,6.7,6.04,11.77,6.4,4.69,11.8,5.71
CoA-S-acetyl5-bromotryptamine,5.23,6.95,5.53,6.3,5.79,5.27,6.3,5.94,5.08,4.1,11.08,6.75,6.1,11.66,5.13,4.92,10.84,5.07
"3,5,3',5'-Tetrachloro-Biphenyl-4,4'-Diol",5.28,9.69,4.89,4.13,5.91,5.74,6.18,4.75,5.13,2.51,6.2,6.91,6.17,11.72,3.9,5.07,11.35,5.15
Cloprednol,5.2,5.94,6.09,5.48,5.92,4.92,6.96,4.9,6.15,3.49,11.67,6.78,5.98,11.1,6.16,5.19,11.12,5.7
4-({[(4-METHYLPIPERAZIN-1-YL)AMINO]CARBONOTHIOYL}AMINO)BENZENESULFONAMIDE,5.08,6.68,6.99,6.72,5.52,4.94,6.75,4.99,5.27,8.79,9.83,6.22,5.7,11.81,3.67,5.06,11.41,5.36
Chlormadinone,5.27,10.91,5.21,4.39,6.24,4.92,7.48,5.14,5.34,10.81,11.2,6.8,6.12,11.19,6.33,5.2,11.13,5.66
"4-{[5-(CYCLOHEXYLOXY)[1,2,4]TRIAZOLO[1,5-A]PYRIMIDIN-7-YL]AMINO}BENZENESULFONAMIDE",5.04,7.55,5.22,4.61,5.38,6.85,7.05,4.55,5.08,4.73,10.85,6.27,6.69,13.0,5.41,5.16,10.66,5.38
6-CYCLOHEXYLMETHOXY-2-(3'-CHLOROANILINO)PURINE,5.2,5.57,4.9,5.37,5.79,4.93,4.86,4.91,5.05,5.98,22.76,6.53,6.57,12.23,5.87,4.85,10.64,5.09
6-CHLORO-3-(3-METHYLISOXAZOL-5-YL)-4-PHENYLQUINOLIN-2(1H)-ONE,5.25,2.19,5.12,5.5,5.58,5.38,7.06,4.57,5.82,3.6,14.57,7.42,5.86,11.69,5.58,4.77,11.19,5.56
CoA-S-trimethylene-acetyl-tryptamine,5.23,6.24,5.15,5.69,5.84,5.27,6.24,4.99,5.11,5.05,12.52,7.08,6.03,11.69,5.64,4.8,10.9,5.1
"2-[(1S)-1-BENZYL-2-SULFANYLETHYL]-1H-IMIDAZO[4,5-C]PYRIDIN-5-IUM",5.21,3.99,4.95,4.79,5.58,5.74,6.44,5.85,5.29,4.28,18.96,7.3,5.99,12.16,3.98,6.0,11.52,5.14
Aldoxorubicin,5.32,6.4,6.05,5.81,5.37,5.51,7.36,5.02,5.38,6.7,11.09,6.77,5.95,12.22,5.79,5.07,11.4,5.6
"3-{[(9-CYANO-9,10-DIHYDRO-10-METHYLACRIDIN-9-YL)CARBONYL]AMINO}PROPANOICACID",5.29,6.02,5.72,6.11,5.46,5.75,5.82,4.33,5.37,5.7,11.34,6.26,6.76,11.69,5.06,4.76,11.21,5.26
"5-(4-Morpholin-4-Yl-Phenylsulfanyl)-2,4-Quinazolinediamine",5.29,2.02,5.14,5.8,5.58,4.88,6.86,5.56,5.14,4.62,11.92,5.77,5.87,11.35,5.0,4.8,11.32,5.41
Cytidine-5'-Monophosphate,5.32,5.94,3.92,3.14,5.37,4.93,4.81,4.28,5.1,16.63,15.37,4.9,6.63,10.32,4.67,4.79,11.3,5.48
Felodipine,5.08,2.3,4.63,4.34,5.82,5.46,5.25,5.03,5.57,4.9,11.73,6.96,6.01,11.54,5.47,4.97,11.29,5.96
Terguride,5.21,11.46,5.72,5.36,5.53,4.95,7.84,4.55,5.09,8.28,5.44,6.17,5.88,11.83,5.94,5.0,11.68,5.18
"2-METHYL-2-(4-{[({4-METHYL-2-[4-(TRIFLUOROMETHYL)PHENYL]-1,3-THIAZOL-5-YL}CARBONYL)AMINO]METHYL}PHENOXY)PROPANOICACID",5.33,4.63,6.55,7.06,5.83,5.1,7.64,4.78,5.07,2.1,11.46,6.16,6.51,11.65,5.09,5.23,11.25,5.05
"9-Butyl-8-(2-Chloro-3,4,5-Trimethoxy-Benzyl)-9h-Purin-6-Ylamine",5.03,4.91,6.53,6.35,5.43,5.63,6.4,4.64,5.07,6.55,12.53,5.43,6.36,11.41,4.93,4.73,11.09,5.07
Bumetanide,5.31,4.12,4.91,4.47,5.59,5.44,8.32,4.29,5.08,3.98,10.58,5.97,6.29,12.02,5.39,5.24,11.47,5.17
"1-TERT-BUTYL-3-(2,5-DIMETHYLBENZYL)-1H-PYRAZOLO[3,4-D]PYRIMIDIN-4-AMINE",5.26,5.43,4.86,5.96,5.55,4.9,7.27,5.08,5.1,7.83,11.8,5.43,6.15,11.72,5.36,4.98,11.37,5.04
Nalmefene,5.3,8.97,7.69,6.13,6.14,5.2,6.57,6.32,5.53,7.63,12.26,6.19,6.24,12.22,6.57,5.46,11.55,5.84
7-ethyl-10-hydroxycamptothecin,5.3,6.03,7.51,7.32,5.47,5.05,4.9,5.8,5.09,4.63,11.22,7.71,6.38,11.78,7.22,5.32,11.41,5.13
Oxolinicacid,5.32,6.9,4.0,5.9,5.31,5.04,5.2,4.46,5.1,7.45,20.35,5.95,6.47,11.65,4.47,4.7,11.36,5.21
Midecamycin,5.22,13.17,5.79,5.98,5.36,4.98,4.99,6.3,5.62,6.06,16.88,6.1,6.15,10.79,5.69,5.14,10.87,5.53
SB220025,5.32,2.67,6.63,7.12,5.71,5.85,5.87,6.43,5.24,5.72,13.85,7.0,6.0,11.7,5.43,5.09,11.35,5.31
FG-9041,5.23,2.57,4.23,4.15,5.57,5.7,4.71,4.16,5.16,8.68,11.68,5.71,5.88,11.41,4.38,4.69,11.99,5.71
9-aminocamptothecin,5.12,6.01,7.14,7.07,5.44,5.04,5.5,5.62,5.17,6.29,18.62,7.2,6.34,11.76,7.42,5.04,11.52,5.75
Quinine,5.26,5.09,4.5,4.46,5.86,5.55,6.2,5.22,5.1,8.16,15.77,6.48,5.93,11.58,4.29,6.22,11.69,5.56
"(S,R)-fidarestat",5.31,5.22,7.54,6.59,5.4,5.08,6.46,5.34,6.0,4.37,18.61,8.34,6.6,12.18,5.59,5.68,10.93,5.49
(S)-N-(4-carbamimidoylbenzyl)-1-(2-(cyclopentyloxy)ethanoyl)pyrrolidine-2-carboxamide,5.29,5.11,5.77,4.27,5.85,4.9,6.63,4.74,5.06,3.29,9.98,5.54,6.09,12.08,5.4,5.16,11.41,5.23
SC-236,5.24,7.34,5.7,5.59,5.45,6.22,6.44,5.58,5.09,6.26,10.31,6.68,5.74,11.56,6.13,5.2,10.7,5.14
Alizapride,5.18,2.16,6.49,5.4,5.56,4.97,5.03,6.31,5.06,5.21,11.26,7.27,5.98,11.88,4.97,5.71,10.79,5.15
Lysergicaciddiethylamide,5.3,5.08,5.96,6.43,5.93,5.13,6.12,4.64,5.15,4.37,10.38,7.17,5.07,11.66,5.72,4.79,11.41,5.14
Albendazole,5.21,5.08,4.25,4.44,5.05,4.92,5.7,4.23,5.05,4.93,36.22,6.44,5.99,11.78,5.04,4.75,11.01,5.15
2-[(7-HYDROXY-NAPHTHALEN-1-YL)-OXALYL-AMINO]-BENZOICACID,5.23,6.31,5.02,5.06,5.32,6.19,5.4,6.77,5.07,4.58,19.01,6.43,6.29,11.58,4.89,4.83,11.74,5.08
Megestrolacetate,5.22,3.45,5.93,4.91,6.27,5.02,6.9,5.57,5.74,5.23,14.22,6.8,6.56,11.41,5.6,5.14,10.97,5.6
L-1-(4-chlorophenyl)-2-(acetamido)ethaneboronicacid,5.11,3.33,5.53,5.37,5.64,5.2,6.57,4.79,5.07,4.94,10.74,6.29,5.66,11.49,4.08,5.23,11.04,5.05
Ethoxzolamide,5.3,4.8,8.42,7.79,5.68,4.96,7.07,8.23,5.09,6.41,12.69,6.85,5.66,11.44,6.96,6.16,10.68,5.05
Oritavancin,5.19,6.54,5.16,5.1,5.91,4.95,6.0,5.06,5.14,7.14,10.79,6.8,5.87,11.87,5.98,5.17,11.14,5.08
"(9BETA,11ALPHA,13ALPHA,14BETA,17ALPHA)-11-(METHOXYMETHYL)ESTRA-1(10),2,4-TRIENE-3,17-DIOL",5.18,5.02,7.26,7.05,6.21,5.14,7.94,5.2,5.12,5.87,12.0,6.53,6.37,11.49,6.87,4.92,11.15,5.26
4-(3-Pyridin-2-Yl-1h-Pyrazol-4-Yl)Quinoline,5.19,4.36,3.52,3.94,5.62,5.42,6.66,5.44,5.06,4.25,10.63,6.79,6.32,10.71,5.03,4.83,11.74,5.09
"(5E)-14-CHLORO-15,17-DIHYDROXY-4,7,8,9,10,11-HEXAHYDRO-2-BENZOXACYCLOPENTADECINE-1,12(3H,13H)-DIONE",5.06,7.48,6.81,6.69,5.41,5.05,5.18,5.98,5.19,6.71,11.38,6.07,6.45,12.07,5.02,5.39,11.32,5.25
(2R)-2-({9-(1-methylethyl)-6-[(4-pyridin-2-ylbenzyl)amino]-9H-purin-2-yl}amino)butan-1-ol,5.21,4.94,4.93,4.98,5.82,4.94,7.36,4.63,5.08,5.61,11.48,6.65,6.06,11.68,5.01,5.15,11.43,5.12
BMS184394,5.3,5.89,5.48,5.42,5.92,5.59,6.67,4.35,5.07,2.44,11.8,6.72,6.3,11.81,5.01,5.06,11.48,5.28
SinapoylcoenzymeA,5.18,5.89,5.09,5.45,5.64,5.19,5.61,4.49,5.08,2.45,10.82,7.42,6.27,11.54,5.87,4.78,11.15,5.15
Indirubin-3'-monoxime,5.24,3.71,5.89,4.54,5.73,4.99,6.49,5.04,5.89,6.69,12.08,6.67,5.81,12.46,6.7,4.88,10.81,5.62
AUROVERTINB,5.17,10.0,6.09,6.43,5.23,5.24,5.52,5.48,5.83,12.25,26.46,6.08,6.79,11.53,7.07,5.13,11.37,5.87
"N'-(5-CHLORO-1,3-BENZODIOXOL-4-YL)-N-(3-MORPHOLIN-4-YLPHENYL)PYRIMIDINE-2,4-DIAMINE",5.25,4.11,6.21,6.55,6.34,5.19,8.08,5.69,5.08,2.28,11.06,8.16,6.76,11.82,6.2,5.19,10.83,5.08
Amineptine,5.22,4.46,4.78,4.38,5.78,5.14,6.65,4.48,5.25,6.29,13.86,5.66,5.34,11.34,4.97,4.78,10.69,5.27
Di-Linoleoyl-3-Sn-Phosphatidylcholine,5.02,8.26,5.83,6.33,5.4,5.3,6.83,4.87,5.21,14.8,12.96,7.16,6.34,11.71,7.27,5.13,10.87,5.1
Captopril,5.17,9.12,5.18,4.5,5.76,4.99,5.29,6.84,5.08,5.72,14.68,4.91,5.89,11.27,4.22,4.98,11.6,5.5
CalanolideA,5.24,8.62,6.73,6.46,5.41,5.2,7.5,4.6,6.01,11.82,15.34,7.22,5.76,11.63,6.1,4.82,10.7,5.31
Tauroursodeoxycholicacid,5.2,4.75,4.96,4.51,5.52,5.06,8.38,4.68,5.13,5.35,14.85,6.43,6.39,10.94,5.57,5.06,10.52,5.4
"N-naphthalen-1-ylmethyl-2'-[3,5-dimethoxybenzamido]-2'-deoxy-adenosine",5.19,3.55,6.04,4.58,5.98,5.32,7.51,4.62,5.11,3.21,11.53,5.98,6.06,11.43,5.71,4.69,11.35,5.09
N-{4-METHYL-3-[(3-PYRIMIDIN-4-YLPYRIDIN-2-YL)AMINO]PHENYL}-3-(TRIFLUOROMETHYL)BENZAMIDE,5.27,4.76,5.37,5.7,5.73,5.61,6.49,5.66,5.05,8.0,13.41,6.98,5.1,11.91,4.99,5.6,10.91,5.04
2-(4-HYDROXY-5-PHENYL-1H-PYRAZOL-3-YL)-1H-BENZOIMIDAZOLE-5-CARBOXAMIDINE,5.31,5.4,4.54,4.33,5.58,6.22,6.37,4.46,5.09,5.51,18.47,6.16,6.07,11.8,6.09,5.09,11.41,5.07
"5-chloro-N-{4-[(1R)-1,2-dihydroxyethyl]phenyl}-1H-indole-2-carboxamide",5.32,3.17,4.94,5.59,5.27,5.45,6.63,4.23,5.66,4.61,12.95,6.77,5.27,11.52,5.62,4.66,11.52,5.48
Ziprasidone,5.32,2.73,5.32,6.17,6.03,5.12,5.02,6.75,6.05,4.29,11.25,6.44,5.63,10.62,5.73,5.7,11.55,5.66
Xanthinol,5.28,5.61,4.77,4.77,5.75,5.3,6.18,4.28,5.24,7.54,14.25,5.58,6.36,10.11,4.19,4.53,11.48,5.22
Cisatracurium,5.2,5.65,4.33,5.33,5.49,5.33,6.97,4.42,5.05,7.46,14.5,7.7,5.58,11.95,4.2,4.85,10.91,5.05
Pregnenolone,5.23,7.08,6.61,6.1,5.47,5.12,8.01,4.87,5.15,5.87,14.14,6.28,6.35,11.64,5.78,5.1,11.47,5.27
(3e)-3-[(4-Hydroxyphenyl)Imino]-1h-Indol-2(3h)-One,5.29,5.06,5.52,5.87,5.36,4.97,7.36,3.92,5.9,6.72,11.13,6.95,5.43,11.98,7.27,4.74,11.65,5.79
Cinoxacin,5.32,4.36,4.03,4.51,5.41,5.04,5.05,4.62,5.16,8.65,12.34,6.0,6.27,11.62,4.31,4.87,11.35,5.15
Carbomycin,5.08,5.53,5.27,5.61,5.18,5.05,5.05,5.15,6.06,7.03,9.55,6.15,6.12,10.55,5.58,5.17,10.71,5.86
Candesartancilexetil,5.27,3.22,7.48,6.81,5.83,5.57,6.58,4.93,5.25,3.84,13.9,6.43,5.87,11.72,7.85,5.19,11.25,5.75
"2-{3-[4-(4-Fluorophenyl)-3,6-Dihydro-1(2h)-Pyridinyl]Propyl}-8-Methyl-4(3h)-Quinazolinone",5.26,3.32,5.51,4.67,5.85,5.12,6.37,6.26,5.54,7.39,11.32,6.64,6.42,10.79,6.36,5.25,11.37,5.3
"N-[4-(2-Methylimidazo[1,2-a]Pyridin-3-Yl)-2-Pyrimidinyl]Acetamide",5.19,9.35,4.33,4.08,5.47,4.83,6.22,4.25,5.04,5.21,24.1,7.77,6.42,11.61,7.25,4.67,11.37,5.07
ZincSubstitutedHemeC,5.32,4.64,4.47,5.19,5.27,4.94,7.65,4.78,5.28,4.37,10.36,7.36,6.07,10.79,6.05,5.06,11.41,5.66
N-(4-CHLOROPHENYL)-3-(PHOSPHONOOXY)NAPHTHALENE-2-CARBOXAMIDE,5.3,6.03,3.52,4.27,5.48,4.99,6.78,4.09,5.07,6.25,12.64,6.13,5.95,11.49,5.75,4.73,10.82,5.11
Rhodamine6G,5.12,5.24,5.52,5.27,5.7,5.48,6.73,4.67,5.1,6.81,17.1,4.69,6.3,10.43,5.77,4.87,11.25,5.06
H3B-8800,5.34,5.38,5.67,5.33,5.61,5.33,7.8,5.65,5.08,5.73,15.04,7.21,6.63,11.5,4.47,5.28,10.57,5.31
6-CYCLOHEXYLMETHYLOXY-2-(4'-HYDROXYANILINO)PURINE,5.23,6.02,5.87,4.8,5.78,4.93,5.5,4.43,5.04,9.01,15.29,6.27,6.55,12.21,6.19,5.06,10.57,5.08
Dydrogesterone,5.29,4.74,4.59,4.28,5.62,5.09,7.63,6.9,5.84,4.21,8.79,5.97,6.0,11.18,5.21,5.49,11.55,5.6
Vilanterol,5.28,7.05,5.41,4.91,5.77,5.17,7.66,4.79,5.12,6.95,13.25,5.96,5.72,10.73,5.73,5.0,11.25,5.16
Pexidartinib,5.19,6.11,6.88,6.34,5.81,4.85,7.13,5.73,5.08,14.19,11.33,7.16,5.88,11.64,6.68,5.51,11.56,5.06
{(2S)-1-[N-(tert-butoxycarbonyl)glycyl]pyrrolidin-2-yl}methyl(3-chlorophenyl)acetate,5.04,14.72,6.61,6.65,5.77,5.28,7.01,4.65,5.18,7.09,26.62,6.19,5.76,11.79,4.06,4.91,11.24,5.72
Ropinirole,5.18,9.25,4.6,5.09,5.5,5.19,7.11,4.43,5.25,2.83,8.42,5.99,5.91,11.62,4.72,4.73,11.38,5.24
"{3-[(5-CHLORO-1,3-BENZOTHIAZOL-2-YL)METHYL]-2,4-DIOXO-3,4-DIHYDROPYRIMIDIN-1(2H)-YL}ACETICACID",5.23,6.83,4.49,3.77,5.8,5.25,6.37,4.62,5.13,5.73,11.97,5.4,5.22,10.73,3.87,4.78,11.0,5.12
"N-[4-hydroxymethyl-cyclohexan-6-yl-1,2,3-triol]-4,6-dideoxy-4-aminoglucopyranoside",5.14,3.97,4.57,4.09,4.89,4.95,5.29,5.51,5.72,6.87,20.04,6.91,6.09,10.77,4.0,4.93,10.49,5.2
"2-(Oxalyl-Amino)-4,7-Dihydro-5h-Thieno[2,3-C]Pyran-3-CarboxylicAcid",5.29,4.5,5.7,6.28,5.57,5.07,5.6,4.29,5.75,9.17,10.35,6.09,6.58,11.21,5.31,4.95,11.5,5.16
"(3Z)-1-[(6-fluoro-4H-1,3-benzodioxin-8-yl)methyl]-4-phenyl-1H-indole-2,3-dione3-oxime",5.29,8.09,6.8,6.68,5.39,5.38,7.33,5.16,5.33,4.84,11.01,7.17,6.52,11.37,5.0,4.94,11.1,5.07
Phosphoaminophosphonicacidguanylateester,5.08,6.2,4.51,4.77,5.23,5.07,5.7,5.09,5.13,7.69,13.07,6.38,6.01,10.37,5.25,4.73,11.09,5.12
Arimoclomol,5.25,2.95,4.25,4.54,5.53,5.51,6.67,4.47,5.09,5.31,10.9,5.97,6.39,11.26,4.54,4.85,11.51,5.16
3-{[(3-FLUORO-3'-METHOXYBIPHENYL-4-YL)AMINO]CARBONYL}THIOPHENE-2-CARBOXYLICACID,5.29,7.28,6.5,6.12,5.42,5.36,7.5,4.88,5.05,4.49,10.79,6.55,5.87,11.53,4.5,4.8,11.31,5.1
"4-(Aminosulfonyl)-N-[(2,5-Difluorophenyl)Methyl]-Benzamide",5.23,5.02,7.66,7.51,5.54,6.36,7.37,5.27,5.06,9.57,13.78,7.33,5.83,10.72,7.13,4.88,11.01,5.09
Cardarine,5.24,6.56,8.1,7.85,5.51,5.37,7.03,5.12,5.2,3.18,13.74,6.48,6.8,11.55,6.25,5.25,11.26,5.13
GS0573,5.2,10.51,6.08,5.91,5.1,5.04,6.49,4.27,5.05,1.11,12.17,4.95,6.37,10.58,4.99,4.61,11.43,5.08
ArbaclofenPlacarbil,5.2,3.82,4.42,4.15,5.66,5.87,6.87,4.59,5.08,2.38,11.22,7.29,5.79,11.27,4.13,4.66,11.31,5.16
3-fluoro-N-1H-indol-5-yl-5-morpholin-4-ylbenzamide,5.26,11.44,3.56,4.17,5.91,4.94,6.37,4.32,5.13,2.27,11.82,7.02,5.79,10.84,5.55,4.66,11.32,5.13
Ganaxolone,5.21,4.87,4.54,3.58,5.61,5.09,7.91,5.67,5.14,2.3,11.27,5.51,5.75,11.75,5.45,5.08,11.44,5.35
"(3R)-4,4-DIFLUORO-3-[(4-METHOXYPHENYL)SULFONYL]BUTANOICACID",5.27,7.19,4.26,5.19,5.5,6.49,6.67,4.25,5.07,22.45,10.32,4.3,6.23,10.75,4.37,4.52,10.88,5.14
Phosphocreatine,5.34,8.71,4.58,5.9,5.13,5.11,5.12,4.17,5.07,3.06,24.59,5.93,5.87,11.3,4.49,4.8,10.78,5.17
Eszopiclone,5.17,6.45,4.74,3.98,5.32,4.92,7.36,5.21,5.8,7.02,12.37,7.45,6.06,10.62,5.91,4.73,10.7,5.39
Amuvatinib,5.29,7.66,5.7,6.02,5.45,5.33,7.0,4.61,5.21,5.51,13.14,6.55,5.11,11.35,6.11,4.9,10.73,5.07
Aranidipine,5.05,8.61,4.63,4.43,5.95,6.0,7.15,4.95,5.17,2.72,8.11,6.05,5.78,11.35,6.6,5.63,11.24,5.39
Galantamine,5.18,6.75,6.72,6.64,5.65,5.43,5.88,5.05,5.11,3.42,9.7,6.65,6.78,12.04,6.18,4.88,10.73,5.26
"Cyclopropyl-{4-[5-(3,4-Dichlorophenyl)-2-[(1-Methyl)-Piperidin]-4-Yl-3-Propyl-3h-Imidazol-4-Yl]-Pyrimidin-2-Yl}Amine",5.28,7.46,5.19,5.41,6.02,5.92,6.19,5.17,5.05,6.67,11.7,6.83,5.68,11.35,6.76,5.97,11.65,5.2
"(5-{3-[5-(PIPERIDIN-1-YLMETHYL)-1H-INDOL-2-YL]-1H-INDAZOL-6-YL}-2H-1,2,3-TRIAZOL-4-YL)METHANOL",5.25,7.36,5.67,5.9,5.78,5.54,6.4,6.68,5.08,7.44,12.33,6.82,5.93,11.64,6.04,5.4,11.46,5.05
"4-(4-METHYLPIPERAZIN-1-YL)-N-[5-(2-THIENYLACETYL)-1,5-DIHYDROPYRROLO[3,4-C]PYRAZOL-3-YL]BENZAMIDE",5.22,4.81,5.09,5.13,5.55,4.94,5.69,5.66,5.1,6.62,11.83,6.78,6.08,11.65,5.76,5.06,10.97,5.08
Cabergoline,5.28,4.97,5.34,4.89,5.47,5.14,7.21,5.12,5.2,2.34,10.45,6.87,5.8,11.47,5.18,5.27,11.71,5.29
Lintitript,5.32,7.58,6.82,5.89,5.34,5.69,6.37,4.32,5.16,6.44,11.37,6.12,6.51,11.59,5.94,4.8,11.53,5.23
Fesoterodine,5.27,4.15,4.76,5.93,5.54,5.82,7.57,5.06,5.1,4.82,15.5,8.19,6.07,11.58,5.0,5.02,11.14,5.17
Guanosine-5'-Triphosphate,5.07,3.45,4.45,4.67,5.17,5.01,5.85,5.02,5.32,3.56,11.87,6.42,6.08,10.39,5.16,4.64,10.75,5.43
CRA_1801,5.19,6.72,5.29,5.33,5.55,4.87,6.35,4.64,5.09,3.34,9.12,6.79,6.13,11.32,5.73,5.17,11.08,5.07
Oxyphenonium,5.23,5.53,5.29,5.7,5.52,6.01,6.75,4.91,5.06,4.16,12.01,6.66,6.09,11.31,4.99,4.74,11.38,5.12
Bis(Adenosine)-5'-Pentaphosphate,5.12,9.4,4.95,4.91,5.72,5.1,5.73,5.34,5.09,3.35,14.41,7.3,6.69,11.59,5.26,4.67,10.68,5.12
Fleroxacin,5.21,11.6,4.61,5.91,5.56,5.22,5.98,5.04,5.08,2.8,12.4,6.06,6.52,11.53,6.38,4.69,11.27,5.14
Guanosine-5'-Diphosphate-Rhamnose,5.18,2.91,4.49,4.63,5.17,5.06,6.22,4.33,5.2,4.17,16.6,6.92,5.88,10.41,5.34,4.7,11.19,5.78
(5-CHLORO-2-{[(3-NITROBENZYL)AMINO]CARBONYL}PHENOXY)ACETICACID,5.06,8.84,7.63,6.77,5.64,5.28,6.26,4.72,5.07,5.85,6.83,5.18,5.96,11.23,5.51,5.61,11.32,5.07
Oxyphencyclimine,5.23,3.19,3.92,3.82,5.58,6.0,6.43,6.78,5.09,4.92,10.86,5.81,6.54,11.6,6.12,5.23,11.22,5.41
Beta(2-Thienyl)Alanine,5.03,4.95,4.94,5.38,5.51,5.23,4.78,4.51,5.58,6.24,12.04,5.78,6.42,11.44,4.01,4.79,10.7,5.16
Benzquinamide,5.22,9.76,7.02,5.54,5.56,5.49,7.79,5.44,5.53,5.89,40.53,6.3,6.58,11.87,4.07,4.89,11.29,5.32
Fluphenazine,5.21,5.35,5.49,5.21,5.72,4.91,7.44,4.99,5.59,5.96,10.86,6.48,6.2,12.85,4.22,5.26,11.62,5.08
Uridine-Diphosphate-N-Acetylglucosamine,5.24,10.47,3.95,4.2,5.43,4.98,6.56,4.08,5.87,3.71,9.69,6.22,6.12,10.58,4.03,4.69,11.12,5.29
Oxcarbazepine,5.04,5.34,6.13,5.39,5.36,5.1,4.71,4.78,5.17,6.21,12.48,6.44,6.05,11.48,5.01,4.98,10.4,5.08
FR117016,5.32,4.57,6.59,5.58,5.43,5.1,7.66,4.53,5.06,5.34,11.18,7.32,6.39,12.4,6.26,5.08,11.48,5.3
Balanol,5.25,3.95,6.61,6.54,5.59,5.94,7.42,7.09,5.15,2.03,11.24,6.88,5.97,12.97,6.38,5.76,13.04,5.19
Compound4-D,5.27,3.18,5.82,4.82,5.95,5.29,7.1,7.03,5.16,4.25,13.89,6.9,6.46,11.8,5.89,5.29,11.77,5.21
"(3AALPHA,4ALPHA,7ALPHA,7AALPHA)-3A,4,7,7A-TETRAHYDRO-2-(4-NITRO-1-NAPHTHALENYL)-4,7-ETHANO-1H-ISOINDOLE-1,3(2H)-DIONE",5.24,10.21,5.16,4.8,5.79,5.7,7.57,4.86,5.08,3.05,8.24,6.61,6.03,10.9,5.39,4.92,11.76,5.16
CordycepinTriphosphate,5.05,5.57,5.16,6.26,5.75,4.98,5.83,5.12,5.09,4.85,9.05,7.59,6.7,11.63,5.29,4.69,10.75,5.15
Cinolazepam,5.15,6.47,6.25,6.56,5.44,5.73,8.15,5.17,5.06,2.1,13.9,6.63,6.46,10.34,4.93,4.79,11.61,5.08
Pentostatin,5.32,3.15,6.83,6.63,5.7,5.16,6.35,4.08,5.97,2.84,11.79,5.32,6.78,11.47,5.53,4.82,11.67,5.31
Radicicol,5.24,4.94,6.4,5.46,5.57,4.92,7.98,6.02,5.54,5.45,38.07,7.02,6.25,11.9,6.07,5.23,11.62,5.26
"(3Z)-6-(4-HYDROXY-3-METHOXYPHENYL)-3-(1H-PYRROL-2-YLMETHYLENE)-1,3-DIHYDRO-2H-INDOL-2-ONE",5.2,4.89,5.06,5.29,5.56,5.93,6.03,4.56,6.32,4.47,10.46,5.66,5.07,13.14,5.62,5.29,10.47,6.07
"(7S)-2-(2-aminopyrimidin-4-yl)-7-(2-fluoroethyl)-1,5,6,7-tetrahydro-4H-pyrrolo[3,2-c]pyridin-4-one",5.32,5.09,4.2,5.22,5.61,4.88,6.91,7.41,5.07,6.73,20.19,6.31,6.32,11.74,7.56,5.47,11.55,5.07
"4'-[(1R)-1-amino-2-(2,5-difluorophenyl)ethyl]biphenyl-3-carboxamide",5.25,6.54,4.69,4.38,5.45,5.11,8.14,4.68,5.11,9.01,5.15,6.82,6.35,11.55,4.86,4.67,11.32,5.09
4-[(5-CHLOROINDOL-2-YL)SULFONYL]-2-(2-METHYLPROPYL)-1-[[5-(PYRIDIN-4-YL)PYRIMIDIN-2-YL]CARBONYL]PIPERAZINE,5.17,3.05,6.67,5.99,5.67,6.66,5.52,6.18,5.13,4.63,13.46,6.14,6.0,11.33,6.55,5.19,11.23,5.34
Niludipine,5.04,5.05,6.19,4.86,5.85,5.5,6.71,6.05,5.09,2.73,11.93,6.57,5.95,11.35,7.45,5.33,11.41,5.43
13-Acetylphorbol,5.16,8.16,7.84,7.39,5.47,5.26,8.42,4.58,5.19,3.85,10.92,5.79,6.61,10.72,7.77,4.99,11.21,5.22
"5-QUINOXALIN-6-YLMETHYLENE-THIAZOLIDINE-2,4-DIONE",5.21,8.18,3.14,3.63,5.21,4.95,7.41,4.9,5.22,6.91,12.18,6.65,6.07,11.65,4.85,4.98,11.3,5.43
Staurosporine,5.25,2.2,7.1,7.04,6.23,5.69,8.05,7.25,8.07,4.37,11.8,6.51,5.78,14.56,6.9,5.63,14.23,7.16
Emtricitabine,5.2,10.19,5.11,4.44,5.73,5.09,6.55,5.18,5.89,14.0,10.79,6.74,6.3,11.64,4.56,4.85,10.61,5.14
Resiquimod,5.23,10.48,5.67,5.87,5.63,6.23,5.67,4.33,5.08,7.29,12.08,6.24,6.56,11.85,6.11,4.73,11.32,5.12
"6-[N-(1-Isopropyl-1,2,3,4-Tetrahydro-7-Isoquinolinyl)Carbamyl]-2-Naphthalenecarboxamidine",5.27,1.81,6.36,6.61,5.74,6.24,6.47,4.71,5.06,4.39,12.24,6.2,5.61,10.72,8.18,5.02,11.32,5.08
Tasimelteon,5.26,5.7,5.35,5.31,5.56,5.25,6.32,4.87,5.39,6.97,11.17,6.36,5.98,12.41,4.79,4.88,11.39,5.74
4-[(3R)-3-{[2-(4-FLUOROPHENYL)-2-OXOETHYL]AMINO}BUTYL]BENZAMIDE,5.12,4.96,5.45,4.01,5.63,6.11,5.81,4.78,5.16,6.49,11.13,7.03,5.25,11.02,5.6,5.32,10.94,5.2
Tegafur-uracil,5.17,5.57,4.71,4.19,5.69,5.23,5.28,5.6,5.12,8.89,14.19,7.08,6.48,10.23,4.38,4.84,11.39,5.15
Netoglitazone,5.31,6.02,5.46,4.71,5.64,5.55,6.68,5.73,5.1,12.8,5.62,6.38,6.47,11.63,4.48,5.9,11.28,5.26
"3-Mercapto-1-(1,3,4,9-Tetrahydro-B-Carbolin-2-Yl)-Propan-1-One",5.2,8.0,5.49,4.16,5.02,5.13,5.65,4.51,5.39,3.1,11.03,5.39,5.3,11.62,5.91,4.73,11.43,5.32
"6-(2-fluorophenyl)-N-(pyridin-3-ylmethyl)imidazo[1,2-a]pyrazin-8-amine",5.19,3.91,5.4,5.51,5.26,5.58,7.23,4.67,5.04,3.8,11.91,6.81,5.98,11.36,6.13,5.26,10.44,5.05
"(1S,2S,3R,6R)-4-(hydroxymethyl)-6-(octylamino)cyclohex-4-ene-1,2,3-triol",5.19,2.8,5.27,4.92,5.54,5.53,5.58,4.7,5.22,7.0,10.56,6.01,6.6,11.49,4.19,4.86,10.52,5.08
"6-(5-BROMO-2-HYDROXYPHENYL)-2-OXO-4-PHENYL-1,2-DIHYDROPYRIDINE-3-CARBONITRILE",5.21,4.68,5.31,5.19,5.61,5.49,7.68,6.03,5.35,5.26,15.6,6.78,6.33,12.04,5.82,5.11,11.65,5.43
Resatorvid,5.18,5.93,6.52,5.34,5.57,5.04,5.55,6.13,5.21,3.89,13.54,5.61,6.08,11.49,5.43,5.3,10.69,5.55
Naftopidil,5.25,7.17,7.07,6.78,5.7,4.86,7.41,6.7,5.09,5.94,11.67,7.79,6.4,12.12,5.74,5.34,11.25,5.14
N-[2-(1h-Indol-5-Yl)-Butyl]-4-Sulfamoyl-Benzamide,5.25,3.97,6.3,6.9,5.87,5.75,6.17,4.18,5.1,2.07,10.76,6.34,5.73,10.39,5.15,4.85,11.32,5.13
Almitrine,5.3,5.02,4.6,4.8,5.56,5.41,6.2,4.36,6.11,6.45,13.47,6.23,5.82,11.68,5.34,4.87,11.6,5.77
Naratriptan,5.21,6.02,5.49,6.64,6.18,5.26,5.49,5.52,5.08,4.75,12.53,6.46,5.58,10.96,5.95,5.04,11.55,5.11
2-Deoxy-Glucose-6-Phosphate,5.08,5.4,4.49,3.45,5.19,5.05,4.79,4.99,5.47,6.43,13.98,4.15,6.35,11.46,5.01,4.95,10.98,5.27
"1,2-diacyl-sn-glycero-3-phosphoinositol",5.26,5.13,5.14,5.9,5.54,5.23,7.33,5.03,5.18,10.24,9.69,7.09,6.73,11.81,6.01,5.36,10.71,5.13
Dansyllysine,5.14,3.99,4.26,4.2,5.36,5.1,6.77,4.26,5.15,6.58,12.56,5.37,5.75,11.71,4.18,4.69,10.68,5.22
"4-[(1S,2S,5S,9R)-5-(HYDROXYMETHYL)-8,9-DIMETHYL-3-OXABICYCLO[3.3.1]NON-7-EN-2-YL]PHENOL",5.19,7.22,5.81,3.98,5.39,4.99,7.21,4.74,5.51,6.3,11.6,6.75,6.03,11.54,4.46,5.12,10.61,5.84
"Alpha-D-Glucose1,6-Bisphosphate",5.14,9.04,4.67,3.7,5.3,4.97,5.54,4.91,5.08,2.86,7.81,6.19,6.37,11.67,4.72,4.82,10.91,5.22
9-Deazaguanine,5.17,7.44,4.2,4.26,5.29,5.05,5.75,4.37,5.27,4.45,12.82,6.11,5.83,11.16,4.02,4.75,10.76,5.34
"N-hydroxy-5-[(3-phenyl-5,6-dihydroimidazo[1,2-a]pyrazin-7(8H)-yl)carbonyl]thiophene-2-carboxamide",5.29,6.95,5.78,6.38,5.51,5.88,7.28,5.57,5.18,7.28,12.99,6.71,5.89,11.73,5.34,5.51,10.68,5.23
Rosebengal,5.09,2.64,6.0,6.52,5.54,5.76,7.97,5.07,5.12,7.51,22.81,6.53,5.61,11.96,6.28,5.11,11.36,5.22
3-FORMYL-2-HYDROXY-5-METHYL-HEXANOICACIDHYDROXYAMIDE,5.16,5.27,4.78,4.89,5.52,5.03,4.4,6.28,5.17,8.26,14.06,5.15,5.87,11.61,4.64,6.66,10.77,5.14
Piclamilast,5.14,7.17,5.99,5.66,6.49,4.94,4.98,5.92,5.04,6.66,12.32,6.0,5.9,11.61,4.27,5.56,11.26,5.14
Hydroflumethiazide,5.16,10.28,6.45,4.48,5.45,6.72,4.99,5.3,5.1,10.24,5.76,6.64,5.89,11.9,6.17,4.72,11.19,5.23
"N'-(2s,3r)-3-Amino-4-Cyclohexyl-2-Hydroxy-Butano-N-(4-Methylphenyl)Hydrazide",5.18,11.54,5.9,4.33,5.58,4.95,5.91,4.53,5.08,6.23,13.83,5.7,6.09,11.27,5.11,4.88,11.38,5.08
2-Deoxy-D-Glucitol6-(E)-Vinylhomophosphonate,5.03,2.24,5.69,5.45,5.49,5.02,5.51,4.78,5.4,3.86,12.21,5.73,6.08,11.29,4.91,4.69,11.29,5.23
PF-00356231,5.3,3.76,4.72,4.55,5.45,5.84,6.92,4.39,5.06,2.44,11.03,7.32,6.11,11.2,6.13,4.77,11.47,5.13
VariolinB,5.09,7.55,4.97,5.16,5.66,5.19,7.4,4.51,5.09,5.83,15.35,8.01,5.99,11.75,6.67,5.06,11.53,5.09
2-(4-CARCOXY-5-ISOPROPYLTHIAZOLYL)BENZOPIPERIDINE,5.07,7.12,6.73,6.38,5.74,5.73,7.2,4.18,5.08,6.9,12.07,6.96,6.57,10.49,6.3,4.91,11.59,5.38
Bis(5-Amidino-Benzimidazolyl)MethanoneZinc,5.07,5.94,4.59,4.55,5.28,5.2,6.28,4.16,5.09,5.77,10.84,6.82,6.49,11.83,6.1,4.73,11.75,5.14
6-DeoxyerythronolideB,5.04,2.51,6.64,5.57,5.61,4.92,6.02,4.64,5.17,4.54,13.52,6.51,6.64,11.5,5.61,4.73,11.6,5.21
3-CHLORO-2-(4-HYDROXYPHENYL)-2H-INDAZOL-5-OL,5.16,5.69,4.32,4.97,5.51,4.94,6.33,6.08,5.07,4.3,17.9,6.53,6.54,10.75,4.4,4.82,11.09,5.11
Biopterin,5.13,4.33,4.97,4.4,5.19,5.42,5.2,3.99,5.63,5.04,20.58,4.71,5.91,11.22,5.89,4.79,10.81,5.71
Podofilox,5.28,5.72,5.1,5.34,5.45,5.35,8.09,4.76,5.17,5.8,11.98,5.91,6.56,11.6,5.02,5.01,10.94,5.13
6-CARBAMIMIDOYL-2-[2-HYDROXY-5-(3-METHOXY-PHENYL)-INDAN-1-YL]-HEXANOICACID,5.17,9.54,4.58,6.1,5.69,5.1,5.6,4.97,5.35,7.02,6.5,6.66,5.82,11.61,6.3,4.88,11.06,5.22
Vinorelbine,5.25,9.21,6.26,4.73,5.42,4.87,7.69,5.0,6.26,3.26,8.55,6.66,6.02,11.81,6.51,5.07,11.79,5.81
N-(4-PHENYLAMINO-QUINAZOLIN-6-YL)-ACRYLAMIDE,5.05,7.59,4.98,4.91,5.92,5.45,5.66,6.52,5.07,3.19,16.56,6.46,5.03,11.71,5.0,4.79,11.16,5.02
Zuclopenthixol,5.2,6.57,3.62,5.96,5.93,4.98,7.08,5.25,5.93,11.77,12.58,6.59,5.76,12.0,4.3,5.09,11.0,5.18
Penbutolol,5.22,3.1,8.23,8.34,6.09,5.98,7.59,5.09,5.06,5.72,10.82,7.1,5.86,10.72,7.63,5.91,10.76,5.3
Formestane,5.17,5.02,4.62,4.4,5.45,5.09,7.83,4.44,5.5,6.7,14.61,6.31,6.07,10.99,4.86,4.57,11.41,5.59
Zardaverine,5.25,4.55,6.44,5.91,5.5,4.93,6.99,4.38,5.07,4.06,12.21,6.04,6.04,11.57,4.3,4.7,11.15,5.11
"2-(Beta-D-Glucopyranosyl)-5-Methyl-1,3,4-Oxadiazole",5.03,3.11,4.01,3.19,5.29,5.12,5.53,3.73,5.62,3.2,10.43,4.55,6.12,11.26,5.84,4.58,11.18,5.19
"5,6-dichloro-1-beta-D-ribofuranosyl-1H-benzimidazole",5.16,6.61,5.38,4.17,5.22,5.16,6.53,4.01,6.2,5.37,25.88,6.7,6.19,10.47,6.15,4.76,10.96,5.29
2-Chlorodideoxyadenosine,5.07,24.92,5.3,5.88,5.62,4.95,7.64,4.59,5.1,11.75,11.21,6.83,6.52,11.65,5.05,4.81,11.47,5.14
Gemfibrozil,5.13,6.04,6.1,6.82,5.06,5.06,6.52,4.47,5.08,5.56,10.62,4.83,6.64,11.96,6.19,4.63,11.3,5.1
"N-[(1S)-2-AMINO-1-(2,4-DICHLOROBENZYL)ETHYL]-5-[2-(METHYLAMINO)PYRIMIDIN-4-YL]THIOPHENE-2-CARBOXAMIDE",5.26,7.44,5.63,5.41,5.65,5.64,6.75,6.41,5.06,5.78,10.08,6.81,6.05,11.44,6.16,5.71,11.97,5.04
Cidofovir,5.14,11.06,4.24,4.23,5.24,4.96,6.67,4.44,5.09,9.83,11.97,4.71,5.74,11.71,4.3,4.77,12.14,5.18
"(1R,2R,3R,4S,5R)-4-(BENZYLAMINO)-5-(METHYLTHIO)CYCLOPENTANE-1,2,3-TRIOL",5.19,3.28,3.38,3.7,5.83,5.39,6.04,5.45,5.09,6.2,10.41,5.86,5.99,11.91,6.21,4.73,11.51,5.18
Gliquidone,5.18,6.66,5.16,5.18,5.42,4.99,6.45,4.87,5.07,16.28,15.34,6.53,5.73,11.98,7.71,4.92,11.25,5.06
Fluorescein,5.27,4.83,3.73,4.8,5.45,5.21,7.88,4.17,5.26,3.56,18.85,7.97,6.23,11.08,5.34,4.72,10.72,5.47
Tamibarotene,5.08,2.49,5.16,4.71,5.56,5.92,6.56,4.55,5.05,5.56,14.33,5.81,5.19,11.3,4.96,5.05,11.61,5.14
"(1S)-1-(3-chlorophenyl)-2-oxo-2-[(1,3,4-trioxo-1,2,3,4-tetrahydroisoquinolin-5-yl)amino]ethylacetate",5.14,6.89,4.1,4.56,5.67,5.92,5.46,5.42,6.37,2.67,8.29,6.4,5.85,11.63,4.12,5.7,11.01,5.48
"5-[(phenylsulfonyl)amino]-1,3,4-thiadiazole-2-sulfonamide",5.25,2.12,5.42,6.39,5.59,5.79,6.03,5.8,5.18,3.52,12.24,6.36,6.63,11.43,4.36,5.34,11.68,5.71
"N-{2-[6-(2,4-DIAMINO-6-ETHYLPYRIMIDIN-5-YL)-2,2-DIMETHYL-3-OXO-2,3-DIHYDRO-4H-1,4-BENZOXAZIN-4-YL]ETHYL}ACETAMIDE",5.15,5.44,6.03,4.37,5.4,5.77,6.53,5.72,5.1,2.34,11.48,7.02,6.79,11.54,6.53,5.59,11.39,5.2
GlycinamideRibonucleotide,5.05,6.7,4.65,3.65,5.55,5.11,4.41,4.29,5.13,6.1,11.63,5.34,6.71,11.56,4.28,4.51,10.91,5.14
N-Cyclohexyl-N'-(4-Iodophenyl)Urea,5.21,4.84,6.41,5.08,5.62,5.08,5.21,5.28,5.09,11.01,9.33,5.93,6.67,11.43,4.32,5.23,10.43,5.07
Natamycin,5.17,4.58,6.7,5.9,5.53,5.02,6.48,4.44,5.41,5.78,16.38,7.01,6.54,10.99,6.86,5.06,11.49,5.36
"N-{5-[4-(4-METHYLPIPERAZIN-1-YL)PHENYL]-1H-PYRROLO[2,3-B]PYRIDIN-3-YL}NICOTINAMIDE",5.17,5.81,5.73,6.6,5.87,5.08,7.44,5.18,5.05,4.64,9.9,7.09,5.35,12.06,6.02,5.21,11.56,5.08
Guanosine-5'-Diphosphate,5.06,2.37,4.42,4.67,5.12,5.01,5.81,4.93,5.3,5.82,8.6,6.35,6.06,10.39,5.16,4.63,10.8,5.32
"4-[(3R)-3-Amino-4-(2,4,5-trifluorophenyl)butanoyl]-3-(2,2,2-trifluoroethyl)-1,4-diazepan-2-one",5.25,2.87,6.94,6.44,5.66,5.38,7.27,6.56,5.72,4.73,11.44,7.65,6.02,12.22,4.24,5.22,11.37,5.55
Lonidamine,5.05,4.86,6.42,4.87,5.66,5.14,4.74,5.04,5.18,5.02,15.29,6.41,5.6,11.63,5.85,5.15,11.41,5.34
4-{[4-AMINO-6-(CYCLOHEXYLMETHOXY)-5-NITROSOPYRIMIDIN-2-YL]AMINO}BENZAMIDE,5.21,13.24,5.7,4.76,5.69,5.06,5.76,4.52,5.06,7.28,10.88,6.58,6.34,12.1,6.08,4.95,11.49,5.05
LFA703,5.15,5.18,5.7,6.02,5.86,4.92,7.07,6.82,5.05,5.17,7.39,6.83,5.72,10.84,5.75,4.83,11.19,5.14
2-({6-[(3-Chlorophenyl)amino]-9-isopropyl-9H-purin-2-yl}amino)ethanol,5.19,4.82,5.03,5.08,5.6,5.04,6.69,4.55,5.16,8.23,11.86,6.89,6.51,10.91,5.05,4.67,11.07,5.16
Enoximone,5.16,6.59,4.8,5.12,5.43,5.2,6.34,4.35,5.23,2.65,11.96,5.8,5.74,11.41,5.35,4.58,11.22,5.72
"3-[4-(2,4-Dimethyl-Thiazol-5-Yl)-Pyrimidin-2-Ylamino]-Phenol",5.1,8.13,6.55,6.77,5.79,5.12,7.42,5.2,5.04,6.5,20.02,6.0,6.37,12.04,6.56,5.93,11.89,5.07
Tetraferrictricitratedecahydrate,5.17,5.5,4.36,4.2,4.99,5.24,4.79,5.04,5.07,5.98,33.04,6.89,6.45,11.67,5.7,4.72,10.77,5.18
2-[1-(4-chlorobenzoyl)-5-methoxy-2-methyl-1H-indol-3-yl]-n-[(1S)-1-(hydroxymethyl)propyl]acetamide,5.07,5.3,5.56,4.76,5.74,4.85,6.61,5.47,5.16,5.57,15.7,7.1,5.63,11.09,4.99,5.01,11.12,5.17
S-octylglutathione,5.26,1.83,2.71,2.99,5.71,5.31,5.94,4.02,5.13,4.93,12.0,5.3,6.14,11.02,4.44,4.59,10.55,5.1
Nicotinamide8-Bromo-AdenineDinucleotidePhosphate,5.2,7.19,5.61,6.06,5.85,4.91,5.95,4.52,5.09,3.26,11.32,6.95,6.5,11.61,5.82,4.73,11.24,5.1
Aceprometazine,5.21,6.04,5.4,6.25,5.99,4.95,6.33,4.64,5.05,6.48,15.28,5.95,5.8,12.59,4.89,5.08,11.15,5.19
Hydroxyfasudil,5.23,5.61,5.18,4.06,5.77,5.21,5.68,5.04,6.07,5.2,15.1,6.24,6.4,11.92,6.38,5.08,11.63,5.52
Aripiprazole,5.19,4.91,5.65,5.86,5.78,5.39,6.54,4.46,5.59,6.03,10.95,6.01,5.92,10.75,4.98,4.85,11.5,5.46
"4-[(1E,7E)-8-(2,6-DIOXO-1,2,3,6-TETRAHYDROPYRIMIDIN-4-YL)-3,6-DIOXA-2,7-DIAZAOCTA-1,7-DIEN-1-YL]BENZOICACID",5.25,3.16,4.16,3.95,5.2,5.11,6.82,4.33,5.47,4.5,10.71,6.31,5.54,11.62,4.56,4.65,11.46,5.28
Thiamylal,5.06,8.83,4.93,4.6,5.15,5.17,5.47,4.23,5.89,4.87,12.07,5.9,5.92,11.74,4.15,4.74,11.37,5.58
"3-[(1E,7E)-8-(2,6-dioxo-1,2,3,6-tetrahydropyrimidin-4-yl)-3,6-dioxa-2,7-diazaocta-1,7-dien-1-yl]benzoicacid",5.25,6.35,4.34,4.25,5.4,5.31,6.73,4.18,5.19,5.19,10.83,6.3,5.65,11.69,4.32,4.67,11.5,5.21
Adefovirdipivoxil,5.15,4.58,6.91,6.38,5.52,5.29,6.84,4.2,5.05,6.76,11.69,6.54,6.37,10.47,4.41,4.53,11.26,5.15
Cyclicadenosinemonophosphate,5.1,3.43,4.7,4.36,5.57,5.14,5.84,5.47,5.05,4.48,11.12,5.55,6.56,10.51,5.25,4.99,11.66,5.12
Eprosartan,5.15,5.83,4.87,5.88,5.64,4.9,7.58,6.36,5.2,4.92,10.89,5.53,6.15,12.18,5.0,5.1,11.09,5.32
"2-({[3-(3,4-dihydroisoquinolin-2(1H)-ylsulfonyl)phenyl]carbonyl}amino)benzoicacid",5.27,4.46,6.23,5.74,5.44,5.47,6.13,4.89,5.06,5.66,33.51,6.83,5.47,10.77,6.92,4.75,11.5,5.11
"2,5-DICHLORO-N-(5-CHLORO-1,3-BENZOXAZOL-2-YL)BENZENESULFONAMIDE",5.23,4.91,3.61,4.04,5.42,5.79,6.74,5.0,5.11,5.14,12.78,7.14,5.96,11.6,5.27,4.75,11.07,5.22
Androstanedione,5.16,22.67,7.17,6.78,5.8,5.05,7.88,5.79,5.22,7.2,29.97,5.93,5.43,11.78,5.47,5.22,10.95,5.69
Apoptone,5.32,5.79,7.71,7.57,5.05,5.06,8.77,5.34,5.07,5.45,13.26,7.56,5.93,11.8,8.0,5.15,11.19,5.56
1-(5-Tert-Butyl-2-Methyl-2h-Pyrazol-3-Yl)-3-(4-Chloro-Phenyl)-Urea,5.11,6.38,5.9,4.99,5.55,5.05,5.84,5.09,5.11,4.53,20.66,7.46,5.1,11.91,5.19,5.16,10.87,5.05
Oseltamivir,5.23,6.35,4.3,3.95,5.82,5.17,5.18,6.63,5.7,4.91,10.88,5.38,5.69,11.04,7.59,5.39,11.51,5.59
Ambrisentan,5.2,9.21,4.51,4.3,5.47,5.78,7.02,4.39,5.18,17.82,6.2,6.76,6.13,11.59,4.33,4.83,11.52,5.3
AICAribonucleotide,5.13,4.25,3.61,2.95,5.56,5.19,4.54,4.99,5.07,3.68,10.44,5.19,6.72,11.82,4.41,4.91,11.23,5.09
"9-Butyl-8-(3,4,5-Trimethoxybenzyl)-9h-Purin-6-Amine",5.02,5.44,6.87,6.57,5.37,5.64,6.66,4.53,5.08,5.94,12.42,5.55,6.2,11.22,5.0,4.8,10.91,5.04
Valdecoxib,5.25,0.42,6.7,6.68,5.53,5.56,7.06,4.74,5.13,5.55,4.13,6.49,6.39,11.7,6.15,4.76,11.39,5.34
"9-Hydroxy-8-Methoxy-6-Nitro-Phenanthrol[3,4-D][1,3]Dioxole-5-CarboxylicAcid",5.03,4.33,4.74,5.07,5.12,5.34,5.86,4.25,5.4,2.08,11.4,6.59,6.65,11.62,4.34,4.64,11.14,6.0
Mibolerone,5.16,7.04,8.19,7.33,5.75,5.08,7.71,6.21,5.08,23.05,11.2,6.67,6.16,10.69,6.89,5.2,10.74,5.44
(2S)-1-{[5-(3-METHYL-1H-INDAZOL-5-YL)PYRIDIN-3-YL]OXY}-3-PHENYLPROPAN-2-AMINE,5.28,6.16,4.99,5.15,6.05,5.74,7.27,7.07,5.6,6.76,18.79,6.41,5.01,11.9,5.38,5.96,12.04,5.28
Bazedoxifene,5.21,16.17,4.09,4.48,5.89,5.0,7.14,5.94,5.1,8.53,14.57,6.98,6.28,11.64,5.63,5.06,11.88,5.11
Bardoxolone,5.28,5.01,5.84,4.87,5.54,5.28,7.36,5.03,5.17,6.46,11.68,6.61,6.1,10.61,4.2,5.11,10.79,5.42
1-Amino-6-Cyclohex-3-Enylmethyloxypurine,5.09,6.28,4.65,3.96,5.56,4.96,4.97,4.59,5.05,4.52,9.45,5.2,6.42,11.26,6.02,5.14,10.63,5.13
"DIETHYL(1R,2S,3R,4S)-5,6-BIS(4-HYDROXYPHENYL)-7-OXABICYCLO[2.2.1]HEPT-5-ENE-2,3-DICARBOXYLATE",5.12,3.02,5.67,4.73,6.21,6.04,5.88,4.69,5.16,7.48,9.35,7.36,6.34,11.83,6.3,4.89,11.35,5.22
InhibitorIdd384,5.14,3.69,4.66,4.47,5.48,4.99,6.65,4.89,5.08,2.23,11.13,6.57,5.7,12.15,5.91,5.14,11.46,5.07
Metribolone,5.26,6.69,8.42,6.92,5.82,5.12,7.64,6.07,6.24,7.54,14.9,7.65,6.18,11.87,6.23,5.75,11.4,6.14
Iodo-Willardiine,5.19,14.07,4.1,5.39,5.38,5.04,4.99,5.59,5.13,3.55,12.56,6.05,5.83,11.56,4.13,5.01,10.56,5.15
AMD-070,5.26,7.71,4.43,4.53,5.62,5.45,7.68,4.54,5.08,7.14,12.29,8.03,6.31,11.3,6.91,5.47,10.85,5.09
"(3R,5Z,8S,9S,11E)-8,9,16-TRIHYDROXY-14-METHOXY-3-METHYL-3,4,9,10-TETRAHYDRO-1H-2-BENZOXACYCLOTETRADECINE-1,7(8H)-DIONE",5.06,10.54,5.21,4.65,5.23,5.0,7.7,5.55,5.2,7.26,16.81,7.14,6.66,10.73,4.26,5.0,10.92,5.34
Cefuroxime,5.19,4.48,4.29,4.23,5.59,5.19,6.32,3.8,5.84,4.84,10.52,6.17,5.96,11.83,5.12,4.81,11.61,5.56
4-{[(2S)-3-(tert-butylamino)-2-hydroxypropyl]oxy}-3H-indole-2-carbonitrile,5.07,2.87,7.81,7.58,5.78,5.48,8.05,4.88,5.15,5.32,9.64,7.21,6.59,11.72,7.05,5.63,11.45,5.16
Parecoxib,5.29,7.97,6.25,6.72,5.53,7.03,5.68,4.44,5.13,18.68,11.08,6.86,6.36,12.41,6.57,4.82,11.43,5.54
Levothyroxine,5.22,5.26,6.97,7.25,6.14,4.96,7.69,4.23,5.12,5.7,12.08,7.02,5.83,11.56,7.81,4.74,10.67,5.13
N-acetyl-alpha-neuraminicacid,5.14,6.04,3.7,3.88,4.8,5.02,5.61,4.25,6.31,10.3,11.13,5.23,5.89,11.99,3.51,4.63,11.38,5.22
N-[2-(2-iodo-5-methoxy-1H-indol-3-yl)ethyl]acetamide,5.04,5.92,4.16,4.33,5.42,5.0,5.07,7.22,5.07,4.0,20.85,5.3,5.29,10.69,5.09,6.33,11.44,5.09
(S)-Hmg-Coa,5.2,2.87,5.16,6.05,5.85,5.08,5.97,5.16,5.12,3.3,11.87,7.31,6.61,11.64,5.74,5.1,11.14,5.15
Sarecycline,5.24,5.7,5.47,5.74,5.7,5.68,7.26,5.47,5.08,5.48,16.45,6.29,6.05,11.71,6.22,5.36,11.41,5.51
Cefdinir,5.17,31.82,5.95,6.15,5.32,4.98,6.25,4.13,5.1,14.72,47.19,6.0,6.44,11.88,6.02,4.96,11.48,5.1
"N-[4-(AMINOSULFONYL)BENZYL]-5-(5-CHLORO-2,4-DIHYDROXYPHENYL)-1H-PYRAZOLE-4-CARBOXAMIDE",5.24,3.24,6.43,6.97,5.62,6.47,7.61,6.34,5.07,3.11,11.69,6.84,6.31,10.26,5.86,4.91,11.31,5.17
Lysophosphotidylserine,5.16,8.05,4.68,4.79,5.39,5.15,6.64,5.02,5.1,5.95,10.59,6.28,6.3,11.41,4.04,5.14,10.7,5.11
N-[4-(AMINOSULFONYL)PHENYL]-2-MERCAPTOBENZAMIDE,5.05,5.82,5.94,6.79,5.31,6.35,5.87,4.72,5.08,6.51,12.76,6.22,5.54,11.68,4.91,5.02,11.6,5.09
Loxicodegol,5.13,7.11,5.23,5.23,6.05,5.3,7.86,5.97,5.1,6.0,12.34,6.59,5.96,11.91,6.88,5.14,11.27,5.21
Tipiracil,5.07,6.31,5.11,4.67,5.6,5.15,4.78,7.2,5.19,10.39,11.33,5.32,5.86,11.21,4.89,6.16,11.29,5.82
"4-{[(2R)-2-(2-methylphenyl)pyrrolidin-1-yl]carbonyl}benzene-1,3-diol",5.2,4.32,7.24,6.79,5.55,6.2,7.19,5.62,5.15,1.93,22.11,6.55,5.93,11.17,6.68,5.05,11.53,5.82
3-(HYDROXY-PHENYL-PHOSPHINOYLOXY)-8-METHYL-8-AZA-BICYCLO[3.2.1]OCTANE-2-CARBOXYLICACIDMETHYLESTER,5.21,6.9,6.46,5.39,5.44,6.91,6.44,5.05,5.4,5.72,13.18,6.5,6.29,11.6,5.74,4.83,11.35,5.86
Y-700,5.24,6.4,4.77,4.71,5.56,4.87,6.31,7.72,5.4,4.76,13.01,7.02,5.25,11.49,4.92,5.83,11.22,5.17
5-(DIMETHYLAMINO)-2-NAPHTHALENESULFONICACID,5.21,10.32,4.1,4.76,5.46,5.02,6.98,4.09,5.14,8.88,13.13,5.1,5.95,11.71,5.0,4.75,11.53,5.12
Hydroxychloroquine,5.02,2.81,4.68,5.16,5.54,5.04,6.5,4.33,5.08,4.25,11.0,5.48,6.18,11.95,4.98,4.68,10.7,5.18
Palmitoyl-LinoleoylPhosphatidylcholine,5.05,6.41,5.83,6.33,5.4,5.18,7.03,4.87,5.21,5.53,9.74,6.63,6.34,11.71,7.27,5.13,10.87,5.1
"4-{5-[(Z)-(2,4-DIOXO-1,3-THIAZOLIDIN-5-YLIDENE)METHYL]FURAN-2-YL}BENZENESULFONAMIDE",5.15,3.11,4.04,6.55,5.14,6.35,5.76,5.8,5.76,5.39,10.99,6.13,6.07,12.08,6.23,5.37,11.38,5.26
Mexazolam,5.12,6.52,7.12,6.91,5.39,5.8,8.1,5.19,5.08,7.75,5.57,7.62,6.2,11.58,5.98,5.17,10.86,5.14
"Quinonoid7,8-Tetrahydrobiopterin",5.13,3.88,4.48,4.23,5.23,5.2,5.63,4.79,5.72,5.12,6.13,4.87,6.7,11.84,5.54,4.82,11.34,5.47
N'-(5-CHLOROBENZOFURAN-2-CARBONYL)-2-(TRIFLUOROMETHYL)BENZENESULFONOHYDRAZIDE,5.19,3.05,4.77,4.74,5.5,6.54,5.81,4.59,5.13,4.37,11.09,7.07,6.59,11.83,4.26,4.68,11.6,5.27
"N-(2,3-DIFLUORO-BENZYL)-4-SULFAMOYL-BENZAMIDE",5.15,3.27,7.55,7.76,5.54,6.55,6.83,5.13,5.06,6.1,11.3,7.8,5.72,10.81,7.23,4.83,11.35,5.06
"(7R,12R,13R)-13-formyl-12,14-dihydroxy-3,5,7-trimethyltetradeca-2,4-dienoicacid",5.15,2.68,5.07,5.56,5.55,5.06,6.62,4.99,5.2,4.23,11.29,4.54,6.06,12.32,6.06,4.8,10.66,5.16
"N-(3,5-dimethoxyphenyl)imidodicarbonimidicdiamide",5.05,4.08,4.65,4.76,5.36,4.96,5.75,4.35,5.07,4.51,20.89,6.8,5.84,12.61,5.66,4.74,11.55,5.21
"4-[(1S,2R,5S)-4,4,8-TRIMETHYL-3-OXABICYCLO[3.3.1]NON-7-EN-2-YL]PHENOL",5.18,7.21,6.9,5.97,5.55,5.37,5.79,4.51,5.3,7.45,10.44,7.42,6.33,11.8,5.35,4.74,10.82,5.14
"N-(4-ACETYLPHENYL)-5-(5-CHLORO-2,4-DIHYDROXYPHENYL)-1H-PYRAZOLE-4-CARBOXAMIDE",5.2,6.23,5.07,6.27,5.58,5.0,7.55,4.89,5.11,3.32,13.01,7.01,5.43,10.97,6.36,4.89,11.57,5.19
Sulindac,5.23,3.75,5.68,6.45,5.44,5.06,7.62,5.11,5.53,4.43,10.51,6.63,6.59,11.85,5.18,4.98,11.22,5.33
Tylvalosin,5.09,6.76,4.21,5.57,5.32,5.03,5.54,5.57,5.52,3.52,6.37,6.85,6.24,10.96,5.93,5.42,11.02,5.7
Ospemifene,5.18,4.24,4.3,5.35,5.48,5.11,6.91,4.94,5.07,4.45,10.4,5.87,5.43,11.6,7.32,4.91,11.6,5.09
JaspisamideA,5.03,7.66,5.66,5.73,5.66,5.06,5.37,6.31,5.11,7.06,22.42,7.01,6.36,11.28,5.1,4.67,10.74,5.49
Guanosine,5.02,3.91,4.45,4.45,5.04,5.14,4.44,4.35,6.23,5.97,15.66,5.15,6.1,10.33,4.96,4.34,10.6,5.36
6-(2-HYDROXY-CYCLOPENTYL)-7-OXO-HEPTANAMIDINE,5.0,1.69,3.54,4.46,5.19,5.35,6.35,4.77,5.15,5.2,12.53,5.94,6.11,11.6,6.09,4.98,10.65,5.25
"N-(cyclopropylmethyl)-2'-methyl-5'-(5-methyl-1,3,4-oxadiazol-2-yl)biphenyl-4-carboxamide",5.23,5.24,6.69,6.7,5.68,5.04,6.75,4.54,5.09,7.0,11.43,6.53,6.04,10.69,5.93,4.78,10.88,5.08
"2-HYDROXYMETHYL-6-OCTYLSULFANYL-TETRAHYDRO-PYRAN-3,4,5-TRIOL",5.16,5.36,4.74,4.34,5.4,5.31,5.69,3.17,5.34,4.47,15.04,6.15,6.13,11.71,4.17,4.24,10.56,5.13
Nitisinone,5.13,3.52,3.7,4.25,5.31,5.53,5.46,6.04,5.08,6.78,11.39,5.12,6.14,11.81,4.56,5.01,11.49,5.07
"N-{2-[6-(2,4-DIAMINO-6-ETHYLPYRIMIDIN-5-YL)-2,2-DIMETHYL-3-OXO-2,3-DIHYDRO-4H-1,4-BENZOTHIAZIN-4-YL]ETHYL}ACETAMIDE",5.14,4.19,6.28,5.73,5.43,5.9,6.83,5.94,5.11,6.35,20.24,6.93,6.73,11.69,5.96,6.0,11.63,5.11
Acetyldigitoxin,5.27,5.14,4.88,5.0,5.51,5.13,8.06,5.03,5.5,6.61,12.39,6.87,6.16,10.8,5.92,4.96,10.55,5.44
Stannsoporfin,5.19,4.55,5.79,4.9,5.43,5.19,7.43,4.2,5.1,5.75,10.58,6.89,5.86,11.96,5.99,4.71,11.1,5.36
SphinxolideB,5.25,3.91,4.85,5.04,5.46,5.1,6.3,6.2,5.1,8.03,12.43,7.42,6.38,10.68,5.95,5.48,11.52,5.24
(4-sulfamoyl-phenyl)-thiocarbamicacidO-(2-thiophen-3-yl-ethyl)ester,5.14,4.95,6.35,6.74,5.49,6.9,6.09,5.58,5.06,2.33,24.29,6.46,5.84,11.54,3.64,5.02,10.85,5.07
4-(3-amino-1H-indazol-5-yl)-N-tert-butylbenzenesulfonamide,5.15,5.0,4.88,5.64,5.64,6.46,5.69,5.17,5.82,3.38,19.92,6.65,6.11,11.82,5.01,4.82,11.38,5.66
Sacubitril,5.17,5.65,4.24,4.19,5.32,5.22,6.1,4.96,5.19,4.32,11.14,6.39,6.25,11.8,4.24,5.45,11.09,5.18
Clavulanicacid,5.15,4.84,5.52,5.76,5.43,5.05,5.18,5.49,5.29,15.1,17.72,5.82,6.03,12.59,4.65,5.27,11.59,5.11
"(3E)-5-fluoro-1-[(6-fluoro-4H-1,3-benzodioxin-8-yl)methyl]-1H-indole-2,3-dione3-oxime",5.23,2.88,6.73,6.83,5.41,5.0,6.95,4.65,5.25,3.9,6.61,6.79,6.44,11.48,6.04,4.73,10.89,5.12
S-(2-oxo)pentadecylcoa,5.11,25.49,5.39,5.74,5.87,5.29,6.3,4.59,5.1,5.57,16.22,6.17,6.38,11.62,5.26,4.83,11.0,5.06
S-Hexylglutathione,5.03,5.19,3.14,4.57,5.66,5.24,7.55,4.14,5.37,5.99,12.54,5.45,6.05,11.57,6.98,5.27,10.6,5.14
ReidispongiolideA,5.25,4.68,4.95,5.22,5.56,5.1,6.3,6.45,5.09,3.02,12.16,7.26,6.76,10.75,6.09,5.61,11.62,5.28
"2-[3-(5-Mercapto-[1,3,4]thiadiazol-2-yl)-ureido]-N-methyl-3-phenyl-propionamide",5.13,5.86,4.33,4.14,5.63,5.18,6.07,4.37,5.14,10.69,12.81,4.92,6.31,11.55,4.37,4.71,11.55,5.08
Equilenin,5.08,7.8,8.04,7.74,5.5,5.26,8.19,5.55,5.13,2.42,13.14,6.34,6.39,11.37,6.86,4.85,11.94,5.26
Daidzin,5.01,8.41,3.46,5.0,5.58,5.18,6.77,4.26,5.17,10.09,12.6,6.82,5.5,11.2,3.77,4.52,10.71,5.17
Dansylamide,5.2,8.72,4.83,4.54,5.34,5.16,6.96,4.33,5.12,7.19,9.6,5.48,5.8,11.69,4.14,4.9,11.27,5.15
Elsamitrucin,5.16,4.46,6.83,5.67,5.79,5.28,7.67,4.96,5.25,7.07,11.22,5.16,6.56,11.44,7.04,5.1,10.95,5.14
dATP,5.24,7.13,4.96,5.31,5.61,5.04,6.74,4.67,5.08,5.47,12.16,6.04,6.71,11.56,5.19,4.71,10.73,5.14
Digitoxin,5.27,8.23,4.96,4.77,5.44,5.13,8.06,5.2,5.21,11.93,12.15,6.9,6.31,10.72,6.24,5.12,10.56,5.33
"(1S)-2-oxo-1-phenyl-2-[(1,3,4-trioxo-1,2,3,4-tetrahydroisoquinolin-5-yl)amino]ethylacetate",5.17,6.56,4.32,4.21,5.63,5.98,5.46,5.27,6.39,6.51,11.36,6.16,6.0,11.54,4.16,5.78,10.58,5.53
Colforsin,5.1,3.55,6.15,5.34,5.15,4.99,6.58,5.32,6.49,5.02,16.55,7.69,6.68,10.81,5.97,5.67,11.38,6.05
Thiorphan,5.15,3.25,7.17,6.58,5.41,5.63,5.45,7.67,5.45,4.08,27.48,5.21,6.27,11.75,3.57,6.56,11.5,5.29
N-sulfo-flavinmononucleotide,5.13,3.08,4.37,4.75,5.43,5.36,5.84,4.96,5.1,3.53,13.64,7.33,5.72,11.53,6.13,4.74,11.49,5.17
Estradiolbenzoate,5.08,5.2,7.12,7.09,5.91,5.39,8.77,5.15,5.22,8.61,9.44,6.64,6.63,11.54,5.29,5.11,10.88,5.67
ISOQUINOLINE-5-SULFONICACID(2-(2-(4-CHLOROBENZYLOXY)ETHYLAMINO)ETHYL)AMIDE,5.15,2.82,6.99,5.45,5.75,4.92,6.35,4.58,5.07,4.45,13.94,7.43,5.41,11.59,5.67,5.6,11.25,5.05
Valrubicin,5.25,3.93,6.05,6.63,5.37,5.72,5.87,5.39,5.25,3.77,12.1,6.51,6.0,10.88,6.02,5.25,11.08,5.27
Hydroxyaminovaline,5.02,7.25,4.17,3.7,5.0,5.01,4.49,4.11,5.08,2.44,12.81,3.85,5.86,10.47,4.21,4.49,10.77,5.16
Proxyphylline,5.21,9.38,5.09,4.56,5.73,5.08,6.16,4.44,5.2,2.85,8.33,4.69,6.5,10.07,4.21,4.76,11.16,5.14
4-(quinolin-3-ylmethyl)piperidine-1-carboxylicacid,5.2,3.02,4.57,6.09,5.72,5.18,6.73,5.82,5.23,4.1,11.98,5.76,6.62,11.05,4.49,5.26,11.46,5.15
Oxymetholone,5.12,5.05,7.03,6.98,5.55,5.04,8.04,5.49,5.28,11.08,7.9,6.47,6.22,11.3,6.27,5.26,10.87,5.74
Thiopental,5.03,5.29,6.34,5.41,5.19,5.07,5.89,4.19,5.62,5.76,13.6,6.59,5.71,11.56,4.26,4.49,11.77,5.36
IDD594,5.1,6.68,6.41,5.43,5.94,5.07,6.0,5.0,5.07,8.05,13.68,5.23,6.34,12.53,5.55,4.93,10.94,5.17
Cinalukast,5.16,3.36,6.73,6.36,5.88,5.04,5.79,5.26,5.08,6.5,12.34,7.55,5.46,11.33,5.97,4.96,11.4,5.17
"5-FLUORO-1-[4-(4-PHENYL-3,6-DIHYDROPYRIDIN-1(2H)-YL)BUTYL]QUINAZOLINE-2,4(1H,3H)-DIONE",5.23,14.68,5.38,4.87,5.78,5.43,7.0,5.0,6.23,7.27,13.62,6.12,6.05,11.75,5.18,5.24,11.4,5.37
(S)-5-(4-Benzyloxy-Phenyl)-4-(7-Phenyl-Heptanoylamino)-PentanoicAcid,5.23,2.36,4.03,4.1,5.71,5.42,7.01,5.53,5.63,3.89,11.19,6.98,5.55,11.44,5.99,5.28,11.27,5.54
4-[5-(4-FLUORO-PHENYL)-2-(4-METHANESULFINYL-PHENYL)-3H-IMIDAZOL-4-YL]-PYRIDINE,5.09,3.88,4.97,5.1,5.63,6.22,5.92,4.48,5.08,2.69,12.71,7.31,5.45,11.69,4.98,5.18,11.24,5.04
Medrysone,5.17,2.96,6.06,4.8,5.43,5.1,7.06,5.11,5.53,3.92,10.31,6.69,6.28,10.7,4.61,4.96,11.4,5.65
[4-(4-PHENYL-PIPERIDIN-1-YL)-BENZENESULFONYLAMINO]-ACETICACID,5.21,5.95,4.65,4.83,5.64,6.41,6.31,4.75,5.67,6.85,12.25,6.68,6.11,11.68,5.63,5.0,11.16,5.74
Dirithromycin,5.24,3.45,6.27,5.67,5.33,4.91,6.91,6.38,5.12,7.01,11.08,6.81,5.92,10.8,6.55,5.18,11.57,5.77
Warfarin,5.22,5.57,5.77,6.08,5.41,5.66,5.3,3.95,5.1,4.89,12.29,6.48,5.67,11.63,5.26,4.8,11.3,5.15
(2Z)-N-biphenyl-4-yl-2-cyano-3-cyclopropyl-3-hydroxyprop-2-enamide,5.24,4.78,3.7,3.72,5.26,5.33,7.13,4.48,5.32,6.15,12.38,7.1,6.36,11.71,4.26,4.9,10.74,5.26
N-(5-Isopropyl-thiazol-2-YL)-2-pyridin-3-YL-acetamide,5.15,7.27,5.99,5.69,5.55,5.31,5.73,5.23,5.07,11.88,12.51,6.26,5.65,11.74,4.3,5.28,10.85,5.15
"5-(4-CHLORO-5-PHENYL-3-THIENYL)-1,2,5-THIADIAZOLIDIN-3-ONE1,1-DIOXIDE",5.16,6.84,6.32,6.3,5.34,6.27,5.43,4.31,5.1,3.9,16.59,7.22,6.34,11.5,4.67,4.75,10.5,5.79
"(Z,Z)-4-Hydroxy-N,N,N-Trimethyl-10-Oxo-7-[(1-Oxo-9-Octadecenyl)Oxy]-3,5,9-Trioxa-4-Phosphaheptacos-18-En-1-Aminium-4-Oxide",5.13,4.56,6.71,6.55,5.36,5.3,7.01,5.59,5.26,5.03,12.56,6.38,6.42,11.73,7.05,5.26,10.85,5.11
"3-[4-AMINO-1-(1-METHYLETHYL)-1H-PYRAZOLO[3,4-D]PYRIMIDIN-3-YL]PHENOL",5.14,8.7,5.63,5.54,5.44,5.52,5.97,5.24,5.04,5.08,11.12,6.35,5.7,12.84,5.45,4.99,12.07,5.17
"2-[(2',3',4'-TRIFLUOROBIPHENYL-2-YL)OXY]ETHANOL",5.1,8.36,3.53,5.19,5.63,5.18,5.52,4.84,5.34,20.49,15.94,7.3,6.17,10.51,4.08,4.6,11.13,5.11
CRA_10655,5.16,6.54,5.12,4.8,5.71,5.68,6.58,4.67,5.1,13.96,12.26,6.43,6.29,11.64,6.13,4.97,11.21,5.07
"1,1,1-TRIFLUORO-3-ACETAMIDO-4-PHENYLBUTAN-2-ONE(N-ACETYL-L-PHENYLALANYLTRIFLUOROMETHYLKETONE)",5.08,4.79,4.9,4.92,5.49,5.55,6.15,4.32,5.48,4.89,10.42,5.5,6.13,10.63,6.0,5.07,11.15,5.31
"4-bromo-6-(6-hydroxy-1,2-benzisoxazol-3-yl)benzene-1,3-diol",5.15,5.67,6.22,6.4,5.89,5.11,5.85,6.66,5.03,4.18,14.43,7.18,5.94,10.76,4.98,5.69,11.35,5.18
"2-(Oxalyl-Amino)-4,7-Dihydro-5h-Thieno[2,3-C]Thiopyran-3-CarboxylicAcid",5.24,7.51,4.82,5.1,5.68,5.35,6.78,4.25,5.17,4.97,27.17,5.94,6.65,11.76,5.09,4.83,11.57,5.14
Clinofibrate,5.26,4.01,5.56,5.37,5.51,5.23,7.15,4.74,5.08,2.38,10.96,5.26,5.63,11.53,5.11,5.17,10.63,5.1
Drostanolone,5.17,8.17,7.2,7.43,5.65,5.11,7.77,5.62,5.74,2.85,7.63,6.23,6.2,11.88,7.41,5.33,10.53,5.81
Erythromycin,5.24,6.67,5.74,5.7,5.4,4.91,6.91,6.46,5.22,7.69,10.74,5.91,6.4,10.56,5.41,5.29,11.6,5.67
(2-CARBAMOYLMETHYL-5-PROPYL-OCTAHYDRO-INDOL-7-YL)ACETICACID,5.24,8.61,5.62,6.15,5.5,5.07,5.79,4.31,5.13,3.41,15.35,4.85,5.59,11.49,5.14,4.75,11.55,5.11
6-CARBAMIMIDOYL-4-(3-HYDROXY-2-METHYL-BENZOYLAMINO)-NAPHTHALENE-2-CARBOXYLICACIDMETHYLESTER,5.15,5.64,5.74,4.94,5.53,4.86,7.06,6.0,5.18,6.94,20.38,6.97,5.93,11.64,4.88,5.13,11.42,5.09
"N-(2-hydroxy-1,1-dimethylethyl)-1-methyl-3-(1H-pyrrolo[2,3-b]pyridin-2-yl)-1H-indole-5-carboxamide",5.17,3.89,5.76,5.93,5.69,5.15,6.66,6.35,5.09,3.33,11.27,5.82,6.06,11.44,6.02,5.66,11.27,5.08
Vinblastine,5.25,7.37,6.38,4.42,5.52,5.09,7.23,4.9,5.82,4.92,18.74,7.19,6.07,11.88,6.51,5.03,11.68,5.52
"5-(5-chloro-2,4-dihydroxyphenyl)-N-ethyl-4-[4-(morpholin-4-ylmethyl)phenyl]isoxazole-3-carboxamide",5.09,2.78,8.86,8.28,5.58,5.94,7.72,5.86,6.03,4.19,11.24,6.55,5.94,11.74,8.25,4.8,11.36,5.2
"1-[4-(AMINOSULFONYL)PHENYL]-1,6-DIHYDROPYRAZOLO[3,4-E]INDAZOLE-3-CARBOXAMIDE",5.16,10.45,4.1,4.58,5.47,5.6,7.03,5.33,5.17,5.47,12.07,6.47,6.47,11.68,6.03,4.96,11.63,5.27
"1,4-Dideoxy-O2-Sulfo-GlucuronicAcid",5.12,2.71,5.79,5.12,5.13,5.1,4.77,4.44,5.19,2.19,11.14,6.96,6.67,10.45,3.56,5.02,10.49,5.16
"2,6-Diamino-(S)-9-[2-(Phosphonomethoxy)Propyl]Purine",5.12,5.03,5.35,5.4,5.46,5.09,6.0,4.94,5.06,6.66,13.6,6.93,6.3,10.73,4.99,4.69,11.19,5.13
Phenprocoumon,5.22,9.14,4.88,5.66,5.32,5.66,5.72,4.06,5.16,2.91,8.38,6.96,5.59,11.65,5.53,4.88,11.33,5.2
5-CHLORO-N-(2-(4-(2-OXOPYRIDIN-1(2H)-YL)BENZAMIDO)ETHYL)THIOPHENE-2-CARBOXAMIDE,5.18,6.39,6.01,5.8,5.7,5.64,5.91,4.98,5.08,7.63,12.26,6.65,5.34,10.52,6.04,5.23,11.68,5.49
Dipraglurant,5.17,4.29,5.87,6.26,5.44,5.04,6.17,5.76,5.14,6.39,8.64,5.88,5.71,10.87,5.71,5.05,10.76,5.09
Beta-Cyclohexyl-Alanine,4.98,4.55,5.18,4.04,5.32,5.12,6.45,3.72,5.07,18.87,8.77,5.51,6.38,10.5,4.5,4.44,10.98,5.11
"5-(4-METHOXYBIPHENYL-3-YL)-1,2,5-THIADIAZOLIDIN-3-ONE1,1-DIOXIDE",5.14,8.22,6.11,6.17,5.45,6.01,5.54,4.02,5.4,5.24,11.77,6.84,6.72,10.88,5.4,4.62,10.48,5.41
"(4R)-N-[4-({[2-(DIMETHYLAMINO)ETHYL]AMINO}CARBONYL)-1,3-THIAZOL-2-YL]-4-METHYL-1-OXO-2,3,4,9-TETRAHYDRO-1H-BETA-CARBOLINE-6-CARBOXAMIDE",5.2,3.85,4.91,5.33,5.48,5.37,5.49,5.42,5.06,9.11,12.6,6.49,6.21,11.75,7.08,5.35,11.3,5.12
"(2S,4R)-1-acetyl-N-[(2S)-1-(1,3-benzothiazol-2-yl)-5-(diaminomethylideneamino)-1-oxopentan-2-yl]-4-hydroxypyrrolidine-2-carboxamide",5.21,5.56,6.17,5.49,5.97,5.89,7.22,5.22,5.07,6.47,17.52,6.27,5.36,11.88,7.29,5.79,11.61,5.09
Cefixime,5.13,5.14,5.53,4.83,5.4,4.92,6.17,4.13,5.09,5.92,11.65,5.67,6.29,11.93,6.09,4.8,11.47,5.12
"5,6,7,8-TETRAHYDRO[1]BENZOTHIENO[2,3-D]PYRIMIDIN-4(3H)-ONE",5.16,5.21,4.27,3.25,5.13,5.39,6.32,4.18,5.48,7.68,13.35,5.54,6.08,10.73,4.97,4.56,11.28,5.24
Ceftizoxime,5.16,2.71,5.57,5.03,5.42,4.99,5.83,4.23,5.06,3.34,13.51,6.03,6.29,12.39,5.81,4.51,11.26,5.11
Frovatriptan,5.06,5.73,6.44,5.48,5.62,5.17,7.25,4.61,5.14,5.41,12.27,6.75,5.86,11.67,6.87,4.74,11.65,5.66
FLUORESCIN,5.15,3.91,5.82,4.96,5.63,5.52,7.55,4.12,5.18,2.72,11.47,6.58,5.32,11.56,6.15,4.28,10.65,5.25
Azithromycin,5.24,6.8,6.33,5.9,5.17,4.91,6.91,6.64,5.57,8.94,12.84,5.83,6.09,10.76,6.62,5.12,11.38,5.83
UlapualideA,5.02,4.61,5.97,6.25,5.5,5.02,5.79,5.41,5.18,5.82,10.86,7.32,6.32,11.44,5.89,4.91,10.7,5.19
Metoclopramide,5.08,4.8,7.22,6.69,5.67,5.81,5.53,4.86,5.73,6.5,11.08,6.18,5.74,11.71,4.64,4.98,11.69,5.93
FAMOXADONE,5.12,2.28,5.76,5.64,5.37,6.21,7.95,5.08,5.1,7.46,11.45,6.36,6.64,12.07,5.01,5.05,11.19,5.15
Roxithromycin,5.24,2.02,5.77,5.66,5.56,4.91,6.91,6.21,5.07,3.08,11.47,6.59,6.33,10.43,5.94,5.65,11.4,5.25
Mitemcinal,5.24,2.69,6.6,6.01,5.34,4.91,6.91,6.99,5.1,3.85,17.21,5.27,6.05,11.37,6.05,5.4,11.14,5.5
Thiamine,4.98,7.03,4.35,3.61,5.63,5.08,5.56,5.03,5.08,5.86,12.8,6.59,6.58,11.24,4.05,4.96,10.83,5.13
"9-(4-Hydroxyphenyl)-2,7-Phenanthroline",5.18,2.82,3.11,4.18,5.67,5.1,6.59,4.93,5.06,5.19,11.39,6.84,5.68,11.63,5.61,5.07,11.71,5.11
1-Deoxy-1-Methoxycarbamido-Beta-D-Gluco-2-Heptulopyranosonamide,5.2,4.64,3.72,3.7,5.36,5.18,4.82,4.16,6.0,2.92,10.19,5.21,6.58,12.09,5.55,4.59,10.62,5.21
4-{2-[(3-Nitrobenzoyl)Amino]Phenoxy}PhthalicAcid,5.06,7.18,6.57,4.39,5.6,5.24,7.74,4.79,5.08,6.44,3.67,6.44,5.62,11.62,4.24,5.28,11.41,5.09
Cromoglicicacid,5.15,5.27,6.01,5.76,5.16,5.84,5.89,4.27,5.1,5.28,10.88,7.19,5.9,10.72,4.49,4.74,10.71,5.11
Dazoxiben,5.1,3.36,4.59,4.16,5.09,4.95,4.92,4.93,5.05,5.19,10.8,6.13,5.43,11.72,5.0,5.06,11.47,5.11
"12-(2-hydroxyethyl)-2-(1-methylethoxy)-13,14-dihydronaphtho[2,1-a]pyrrolo[3,4-c]carbazol-5(12H)-one",5.18,4.95,6.1,5.97,6.17,5.03,7.72,5.02,6.2,12.88,12.68,6.03,6.66,11.68,5.85,4.83,11.28,5.34
AT-7519,5.22,6.8,4.98,5.12,5.61,5.26,5.27,4.94,5.04,6.06,14.4,6.78,5.05,10.63,4.98,5.06,11.64,5.03
Argininosuccinate,5.03,5.05,4.28,5.3,5.05,5.14,5.45,4.43,5.12,10.24,11.48,5.3,6.15,10.66,3.75,5.28,10.72,5.13
Zofenopril,5.25,8.47,6.39,5.61,5.55,6.81,6.87,5.43,5.06,9.29,10.84,6.63,6.39,11.9,4.52,5.31,11.17,5.15
"(2S)-2-{[3-(3-aminophenyl)imidazo[1,2-b]pyridazin-6-yl]amino}-3-methylbutan-1-ol",5.24,5.67,6.92,6.48,5.67,4.9,7.3,5.38,5.09,5.18,24.72,7.04,6.37,11.51,6.32,5.26,10.64,5.05
Methylprednisolonehemisuccinate,5.2,3.45,5.49,6.42,6.2,4.99,6.83,5.7,6.37,5.84,13.34,5.72,6.22,10.79,5.84,5.32,12.33,5.85
Ragaglitazar,5.2,4.81,5.59,4.91,5.46,5.1,6.91,4.8,5.62,4.25,5.07,5.85,6.56,11.21,4.34,4.97,11.46,5.18
"(5S)-3-ANILINO-5-(2,4-DIFLUOROPHENYL)-5-METHYL-1,3-OXAZOLIDINE-2,4-DIONE",5.16,7.59,6.95,5.72,5.45,6.17,5.86,4.68,5.08,5.11,10.45,6.59,6.64,11.24,5.8,4.92,11.37,5.2
"2-deoxy-2,3-dehydro-N-acetylneuraminicacid",5.06,3.29,4.96,4.71,5.08,4.99,5.48,4.46,5.42,4.94,15.5,5.16,6.17,12.83,4.09,4.86,10.66,5.15
Flurithromycin,5.24,3.55,5.9,5.75,5.34,4.91,6.91,6.41,5.34,5.13,10.73,5.74,6.39,10.55,5.93,5.23,11.54,5.76
Sofalcone,5.21,5.63,5.36,3.97,5.27,4.88,6.4,4.24,5.14,12.08,6.68,5.83,5.49,11.21,3.95,4.68,10.96,5.41
Gemcitabine,5.19,7.73,5.01,4.66,5.57,5.08,5.53,4.13,5.69,7.88,13.07,4.62,6.45,10.25,4.54,4.77,11.58,5.24
"5-[5,6-BIS(METHYLOXY)-1H-BENZIMIDAZOL-1-YL]-3-{[1-(2-CHLOROPHENYL)ETHYL]OXY}-2-THIOPHENECARBOXAMIDE",5.22,5.7,5.0,4.99,5.79,6.08,8.19,6.66,5.1,5.82,5.71,6.38,6.74,12.02,5.34,6.04,11.29,5.25
2'-Deoxyguanosine-5'-Diphosphate,5.22,13.94,4.66,4.63,5.06,5.03,6.41,5.13,5.26,2.53,14.67,7.66,6.11,10.63,5.11,4.74,11.5,5.53
"5-[3-(2,5-dimethoxyphenyl)prop-1-yn-1-yl]-6-ethylpyrimidine-2,4-diamine",5.09,9.37,5.16,4.57,5.85,5.38,6.65,5.93,5.08,10.98,11.32,6.45,6.47,12.36,6.89,5.88,11.07,5.04
Iopodicacid,5.15,3.82,4.29,3.45,5.52,5.05,5.2,4.43,5.05,4.62,10.92,5.04,6.18,11.23,6.11,4.97,11.38,5.08
Tanespimycin,5.06,5.47,5.4,6.44,5.51,4.98,5.35,5.34,5.17,6.19,15.5,7.0,6.41,11.42,6.24,5.04,11.7,5.9
Heptyl1-Thiohexopyranoside,5.12,10.75,4.74,4.34,5.38,5.33,5.67,3.17,5.34,11.04,11.14,5.98,6.15,11.75,4.07,4.24,10.56,5.13
Fica,5.22,5.06,5.81,5.63,5.53,5.05,6.22,4.53,5.98,5.98,11.87,7.04,6.01,11.38,6.07,5.16,11.34,5.85
DomoicAcid,5.05,7.33,6.19,6.08,5.53,5.19,5.57,4.29,5.31,5.42,14.22,6.43,6.0,10.7,5.76,4.78,11.18,5.22
Etodolac,5.22,6.61,7.67,7.16,5.47,4.9,6.66,4.52,5.56,8.13,11.9,5.87,6.36,11.75,7.22,4.71,11.32,5.27
ReidispongiolideC,5.01,6.8,3.85,4.21,5.51,4.97,6.34,5.42,5.12,4.69,10.97,6.85,6.71,11.57,6.21,5.32,11.76,5.22
TRAZEOLIDE,5.02,3.88,4.16,3.97,5.5,5.16,6.29,5.07,5.05,7.26,14.94,6.48,6.36,11.45,4.38,4.82,10.92,5.29
"N-{[(2S,3S)-3-(ETHOXYCARBONYL)OXIRAN-2-YL]CARBONYL}-L-ISOLEUCINE",5.09,5.37,4.36,3.88,5.59,5.01,5.43,5.28,6.02,4.48,11.17,6.56,6.54,11.66,3.98,5.37,11.65,5.92
Tanaproget,5.14,6.62,4.79,5.75,5.87,5.92,6.42,4.99,5.96,4.47,10.97,6.33,6.09,10.26,5.46,5.18,11.35,5.8
"(2S,3R)-3-(6-amino-9H-purin-9-yl)nonan-2-ol",5.06,4.14,5.37,5.9,5.65,5.29,6.59,4.47,5.09,3.14,19.96,6.21,6.54,11.72,5.0,4.57,11.04,5.06
"4-{4-[3-(2,4-DICHLORO-BENZOYL)-UREIDO]-2,3-DIMETHYL-PHENOXY}-BUTYRICACID",5.0,3.22,5.94,5.76,6.03,6.09,6.19,5.26,5.06,3.15,10.54,6.09,6.03,11.45,4.78,4.77,11.37,5.14
KabiramideC,4.98,3.24,4.38,5.09,5.47,4.97,5.4,5.2,5.09,3.82,12.03,7.0,6.03,11.7,5.15,4.86,10.69,5.12
(R)-TRANS-4-(1-AMINOETHYL)-N-(4-PYRIDYL)CYCLOHEXANECARBOXAMIDE,5.04,4.62,3.95,4.13,5.4,4.89,6.9,5.27,5.05,5.54,11.65,6.71,5.82,11.49,4.52,5.02,11.39,5.16
"3-Carbamimidamido-1,1-diphenylurea",5.13,2.47,4.72,4.56,5.18,5.77,7.16,4.43,5.4,3.92,11.97,7.83,5.89,11.62,3.89,4.74,11.37,5.2
Compound18,5.13,7.01,6.31,5.86,5.97,5.0,5.8,7.12,6.0,8.16,17.94,6.81,6.43,11.96,5.06,5.47,11.63,5.81
Dezocine,5.22,5.0,4.36,5.56,5.56,5.22,5.44,5.43,5.12,4.3,12.28,5.82,6.37,12.06,6.43,5.39,11.34,5.88
(R)-pyridin-4-yl[4-(2-pyrrolidin-1-ylethoxy)phenyl]methanol,5.11,5.99,4.29,4.43,5.47,5.37,6.88,4.3,5.07,7.18,14.32,6.26,5.28,11.65,5.75,4.68,11.73,5.11
Febuxostat,5.18,6.18,7.11,7.23,6.32,5.1,6.87,6.75,5.13,13.13,11.35,6.95,6.6,10.61,5.69,6.27,11.2,5.05
Dexrazoxane,5.08,6.1,6.08,5.82,5.18,4.94,6.33,5.54,5.7,6.44,22.09,6.01,5.75,11.36,3.32,4.84,11.63,5.74
"4-{5-[(1Z)-1-(2-IMINO-4-OXO-1,3-THIAZOLIDIN-5-YLIDENE)ETHYL]-2-FURYL}BENZENESULFONAMIDE",5.19,3.99,5.56,7.06,5.69,5.15,5.79,4.91,5.08,3.8,14.17,7.2,6.23,12.89,6.16,5.1,10.76,5.12
"5-CYANO-N-(2,5-DIMETHOXYBENZYL)-6-ETHOXYPYRIDINE-2-CARBOXAMIDE",5.09,23.88,4.02,5.6,5.74,5.38,5.71,4.98,5.06,12.14,18.86,6.1,6.02,11.55,6.13,4.93,11.25,5.08
Bambuterol,5.07,2.65,4.61,4.56,6.09,4.96,7.56,5.04,5.32,3.4,11.03,4.79,5.33,11.82,3.93,5.09,10.81,5.28
(S)-Warfarin,5.14,2.99,5.77,6.08,5.41,5.76,7.56,3.95,5.1,3.09,11.88,6.38,5.67,11.63,5.26,4.8,11.3,5.15
"2-AMINO-4-(2,4-DICHLOROPHENYL)-N-ETHYLTHIENO[2,3-D]PYRIMIDINE-6-CARBOXAMIDE",5.15,9.72,5.97,6.45,5.47,5.03,4.88,5.21,5.12,10.64,11.75,6.59,6.57,11.7,6.06,5.19,11.36,5.27
SNS-032,5.13,3.99,4.99,5.09,5.8,5.22,5.18,6.87,5.07,3.63,11.75,6.33,5.2,11.41,5.03,5.32,10.57,5.12
Opicapone,5.08,4.26,5.86,5.75,5.51,5.36,7.77,5.57,5.1,4.67,13.0,6.53,6.65,11.61,6.22,5.52,10.67,5.45
Hydrocodone,5.08,3.42,6.6,5.51,5.76,5.25,7.04,5.72,5.21,4.48,13.22,6.47,6.2,11.92,6.03,4.98,11.35,5.88
Dexloxiglumide,5.04,4.12,4.38,3.61,5.72,5.8,6.92,4.67,5.07,4.96,12.05,5.93,5.71,10.37,5.75,5.13,11.82,5.07
"1-tert-butyl-3-(3-methylbenzyl)-1H-pyrazolo[3,4-d]pyrimidin-4-amine",5.21,5.22,6.35,5.62,5.48,4.98,6.73,5.27,5.16,14.97,9.42,6.16,6.06,11.61,5.49,4.99,11.27,5.04
Sobetirome,5.04,6.86,8.05,7.06,5.49,4.97,6.96,4.91,5.07,10.95,13.05,5.73,5.36,11.61,7.27,5.13,11.3,5.11
Compound19,5.09,6.38,6.31,5.86,5.97,5.0,5.92,7.12,6.0,7.75,12.54,6.4,6.43,11.96,5.06,5.47,11.63,5.81
"(5S)-2-(Cyclooctylamino)-5-methyl-5-propyl-1,3-thiazol-4(5H)-one",5.0,4.15,5.16,5.63,5.63,5.09,4.71,5.04,5.37,2.23,11.34,6.12,6.2,11.85,4.66,4.7,11.64,5.86
Reversin121,5.12,6.8,4.26,4.09,5.59,5.72,6.65,4.55,5.13,7.88,14.41,5.86,6.52,10.54,4.34,5.01,11.06,5.3
Loperamide,5.17,3.34,4.7,4.24,5.72,6.09,7.39,4.65,5.5,3.22,11.8,7.1,5.95,12.13,6.3,5.09,11.46,5.42
Plinabulin,5.02,3.87,5.56,4.69,5.0,5.4,6.23,4.44,5.05,5.94,11.63,6.42,6.73,10.2,5.72,4.72,10.69,5.27
Glymidine,5.14,6.64,3.63,3.51,5.58,5.02,5.48,4.5,5.07,10.56,5.56,6.13,6.02,11.49,4.79,4.83,11.55,5.1
"{4-[3-(6,7-Diethoxy-Quinazolin-4-Ylamino)-Phenyl]-Thiazol-2-Yl}-Methanol",5.18,20.37,4.98,5.52,5.41,4.97,7.22,6.41,5.08,6.84,6.62,6.02,5.24,11.17,5.07,4.99,11.17,5.03
Adenosine-3'-5'-Diphosphate,5.2,5.39,3.61,3.31,5.65,5.02,6.28,5.61,5.08,2.51,31.18,5.33,6.51,10.97,5.16,4.67,10.6,5.18
2-[2-(4-Chloro-Phenylsulfanyl)-Acetylamino]-3-(4-Guanidino-Phenyl)-Propionamide,5.03,4.65,6.53,7.0,5.83,5.0,7.09,4.86,5.07,2.68,13.65,6.76,5.97,11.74,6.5,5.52,11.25,5.05
"2,4-Dihydroxy-7-(Methyloxy)-2h-1,4-Benzoxazin-3(4h)-One",5.02,6.85,3.55,4.02,5.45,5.09,5.84,4.75,5.07,2.61,11.95,5.46,6.34,11.54,4.42,4.84,11.12,5.12
alpha-D-glucose6-phosphate,5.01,5.34,3.19,2.75,5.2,5.05,4.18,4.54,5.31,5.2,10.47,4.49,6.36,11.46,4.49,4.79,11.1,5.34
N-[4-(4-nitrophenylphospho)butanoyl]-L-alanine,5.15,7.05,5.74,5.73,5.11,4.93,8.31,4.79,5.66,5.61,28.4,5.54,5.51,11.59,5.0,4.8,11.14,5.25
"(3aS)-3a-hydroxy-5-methyl-1-phenyl-1,2,3,3a-tetrahydro-4H-pyrrolo[2,3-b]quinolin-4-one",5.22,3.72,7.47,7.68,5.78,5.94,6.19,4.75,6.34,6.71,11.18,7.95,6.48,11.75,6.13,5.04,11.72,6.06
"PYRIMIDINE-4,6-DICARBOXYLICACIDBIS-[(PYRIDIN-3-YLMETHYL)-AMIDE]",5.13,8.17,4.77,4.3,5.5,5.12,5.91,4.29,5.05,16.05,10.01,6.81,5.77,10.69,4.85,4.66,11.21,5.06
2-(4-hydroxyphenyl)benzo[b]thiophen-6-ol,5.1,2.63,3.42,3.78,5.51,5.39,5.77,4.91,5.11,5.93,23.93,7.35,5.71,11.63,4.17,4.79,11.75,5.07
Pimobendan,5.06,6.69,4.67,4.3,5.54,4.96,5.97,4.29,5.09,2.58,10.8,6.78,6.04,11.7,6.42,4.57,11.35,5.1
2-Amino-3-(5-Tert-Butyl-3-(Phosphonomethoxy)-4-Isoxazolyl)PropionicAcid,5.03,2.97,4.95,4.87,5.11,5.07,5.58,4.08,5.1,3.7,11.46,6.58,6.33,12.3,5.71,4.31,10.78,5.15
"(3AS,4R,9BR)-4-(4-HYDROXYPHENYL)-1,2,3,3A,4,9B-HEXAHYDROCYCLOPENTA[C]CHROMEN-9-OL",5.12,3.3,6.85,6.9,5.34,5.85,8.19,4.35,5.15,6.7,9.64,6.24,6.7,10.85,6.36,4.98,11.66,5.28
Rizatriptan,5.17,1.89,7.35,7.08,5.56,5.01,5.04,5.6,5.07,4.04,11.25,5.07,5.09,11.67,6.08,4.76,11.68,5.14
"2-amino-5-[3-(1-ethyl-1H-pyrazol-5-yl)-1H-pyrrolo[2,3-b]pyridin-5-yl]-N,N-dimethylbenzamide",5.17,16.5,5.99,6.6,5.68,5.39,7.29,5.62,5.09,17.43,8.48,7.11,5.81,12.02,5.93,5.35,11.64,5.15
Dimetindene,5.15,5.39,5.43,4.53,5.53,5.51,6.4,5.0,5.07,8.14,7.91,6.62,6.16,12.61,6.78,5.18,10.54,5.4
Flutamide,4.99,2.64,5.77,5.12,5.54,5.16,6.39,4.97,5.13,5.5,4.87,7.05,6.29,11.78,4.62,4.9,10.57,5.09
CholicAcid,5.02,3.42,4.52,4.61,5.09,4.96,7.52,4.65,5.47,4.06,10.88,6.66,5.92,11.74,4.88,4.86,10.49,5.36
Tetomilast,5.16,6.88,4.16,5.55,5.53,4.81,7.31,4.71,5.05,4.97,12.75,7.19,6.57,11.68,5.65,4.81,10.64,5.07
ALPHA-HYDROXYFARNESYLPHOSPHONICACID,4.97,4.86,5.31,4.54,5.62,5.06,6.95,4.39,5.17,5.75,18.88,6.48,6.24,10.86,6.55,4.72,11.3,5.1
Gadopenteticacid,5.21,7.88,5.64,5.53,4.9,5.08,4.89,4.23,5.14,5.71,17.9,5.44,5.42,10.48,4.21,4.67,10.83,5.2
9-deazainosine,5.1,9.0,7.19,6.36,5.69,5.37,6.26,3.86,5.2,4.51,20.12,6.44,5.72,10.5,6.43,4.58,11.09,5.13
Metoprine,5.14,4.88,4.57,4.55,5.47,5.39,7.38,5.42,5.13,4.22,12.14,7.24,6.36,11.99,5.71,5.06,11.31,5.09
Chlormezanone,5.16,5.69,5.85,4.84,5.6,5.05,4.81,4.34,5.39,6.14,13.63,6.03,5.48,12.42,5.87,4.69,10.44,5.43
Difluocortolone,5.11,5.39,6.36,5.45,5.69,4.95,6.92,5.66,5.47,7.01,10.89,8.03,6.11,11.71,7.24,5.12,10.76,5.65
Golotimod,5.01,5.49,4.62,5.64,5.16,5.11,7.02,4.4,5.12,5.63,11.66,4.95,5.07,11.35,4.72,4.61,11.48,5.13
4-(3-{[5-(trifluoromethyl)pyridin-2-yl]oxy}benzyl)piperidine-1-carboxylicacid,5.16,4.23,6.2,5.25,5.31,4.85,7.6,4.89,5.11,6.21,11.41,6.52,5.86,10.64,5.56,4.74,11.4,5.11
"CYCLOHEXYLMETHYL-2,3-DIHYDROXY-5-METHYL-HEXYLAMIDE",5.09,3.95,5.7,4.71,5.67,5.13,6.82,4.44,5.08,4.75,23.4,6.24,6.39,11.56,5.77,4.83,11.03,5.07
"N~2~-1H-benzimidazol-5-yl-N~4~-(3-cyclopropyl-1H-pyrazol-5-yl)pyrimidine-2,4-diamine",5.04,6.19,6.65,7.24,6.04,4.92,6.13,5.72,5.06,5.8,10.86,7.08,5.33,13.38,6.05,6.21,11.62,5.08
2'-Deoxyguanosine-5'-Triphosphate,5.22,3.1,4.74,4.68,5.09,5.02,6.38,5.23,5.32,5.47,11.52,6.8,6.12,10.68,5.11,4.75,11.44,5.46
Clocortolone,5.13,4.6,7.08,6.37,5.43,5.06,7.12,5.54,5.45,3.95,11.5,7.94,6.63,12.25,7.4,5.17,10.67,5.9
Arotinolol,5.2,7.6,5.92,6.13,5.95,5.32,6.57,5.56,5.06,7.98,10.1,5.44,5.93,12.54,7.3,5.06,11.11,5.12
Hesperetin,5.16,7.15,5.97,5.92,5.21,4.93,6.46,4.55,5.09,4.69,6.08,7.04,6.55,11.72,3.7,4.8,11.68,5.45
beta-Naphthoflavone,5.12,6.55,4.78,4.42,5.54,6.01,6.36,4.64,5.29,7.38,10.94,6.8,6.15,11.89,4.1,5.01,11.41,5.26
KOS-1584,5.11,8.57,5.57,6.05,5.57,5.44,7.32,5.31,5.08,7.41,24.66,6.34,6.65,11.68,5.71,4.88,11.43,5.14
"1-[(2-NITROPHENYL)SULFONYL]-1H-PYRROLO[3,2-B]PYRIDINE-6-CARBOXAMIDE",5.19,7.35,5.11,5.02,5.49,6.87,6.55,5.11,5.11,9.05,14.17,6.16,6.08,11.66,6.52,5.1,12.1,5.16
Acepromazine,5.0,9.55,4.95,5.32,5.98,5.42,7.36,4.44,5.06,3.46,8.61,6.98,5.99,12.44,5.09,5.12,11.66,5.26
3'-Oxo-Adenosine,5.03,3.79,4.48,4.47,5.63,5.5,5.39,5.06,5.09,3.29,14.59,6.26,6.39,10.9,4.85,4.38,11.6,5.11
FR230513,4.97,3.63,6.5,5.63,5.81,5.26,6.79,5.1,5.09,3.02,10.45,6.51,5.99,11.81,4.38,5.01,10.73,5.12
(S)-(+)-2-[4-(FLUOROBENZYLOXY-BENZYLAMINO)PROPIONAMIDE],5.11,6.61,5.12,4.98,5.82,5.23,6.96,4.94,5.18,3.78,16.24,7.32,5.41,11.58,5.03,5.31,11.01,5.3
"(5S)-5-Iododihydro-2,4(1H,3H)-pyrimidinedione",4.97,11.56,4.08,4.05,5.08,5.02,4.93,4.11,5.23,4.01,13.5,4.94,6.28,10.97,5.2,4.68,11.26,5.2
"3-(3-methoxybenzyl)-1H-pyrrolo[2,3-b]pyridine",5.1,4.54,4.06,5.8,5.36,5.0,5.88,4.52,5.08,5.04,10.73,6.76,5.22,11.76,5.79,4.86,11.76,5.03
NADH,5.24,2.73,4.97,4.82,5.93,5.21,8.25,5.98,5.07,5.42,11.46,6.26,6.15,11.56,5.3,4.96,10.78,5.06
Hexachlorophene,4.97,4.69,4.75,5.04,5.39,5.17,6.83,4.71,5.16,7.36,24.92,7.35,5.53,11.57,4.76,5.11,10.57,5.23
Etelcalcetide,5.12,7.81,5.93,5.89,5.71,5.13,6.38,4.6,5.13,4.03,16.45,7.29,6.03,11.43,4.76,4.7,10.45,5.13
BOS172722,5.15,3.87,5.19,5.34,5.34,4.86,6.97,5.56,5.11,2.24,11.45,6.3,6.28,11.58,5.99,5.85,11.79,5.13
3'-deoxyguanosine,5.22,5.82,5.27,4.74,5.08,4.9,4.44,4.4,5.75,4.87,11.31,5.53,6.17,10.33,4.97,4.62,11.91,5.25
N-[amino(imino)methyl]-2-[2-(2-chlorophenyl)-4-(4-propoxyphenyl)-3-thienyl]acetamide,5.13,5.61,6.08,4.98,5.74,5.53,6.15,4.85,5.27,8.66,18.67,6.41,6.49,11.98,5.53,5.01,10.75,5.21
"5,8-Di-Amino-1,4-Dihydroxy-Anthraquinone",5.03,9.5,6.58,6.06,5.13,5.51,5.4,4.52,5.22,4.73,10.15,6.63,6.67,13.65,6.13,4.75,11.79,5.12
"1-[3-({[(4-AMINO-5-FLUORO-2-METHYLQUINOLIN-3-YL)METHYL]THIO}METHYL)PHENYL]-2,2,2-TRIFLUOROETHANE-1,1-DIOL",5.05,2.91,4.76,5.09,5.52,5.18,7.16,5.16,5.07,4.3,13.41,5.77,6.11,11.62,4.25,5.14,11.42,5.11
Vernakalant,5.12,2.73,6.05,5.54,5.7,4.96,6.37,5.11,5.06,4.09,11.29,6.92,5.6,11.65,5.82,4.86,11.22,5.05
Zeranol,4.98,4.71,6.71,5.11,5.32,5.0,6.52,5.15,5.22,5.43,20.94,5.84,6.68,11.72,4.76,4.8,11.14,5.22
Trimethoprim,5.14,4.51,8.06,7.27,5.3,5.0,7.42,5.26,5.1,2.04,11.21,6.08,5.04,11.94,5.95,4.98,11.16,5.03
"(2E,4E)-11-METHOXY-3,7,11-TRIMETHYLDODECA-2,4-DIENOICACID",5.14,5.19,6.6,6.11,5.71,5.21,7.25,5.26,5.35,5.85,10.98,6.48,5.95,11.83,6.5,5.28,10.75,5.23
Trilostane,5.16,3.45,5.29,6.73,5.56,5.14,8.07,5.16,5.52,3.21,12.33,6.59,6.41,12.71,5.67,5.2,10.77,5.62
5-[4-(1-Carboxymethyl-2-Oxo-Propylcarbamoyl)-Benzylsulfamoyl]-2-Hydroxy-BenzoicAcid,5.09,8.7,4.49,4.45,5.37,6.11,6.6,4.21,5.05,2.67,7.57,5.01,5.92,11.65,4.99,4.55,10.78,5.07
(1R)-2-amino-1-[3-(trifluoromethyl)phenyl]ethanol,5.06,9.61,5.36,5.01,5.52,5.26,5.35,4.77,5.09,2.51,14.73,5.69,6.45,11.42,3.94,4.85,11.62,5.08
Sarpogrelate,5.04,6.32,6.0,5.47,6.23,5.55,6.75,4.64,5.08,6.64,10.68,7.24,5.82,11.59,3.86,4.96,11.39,5.05
"2,3,5,6-Tetrafluoro-4-Methoxy-Benzamide",5.03,7.12,5.39,4.78,5.56,5.22,5.52,4.84,5.06,5.11,11.6,7.41,5.99,11.74,4.37,4.89,11.55,5.12
Cariporide,5.22,8.67,6.15,6.09,5.54,4.9,5.51,4.55,5.07,2.19,8.41,6.03,5.74,11.2,4.51,4.94,11.29,5.13
"5-[4-Tert-Butylphenylsulfanyl]-2,4-Quinazolinediamine",5.12,4.33,4.9,5.58,5.54,4.91,7.83,5.31,5.06,5.48,27.23,7.24,5.62,11.57,5.0,5.1,11.57,5.07
"5,7-Dichlorokynurenicacid",5.0,5.67,5.05,5.86,5.42,5.3,4.65,5.07,5.07,2.86,6.61,6.01,5.89,10.75,4.6,5.29,11.57,5.24
Ambenonium,4.99,3.62,4.21,4.51,5.42,5.91,5.36,4.65,5.14,4.17,13.91,5.91,5.95,10.77,4.13,5.07,11.51,5.29
Procyclidine,5.19,5.26,6.03,5.9,5.88,5.91,5.25,4.83,5.25,10.58,11.58,5.82,6.09,11.48,5.28,5.13,11.5,5.43
6-(N-Phenylcarbamyl)-2-Naphthalenecarboxamidine,5.21,10.19,4.48,4.62,5.47,5.29,6.21,4.54,5.05,9.03,10.22,6.18,5.48,11.61,5.77,4.65,11.25,5.12
5-ALPHA-PREGNANE-3-BETA-OL-HEMISUCCINATE,5.0,5.79,5.06,3.69,5.46,5.11,8.22,5.49,5.2,7.28,11.13,6.0,6.18,11.42,4.9,5.15,11.59,5.28
3'-Azido-3'-Deoxythymidine-5'-Diphosphate,4.97,6.74,4.62,4.93,5.79,4.89,5.57,5.72,5.43,7.02,13.99,6.58,6.44,11.96,5.03,4.83,11.08,5.66
"5-(4-Methoxyphenoxy)-2,4-Quinazolinediamine",4.96,7.07,5.63,3.83,5.48,4.96,7.52,4.97,5.09,7.88,12.43,7.12,5.63,11.38,5.01,5.08,11.27,5.05
Bucindolol,5.08,3.88,6.97,6.88,6.76,5.81,6.45,6.63,5.07,4.77,10.49,6.23,5.34,11.32,6.03,6.73,10.8,5.07
Piretanide,5.15,8.6,6.13,5.89,5.6,6.19,7.16,4.32,5.1,5.66,14.6,7.1,6.56,11.93,4.75,4.85,11.32,5.21
Epitestosterone,4.97,6.14,8.23,8.03,5.61,5.22,7.71,5.9,5.31,3.28,14.4,6.37,6.4,10.55,6.99,5.33,10.5,5.97
"(2Z,3E)-2,3'-biindole-2',3(1H,1'H)-dione3-{O-[(3R)-3,4-dihydroxybutyl]oxime}",5.03,2.9,5.86,5.89,5.64,5.01,7.5,5.62,6.3,4.79,11.18,7.22,5.99,12.35,6.7,4.8,11.42,5.74
ONT-093,5.04,5.07,6.32,5.93,5.79,5.82,6.84,4.68,5.14,5.61,11.69,6.05,5.97,11.75,5.08,5.11,11.35,5.12
"M-(N,N,N-Trimethylammonio)-2,2,2-Trifluoro-1,1-Dihydroxyethylbenzene",5.14,3.32,5.01,4.56,5.75,5.36,6.26,5.11,5.08,5.44,12.89,6.14,6.12,11.56,5.56,4.81,11.53,5.15
"2,4-Diamino-5-Methyl-6-[(3,4,5-Trimethoxy-N-Methylanilino)Methyl]Pyrido[2,3-D]Pyrimidine",5.09,3.37,6.67,4.84,6.0,5.27,7.94,7.71,5.08,3.56,11.57,7.03,6.64,11.66,6.09,6.07,11.17,5.05
"5-Chloryl-2,4,6-Quinazolinetriamine",5.08,,3.23,3.22,4.85,5.3,6.66,4.03,5.11,,,5.86,5.19,10.05,3.58,4.55,10.64,5.1
5-fluorotryptophan,4.99,3.88,5.18,6.71,5.24,5.09,6.32,5.09,5.11,8.78,16.28,6.57,5.97,11.58,4.52,4.88,11.16,5.2
"(1E)-5-(1-piperidin-4-yl-3-pyridin-4-yl-1H-pyrazol-4-yl)-2,3-dihydro-1H-inden-1-oneoxime",5.14,9.8,6.21,6.59,5.55,5.62,6.89,6.95,5.11,7.44,11.71,7.08,5.17,11.52,5.0,5.42,11.39,5.11
N-(2-CHLORO-4-FLUOROBENZOYL)-N'-(5-HYDROXY-2-METHOXYPHENYL)UREA,5.06,2.76,5.57,4.31,5.68,6.0,5.5,4.7,5.13,5.13,11.11,6.3,6.02,11.54,4.98,4.92,11.43,5.25
4-({[4-(3-METHYLBENZOYL)PYRIDIN-2-YL]AMINO}METHYL)BENZENECARBOXIMIDAMIDE,5.26,5.48,5.11,5.94,5.62,5.45,6.51,5.66,5.07,9.75,12.04,6.65,5.69,11.36,4.53,5.1,11.28,5.05
"2-Hexyloxy-6-Hydroxymethyl-Tetrahydro-Pyran-3,5-Diol",5.07,7.45,7.59,6.41,5.59,5.09,7.07,4.01,5.17,3.53,23.16,6.55,6.09,11.21,3.78,4.52,10.59,5.1
5-fluoro-beta-L-gulosylfluoride,5.09,5.5,3.94,4.27,5.14,5.14,6.26,4.5,5.36,5.84,16.93,5.67,6.27,10.18,3.26,4.7,11.2,5.22
Oxymorphone,5.12,4.66,6.64,6.03,6.01,5.19,6.88,6.74,5.67,12.1,15.24,5.94,5.98,11.94,6.4,5.19,11.5,5.76
Masoprocol,5.0,4.83,5.55,5.38,5.5,4.86,5.3,4.97,5.07,9.75,18.59,7.05,6.33,11.93,4.03,5.4,11.46,5.46
Hydrochlorothiazide,5.09,12.26,4.71,4.06,5.5,5.81,5.25,4.93,5.14,2.27,13.34,4.55,6.62,11.44,6.44,4.81,11.35,5.21
CRA_1802,5.09,5.7,5.29,4.79,5.66,5.56,6.08,4.6,5.14,5.63,10.72,6.63,6.31,11.72,5.1,4.87,11.62,5.09
"(9ALPHA,13BETA,17BETA)-2-[(1Z)-BUT-1-EN-1-YL]ESTRA-1,3,5(10)-TRIENE-3,17-DIOL",5.09,5.65,8.86,8.8,6.13,5.09,7.28,5.67,5.58,4.88,10.39,6.68,6.43,11.55,7.3,5.04,11.34,5.37
Octylphenoxypolyethoxyethanol,5.01,12.31,5.82,4.98,5.07,5.25,6.86,4.45,5.09,5.2,11.24,6.49,6.1,11.68,5.1,4.72,11.61,5.07
4-(1-Benzyl-3-Carbamoylmethyl-2-Methyl-1h-Indol-5-Yloxy)-ButyricAcid,5.17,2.54,5.69,5.55,5.84,5.11,7.62,4.97,5.11,3.75,11.6,6.03,5.82,10.83,5.0,4.86,11.29,5.36
Irofulven,5.22,4.61,5.72,5.14,5.46,4.94,6.97,5.02,5.28,2.76,10.96,5.82,6.31,11.49,7.09,4.99,10.87,5.43
ENMD-1198,5.13,5.02,7.47,7.23,6.18,5.11,7.92,4.8,5.07,5.14,12.85,7.08,6.12,11.59,6.11,4.84,10.9,5.15
Thiodigalactoside,5.01,4.25,4.73,4.61,5.47,5.23,6.6,3.2,5.26,2.5,13.54,6.59,6.08,11.81,4.88,4.19,10.62,5.16
Vadimezan,5.15,9.74,6.68,6.53,5.71,5.74,6.67,4.76,5.48,2.8,7.49,5.5,5.23,11.59,6.8,4.77,11.26,5.4
"4-[3-(dibenzylamino)phenyl]-2,4-dioxobutanoicacid",5.17,5.81,4.86,5.2,5.66,6.38,6.96,4.72,5.68,5.11,11.45,4.9,6.6,11.48,4.35,5.04,11.32,5.32
Axitinib,5.17,6.07,5.13,5.23,5.66,5.17,7.27,6.67,5.09,8.07,10.83,7.03,5.04,12.17,4.99,5.61,11.43,5.08
Etoposide,5.08,3.55,5.35,5.12,5.4,5.34,6.95,5.14,5.09,3.83,11.53,7.09,5.85,10.62,6.04,4.96,11.27,5.13
Ketobemidone,5.09,12.12,6.68,5.9,5.54,5.45,6.17,4.68,5.66,6.94,14.82,5.7,5.74,10.94,4.8,5.04,11.72,5.53
Mitiglinide,5.08,3.37,6.64,6.66,5.47,5.62,7.36,4.53,5.5,5.11,16.48,6.04,6.31,10.78,4.45,5.34,10.65,5.99
7-methyl-guanosine-5'-triphosphate,5.06,3.16,4.79,4.78,5.2,5.22,5.49,4.83,6.01,4.98,12.07,6.58,6.25,10.66,5.21,5.08,11.14,5.33
Sirolimus,5.04,5.42,6.8,6.01,5.25,5.17,5.55,6.94,5.1,5.51,12.59,7.5,6.47,11.28,8.7,5.27,10.86,5.73
Ivacaftor,4.96,6.0,5.95,5.92,5.71,5.44,6.5,4.42,5.08,9.32,11.03,7.01,5.88,11.75,5.76,5.11,10.94,5.13
"(R)-1-(4-(4-(hydroxymethyl)-1,3,2-dioxaborolan-2-yl)benzyl)guanidine",5.06,6.43,6.73,4.83,5.12,4.89,5.99,4.69,5.08,5.54,9.16,6.19,5.79,10.77,4.15,5.26,11.64,5.08
"4-[(1S,2S,5S)-5-(HYDROXYMETHYL)-8-METHYL-3-OXABICYCLO[3.3.1]NON-7-EN-2-YL]PHENOL",5.01,5.45,4.56,4.29,5.48,5.27,5.25,4.25,5.68,5.67,12.5,6.67,6.47,10.63,4.14,4.72,10.86,5.24
Naringenin,5.08,7.27,4.95,4.09,5.12,5.84,4.8,4.8,5.17,5.7,14.23,7.11,6.55,11.73,3.65,4.91,11.6,5.41
Eltrombopag,5.07,16.26,6.46,4.92,5.83,5.96,7.06,4.61,5.08,12.82,7.15,7.02,6.01,10.9,4.98,4.99,11.47,5.07
(R)-warfarin,5.14,1.96,5.77,6.08,5.41,5.62,7.64,3.95,5.1,4.17,12.11,6.63,5.67,11.63,5.26,4.8,11.3,5.15
Deslanoside,5.2,4.38,4.4,4.28,5.34,4.95,6.11,4.78,5.66,6.12,10.83,6.89,6.21,10.71,5.83,4.78,11.12,5.39
"dimethyl(1R,4S)-5,6-bis(4-hydroxyphenyl)-7-oxabicyclo[2.2.1]hepta-2,5-diene-2,3-dicarboxylate",5.06,3.86,4.13,4.15,5.76,5.64,5.71,4.24,5.81,5.5,11.2,7.04,6.05,11.65,5.95,4.74,10.95,5.54
Tecovirimat,5.22,7.11,4.74,5.05,5.56,4.87,6.12,4.61,5.06,5.77,4.45,7.02,6.44,11.61,7.17,4.86,11.3,5.13
"[5-AMINO-1-(4-FLUOROPHENYL)-1H-PYRAZOL-4-YL](3-{[(2R)-2,3-DIHYDROXYPROPYL]OXY}PHENYL)METHANONE",5.16,9.45,4.88,4.75,5.38,6.02,6.49,4.52,5.11,4.4,11.78,6.31,5.69,11.65,4.4,4.69,10.67,5.08
Amlodipine,5.04,5.49,4.12,4.35,5.91,6.13,6.86,5.05,5.13,2.96,17.81,6.53,6.1,11.47,5.89,5.14,11.58,5.31
Anagrelide,4.99,5.65,4.25,5.97,5.76,5.61,5.77,4.55,6.29,2.88,14.19,7.32,5.22,10.64,4.32,4.38,11.33,6.12
(Z)-3-BENZYL-5-(2-HYDROXY-3-NITROBENZYLIDENE)-2-THIOXOTHIAZOLIDIN-4-ONE,5.09,4.95,4.39,5.11,5.27,5.18,7.61,4.46,5.11,4.67,12.92,6.33,6.21,11.96,5.09,5.02,12.06,5.17
Equilin,5.03,1.91,6.62,7.27,5.64,5.04,7.11,5.85,5.38,4.19,11.66,6.1,6.32,12.21,6.98,4.77,11.41,5.88
Tonapofylline,5.08,6.4,6.96,6.28,5.82,4.9,6.66,4.59,5.09,8.33,15.36,6.52,6.41,9.96,7.57,4.98,11.52,5.27
Delavirdine,5.08,5.05,6.93,6.88,5.47,5.8,7.12,4.37,5.68,8.27,12.73,6.47,5.23,11.87,5.81,5.05,10.72,5.63
"2-AMINO-4-FLUORO-5-[(1-METHYL-1H-IMIDAZOL-2-YL)SULFANYL]-N-(1,3-THIAZOL-2-YL)BENZAMIDE",5.07,3.4,7.09,5.81,5.77,5.44,6.17,4.89,5.03,5.01,15.07,6.44,5.62,11.75,4.6,4.83,11.14,5.08
Olaparib,5.23,7.81,7.82,7.35,5.88,4.97,7.04,4.59,5.09,3.02,8.87,7.43,5.95,11.69,6.79,4.75,11.32,5.04
"1-((2-HYDROXYETHOXY)METHYL)-5-BENZYLPYRIMIDINE-2,4(1H,3H)-DIONE",5.05,7.27,5.63,4.57,5.08,5.18,5.17,4.7,5.18,2.99,8.4,5.23,6.54,10.61,4.38,4.73,11.5,5.09
Trichlormethiazide,5.17,8.52,5.98,6.58,5.48,5.95,5.18,5.1,5.68,2.9,7.63,5.12,6.67,11.62,7.39,4.97,11.78,5.67
N-(5-Cyclopropyl-1h-Pyrazol-3-Yl)Benzamide,5.09,2.81,4.6,5.69,5.55,5.82,6.41,5.15,5.04,5.02,11.8,6.84,5.54,11.24,5.95,5.48,11.6,5.25
N-(4-carbamimidoylbenzyl)-1-(4-methylpentanoyl)-L-prolinamide,5.07,5.15,4.85,4.45,5.7,4.91,6.51,4.66,5.06,7.18,11.31,6.66,6.01,11.54,3.82,5.09,11.45,5.21
O2-Sulfo-GlucuronicAcid,5.0,19.45,5.79,5.12,5.13,5.14,4.71,4.44,5.19,10.86,4.46,6.84,6.67,10.45,3.56,5.02,10.49,5.16
NGX267,4.96,6.12,5.45,5.86,5.45,4.97,4.55,4.47,6.19,4.84,12.41,5.06,6.31,11.34,4.1,4.42,11.53,5.9
"2-[(2-methoxyethyl)amino]-4-(4-oxo-1,2,3,4-tetrahydro-9H-carbazol-9-yl)benzamide",5.13,5.74,4.58,4.27,5.79,5.04,6.21,5.14,5.09,5.07,14.12,6.8,6.45,11.74,4.81,5.43,11.28,5.07
Aetiocholanolone,5.03,7.34,5.54,4.59,5.76,5.04,7.65,5.18,5.25,7.63,12.34,6.53,5.84,11.76,5.64,5.26,10.88,5.62
"3-PYRIDIN-4-YL-2,4-DIHYDRO-INDENO[1,2-.C.]PYRAZOLE",5.09,2.36,4.96,5.27,6.03,5.36,6.24,6.98,5.56,3.34,11.48,6.28,5.01,11.92,5.44,6.29,12.14,5.26
RPR128515,5.12,5.25,5.8,5.44,5.6,6.18,7.21,4.97,5.21,6.47,13.1,6.24,5.98,10.93,6.18,5.39,11.43,5.09
Dexlansoprazole,5.1,3.43,6.66,5.9,5.3,5.8,6.17,4.59,5.17,4.62,11.4,6.55,6.25,11.64,4.27,4.83,11.36,5.18
4-(Aminosulfonyl)-N-[(4-Fluorophenyl)Methyl]-Benzamide,5.01,5.98,7.69,7.22,5.63,6.4,6.24,5.14,5.06,6.26,12.14,6.03,5.49,10.76,7.58,4.93,11.35,5.11
Ethylbiscoumacetate,5.15,2.8,5.88,4.16,5.06,6.05,6.39,4.06,5.11,4.14,11.15,6.88,5.64,11.63,6.01,4.85,11.43,5.14
N-[2-Chloro-5-(trifluoromethyl)phenyl]imidodicarbonimidicdiamide,4.98,9.24,5.79,5.33,5.63,4.96,6.96,4.99,5.08,5.94,12.47,6.24,6.18,11.63,4.05,5.17,11.56,5.1
N-[(2-AMINO-6-METHYLPYRIMIDIN-4-YL)METHYL]-3-{[(E)-(2-OXODIHYDROFURAN-3(2H)-YLIDENE)METHYL]AMINO}BENZENESULFONAMIDE,5.04,4.64,4.66,4.75,5.3,5.14,7.01,4.52,5.66,4.54,10.11,6.79,6.4,11.7,4.22,4.7,11.08,5.6
Benzbromarone,5.01,4.19,4.88,5.04,5.07,4.93,7.75,4.66,5.08,4.09,14.89,6.75,5.83,11.38,4.87,5.08,11.31,5.12
N-[4-(5-fluoro-6-methylpyridin-2-yl)-5-quinoxalin-6-yl-1H-imidazol-2-yl]acetamide,5.19,6.76,4.36,4.6,5.58,5.83,6.79,4.41,5.08,3.14,8.86,4.89,6.03,11.7,6.01,4.98,11.11,5.11
Ifenprodil,5.02,2.22,5.26,4.78,5.84,5.41,6.1,4.32,5.16,3.97,14.09,7.39,6.11,10.59,5.91,5.15,11.48,5.33
Granisetron,5.2,9.37,7.85,7.34,5.62,5.19,7.45,6.75,5.09,6.02,17.03,8.32,5.81,11.71,7.81,4.96,11.23,5.05
Disopyramide,5.08,8.03,5.42,6.16,5.58,5.33,6.99,4.16,5.12,2.63,8.86,6.72,6.16,12.03,7.25,4.88,11.55,5.13
Valaciclovir,5.1,7.65,4.66,4.86,4.95,4.99,4.5,4.6,5.07,13.49,9.83,6.14,6.2,10.33,5.23,4.51,10.74,5.05
Pentosanpolysulfate,4.96,4.96,3.82,3.84,5.42,5.02,5.08,4.28,5.13,7.01,11.0,5.54,6.12,10.69,4.23,4.58,11.02,5.16
"2-(6-HYDROXY-1,3-BENZOTHIAZOL-2-YL)-1,3-THIAZOL-4(5H)-ONE",5.07,8.08,5.62,5.04,5.89,5.09,7.31,4.94,5.1,5.22,11.42,7.08,5.74,11.99,6.2,5.02,11.76,5.06
"4-{4-[4-(3-AMINOPROPOXY)PHENYL]-1H-PYRAZOL-5-YL}-6-CHLOROBENZENE-1,3-DIOL",5.02,2.9,6.18,6.26,5.6,4.85,7.43,5.53,5.17,2.8,11.76,5.79,6.23,11.27,5.77,4.79,10.89,5.09
[1-(3-CHLORO-2-FORMYL-PHENYLCARBAMOYL)-2-METHYL-PROPYL]-CARBAMICACIDTERT-BUTYLESTER,5.01,4.8,4.79,4.28,5.56,5.6,5.29,4.93,5.12,5.2,11.56,6.7,5.98,11.12,4.14,5.32,11.11,5.52
Prasterone,5.01,3.17,7.02,6.66,5.5,5.06,7.6,5.04,5.53,3.9,12.84,6.06,6.46,11.55,5.91,4.93,10.95,5.37
Chlorthalidone,5.14,2.85,6.6,4.74,5.41,5.56,7.22,5.44,5.31,5.58,5.73,5.69,6.12,10.73,6.77,5.49,11.71,5.67
Geneticin,5.11,4.05,5.46,5.73,4.98,4.91,5.78,4.96,5.12,4.73,10.9,6.13,6.09,10.56,5.64,5.36,11.58,5.13
5-CHLORO-6-METHYL-N-(2-PHENYLETHYL)-2-PYRIDIN-2-YLPYRIMIDIN-4-AMINE,5.16,7.26,7.01,6.44,5.94,5.87,7.04,4.8,5.08,5.29,9.23,6.58,6.0,11.86,5.94,4.84,10.99,5.07
N-[2-(4-BROMOCINNAMYLAMINO)ETHYL]-5-ISOQUINOLINESULFONAMIDE,5.1,5.36,6.75,5.9,5.83,5.02,5.94,4.81,5.23,6.03,11.67,6.18,5.41,11.61,6.46,5.21,11.29,5.41
Carbidopa,5.1,6.34,5.04,5.17,5.84,5.04,5.59,4.25,5.12,9.24,13.33,5.62,6.03,11.21,5.23,4.89,11.64,5.41
Vatalanib,5.1,2.79,4.94,5.06,5.66,4.99,6.93,5.31,5.06,3.5,11.83,6.47,5.0,11.59,5.0,5.17,11.18,4.98
Hesperidin,5.06,7.59,3.57,4.0,5.12,4.93,6.09,4.68,5.09,2.49,14.36,7.64,6.75,10.2,5.13,4.82,11.15,5.44
Ghavamiol,4.95,4.6,4.2,3.81,5.73,5.01,5.6,4.46,5.73,5.48,16.22,5.93,6.44,11.43,4.05,4.88,10.93,5.78
Clorazepicacid,5.01,5.57,4.01,4.03,5.31,5.18,7.16,4.38,5.27,4.66,16.5,6.35,6.13,10.78,4.98,4.61,10.57,5.35
(4E)-N-(4-fluorophenyl)-4-[(phenylcarbonyl)imino]-4H-pyrazole-3-carboxamide,5.08,3.1,3.58,4.08,5.54,4.97,6.28,5.03,5.06,3.06,10.89,6.22,5.29,11.03,6.7,5.08,11.56,5.14
Vercirnon,5.1,15.79,4.62,4.21,5.84,5.58,7.07,5.32,5.08,9.01,15.93,7.87,6.29,11.72,4.74,5.34,10.74,5.09
Ubenimex,5.07,4.39,5.06,4.72,5.44,5.37,4.21,4.47,5.69,4.05,10.38,5.03,6.15,11.69,4.12,5.16,10.52,5.27
Vorinostat,5.11,6.72,6.22,6.12,5.88,5.41,5.79,6.44,5.1,4.24,10.84,7.07,5.83,11.14,5.85,5.41,10.66,5.24
Everolimus,5.04,6.75,6.08,5.47,5.25,5.17,5.55,5.94,5.55,2.9,14.75,7.6,6.43,11.31,8.72,5.13,10.78,5.4
Cambinol,4.99,7.94,6.48,5.39,5.47,5.23,6.78,4.21,5.2,6.29,11.23,7.07,6.16,10.77,3.86,4.44,11.64,5.16
"(3aS)-3a-hydroxy-7-methyl-1-phenyl-1,2,3,3a-tetrahydro-4H-pyrrolo[2,3-b]quinolin-4-one",5.15,3.95,7.11,7.09,5.65,5.72,7.09,4.91,6.06,6.52,11.34,5.78,6.71,11.69,6.12,5.04,11.3,5.33
Freselestat,5.16,3.4,5.14,4.98,5.69,5.77,7.14,5.18,5.11,2.21,10.87,7.4,5.75,10.97,5.27,5.23,11.36,5.1
"4-(2-chlorophenyl)-8-(2-hydroxyethyl)-6-methylpyrrolo[3,4-e]indole-1,3(2H,6H)-dione",5.04,4.83,6.54,6.33,5.76,6.18,5.0,5.22,6.15,4.21,10.66,7.03,6.26,12.86,5.97,5.11,11.89,5.29
Latanoprost,5.04,3.11,7.37,7.06,5.61,5.7,8.42,4.59,5.1,3.78,11.48,7.16,6.32,11.67,6.44,4.93,10.67,5.11
Anisomycin,4.97,4.63,6.24,5.6,5.55,5.01,6.04,4.2,5.6,6.06,13.75,6.28,5.58,11.55,4.39,4.74,10.84,5.31
HTYPEIITRISACCHARIDE,4.98,8.3,3.54,3.49,4.71,4.98,4.99,3.68,5.96,14.49,11.56,4.4,5.79,10.72,4.27,4.72,10.8,5.62
"4-CHLORO-6-(4-PIPERAZIN-1-YL-1H-PYRAZOL-5-YL)BENZENE-1,3-DIOL",5.11,3.29,5.31,6.0,5.64,5.14,5.16,5.72,5.06,3.22,11.95,6.42,6.27,10.69,6.06,5.03,11.69,5.16
Ganciclovir,5.13,6.25,4.92,4.92,4.97,5.11,5.4,4.69,5.08,4.82,11.21,5.33,6.15,10.37,4.95,4.44,11.55,5.13
Estradiolacetate,5.14,7.18,6.55,7.18,5.88,5.11,7.88,5.83,5.22,4.84,13.18,6.92,6.55,11.6,5.23,5.06,10.77,5.76
Valganciclovir,5.03,4.96,4.81,4.75,4.99,5.26,4.7,4.23,5.09,4.2,11.11,5.87,6.19,10.35,5.28,4.54,11.15,5.11
Seliciclib,5.1,3.99,4.93,4.99,5.57,5.15,6.44,4.54,5.33,2.97,13.13,7.33,5.94,11.72,5.01,4.87,11.38,5.17
Propiomazine,4.98,7.32,5.84,6.54,5.98,5.45,7.11,4.72,5.07,3.88,12.7,6.04,5.74,12.71,4.95,5.26,10.8,5.78
4-Hydroxy-3-[(1s)-3-Oxo-1-Phenylbutyl]-2h-Chromen-2-One,5.1,5.05,5.77,6.08,5.41,5.61,7.56,3.95,5.1,4.54,15.49,7.32,5.67,11.63,5.26,4.8,11.3,5.15
"7-methyl-7,8-dihydroguanosine-5'-diphosphate",5.02,8.78,4.51,4.85,5.89,5.21,5.47,5.58,5.46,7.66,13.22,6.34,5.87,11.8,5.99,4.9,10.92,5.44
"2-DEOXY-3,4-BIS-O-[3-(4-HYDROXYPHENYL)PROPANOYL]-L-THREO-PENTARICACID",5.04,8.52,3.12,3.15,5.69,5.31,5.98,4.16,5.22,9.48,10.76,6.79,6.37,11.68,3.88,4.75,11.48,5.24
Rimonabant,5.09,6.08,7.44,6.66,5.37,5.87,7.12,6.38,5.07,4.97,10.77,6.05,6.6,11.58,6.5,5.25,11.19,5.06
CRA_10433,5.1,6.6,5.79,5.28,5.64,5.77,7.17,4.81,5.21,2.2,6.44,6.22,6.31,10.71,6.33,5.26,11.52,5.12
Veliparib,5.1,4.78,7.96,8.19,5.61,5.41,6.45,5.86,5.06,4.32,10.73,6.62,6.34,10.36,7.73,5.41,11.31,5.11
Landiolol,5.05,4.65,4.64,5.34,5.64,5.33,7.06,6.3,5.35,4.98,10.53,5.83,5.61,10.69,4.2,6.05,11.3,5.17
Doxacurium,4.97,11.09,5.02,5.45,5.49,5.16,7.32,4.2,5.05,8.37,5.77,7.09,6.11,10.66,4.17,4.83,11.33,5.11
UP5,4.96,11.15,5.52,4.88,5.71,5.22,5.7,4.68,5.11,14.26,13.55,7.17,6.72,11.0,5.28,4.57,10.54,5.15
Clenbuterol,5.11,3.22,6.24,5.76,6.07,5.64,6.28,5.05,5.57,5.07,16.11,5.97,5.58,10.74,6.61,5.01,10.85,5.77
"9,10-Deepithio-9,10-Didehydroacanthifolicin",5.1,9.17,6.18,6.01,5.57,4.94,6.13,6.84,5.13,8.87,12.05,5.89,6.08,10.87,6.09,6.26,10.53,5.1
nocodazole,4.94,5.18,5.6,5.76,5.63,5.52,5.03,4.58,5.06,7.21,7.92,7.55,5.44,11.84,5.07,4.67,11.1,5.08
Nabiximols,5.07,3.08,6.97,6.53,5.44,5.37,8.33,4.96,5.32,4.09,11.08,7.51,5.97,10.76,5.7,5.7,11.31,5.23
Tetrahydrocannabivarin,5.06,3.38,6.29,5.52,5.47,5.22,7.59,5.06,5.46,5.8,14.05,5.31,6.24,11.07,5.71,5.29,11.29,5.25
OLOMOUCINEII,5.02,5.43,4.93,4.99,5.5,5.25,6.89,4.58,5.49,5.86,12.41,6.09,5.79,11.71,5.0,4.92,11.28,5.22
Panobinostat,5.09,11.25,5.62,5.4,5.35,5.31,7.66,3.88,5.43,8.38,10.44,5.66,5.31,11.6,5.6,5.04,11.27,5.82
Bufuralol,4.96,6.2,5.28,5.29,5.61,4.93,8.0,4.8,5.74,3.88,9.72,5.62,5.74,11.62,6.1,5.1,11.59,5.16
"4-(2-aminoethoxy)-N-(3-chloro-2-ethoxy-5-piperidin-1-ylphenyl)-3,5-dimethylbenzamide",5.02,5.24,4.78,5.68,5.64,5.31,6.72,6.27,5.06,9.49,17.48,6.86,6.7,11.12,6.7,5.2,11.33,5.04
Pantoprazole,5.09,6.48,5.18,5.34,5.56,4.87,6.55,4.86,5.09,5.98,22.85,6.02,6.16,12.09,5.01,4.69,11.42,5.19
Rolipram,5.1,6.34,5.97,6.4,5.55,4.93,6.97,4.81,5.07,2.81,10.92,7.1,5.7,11.53,4.95,5.02,11.25,5.07
Losartan,4.97,3.08,6.46,5.99,6.03,5.53,7.18,4.71,5.1,3.96,11.62,6.68,6.05,11.72,6.01,4.96,10.8,5.09
"4-AMINO-2-HEXYLOXY-6-HYDROXYMETHYL-TETRAHYDRO-PYRAN-3,5-DIOL",4.96,3.98,7.06,5.88,5.16,5.05,4.7,3.79,5.13,3.9,8.68,5.69,6.39,11.5,5.05,4.1,10.6,5.06
"(5E,13E)-11-HYDROXY-9,15-DIOXOPROSTA-5,13-DIEN-1-OICACID",5.04,4.49,5.46,4.47,5.56,5.05,6.39,4.98,5.39,17.65,10.98,6.88,5.84,11.36,5.33,5.14,11.33,5.33
Rotigotine,5.11,5.48,6.55,6.26,5.6,5.4,6.15,5.37,5.08,5.7,12.73,7.59,5.86,11.87,6.0,4.96,10.77,5.17
Etoricoxib,4.97,1.81,5.36,4.62,5.69,5.19,6.36,4.39,5.08,6.1,4.36,7.27,6.41,11.02,6.07,4.76,11.2,5.39
LeukotrieneD4,5.02,10.25,4.56,4.65,5.59,5.27,6.6,4.07,5.22,8.02,13.81,6.37,6.25,11.57,5.63,4.76,11.49,5.16
Methylecgonine,5.05,3.47,4.89,3.92,5.46,4.95,5.12,5.14,5.22,4.35,11.52,6.32,6.39,11.39,4.03,5.06,11.26,5.67
2'-Deoxycytidine,5.16,4.91,4.11,4.27,5.12,5.08,7.19,3.96,5.32,6.57,11.71,6.34,6.64,10.42,4.44,4.51,11.71,5.22
Pirenzepine,5.06,7.92,5.31,4.37,5.49,5.41,6.39,5.5,5.86,3.87,8.55,6.69,6.41,11.45,5.29,5.56,10.68,5.54
Diphenidol,5.15,5.13,5.14,6.12,5.49,5.8,6.56,4.56,5.07,6.12,16.21,7.05,5.76,11.59,4.34,4.97,11.81,5.11
"1-[(2S)-4-(5-BROMO-1H-PYRAZOLO[3,4-B]PYRIDIN-4-YL)MORPHOLIN-2-YL]METHANAMINE",5.13,2.3,5.73,6.64,5.72,5.19,4.71,5.51,5.02,5.19,10.89,6.17,6.5,11.32,5.09,5.02,11.71,5.16
6-[N-(4-(Aminomethyl)Phenyl)Carbamyl]-2-Naphthalenecarboxamidine,5.08,16.5,4.97,4.83,5.55,4.93,7.35,4.55,5.04,5.12,14.83,6.6,5.67,11.67,5.48,4.73,11.38,5.03
1-[4-(2-oxo-2-phenylethyl)phenyl]guanidine,4.93,4.42,6.92,7.25,4.9,4.89,6.63,4.06,5.15,4.85,10.35,5.44,5.9,11.9,5.94,4.8,11.41,5.11
Fusicoccin,5.0,6.24,6.86,6.29,5.56,4.91,6.68,5.76,5.14,3.14,13.27,7.03,6.19,10.67,3.78,5.03,11.3,5.69
Imidafenacin,5.02,3.61,5.45,5.19,5.34,5.83,6.71,4.75,5.14,6.57,13.2,6.04,6.07,11.72,5.06,4.74,11.57,5.29
Streptomycin,5.07,3.24,5.93,5.59,5.17,5.01,6.59,4.66,5.29,6.68,10.0,7.28,6.27,10.47,7.13,4.94,10.68,5.29
(2S)-2-(3-Carbamimidamidophenyl)-3-[hydroxy(3-phenylpropyl)phosphoryl]propanoicacid,5.1,5.22,7.51,6.72,5.82,5.28,6.37,5.55,5.26,5.71,11.49,7.27,6.26,11.59,4.99,5.21,11.27,5.08
Talnetant,5.12,5.08,7.12,6.6,5.45,6.38,7.69,4.99,5.07,6.82,19.29,8.34,6.16,10.56,7.13,5.21,11.63,5.11
Oxazepam,4.99,12.6,4.65,4.94,5.08,5.12,6.98,4.35,5.16,6.6,12.92,6.73,5.96,11.27,4.18,4.76,10.68,5.31
"(5Z)-7-{(1R,4S,5R,6R)-6-[(1E)-1-Octen-1-yl]-2,3-diazabicyclo[2.2.1]hept-2-en-5-yl}-5-heptenoicacid",5.11,3.22,6.78,5.79,5.4,4.89,5.54,5.17,5.06,6.84,9.69,7.07,6.05,11.71,5.12,5.04,11.34,5.13
Phenytoin,5.1,9.08,4.14,4.38,5.15,5.83,5.81,3.94,6.01,7.79,12.87,5.73,5.8,11.5,6.9,4.61,11.28,5.76
"2,3-DIMETHOXY-12H-[1,3]DIOXOLO[5,6]INDENO[1,2-C]ISOQUINOLIN-6-IUM",5.02,6.08,6.63,6.38,5.57,4.96,6.29,4.62,5.15,4.25,11.83,5.89,6.04,11.59,5.79,4.84,10.91,5.11
Quazepam,5.05,3.89,5.76,6.0,5.53,5.64,7.09,4.47,5.05,2.72,11.49,7.0,6.08,10.24,5.8,5.03,11.55,5.03
"N-cyclohexyl-3-[3-(trifluoromethyl)phenyl][1,2,4]triazolo[4,3-b]pyridazin-6-amine",4.96,2.59,5.95,4.92,5.36,5.22,6.79,4.69,5.06,8.16,14.01,6.84,6.01,11.71,5.05,4.96,11.71,5.07
"(6S)-2-amino-6-(3'-methoxybiphenyl-3-yl)-3,6-dimethyl-5,6-dihydropyrimidin-4(3H)-one",5.09,7.9,3.64,3.32,5.37,5.25,7.12,4.55,5.36,3.55,8.6,6.49,5.88,11.55,4.53,5.06,10.94,5.75
Fumagillin,5.15,3.21,3.52,4.05,5.72,5.16,7.55,6.55,5.16,3.33,11.39,6.48,6.54,11.69,5.98,5.09,11.19,5.12
PorphyrinFe(III),4.96,6.45,5.53,4.83,5.32,5.22,6.56,4.63,5.28,2.91,8.21,7.29,6.36,11.51,5.1,5.07,11.43,5.55
Cilostazol,5.05,2.98,4.73,5.67,5.46,5.16,7.5,5.03,5.08,4.96,10.91,5.8,6.03,11.94,4.31,5.05,10.61,5.44
"Adenosine-5'-diphosphate-2',3'-vanadate",5.04,5.78,4.77,4.94,5.96,5.04,5.62,4.95,5.07,4.7,10.37,6.28,6.36,11.6,5.1,4.82,11.16,5.06
"5-[1-(3,4-Dimethoxy-Benzoyl)-1,2,3,4-Tetrahydro-Quinolin-6-Yl]-6-Methyl-3,6-Dihydro-[1,3,4]Thiadiazin-2-One",5.06,5.26,6.38,6.28,5.46,6.0,7.05,4.88,5.05,8.84,10.51,7.25,6.73,11.55,6.22,4.85,11.05,5.13
N-BENZYL-4-[4-(3-CHLOROPHENYL)-1H-PYRAZOL-3-YL]-1H-PYRROLE-2-CARBOXAMIDE,5.11,10.46,4.48,5.03,5.49,4.96,6.58,4.59,5.07,5.48,31.41,7.27,6.29,11.77,5.99,4.82,11.33,5.1
Indoramin,5.06,8.32,5.84,4.75,5.6,5.71,6.94,5.31,5.17,10.18,10.76,6.58,5.17,10.6,5.5,4.65,11.62,5.13
Furosemide,4.94,4.94,5.7,5.92,5.5,5.62,4.78,4.56,5.13,2.59,12.17,5.66,5.23,11.33,4.98,4.83,10.95,5.23
"1-Methyl-3-Oxo-1,3-Dihydro-Benzo[C]Isothiazole-5-SulfonicAcidAmide",5.16,4.91,5.53,5.89,5.25,5.03,6.51,4.97,5.1,4.11,11.25,7.18,6.24,12.02,3.86,4.98,11.13,5.2
N-(3-chlorobenzyl)-1-(4-methylpentanoyl)-L-prolinamide,4.96,7.77,5.33,4.39,5.76,5.52,5.78,4.99,5.09,6.78,10.9,6.56,6.0,11.24,3.05,5.3,11.04,5.21
Cannabidivarin,5.04,6.55,6.57,6.05,5.58,5.52,7.54,4.69,5.24,5.75,28.79,6.27,5.98,10.3,5.89,4.7,11.68,5.26
Fusidicacid,5.11,4.72,4.85,5.51,5.51,5.01,6.62,4.53,6.31,5.9,18.75,5.92,6.66,11.12,7.41,5.2,10.88,5.63
Triclabendazole,5.14,9.55,6.34,5.59,5.55,5.64,7.4,5.21,5.06,6.62,11.55,7.08,6.25,11.64,6.89,4.88,11.29,5.34
Solabegron,5.1,5.26,4.9,5.59,5.45,5.96,5.83,5.35,5.15,3.13,10.81,6.42,6.04,11.62,5.06,5.15,10.74,5.09
Emodin,4.99,5.68,7.31,7.15,5.6,4.89,4.58,4.37,5.09,7.08,14.87,6.17,5.25,12.32,5.99,4.68,13.23,5.11
"6-(2,4-DIAMINO-6-ETHYLPYRIMIDIN-5-YL)-4-(3-METHOXYPROPYL)-2,2-DIMETHYL-2H-1,4-BENZOXAZIN-3(4H)-ONE",5.14,8.74,6.48,4.31,5.37,5.59,6.76,5.15,5.09,7.37,15.25,6.74,6.77,11.56,6.83,5.09,11.26,5.14
Chlordiazepoxide,5.13,9.38,3.52,4.84,5.48,5.76,7.67,4.3,5.1,5.7,5.69,7.68,6.18,11.96,5.97,4.89,11.35,5.3
SU9516,5.04,7.72,5.96,5.16,5.6,5.05,5.16,5.75,6.32,7.41,13.43,6.29,5.07,12.34,5.03,5.49,11.92,6.1
"METHYL3-CHLORO-2-{3-[(2,5-DIHYDROXY-4-METHOXYPHENYL)AMINO]-3-OXOPROPYL}-4,6-DIHYDROXYBENZOATE",5.0,7.53,4.09,4.58,5.45,5.37,6.42,5.05,5.35,4.08,13.79,5.74,6.58,11.75,4.29,4.69,10.77,5.26
(2Z)-N-(3-chloro-2'-methoxybiphenyl-4-yl)-2-cyano-3-hydroxybut-2-enamide,5.01,16.16,4.08,4.11,5.45,5.83,5.71,5.1,5.09,20.34,19.19,6.6,6.16,10.86,5.56,4.73,11.33,5.1
Azathioprine,4.94,5.41,6.36,5.95,5.69,5.16,6.07,4.12,5.09,8.74,18.25,5.31,6.23,12.03,4.34,4.45,10.61,5.15
Propacetamol,5.01,4.41,4.21,4.34,5.03,5.02,6.45,4.62,5.09,10.85,11.13,5.81,5.87,10.54,4.16,4.68,11.29,5.18
Diphenadione,4.97,5.06,5.12,5.16,5.31,5.52,6.23,4.4,5.14,5.43,10.65,6.82,6.0,10.7,6.12,4.66,10.64,5.27
Dipivefrin,5.02,4.12,5.34,5.52,5.55,5.26,6.7,5.27,5.1,7.62,11.94,6.73,5.78,11.85,4.89,5.18,11.29,5.13
5-PhosphoarabinonicAcid,4.96,6.42,3.77,4.25,5.21,5.08,4.97,3.3,5.08,5.33,11.13,4.62,6.09,11.43,4.55,4.47,10.75,5.09
"4-{2,4-Bis[(3-Nitrobenzoyl)Amino]Phenoxy}PhthalicAcid",4.98,6.88,6.95,5.33,5.73,5.1,7.59,4.84,5.06,3.74,14.33,6.82,5.62,11.72,4.27,5.3,11.48,5.06
"N-cyclopropyl-4-pyrazolo[1,5-b]pyridazin-3-ylpyrimidin-2-amine",5.0,8.39,5.6,5.21,5.84,4.87,6.4,5.23,5.05,5.26,17.61,7.5,5.81,12.59,5.57,4.92,11.69,5.13
Tridihexethyl,4.99,6.1,4.23,4.07,5.78,5.92,5.71,4.94,5.94,4.7,21.64,5.18,6.15,11.47,5.56,5.0,11.66,5.87
"(3Z,6S)-6-Chloro-1-(2-{[(5-chloro-1-benzothiophen-3-yl)methyl]amino}ethyl)-3-({2-[(2R)-2-piperidinyl]ethyl}imino)-2-piperazinol",5.12,7.11,7.04,6.45,5.87,5.12,7.44,5.78,5.09,6.78,12.86,6.72,6.52,11.82,7.2,5.36,11.09,5.06
PlateletActivatingFactor,5.03,7.89,6.37,6.08,5.33,5.39,6.47,4.41,5.08,2.72,11.07,5.52,6.32,11.04,6.46,4.67,10.69,5.13
N1-(1-Dimethylcarbamoyl-2-Phenyl-Ethyl)-2-Oxo-N4-(2-Pyridin-2-Yl-Ethyl)-Succinamide,5.14,2.8,4.76,5.61,5.71,5.58,5.63,4.21,5.05,4.33,11.23,5.73,6.02,10.96,4.33,4.99,11.32,5.07
Halazepam,5.07,4.99,5.24,6.43,5.31,6.21,5.86,4.44,5.04,5.53,9.91,6.51,5.69,10.41,4.38,4.98,11.62,5.07
Cimetidine,5.08,8.19,6.39,5.92,5.38,5.19,6.3,5.55,5.08,7.9,19.52,6.97,5.34,11.27,5.28,5.32,10.78,5.08
Alpha-D-Glucose-1-Phosphate-6-Vanadate,4.95,8.24,5.58,5.93,5.37,5.03,5.74,5.05,5.08,12.33,10.04,4.91,6.48,11.58,3.81,4.97,10.9,5.18
Lpc-Ether,5.06,9.84,6.37,6.07,5.06,5.06,7.39,4.43,5.09,30.49,8.86,5.97,6.24,11.15,4.82,4.67,10.86,5.1
"3-[(5s)-1-Acetyl-3-(2-Chlorophenyl)-4,5-Dihydro-1h-Pyrazol-5-Yl]Phenol",5.0,6.96,6.31,5.94,5.14,6.02,7.84,4.97,5.02,4.71,11.72,6.27,6.06,10.63,4.4,4.84,11.38,5.21
6-Chloro-2-(2-Hydroxy-Biphenyl-3-Yl)-1h-Indole-5-Carboxamidine,5.08,2.12,6.48,5.41,5.61,5.32,7.31,4.48,5.76,4.4,12.3,7.06,6.1,10.97,6.0,5.37,11.89,5.11
Pergolide,4.99,15.38,6.62,6.63,5.75,5.05,7.55,5.85,5.2,14.18,15.47,7.3,5.64,11.82,5.51,5.07,11.63,5.15
N-(3-METHYLBUT-2-EN-1-YL)-9H-PURIN-6-AMINE,4.93,4.84,4.28,4.85,5.31,5.07,5.8,4.0,5.09,5.26,10.65,6.06,5.74,11.0,4.18,4.55,11.39,5.22
"octyl3-amino-3-deoxy-2-O-(2,6-dideoxy-alpha-L-lyxo-hexopyranosyl)-beta-D-galactopyranoside",4.97,7.4,5.96,5.11,5.27,4.97,6.19,3.76,5.12,7.09,20.11,6.33,6.45,11.33,6.3,4.24,10.55,5.08
"(2R,3R,4S,5R,6E)-3,4,5-Trihydroxy-N-[(3S,6R)-6-hydroxy-2-oxo-3-azepanyl]-2-methoxy-8,8-dimethyl-6-nonenamide",5.06,4.48,6.96,7.02,4.86,5.07,4.37,4.5,5.28,2.81,14.0,5.21,6.57,11.79,4.27,5.05,11.29,5.22
Grazoprevir,5.03,6.98,4.61,4.94,5.53,5.09,6.19,4.54,5.22,6.81,13.42,6.79,6.21,11.85,6.56,4.96,11.33,5.55
Dinoprost,5.1,1.3,5.61,5.45,5.69,4.96,6.19,4.51,5.29,2.56,9.1,5.93,6.0,11.48,5.33,5.13,11.44,5.71
6-MORPHOLIN-4-YL-9H-PURINE,4.97,5.21,5.66,4.42,5.55,5.19,5.45,4.54,5.03,6.34,11.12,6.18,5.78,11.46,4.07,4.98,11.3,5.11
"5-ACETAMIDO-5,6-DIHYDRO-4-HYDROXY-6-ISOBUTOXY-4H-PYRAN-2-CARBOXYLICACID",5.03,5.89,6.41,6.55,5.82,4.92,5.18,4.66,5.15,9.16,12.35,6.51,6.21,12.39,5.94,4.64,11.14,5.47
"5-(5-chloro-7H-pyrrolo[2,3-d]pyrimidin-4-yl)-4,5,6,7-tetrahydro-1H-imidazo[4,5-c]pyridine",5.07,5.28,3.7,4.51,5.29,5.05,6.73,4.98,5.03,6.03,15.0,5.14,5.84,11.76,4.96,5.61,11.23,5.13
N-(2-Flouro-Benzyl)-4-Sulfamoyl-Benzamide,5.04,4.89,7.18,7.43,5.57,6.64,6.44,5.22,5.06,6.69,14.22,6.08,5.94,10.58,7.21,4.98,11.38,5.08
"2,4,6-Triaminoquinazoline",5.07,5.68,3.93,3.87,5.63,5.06,5.3,4.87,5.09,4.71,13.66,4.8,5.81,10.49,3.92,5.04,10.67,5.05
"6-ETHYL-5-[9-(3-METHOXYPROPYL)-9H-CARBAZOL-2-YL]PYRIMIDINE-2,4-DIAMINE",5.1,3.82,7.25,5.24,5.69,5.98,7.35,5.32,5.11,3.91,11.87,7.02,6.16,11.85,5.89,5.09,11.43,5.05
"2-[2-(2-FLUOROPHENYL)PYRIDIN-4-YL]-1,5,6,7-TETRAHYDRO-4H-PYRROLO[3,2-C]PYRIDIN-4-ONE",4.99,3.64,5.36,5.21,5.58,5.67,6.58,4.56,5.08,3.66,11.08,8.23,6.45,11.71,7.68,4.8,11.38,5.09
THIO-ATPA,4.94,7.7,4.64,4.13,5.29,5.43,7.11,4.45,5.15,5.71,25.38,6.33,5.96,11.93,6.12,4.54,10.82,5.15
"6-PHENYL[5H]PYRROLO[2,3-B]PYRAZINE",5.03,2.46,3.98,4.29,5.54,4.93,6.42,4.79,5.07,5.45,11.22,6.81,5.76,11.65,6.79,4.95,11.54,5.08
"4-[4-(4-methoxyphenyl)-5-methyl-1H-pyrazol-3-yl]benzene-1,3-diol",4.98,5.13,3.99,4.84,5.28,5.05,6.25,5.03,5.22,5.14,10.65,6.96,5.87,11.31,5.94,4.84,11.95,5.16
Equol,4.96,7.56,6.64,6.48,5.54,4.96,7.64,4.26,5.06,8.18,12.22,7.14,5.64,11.33,2.94,4.79,10.92,5.11
"6-BROMO-13-THIA-2,4,8,12,19-PENTAAZATRICYCLO[12.3.1.1~3,7~]NONADECA-1(18),3(19),4,6,14,16-HEXAENE13,13-DIOXIDE",5.04,4.89,5.81,6.39,6.49,5.1,7.04,4.93,5.35,6.58,17.09,5.99,6.08,13.3,5.89,4.73,10.7,5.82
Selisistat,5.15,4.96,5.58,6.16,5.5,5.13,7.52,4.97,5.08,6.3,14.13,4.64,6.06,11.53,7.28,5.45,11.37,5.2
"1,2,5,8-tetrahydroxyanthracene-9,10-dione",4.99,5.5,7.04,6.86,5.5,5.59,5.97,4.79,5.19,7.69,13.47,6.81,5.19,12.56,5.68,4.85,11.9,5.2
"4-{5-[(Z)-(2-IMINO-4-OXO-1,3-THIAZOLIDIN-5-YLIDENE)METHYL]FURAN-2-YL}BENZOICACID",5.07,5.75,4.72,5.88,5.66,4.95,6.34,5.53,5.58,6.43,15.11,5.58,6.32,12.62,5.95,5.01,11.34,5.19
IC261,5.06,5.58,5.83,5.67,5.69,5.38,6.45,4.48,6.22,3.52,5.69,5.79,5.03,12.35,5.62,5.06,11.43,6.09
"1-(1-methylethyl)-3-quinolin-6-yl-1H-pyrazolo[3,4-d]pyrimidin-4-amine",5.08,6.3,5.61,5.92,5.44,5.47,7.59,5.0,5.08,7.1,11.36,6.83,6.03,12.83,5.17,5.34,13.0,5.08
"3-(4-Fluorophenyl)-1-Hydroxy-2-(Pyridin-4-Yl)-1h-Pyrrolo[3,2-B]Pyridine",5.02,7.52,6.02,6.08,5.38,5.86,5.88,4.59,5.08,6.61,10.96,6.58,5.82,11.48,5.95,4.92,11.32,5.08
Chloramphenicol,4.95,2.97,3.53,4.87,5.32,5.45,5.46,4.36,5.32,3.56,11.58,6.12,5.84,11.65,5.19,4.7,11.39,5.12
Arhalofenate,5.09,3.6,4.96,4.62,5.39,5.57,5.57,5.06,5.06,2.74,13.51,6.43,6.47,11.38,6.04,4.76,11.48,5.13
"4-{2-[(7-amino-2-furan-2-yl[1,2,4]triazolo[1,5-a][1,3,5]triazin-5-yl)amino]ethyl}phenol",5.04,6.43,9.0,8.9,5.09,5.1,6.35,4.44,5.07,9.43,12.59,7.06,6.02,11.51,7.72,5.16,11.25,5.08
"(5Z)-12-CHLORO-13,15-DIHYDROXY-4,7,8,9-TETRAHYDRO-2-BENZOXACYCLOTRIDECINE-1,10(3H,11H)-DIONE",4.95,5.35,6.57,6.76,5.36,5.03,5.6,5.68,5.08,8.35,18.32,6.21,6.43,12.08,5.01,5.29,11.35,5.26
Uridine5'-triphosphate,5.03,10.99,4.47,4.78,5.62,5.04,5.99,4.41,5.52,2.46,13.19,6.47,6.74,10.65,4.87,4.58,10.83,5.2
Mimosine,4.95,2.58,3.74,3.91,5.04,5.28,5.35,5.34,5.21,4.31,9.63,4.97,6.08,11.59,4.0,5.01,11.16,5.16
Procarbazine,5.03,1.89,6.46,6.86,4.96,4.92,4.68,4.42,5.06,3.52,11.36,6.16,5.2,11.78,4.35,4.84,11.37,5.05
Nalidixicacid,5.13,2.66,6.35,6.12,5.12,5.0,5.23,4.82,5.08,6.76,35.29,4.99,6.6,11.1,4.88,4.71,11.33,5.11
"5-[3-(2-METHOXYPHENYL)-1H-PYRROLO[2,3-B]PYRIDIN-5-YL]-N,N-DIMETHYLPYRIDINE-3-CARBOXAMIDE",5.13,7.69,4.85,5.96,5.82,5.5,5.81,5.41,5.08,10.41,7.1,7.06,5.93,12.01,5.96,5.28,11.61,5.19
S-HydroxymethylGlutathione,4.93,2.34,5.36,3.84,5.72,5.24,6.19,4.1,5.15,21.42,26.35,5.57,6.36,11.17,4.42,4.45,10.55,5.14
Furoyl-Leucine,4.95,2.01,5.52,6.46,5.16,6.55,6.79,4.31,5.09,4.47,11.81,5.31,5.58,11.57,5.46,4.82,10.7,5.14
3'-Phosphate-Adenosine-5'-Diphosphate,5.06,5.16,4.95,5.08,5.76,5.05,5.7,5.24,5.08,5.08,10.78,7.0,6.51,11.65,5.22,4.66,10.55,5.1
Kaempherol,4.98,5.11,5.24,4.86,5.33,4.95,5.43,4.73,5.07,2.31,10.96,6.11,5.1,11.45,4.96,5.06,11.13,5.2
Umeclidinium,5.1,3.22,5.39,5.05,5.64,5.45,7.32,4.26,5.09,5.64,10.66,7.25,6.09,11.44,4.86,4.63,11.59,5.17
5'-O-(N-Ethyl-Sulfamoyl)Adenosine,5.02,6.54,5.05,4.22,5.71,5.16,5.86,5.35,5.08,5.29,9.83,6.34,6.64,10.5,4.63,4.76,10.55,5.81
2-(2-Hydroxy-Phenyl)-3h-Benzoimidazole-5-Carboxamidine,5.09,4.75,4.56,4.64,5.57,5.58,7.28,4.58,5.09,5.18,11.44,6.99,5.97,12.24,4.84,5.16,11.79,5.13
Ribostamycin,5.06,4.85,6.07,5.16,4.79,5.09,5.42,4.28,5.09,5.94,12.56,5.33,6.14,11.09,4.29,4.77,10.7,5.09
4'-Hydroxyflavanone,5.07,4.34,4.8,4.14,5.02,4.99,6.2,4.53,5.11,3.73,13.35,7.52,6.56,12.03,3.86,4.87,11.4,5.54
"GUANOSINE-2',3'-O-METHYLIDENEPHOSPHONATE",5.04,5.38,4.35,4.69,5.18,4.96,5.47,4.43,5.83,6.82,11.75,5.23,6.13,10.56,5.29,4.56,11.18,5.76
Naveglitazar,4.96,4.93,3.78,4.22,5.88,5.06,8.02,4.74,5.29,6.84,11.04,6.69,6.04,10.55,4.27,5.14,11.15,5.11
Cyclopentolate,5.07,6.43,4.5,4.65,5.65,5.56,5.78,4.48,5.1,2.98,5.49,5.91,6.04,11.49,6.18,4.96,11.66,5.21
"4-{5-[(Z)-(2-IMINO-4-OXO-1,3-THIAZOLIDIN-5-YLIDENE)METHYL]-2-FURYL}-N-METHYLBENZENESULFONAMIDE",5.07,6.81,5.35,6.77,5.32,6.16,6.05,5.53,6.14,5.54,11.41,6.2,6.52,12.77,6.46,4.72,11.25,5.18
Tetrodotoxin,4.93,5.17,4.03,3.77,5.8,5.12,5.93,4.39,5.44,7.2,13.13,6.66,5.91,11.27,6.53,4.74,10.62,5.27
Levobetaxolol,5.1,2.93,5.02,5.14,5.53,5.23,6.87,5.76,5.06,3.41,13.88,6.84,6.08,11.79,5.24,5.16,11.33,5.07
Cannabidiol,5.04,6.77,7.01,6.56,5.57,5.05,7.57,5.01,5.22,12.61,17.39,4.99,5.97,10.31,5.89,5.11,11.62,5.24
"3-Pyridin-4-Yl-2,4-Dihydro-Indeno[1,2-.C.]Pyrazole",5.09,7.42,6.43,5.71,5.51,5.2,6.09,5.01,5.11,7.28,13.15,6.79,6.18,11.38,5.95,5.06,10.58,5.13
"2-Hexyloxy-6-Hydroxymethyl-Tetrahydro-Pyran-3,4,5-Triol",5.06,6.78,7.42,6.42,4.99,5.13,4.74,3.6,5.14,4.49,15.38,5.47,6.37,10.55,3.06,4.16,10.42,5.05
Dexmedetomidine,5.11,5.07,4.72,5.14,5.53,5.06,5.72,4.34,5.07,4.91,11.54,5.69,5.19,11.49,4.32,4.63,10.8,5.19
"4-{5-[(Z)-(2-IMINO-4-OXO-1,3-THIAZOLIDIN-5-YLIDENE)METHYL]FURAN-2-YL}BENZENESULFONAMIDE",5.07,23.82,5.98,7.1,5.53,6.16,6.19,6.01,5.18,6.57,11.17,5.83,6.45,12.83,6.23,5.18,10.92,5.16
Abacavir,5.09,5.4,7.3,6.19,5.67,5.0,6.51,5.05,5.13,8.6,11.47,6.63,6.16,11.12,5.57,4.83,11.77,5.35
(2S)-2-(BUTYRYLOXY)-3-HYDROXYPROPYLNONANOATE,4.98,10.97,5.35,6.68,5.53,5.21,6.0,4.5,5.2,13.94,11.32,5.34,6.06,11.02,3.91,5.03,10.81,5.1
"N,N-DIETHYL-2-[(2-THIENYLCARBONYL)AMINO]-4,5,6,7-TETRAHYDRO-1-BENZOTHIOPHENE-3-CARBOXAMIDE",5.02,10.51,7.32,6.35,5.43,5.2,5.89,4.23,5.78,6.82,13.18,6.1,6.65,10.64,5.22,4.58,11.44,5.27
"(5E)-12-CHLORO-13,15-DIHYDROXY-4,7,8,9-TETRAHYDRO-2-BENZOXACYCLOTRIDECINE-1,10(3H,11H)-DIONE",4.95,2.6,6.57,6.76,5.36,5.03,5.6,5.68,5.08,4.68,15.86,6.2,6.43,12.08,5.01,5.29,11.35,5.26
Niflumicacid,4.93,3.05,5.57,6.62,5.37,4.91,6.57,4.48,5.05,7.46,10.42,5.1,5.96,12.21,5.66,4.86,11.52,5.07
(2Z)-N-biphenyl-4-yl-2-cyano-3-hydroxybut-2-enamide,5.1,6.62,3.74,3.53,5.4,5.35,6.94,4.63,5.3,5.87,10.51,6.76,6.45,11.8,4.38,4.8,10.7,5.15
"5-BETA-ANDROSTANE-3,17-DIONE",4.99,6.04,7.17,6.78,5.8,5.04,7.58,5.79,5.22,5.73,28.68,6.43,5.43,11.78,5.47,5.22,10.95,5.69
8-chlorotheophylline,5.08,6.48,5.31,5.53,5.0,5.04,5.25,4.46,5.03,5.74,11.41,5.58,6.62,10.3,5.56,4.75,10.71,5.11
4-PHENOXY-N-(PYRIDIN-2-YLMETHYL)BENZAMIDE,5.04,8.42,5.94,5.63,5.69,5.65,8.19,4.57,5.04,3.11,11.29,6.68,5.36,10.88,6.48,4.99,11.39,5.08
"S-[(1-Hydroxy-2,2,5,5-tetramethyl-2,5-dihydro-1H-pyrrol-3-yl)methyl]methanesulfonothioate",5.12,2.87,4.5,4.86,5.75,5.28,5.46,4.29,5.16,5.68,11.26,5.5,6.39,11.68,5.18,4.78,11.27,5.21
Carboprosttromethamine,5.05,6.24,6.05,5.74,5.45,5.11,7.27,5.64,5.39,17.73,11.92,4.91,6.02,11.82,6.42,5.22,11.12,5.31
"7-[2-METHOXY-1-(METHOXYMETHYL)ETHYL]-7H-PYRROLO[3,2-F]QUINAZOLINE-1,3-DIAMINE",5.05,3.79,6.25,4.54,5.44,5.1,7.82,4.78,5.07,6.34,12.17,6.53,6.38,12.25,5.38,5.25,11.6,5.05
Nialamide,5.06,6.61,5.32,6.16,5.15,6.03,6.11,4.35,5.08,7.06,13.27,4.46,5.42,11.34,4.81,4.83,11.33,5.06
1-Deaza-Adenosine,4.98,4.95,4.2,4.16,5.19,5.23,5.77,4.72,5.09,7.35,12.06,5.3,6.59,10.57,5.43,4.61,10.66,5.12
Dapagliflozin,5.14,8.57,4.3,4.22,5.68,4.88,6.31,5.25,5.83,2.26,18.12,6.37,5.84,11.39,4.78,4.78,11.37,5.23
"6-HYDROXY-1,3-BENZOTHIAZOLE-2-SULFONAMIDE",4.91,4.17,7.69,6.86,5.51,6.01,5.36,7.44,5.11,4.49,11.95,6.94,6.2,11.69,4.96,6.01,11.73,5.1
Minocycline,5.07,3.26,6.35,6.46,5.5,6.07,7.41,5.29,5.06,3.08,13.22,6.47,6.22,11.65,6.25,5.34,11.49,5.16
Gabapentinenacarbil,4.95,4.32,3.62,3.58,5.44,5.22,5.86,4.92,5.09,4.77,23.3,5.48,5.99,11.53,3.94,4.69,11.01,5.18
2-amino-6-[2-(1H-indol-6-yl)ethyl]pyrimidin-4(3H)-one,4.97,6.27,3.28,4.05,5.56,4.91,6.54,4.02,5.08,5.88,17.85,6.83,5.36,11.38,4.51,4.37,11.01,5.06
"6-Hydroxy-5-undecyl-4,7-benzothiazoledione",5.06,4.63,5.85,6.16,5.51,5.27,6.01,4.92,5.07,6.7,11.65,6.08,6.73,11.78,4.15,5.32,11.03,5.07
Pyridoxamine-5'-Phosphate,4.96,2.83,3.89,3.26,5.32,5.13,5.17,4.32,5.06,4.2,11.71,4.59,5.86,10.66,5.3,4.72,11.12,5.11
"1-Azepan-1-Yl-2-Phenyl-2-(4-Thioxo-1,4-Dihydro-Pyrazolo[3,4-D]Pyrimidin-5-Yl)EthanoneAdduct",5.03,3.13,5.41,5.73,5.46,5.17,6.37,6.16,5.09,3.02,13.81,6.85,5.85,11.85,6.04,5.03,11.06,5.1
Nedocromil,4.95,4.74,5.68,4.31,5.32,4.84,5.99,4.44,5.35,6.89,13.9,6.04,5.98,11.87,7.06,4.7,11.3,5.2
Genistein,5.09,4.95,4.61,4.48,5.63,4.91,7.45,4.96,5.33,5.7,11.74,6.33,5.16,10.91,4.15,4.91,10.18,5.2
GLUTATHIONESULFINATE,5.04,4.61,5.51,4.0,5.77,5.23,7.13,3.99,5.13,5.77,8.97,6.18,6.41,11.26,3.73,4.35,11.3,5.12
Formoterol,5.04,5.07,5.8,5.47,6.08,4.98,6.21,5.54,5.87,14.15,10.95,7.12,6.07,11.65,4.44,5.42,10.77,5.82
"2-(5-HYDROXY-NAPHTHALEN-1-YL)-1,3-BENZOOXAZOL-6-OL",5.04,8.11,4.6,4.67,5.81,4.9,7.48,5.39,5.03,8.13,11.12,7.37,6.48,11.92,5.48,5.25,11.54,5.2
Cefotaxime,5.02,3.59,5.58,5.76,5.38,4.95,6.08,3.78,5.13,3.66,5.59,5.36,6.26,11.85,5.98,4.15,11.44,5.14
4-METHYL-PENTANOICACID{1-[4-GUANIDINO-1-(THIAZOLE-2-CARBONYL)-BUTYLCARBAMOYL]-2-METHYL-PROPYL}-AMIDE,4.95,8.2,4.16,5.24,5.96,5.64,6.69,4.6,5.06,4.18,10.33,5.54,6.1,12.04,5.91,4.96,11.25,5.1
UDP-alpha-D-glucuronicacid,5.03,4.65,6.03,5.7,5.56,5.03,5.41,4.47,5.42,3.83,11.51,6.39,6.67,10.37,4.12,4.68,11.09,5.22
"4-(2-aminoethoxy)-N-(3-chloro-5-piperidin-1-ylphenyl)-3,5-dimethylbenzamide",5.05,3.78,6.26,6.28,5.77,5.04,6.35,5.42,5.05,2.44,11.21,6.31,5.32,11.22,6.01,5.25,10.97,5.04
L-2-amino-4-methoxy-cis-but-3-enoicacid,4.95,4.45,4.4,4.27,5.03,5.02,4.79,4.23,5.21,3.68,10.82,5.79,5.81,10.63,5.52,4.57,10.8,5.17
Tirapazamine,4.93,6.07,5.04,4.28,5.33,5.11,4.8,4.24,5.09,5.92,13.37,6.86,6.3,11.54,3.99,4.68,10.57,5.11
Lorazepam,5.0,5.54,5.03,4.5,5.03,5.06,6.88,4.36,5.15,7.35,12.21,6.59,6.08,11.67,4.29,4.78,11.65,5.38
Uridine-5'-Diphosphate,5.01,5.86,4.59,4.81,5.51,5.05,5.89,4.25,5.31,6.36,12.68,6.77,6.73,10.48,4.36,4.63,10.92,5.19
Tolfenamicacid,4.95,13.35,6.89,7.06,5.4,5.57,6.03,4.61,5.12,8.54,6.72,7.17,5.6,11.69,5.14,5.11,11.51,5.26
"(5BETA)-PREGNANE-3,20-DIONE",5.04,3.35,5.39,4.29,5.05,5.16,7.86,6.49,5.17,4.56,12.26,5.77,5.74,10.97,4.9,5.23,11.57,5.41
"[N-(2,4-DIAMINOPTERIDIN-6-YL)-METHYL]-DIBENZ[B,F]AZEPINE",5.01,5.2,7.2,6.64,5.31,5.65,6.83,5.58,5.07,2.38,11.04,7.29,6.62,11.72,5.88,5.01,11.41,5.08
Heptyl-Beta-D-Glucopyranoside,5.06,5.52,7.42,6.42,4.97,5.16,5.33,3.6,5.14,15.24,7.33,4.36,6.37,10.53,3.22,4.16,10.42,5.05
"3,5-Diiodotyrosine",5.06,3.91,3.91,5.78,5.74,5.1,6.94,4.28,5.19,2.95,11.39,6.85,5.86,10.98,4.27,4.71,10.6,5.13
L-methionine(S)-S-oxide,4.9,6.67,3.24,4.7,5.41,5.05,5.36,4.47,5.26,6.56,13.3,6.85,5.78,10.53,4.81,4.8,10.65,5.19
RH-1,5.05,2.08,5.86,6.44,5.55,5.19,5.18,4.78,5.11,5.46,11.62,6.35,6.02,11.8,6.08,4.61,10.81,5.15
Esculin,5.07,4.32,3.7,4.82,5.05,4.93,5.71,3.63,5.22,7.08,22.77,7.85,6.7,11.04,3.86,4.69,10.79,5.21
Propentofylline,5.0,3.11,5.0,4.96,5.3,5.13,5.6,4.52,5.22,3.59,12.44,6.35,6.72,10.2,4.22,5.66,10.58,5.1
"N-{3-[5-(1H-1,2,4-triazol-3-yl)-1H-indazol-3-yl]phenyl}furan-2-carboxamide",5.07,5.1,5.19,5.0,5.68,5.57,7.53,4.55,5.08,6.4,10.89,6.44,5.99,11.87,5.43,4.86,10.69,5.1
"4-AMINO-2-OCTYLOXY-6-HYDROXYMETHYL-TETRAHYDRO-PYRAN-3,5-DIOL",5.05,5.96,7.06,5.88,5.15,5.09,4.95,3.79,5.13,6.79,22.46,5.06,6.4,11.4,5.44,4.1,10.6,5.06
Dextrothyroxine,5.06,16.01,6.97,7.25,6.14,4.96,7.7,4.23,5.12,6.05,13.44,6.54,5.83,11.56,7.81,4.74,10.67,5.13
Seratrodast,5.07,5.01,3.72,4.08,5.92,5.18,6.15,4.19,5.16,6.29,11.6,5.89,6.13,11.71,5.95,5.03,11.16,5.26
Doxazosin,5.02,2.9,6.93,7.0,5.43,5.33,6.05,4.98,5.09,3.5,12.02,6.69,5.83,11.96,5.54,4.78,11.33,5.19
Taurocholicacid,4.98,4.85,4.9,4.64,5.54,5.09,6.96,4.64,5.15,1.87,11.58,6.61,6.46,10.74,5.74,4.8,10.53,5.34
{4-[2-BENZYL-3-METHOXY-2-(METHOXYCARBONYL)-3-OXOPROPYL]PHENYL}SULFAMICACID,5.07,5.65,3.99,4.06,5.46,5.26,6.5,5.09,5.06,7.53,14.58,4.96,5.95,11.23,4.58,5.03,11.19,5.08
"[2-(5-Mercapto-[1,3,4]thiadiazol-2-ylcarbamoyl)-1-phenyl-ethyl]-carbamicacidbenzylester",5.01,2.86,4.16,4.72,5.4,5.92,7.21,4.38,5.22,4.87,13.31,7.16,6.03,10.4,4.15,4.94,11.55,5.17
Lenalidomide,4.94,3.67,5.78,5.63,5.79,5.08,5.02,4.69,5.14,2.59,11.96,7.5,6.02,10.52,4.18,4.75,10.68,5.09
Astaxanthin,4.97,8.18,7.59,6.81,5.52,5.11,7.42,4.63,6.31,5.47,23.53,7.21,6.43,11.48,6.17,4.93,11.6,5.95
"BUT-3-ENYL-[5-(4-CHLORO-PHENYL)-3,6-DIHYDRO-[1,3,4]THIADIAZIN-2-YLIDENE]-AMINE",5.04,5.03,4.77,4.42,5.43,4.95,5.26,4.08,5.1,6.17,11.37,5.96,5.8,11.74,5.1,4.9,11.5,5.06
2-(2-Hydroxy-Phenyl)-1h-Indole-5-Carboxamidine,5.04,6.14,5.25,4.42,5.52,5.37,6.65,4.29,5.4,6.91,17.41,6.54,6.1,10.43,5.96,5.26,12.05,5.21
"2,3,-Dihydroxybenzoylserine",5.05,2.86,6.71,6.06,5.19,5.37,6.33,4.34,5.08,5.85,10.84,5.09,5.83,11.45,4.9,4.33,10.67,5.05
"(2S,3S,4R,5S)-2-(4-Amino-4,5-dihydro-1H-pyrrolo[3,2-d]pyrimidin-7-yl)-5-[(methylsulfanyl)methyl]-3,4-pyrrolidinediol",5.08,7.13,6.06,4.23,6.1,5.32,6.41,4.74,5.04,3.74,18.88,6.61,6.31,11.8,6.72,4.81,11.68,5.09
Glycocholicacid,4.98,7.95,4.43,4.29,5.02,5.09,6.96,4.59,5.14,2.79,8.14,5.86,6.19,11.72,4.97,4.86,10.58,5.27
"5-(5-CHLORO-2,4-DIHYDROXYPHENYL)-N-ETHYL-4-(4-METHOXYPHENYL)ISOXAZOLE-3-CARBOXAMIDE",4.97,3.13,8.41,7.45,5.55,5.92,7.87,5.1,5.96,4.4,13.54,6.68,6.03,11.53,7.74,4.96,11.37,5.2
"3-Carboxy-N,N,N-Trimethyl-2-(Octanoyloxy)Propan-1-Aminium",4.97,5.0,5.26,6.64,5.23,5.35,5.95,4.58,5.1,4.81,12.15,3.98,6.69,11.34,4.21,4.78,10.74,5.11
2-(2-METHYLPHENYL)-1H-INDOLE-5-CARBOXIMIDAMIDE,5.04,5.76,5.75,5.72,5.53,5.31,6.83,4.47,5.13,3.62,12.93,6.44,5.94,10.7,5.94,5.38,11.0,5.15
Caldaret,5.13,8.75,4.05,4.0,5.52,4.99,5.11,4.3,5.12,8.22,19.83,5.66,6.19,11.73,5.32,4.82,11.46,5.4
Isopropamide,5.02,9.19,4.4,4.73,5.6,5.79,6.01,4.89,5.14,9.34,6.56,6.76,5.94,11.61,5.44,4.74,11.68,5.27
3-Mercuri-4-Aminobenzenesulfonamide,5.04,5.39,5.56,5.71,5.42,4.96,6.9,5.29,5.09,6.67,13.03,6.08,6.1,11.67,4.32,4.91,11.3,5.13
Raclopride,5.01,6.16,7.84,7.3,5.95,5.4,6.67,6.89,5.07,4.09,12.26,6.75,5.96,10.91,7.55,6.29,11.33,5.17
4-(4-HYDROXYPHENYL)-1-NAPHTHALDEHYDEOXIME,5.01,4.05,4.15,4.64,5.51,5.49,6.65,3.69,5.69,16.2,11.82,6.69,5.83,11.32,5.12,4.74,11.6,5.32
"N-(4-Methoxybenzyl)-N'-(5-Nitro-1,3-Thiazol-2-Yl)Urea",4.92,3.34,4.9,4.42,5.66,5.5,6.23,5.26,5.09,2.7,11.16,5.83,6.21,11.69,3.81,5.22,11.25,5.13
"N-[(2R,3S)-3-AMINO-2-HYDROXY-4-PHENYLBUTYL]NAPHTHALENE-2-SULFONAMIDE",5.07,5.98,3.94,4.34,5.52,7.0,6.53,3.95,5.28,4.63,16.81,6.91,6.22,11.64,5.45,5.09,11.54,5.88
"2-(1H-pyrrol-1-ylcarbonyl)benzene-1,3,5-triol",4.92,3.44,5.22,4.72,5.24,5.19,6.04,4.4,5.07,2.79,10.4,6.57,5.79,11.95,4.81,4.73,12.55,5.2
Irosustat,4.98,4.9,6.38,6.25,6.0,4.94,6.21,6.71,5.08,5.18,13.09,6.36,5.92,11.53,5.98,6.37,10.92,5.07
"N-cyclopropyl-2',6-dimethyl-4'-(5-methyl-1,3,4-oxadiazol-2-yl)biphenyl-3-carboxamide",5.04,4.51,6.69,6.35,5.64,5.94,6.72,4.55,5.1,2.85,11.43,6.95,6.03,10.89,6.18,4.85,10.83,5.15
Bifeprunox,4.98,6.84,5.95,4.98,5.52,5.17,6.36,4.72,5.38,8.95,19.22,6.73,6.66,11.98,5.14,4.95,11.56,5.43
ZAPi,5.03,3.77,7.17,7.05,5.52,5.08,5.55,4.59,5.1,6.78,11.0,7.05,5.97,12.28,4.98,4.62,11.23,5.39
5-Hydroxy-N-Propargyl-1(R)-Aminoindan,4.95,7.91,5.96,5.64,6.01,4.96,6.41,6.2,5.07,6.9,11.64,6.27,5.91,11.11,4.81,5.1,11.03,5.11
Trodusquemine,5.03,8.48,5.11,4.63,5.58,5.19,7.8,5.44,5.13,7.95,12.53,6.54,6.22,10.72,5.84,5.27,10.42,5.29
Efaproxiral,5.03,7.39,4.59,6.59,5.52,4.87,6.09,4.36,5.08,6.36,10.71,5.93,6.28,11.81,3.56,5.29,11.41,5.06
Ursodeoxycholicacid,5.0,3.29,4.43,4.53,5.12,5.08,7.48,4.59,5.2,3.44,12.77,6.16,5.69,11.77,4.9,5.15,10.48,5.41
[4-(2-Amino-4-Methyl-Thiazol-5-Yl)-Pyrimidin-2-Yl]-(3-Nitro-Phenyl)-Amine,4.93,3.19,5.99,6.63,5.59,5.08,7.53,4.98,5.04,9.91,12.08,6.04,5.98,12.8,6.71,6.11,12.26,5.07
N-{2-methyl-5-[(6-phenylpyrimidin-4-yl)amino]phenyl}methanesulfonamide,4.91,5.83,6.33,4.9,5.54,5.33,7.11,5.01,5.04,5.9,11.55,6.73,5.41,11.63,4.96,4.74,11.25,5.1
Armodafinil,5.01,6.74,4.48,4.88,5.38,5.74,6.43,4.48,5.12,4.53,10.88,7.28,5.84,12.23,4.87,4.68,10.67,5.08
Ellagicacid,4.98,10.06,5.84,5.67,5.66,5.16,7.51,4.87,5.3,6.47,12.67,6.96,5.95,11.95,5.72,5.18,11.84,5.2
Trihexyphenidyl,5.09,3.74,6.03,5.9,5.89,5.91,5.47,4.83,5.25,4.96,11.3,6.62,6.12,11.39,5.31,5.13,11.5,5.43
"1-Beta-Ribofuranosyl-1,3-Diazepinone",4.9,4.89,3.7,3.89,5.42,5.32,5.35,3.77,6.19,5.92,13.08,6.54,6.61,11.82,4.35,4.64,10.98,5.79
N-Cyclohexyl-N'-Decylurea,4.96,3.61,4.71,5.55,5.68,5.21,5.09,4.99,5.07,4.01,12.51,4.93,5.91,10.4,4.71,5.28,10.36,5.14
Ketazolam,5.03,8.55,6.3,6.35,5.49,6.37,5.6,4.97,5.17,3.29,14.25,6.81,6.43,10.74,5.15,4.69,11.15,5.16
"2-(3-AMINO-2,5,6-TRIMETHOXYPHENYL)ETHYL5-CHLORO-2,4-DIHYDROXYBENZOATE",5.04,3.12,6.81,6.81,5.3,5.11,7.03,4.78,5.08,4.35,13.71,6.54,6.78,11.49,4.24,5.14,11.5,5.04
Nebularine,4.91,13.45,3.95,4.05,5.19,5.33,5.7,5.0,5.89,9.74,5.68,5.9,6.52,10.41,4.22,4.66,10.56,5.28
2-(2-METHYLPHENYL)-1H-INDOLE-6-CARBOXIMIDAMIDE,5.06,7.88,5.91,5.37,5.54,5.69,5.48,4.62,5.07,12.9,7.99,6.54,5.93,11.7,6.49,5.18,10.76,5.08
Oxtriphylline,5.05,3.59,5.58,4.97,5.14,5.12,5.37,4.51,5.16,2.79,11.83,6.82,6.72,10.22,4.31,4.73,11.46,5.15
"2,4-Diamino-5-(3,4,5-Trimethoxy-Benzyl)-Pyrimidin-1-Ium",4.9,6.61,7.25,7.22,5.3,5.02,7.5,4.79,5.09,2.85,17.42,7.35,5.04,11.94,5.95,5.02,11.1,5.04
"4-[3-(3-NITROPHENYL)-1,2,4-OXADIAZOL-5-YL]BUTANOICACID",4.93,4.81,4.37,5.05,5.31,5.04,5.88,4.66,5.38,8.23,11.92,6.31,6.38,10.5,4.52,4.82,11.33,5.43
Riluzole,4.94,5.92,5.8,4.5,5.13,5.18,5.89,4.88,5.06,6.25,11.78,5.85,6.14,11.14,3.8,4.83,11.43,5.07
2'-Deoxyuridine3'-Monophosphate,5.12,5.23,5.96,4.67,5.54,5.11,5.7,3.92,5.78,5.47,13.76,4.96,6.7,11.06,4.37,4.61,11.36,5.17
6-O-CyclohexylmethylGuanine,4.92,4.32,4.29,4.17,5.3,5.0,5.53,4.07,5.04,4.35,10.55,5.2,6.66,11.34,5.97,4.75,10.52,5.11
PHENYL[1-(N-SUCCINYLAMINO)PENTYL]PHOSPHONATE,4.97,5.21,6.03,4.61,4.88,5.53,6.43,4.14,5.2,5.86,11.36,5.82,6.34,12.18,5.92,4.69,11.41,5.24
"N~3~-[5-(1H-INDOL-6-YL)-2-(PYRIDIN-2-YLMETHOXY)BENZYL]PYRIDINE-2,3-DIAMINE",5.03,4.25,5.51,6.0,5.59,5.47,7.09,4.95,5.07,6.11,36.09,7.73,6.33,11.74,5.27,5.03,11.37,5.05
"N-(3-cyano-4,5,6,7-tetrahydro-1-benzothien-2-yl)-2-fluorobenzamide",4.99,7.49,5.05,5.25,5.39,5.28,5.17,4.73,5.12,6.13,9.05,7.19,6.73,11.16,5.9,4.96,11.09,5.13
Sumanirole,5.05,6.37,4.85,4.81,5.39,5.07,6.12,4.59,6.12,6.28,10.68,6.76,6.26,11.66,4.36,4.75,11.34,5.98
HeparinDisaccharideI-S,5.02,7.5,4.33,4.22,5.28,4.93,5.68,5.19,5.1,8.98,11.24,6.13,6.51,10.93,5.21,5.21,10.56,5.11
Methylprednisone,5.05,3.84,5.8,5.53,5.78,5.01,7.17,5.71,5.3,7.54,13.64,6.45,6.07,10.5,5.47,5.26,11.58,5.52
3-amino-5-phenylpentane,5.06,5.2,3.75,4.03,5.59,7.28,6.7,5.01,5.39,4.98,12.52,6.63,6.5,11.77,4.29,5.0,11.51,5.34
6-{4-[HYDROXY-(4-NITRO-PHENOXY)-PHOSPHORYL]-BUTYRYLAMINO}-HEXANOICACID,5.0,3.24,5.62,5.68,5.19,4.92,7.76,4.73,5.62,18.04,13.86,6.3,5.51,11.58,5.09,4.81,11.23,5.39
"5-{[(4-AMINO-3-CHLORO-5-FLUOROPHENYL)SULFONYL]AMINO}-1,3,4-THIADIAZOLE-2-SULFONAMIDE",5.0,7.38,5.52,4.47,5.56,5.42,6.16,6.22,5.09,5.89,11.43,5.96,6.56,11.11,5.08,5.26,10.9,5.62
nor-NOHA,4.91,13.09,4.3,4.96,4.96,5.12,6.09,4.23,5.08,16.97,4.7,5.29,6.25,10.6,4.8,4.64,10.65,5.16
4-HYDROXY-N-PROPARGYL-1(R)-AMINOINDAN,4.91,6.83,5.14,4.17,5.78,5.0,5.41,4.81,5.06,6.99,10.04,5.39,6.33,11.65,5.49,5.06,11.74,5.22
PARA-NITROPHENYLPHOSPHONOBUTANOYL-GLYCINE,5.02,2.37,6.16,6.01,5.07,4.92,8.43,4.6,5.18,3.25,12.61,5.71,5.53,11.56,5.0,4.81,11.39,5.21
Zopiclone,5.12,3.15,4.74,3.98,5.32,4.94,7.0,5.21,5.8,4.85,13.41,7.43,6.06,10.62,5.91,4.73,10.7,5.39
N-(PARA-GLUTARAMIDOPHENYL-ETHYL)-PIPERIDINIUM-N-OXIDE,4.9,5.78,3.5,4.42,5.48,4.97,6.53,4.47,5.08,4.5,10.83,5.19,6.17,11.78,4.56,4.79,10.99,5.1
Acetylcysteine,4.92,4.87,5.7,6.86,4.92,5.04,5.95,4.4,5.25,5.16,11.78,4.75,5.68,10.61,4.4,4.85,11.43,5.21
Ciprofibrate,5.07,6.08,4.15,6.13,5.51,4.85,7.11,4.34,5.18,5.84,5.41,6.05,6.16,11.61,3.42,4.94,11.23,5.18
"N-{[(2S,3S)-3-(ETHOXYCARBONYL)OXIRAN-2-YL]CARBONYL}-",4.93,4.73,5.74,5.01,5.58,4.94,4.87,4.12,6.11,2.61,8.9,5.87,6.0,11.89,6.63,4.79,10.5,5.45
(S)-blebbistatin,5.03,10.87,6.54,6.71,5.66,5.87,7.79,4.53,6.18,6.76,10.28,6.1,6.73,11.61,6.29,4.8,11.26,5.38
"PYRIMIDINE-4,6-DICARBOXYLICACIDBIS-(3-METHYL-BENZYLAMIDE)",4.92,4.64,6.63,6.14,5.46,4.96,7.25,4.99,5.08,7.14,10.82,6.73,5.6,10.58,4.31,4.7,11.27,5.07
"5-(3-HYDROXYPHENYL)ISOTHIAZOL-3(2H)-ONE1,1-DIOXIDE",4.91,2.83,6.29,5.74,5.48,5.31,5.46,4.95,5.5,4.95,11.58,5.54,6.14,11.56,4.83,4.81,11.71,5.29
4-AMINO-N-[(2-SULFANYLETHYL)CARBAMOYL]BENZENESULFONAMIDE,5.06,5.6,4.94,4.84,5.36,5.02,4.5,4.24,5.1,5.2,14.17,5.01,6.03,11.49,4.32,4.78,11.31,5.13
"2-(1,3-thiazol-4-yl)-1H-benzimidazole-5-sulfonamide",4.91,2.69,4.42,4.88,5.12,6.67,5.92,5.5,5.09,6.7,18.99,7.1,6.27,10.32,4.99,4.9,11.48,5.1
"(2S)-1-(6H-INDOL-3-YL)-3-{[5-(7H-PYRAZOLO[3,4-C]PYRIDIN-5-YL)PYRIDIN-3-YL]OXY}PROPAN-2-AMINE",4.99,6.66,5.04,4.81,5.74,4.97,7.23,5.57,5.37,2.9,16.19,5.57,6.12,11.77,4.1,5.46,11.84,5.29
Tegaserod,4.92,4.47,4.48,5.52,5.9,5.13,5.67,4.34,5.09,2.15,11.16,6.72,6.41,11.45,4.46,4.97,11.12,5.08
ETHYL3-[4-(AMINOSULFONYL)PHENYL]PROPANOATE,4.95,1.57,3.73,4.21,4.91,4.93,6.75,4.92,5.1,2.79,9.86,6.39,5.86,10.89,3.45,4.88,11.24,5.1
"N-(2,6-dimethylphenyl)-5-phenylimidazo[1,5-a]pyrazin-8-amine",5.03,5.94,5.71,5.96,5.66,5.55,6.73,5.53,5.06,6.56,11.69,5.94,6.61,10.98,4.98,5.78,11.5,5.05
Deoxyuridine-5'-Diphosphate,4.96,8.16,5.68,5.06,5.48,5.06,6.2,4.66,5.23,3.26,4.65,6.42,6.72,10.57,4.22,4.75,10.87,5.15
N-Benzyl-4-Sulfamoyl-Benzamide,4.99,3.04,7.66,7.66,4.9,6.66,6.09,4.94,5.08,4.23,7.04,5.92,5.48,11.73,6.86,4.85,11.43,5.12
Moricizine,4.97,1.79,5.49,4.48,5.47,5.47,7.06,4.85,5.23,3.93,11.3,6.29,6.3,11.95,4.05,4.83,11.6,5.18
1-Hydroxyamine-2-IsobutylmalonicAcid,4.93,6.41,4.72,4.42,5.18,4.96,4.6,5.91,5.39,4.63,12.04,4.92,6.29,11.81,4.85,6.74,10.61,5.19
octyl3-deoxy-2-O-(6-deoxy-alpha-L-galactopyranosyl)-beta-D-xylo-hexopyranoside,4.9,4.91,7.62,6.09,5.0,5.01,5.57,4.06,5.08,4.89,19.33,5.73,6.31,10.59,4.89,4.52,10.55,5.09
Deferasirox,4.99,5.94,3.92,4.34,5.29,5.82,6.17,4.66,5.09,7.21,11.26,7.0,5.95,10.86,4.09,4.92,11.71,5.37
"5-(dodecylthio)-1H-1,2,3-triazole-4-carboxylicacid",4.91,8.63,3.88,4.2,5.36,5.13,4.91,3.9,5.56,6.43,9.16,5.43,6.17,10.65,5.34,4.49,11.67,5.31
"N,O6-Disulfo-Glucosamine",5.0,7.9,3.32,3.22,5.29,5.04,5.94,3.93,5.09,8.83,30.24,7.18,6.61,11.47,4.22,4.82,10.43,5.13
3-(2-Benzothiazolylthio)-1-PropanesulfonicAcid,5.05,7.73,5.82,5.2,5.58,5.57,5.46,4.94,5.09,5.76,13.43,5.62,6.6,11.7,3.92,4.73,12.39,5.24
"3-(4-Amino-1-Tert-Butyl-1h-Pyrazolo[3,4-D]Pyrimidin-3-Yl)Phenol",5.03,2.93,5.52,5.0,5.42,5.43,7.72,5.87,5.03,18.63,16.01,5.63,5.7,12.48,5.38,5.01,11.56,5.15
5beta-dihydrotestosterone,4.93,6.05,8.82,8.43,5.61,5.14,7.94,6.21,5.13,6.62,35.08,5.79,6.09,11.88,7.6,5.32,10.83,5.49
N-Pyridoxyl-Glycine-5-Monophosphate,4.97,7.56,5.18,3.9,5.17,5.19,5.81,4.53,5.08,2.77,11.22,4.86,6.62,11.92,4.4,4.89,11.47,5.19
"4-{[(2-Oxo-1,2-dihydro-3H-indol-3-ylidene)methyl]amino}-N-(1,3-thiazol-2-yl)benzenesulfonamide",5.06,4.91,6.02,6.75,5.55,4.98,6.56,4.05,5.31,4.32,10.5,5.6,5.13,12.34,5.44,4.56,12.07,5.42
5-beta-D-ribofuranosylnicotinamideadeninedinucleotide,5.05,7.53,5.74,5.2,5.74,5.13,6.64,5.23,5.15,6.25,22.37,6.45,6.37,11.47,5.67,4.77,10.88,5.18
"2',3'-Dehydro-2',3'-Deoxy-Thymidine5'-Triphosphate",4.96,3.28,5.35,5.28,5.6,5.08,5.36,4.92,5.53,8.14,29.23,6.34,6.49,10.67,5.08,4.61,11.37,5.77
"7,8-dihydroinosine",5.0,5.53,3.7,4.47,5.67,5.37,5.3,4.04,5.72,5.52,12.63,6.81,5.87,11.71,5.82,4.66,11.21,5.25
"2-Amino-7-[2-(2-Hydroxy-1-Hydroxymethyl-Ethylamino)-Ethyl]-1,7-Dihydro-Purin-6-One",4.91,14.75,4.93,4.56,5.09,4.95,4.32,4.22,6.0,11.51,7.26,5.58,6.44,10.33,4.93,4.42,10.44,5.49
"N-[(5S,7R,8S,9S,10R)-8,9,10-Trihydroxy-7-(hydroxymethyl)-2,4-dioxo-6-oxa-1,3-diazaspiro[4.5]dec-3-yl]acetamide",4.89,6.52,4.18,4.12,5.78,5.03,3.83,4.34,6.29,10.57,14.32,5.07,5.88,11.6,7.61,4.55,11.04,5.63
"2-[4-(2,4-Dichlorophenoxy)Phenoxy]PropanoicAcid",4.93,5.43,8.17,7.6,5.71,5.03,8.27,4.96,5.08,5.51,11.11,6.18,6.33,11.46,5.78,4.83,11.2,5.08
6-phenyl-4(R)-(7-phenyl-heptanoylamino)-hexanoicacid,5.0,5.76,5.79,4.67,5.55,5.5,7.48,4.45,5.24,6.02,11.23,6.19,5.97,11.63,4.3,5.16,10.74,5.1
"3ar,5r,6s,7r,7ar-5-Hydroxymethyl-2-Methyl-5,6,7,7a-Tetrahydro-3ah-Pyrano[3,2-D]Thiazole-6,7-Diol",4.96,11.27,4.24,4.97,5.52,5.04,5.4,3.77,5.29,8.06,15.64,6.64,6.35,12.06,3.55,4.36,10.66,5.29
Piboserod,5.0,4.02,4.17,5.32,5.97,4.98,7.54,6.47,5.09,16.37,12.79,5.99,5.29,11.95,5.04,6.0,11.08,5.2
"(5E,14E)-11-oxoprosta-5,9,12,14-tetraen-1-oicacid",5.06,4.3,4.74,4.79,5.63,4.94,6.1,4.3,5.08,5.21,12.01,6.45,6.46,10.97,4.34,5.04,11.36,5.22
Atracuriumbesylate,5.01,5.05,4.24,5.57,5.6,7.07,7.53,4.9,5.07,4.52,13.99,8.07,6.15,12.4,5.5,4.93,10.77,5.06
RU79072,4.95,8.15,3.37,3.57,5.61,5.0,6.0,3.85,5.28,3.01,8.44,6.04,5.89,12.46,5.8,4.19,10.92,5.2
Thymidine-5'-Triphosphate,5.1,9.13,5.2,4.96,5.64,5.1,5.86,5.34,5.54,2.59,14.31,8.05,6.65,10.62,5.0,4.75,11.19,5.68
Uricacid,4.99,4.82,4.1,3.52,5.25,5.39,5.56,5.01,5.12,2.95,15.73,4.99,5.64,11.04,3.85,5.12,11.51,5.12
"3-AMINO-3-BENZYL-[4.3.0]BICYCLO-1,6-DIAZANONAN-2-ONE",4.94,3.4,6.31,5.81,6.12,5.84,6.78,4.18,5.1,6.17,10.88,6.39,5.65,11.85,6.82,4.57,11.34,5.09
2-chloro-5-nitro-N-phenylbenzamide,4.99,5.5,4.83,4.29,5.34,6.58,5.44,4.65,5.1,6.42,18.83,6.45,5.87,11.69,4.2,4.95,10.85,5.83
Epigallocatechingallate,5.03,3.89,6.22,5.48,5.51,5.26,7.58,5.05,5.41,8.7,12.21,6.62,6.68,10.57,5.0,4.99,10.41,5.25
Oxetacaine,4.97,5.45,5.16,4.85,5.49,5.6,5.87,4.28,5.23,5.49,11.61,7.31,5.59,11.63,5.77,4.68,11.36,5.2
Streptozocin,4.99,5.85,3.44,2.98,4.82,5.08,3.77,3.36,5.66,3.49,12.1,5.55,6.3,12.13,3.89,4.02,11.17,5.33
3'-Deoxy3'-AminoAdenosine-5'-Diphosphate,4.99,2.23,4.91,5.02,5.85,5.01,5.76,5.5,5.08,4.96,14.32,6.94,6.5,11.68,5.2,4.59,10.85,5.08
Thiocitrulline,4.96,7.03,5.39,5.52,5.04,5.1,5.13,4.35,5.12,5.25,14.07,6.39,5.99,10.4,5.42,5.14,10.75,5.17
Hymenialdisine,4.96,3.96,3.64,3.44,5.85,5.48,6.68,4.36,5.11,6.84,15.5,6.5,6.05,11.57,6.75,4.58,11.61,5.82
Hydroxyzine,5.0,4.69,3.37,3.37,5.77,5.83,6.88,4.12,5.39,5.12,9.2,7.29,5.33,11.71,4.48,4.57,11.56,5.16
Sulfamethoxazole,4.99,5.82,3.98,3.57,5.13,4.87,6.75,4.5,5.09,5.26,12.83,6.05,6.11,11.54,4.9,4.97,11.41,5.09
2-(Thiomethylene)-4-MethylpentanoicAcid,4.93,6.66,6.27,5.98,5.25,5.04,6.36,6.78,5.18,20.33,11.42,6.14,6.6,10.58,5.37,6.48,10.61,5.21
2-(2-Hydroxy-5-Methoxy-Phenyl)-1h-Benzoimidazole-5-Carboxamidine,4.92,6.46,3.68,4.16,5.51,4.98,6.85,4.77,5.1,4.94,11.14,5.98,5.71,11.63,4.76,4.99,11.83,5.12
Nystatin,4.98,2.87,5.77,5.25,5.41,4.94,8.23,4.23,5.53,4.7,10.88,7.4,6.5,10.88,6.01,4.76,11.49,5.4
Agomelatine,5.0,5.54,3.44,4.81,5.5,5.05,5.98,6.09,5.1,5.43,10.83,6.05,6.17,11.58,3.87,6.34,11.43,5.08
Lucanthone,4.99,4.02,6.26,5.57,5.91,5.64,5.73,5.16,6.4,5.53,11.51,5.13,5.67,11.58,7.38,5.4,12.13,5.42
Alpha-MethylisocitricAcid,4.91,7.8,4.57,5.77,5.34,5.16,5.14,4.16,5.06,6.93,2.28,5.78,6.4,11.55,3.85,4.52,10.77,5.17
Liothyronine,5.03,7.33,8.13,7.74,6.1,4.9,7.6,6.69,5.27,4.8,15.6,6.66,5.82,11.53,8.02,5.52,10.83,5.1
Topiramate,4.94,9.07,6.63,6.38,5.26,4.97,7.07,6.0,5.08,8.35,11.42,5.86,6.36,10.33,5.99,5.3,11.26,5.15
Amisulpride,5.0,3.87,7.72,7.04,5.65,5.68,5.7,6.81,5.06,4.03,11.03,6.56,6.66,11.94,5.04,5.43,11.18,5.08
Amlexanox,4.92,7.53,5.22,6.2,5.42,5.09,7.52,4.15,5.2,9.15,13.01,6.51,6.35,11.65,6.81,4.56,11.32,5.18
Timolol,5.06,3.73,7.76,7.18,5.49,5.09,5.31,5.63,5.18,3.24,10.16,5.1,6.18,11.41,7.86,5.24,10.81,5.12
Obeticholicacid,4.91,5.9,4.43,4.22,5.12,5.0,7.35,4.63,5.75,4.24,11.11,6.72,5.69,11.77,4.9,5.27,10.71,6.11
Cyclandelate,5.08,3.4,4.81,5.34,5.61,6.08,6.73,4.52,5.11,3.14,11.35,6.82,6.29,11.63,3.93,4.84,11.35,5.19
Leflunomide,4.97,6.46,7.18,7.06,5.39,4.95,6.07,4.59,5.05,4.28,12.28,6.9,6.34,11.64,4.6,4.61,11.17,5.07
Latanoprostenebunod,5.04,5.64,6.49,7.04,5.33,5.83,7.9,4.56,5.41,6.53,11.08,7.19,6.28,11.88,6.39,5.01,10.76,5.25
Cyclohexyl-pentyl-maltoside,5.0,5.96,5.89,5.38,4.99,5.18,5.95,4.52,5.08,6.21,15.6,5.52,6.49,10.41,4.08,4.68,10.42,5.09
"(2S)-2-Ammonio-3-[5-(2-methyl-2-propanyl)-3-oxido-1,2-oxazol-4-yl]propanoate",4.93,8.67,4.26,4.43,5.22,5.24,6.78,4.07,5.19,8.69,6.23,5.92,5.93,11.63,4.31,4.61,11.07,5.1
4-(Fluorophenyl)-1-Cyclopropylmethyl-5-(2-Amino-4-Pyrimidinyl)Imidazole,4.97,5.44,6.33,6.72,5.69,5.37,5.37,4.84,5.1,7.24,11.2,7.26,5.97,11.69,5.24,4.75,11.31,5.08
(2S)-2-amino-5-oxo-5-[(4-phenylmethoxyphenyl)amino]pentanoicacid,4.9,4.96,3.81,4.59,5.47,5.17,6.09,4.96,5.08,9.04,12.14,6.51,6.29,11.8,4.2,5.15,11.04,5.08
"[(3R)-7-NITRO-1,2,3,4-TETRAHYDROISOQUINOLIN-3-YL]METHANOL",4.92,7.47,5.08,4.42,5.29,4.9,5.21,4.46,5.57,6.31,14.18,5.34,5.58,11.64,5.99,4.89,11.16,5.59
Hyperforin,4.96,2.75,5.42,5.27,5.7,5.12,7.53,4.48,5.3,3.78,12.48,5.43,6.58,11.84,5.03,5.1,11.26,5.68
Remoxipride,4.98,8.93,8.17,7.53,5.92,5.4,5.86,6.24,5.06,5.64,18.66,6.65,6.32,12.27,5.6,5.79,11.35,5.11
Griseofulvin,5.04,4.13,7.13,6.87,5.53,5.13,6.61,4.92,5.19,2.88,11.86,6.05,5.79,12.23,5.68,4.8,11.12,5.43
Modafinil,4.99,14.8,4.48,4.88,5.38,5.9,6.58,4.48,5.12,7.69,8.8,5.33,5.84,12.23,4.87,4.68,10.67,5.08
"2-(Beta-D-Glucopyranosyl)-5-Methyl-1,2,3-Benzimidazole",4.89,5.35,3.63,3.89,5.24,5.22,5.64,3.67,5.42,5.17,15.55,5.75,6.26,10.43,5.18,4.36,11.24,5.12
GPI-1485,4.98,5.92,4.34,5.31,5.35,5.05,5.78,5.07,5.87,4.21,12.71,5.99,5.9,11.6,4.42,4.96,10.76,5.89
"(3S,5R,7R,8S,9S,10R)-7-(hydroxymethyl)-3-(2-naphthyl)-1,6-dioxa-2-azaspiro[4.5]decane-8,9,10-triol",5.0,5.03,5.73,5.74,5.34,5.95,5.54,3.83,6.31,7.58,11.07,7.15,6.5,11.63,5.69,4.86,11.16,5.62
Daxalipram,5.08,6.5,5.54,6.0,5.62,5.01,6.32,4.5,5.11,3.03,10.44,6.01,6.69,11.44,4.33,4.72,11.31,5.1
Cholesterol,5.0,3.15,6.19,6.09,5.07,5.13,7.62,4.67,5.69,3.22,13.26,7.09,6.09,11.85,6.31,5.11,10.42,5.74
Carboxyamidotriazole,4.97,6.12,3.87,3.64,5.14,5.0,6.74,5.89,5.06,5.72,11.89,7.03,6.46,11.76,5.01,5.02,11.48,5.03
GinsenosideRb1,4.98,4.34,5.16,4.73,5.44,4.87,6.41,4.72,5.79,3.22,11.68,6.82,6.15,10.73,4.8,4.87,10.74,5.57
Glyburide,5.06,8.22,6.18,5.69,5.71,5.05,6.26,4.45,5.07,4.04,10.28,6.41,6.11,11.79,7.54,4.83,10.73,5.09
Selamectin,4.89,14.75,6.64,5.99,5.61,4.9,5.53,5.43,5.18,5.2,17.94,6.85,6.44,10.94,7.86,5.35,10.88,5.36
"4-(2-aminoethoxy)-N-(2,5-diethoxyphenyl)-3,5-dimethylbenzamide",4.93,4.85,6.98,6.97,5.48,4.86,7.17,5.06,5.06,7.22,10.85,5.88,6.51,11.36,5.41,4.65,11.54,5.05
4-Sulfonamide-[1-(4-Aminobutane)]Benzamide,4.97,3.2,6.72,6.98,5.7,5.72,6.08,4.56,5.06,3.25,14.97,6.95,5.56,10.21,6.39,5.1,10.87,5.08
PyrithiaminePyrophosphate,5.0,2.85,6.07,6.05,5.65,5.06,7.0,4.32,5.08,18.68,16.38,5.71,6.43,11.77,6.87,4.94,11.43,5.09
"4-(2,4-dichlorophenyl)-5-phenyldiazenyl-pyrimidin-2-amine",4.94,5.42,5.87,5.5,5.51,5.74,6.63,4.87,5.06,5.61,12.13,8.41,6.13,11.63,6.06,5.02,10.91,5.06
Tivantinib,5.01,6.27,4.01,5.34,5.62,5.51,8.58,4.9,5.2,6.11,16.39,7.93,5.12,11.49,5.72,4.78,11.57,5.74
"(5-Chloropyrazolo[1,5-a]Pyrimidin-7-Yl)-(4-Methanesulfonylphenyl)Amine",4.96,3.64,4.75,4.23,5.31,6.83,5.74,4.99,5.07,4.03,11.29,6.43,6.74,11.86,5.02,5.04,10.68,5.52
Clonazepam,4.96,3.11,4.82,4.47,5.02,6.07,5.84,4.41,5.14,6.23,11.51,5.71,5.22,11.74,5.32,4.68,11.51,5.29
Harmaline,4.94,8.7,5.47,4.37,5.27,4.93,6.82,4.77,5.06,2.32,11.97,5.88,6.08,11.73,6.17,4.8,11.51,5.11
Colchicine,4.97,4.73,5.79,6.48,5.42,5.31,7.43,5.05,5.09,7.79,12.41,6.5,6.45,11.48,6.09,5.06,10.97,5.19
"5,7-DIHYDROXY-2-(3,4,5-TRIHYDROXYPHENYL)-4H-CHROMEN-4-ONE",5.01,3.96,5.08,4.87,5.53,5.03,6.31,4.98,5.13,4.07,13.02,6.51,5.1,11.42,4.86,5.31,11.19,5.28
LY-294002,5.0,6.92,5.5,6.01,5.49,5.43,6.96,4.88,5.07,10.23,6.56,6.16,5.96,11.47,5.97,4.73,11.49,5.1
Gentamicin,4.97,7.78,5.66,5.56,5.0,5.22,6.36,4.96,5.13,3.0,11.22,6.61,6.05,10.62,5.84,5.4,11.7,5.47
2-{[Formyl(Hydroxy)Amino]Methyl}-4-MethylpentanoicAcid,4.92,8.23,5.36,5.8,5.24,5.2,5.85,6.97,5.25,2.88,11.73,5.23,6.32,11.92,4.49,6.32,10.66,5.25
Laquinimod,4.98,9.92,4.05,4.69,5.45,6.6,5.64,4.62,5.73,4.98,17.7,6.46,5.84,11.85,5.41,4.67,11.5,5.3
Fenoldopam,4.99,5.11,7.07,6.9,5.58,4.96,5.99,4.98,5.08,6.96,13.02,6.83,5.52,13.12,6.64,4.91,11.54,5.21
Propantheline,4.97,7.85,4.47,4.88,5.58,5.57,7.92,4.95,5.08,2.7,12.01,7.39,5.92,11.41,5.88,4.8,11.33,5.08
"2-(cycloheptylmethyl)-1,1-dioxido-1-benzothiophen-6-ylsulfamate",5.0,3.21,6.63,4.13,5.92,4.92,6.55,7.81,5.07,5.73,11.17,6.03,6.69,11.63,6.78,6.1,11.62,5.12
5-HYDROXY-2-(4-HYDROXYPHENYL)-1-BENZOFURAN-7-CARBONITRILE,4.94,3.46,4.28,3.67,5.69,5.03,6.55,6.28,5.02,3.97,11.71,6.96,5.24,11.31,5.0,5.17,11.63,5.27
"[(4R)-4-(3-HYDROXYPHENYL)-1,6-DIMETHYL-2-THIOXO-1,2,3,4-TETRAHYDROPYRIMIDIN-5-YL](PHENYL)METHANONE",4.97,4.2,6.2,5.73,5.33,6.29,6.07,4.84,5.05,6.1,6.6,6.05,6.31,11.66,4.23,4.82,11.75,5.13
2-(4-CHLORO-PHENYLAMINO)-NICOTINICACID,4.88,9.94,5.04,5.64,5.59,5.0,5.99,4.72,5.07,13.13,10.32,6.41,6.03,11.73,4.4,4.81,11.51,5.04
2-{[4-(4-pyridin-4-yl-1H-pyrazol-3-yl)phenoxy]methyl}quinoline,4.99,4.1,4.52,4.27,5.64,5.68,7.52,5.3,5.1,2.77,12.1,7.0,6.39,10.74,5.71,5.14,11.48,5.08
Levobupivacaine,5.1,9.94,6.67,5.65,5.69,5.18,5.15,4.27,5.31,6.27,22.19,5.68,6.09,11.72,3.89,4.58,10.87,5.27
Bopindolol,5.01,4.53,7.42,7.1,5.82,6.87,5.59,4.42,5.06,4.67,38.16,6.87,5.9,10.91,4.16,4.44,10.63,5.19
"1,1,1,3,3,3-HEXAFLUORO-2-{4-[(2,2,2-TRIFLUOROETHYL)AMINO]PHENYL}PROPAN-2-OL",4.92,4.52,5.84,6.07,5.78,4.96,5.13,6.04,5.06,1.94,11.21,6.68,5.66,11.61,5.89,4.86,11.63,5.13
"(3R,4R,5R)-5-(HYDROXYMETHYL)-1-(3-PHENYLPROPYL)PIPERIDINE-3,4-DIOL",4.99,4.89,4.13,5.06,5.86,5.7,5.83,4.21,5.44,7.72,18.98,6.74,6.46,11.55,3.6,4.91,11.54,5.27
4'-Deoxy-4'-Acetylyamino-Pyridoxal-5'-Phosphate,4.9,5.92,4.32,4.13,5.14,5.06,6.71,4.31,5.08,5.57,16.7,4.29,6.39,11.71,5.84,4.78,11.44,5.16
2'-cytidylicacid,5.0,6.73,4.29,4.09,5.66,4.95,5.97,3.85,5.07,2.69,5.4,5.29,6.63,10.55,5.92,4.56,11.37,5.14
Glipizide,5.06,4.53,4.41,4.72,5.55,5.04,5.73,4.36,5.08,6.88,10.6,5.26,6.15,12.73,6.7,4.84,10.98,5.13
"2',3'-Dehydro-2',3'-Deoxy-Thymidine5'-Diphosphate",4.94,7.05,4.93,5.27,5.59,5.06,4.92,4.98,5.46,5.45,13.84,6.26,6.49,10.66,5.1,4.58,11.39,5.64
Hypericin,4.89,2.94,5.86,5.26,5.7,5.44,7.26,4.46,5.86,5.38,10.59,6.46,5.97,11.51,6.28,4.71,11.67,5.27
Oxycodone,4.95,5.68,6.23,6.15,5.98,5.19,7.12,6.09,5.28,3.66,9.98,6.46,6.02,12.15,6.37,4.98,11.39,5.29
Bendamustine,4.98,5.15,3.14,4.71,5.54,4.91,5.33,6.7,5.14,15.89,13.02,5.58,6.51,11.99,4.2,5.57,11.4,5.26
{4-[3-(4-acetyl-3-hydroxy-2-propylphenoxy)propoxy]phenoxy}aceticacid,4.93,5.67,5.87,4.82,5.56,4.96,7.22,4.32,5.08,6.12,19.93,6.28,5.46,11.51,5.89,4.54,11.37,5.06
Oxamniquine,4.9,7.4,4.48,4.46,5.62,4.98,4.55,5.57,5.28,15.48,16.05,6.58,5.52,11.76,4.88,4.81,10.55,5.29
Barbituricacidderivative,4.99,6.5,5.52,4.89,5.54,5.62,5.37,4.63,5.37,4.19,5.39,7.18,6.15,11.54,5.13,4.92,11.31,5.68
VitaminE,4.93,6.55,5.19,5.72,5.55,5.11,6.48,4.32,5.27,7.63,11.58,5.03,6.16,12.09,5.64,4.74,10.76,5.45
5-(DIMETHYLAMINO)-1-NAPHTHALENESULFONICACID(DANSYLACID),5.04,3.85,4.67,4.99,5.41,5.34,6.88,4.25,5.15,1.71,13.78,5.11,5.75,11.75,4.23,4.83,11.36,5.17
3-isobutyl-1-methyl-7H-xanthine,5.03,6.61,4.3,4.9,5.61,4.98,4.73,4.4,5.32,7.8,38.68,6.09,6.51,10.23,4.47,4.72,10.68,5.28
Diacerein,4.9,4.27,4.32,6.0,5.18,5.66,5.68,4.28,5.1,4.91,11.52,5.98,6.3,13.36,5.92,4.72,10.87,5.18
Artesunate,4.95,3.95,4.42,5.2,5.52,4.97,6.22,4.95,6.07,2.48,11.08,6.35,6.25,11.45,7.08,4.91,10.85,5.52
"Compound5,2-(Naphthalen-1-Yl-Oxalyl-Amino)-Benzoicacid",4.98,2.12,4.92,5.54,5.26,6.31,5.73,3.91,5.06,4.66,13.95,6.64,5.72,11.55,4.95,4.76,11.49,5.11
"(2S)-2-(3-bromophenyl)-3-(5-chloro-2-hydroxyphenyl)-1,3-thiazolidin-4-one",4.97,18.97,5.4,5.73,5.51,6.21,6.3,4.98,5.19,15.2,4.77,6.57,6.61,10.69,4.33,4.79,11.17,5.29
"Cp-166572,2-Hydroxymethyl-4-(4-N,N-Dimethylaminosulfonyl-1-Piperazino)-Pyrimidine",5.03,7.0,5.32,5.15,5.73,5.76,5.92,4.88,5.06,4.65,11.43,6.8,6.33,11.66,4.88,5.18,11.68,5.09
B-2-Octylglucoside,4.96,5.79,6.88,6.1,4.98,4.97,5.47,3.4,5.72,6.36,10.11,5.74,6.47,10.61,4.09,4.22,10.36,5.11
Isosorbidemononitrate,4.91,6.81,3.39,3.42,5.19,5.03,6.43,4.64,5.47,4.77,20.2,5.6,6.4,11.73,6.05,4.8,10.66,5.59
"2-methyl-3,5,7,8-tetrahydro-4H-thiopyrano[4,3-d]pyrimidin-4-one",4.9,5.16,4.72,5.17,5.54,5.01,6.02,5.4,5.3,4.84,11.23,5.08,5.91,11.54,4.99,4.75,11.52,5.37
Flumequine,5.0,3.24,6.81,6.73,5.47,5.12,7.05,6.26,5.25,3.2,11.99,5.77,6.39,11.4,5.13,4.78,11.33,5.74
Clocortoloneacetate,4.99,5.11,6.57,5.94,5.51,5.0,6.74,5.15,5.71,2.49,11.23,6.42,6.62,12.36,7.15,5.2,10.62,5.93
Brivaracetam,4.96,7.27,5.4,5.79,5.11,5.03,5.27,6.2,5.45,6.62,13.39,5.85,5.99,11.14,3.76,4.81,11.41,5.16
Efonidipine,4.94,6.56,4.8,4.29,5.71,5.82,7.99,4.69,6.05,7.2,11.11,7.05,6.27,11.87,5.97,5.23,11.42,6.05
Thalidomide,4.93,8.25,5.92,5.8,5.87,5.1,6.33,5.15,5.81,2.92,11.25,6.41,5.67,10.39,4.51,4.8,11.02,5.85
N(5)-[(hydroxyamino)(imino)methyl]-L-ornithine,4.89,7.3,4.9,4.84,5.27,5.12,5.62,4.3,5.07,10.05,12.62,5.34,6.61,10.65,5.23,4.65,10.58,5.2
Meclofenamicacid,4.88,4.73,5.07,6.04,5.59,5.05,6.83,5.25,5.12,4.63,9.7,5.4,5.93,11.67,5.02,5.13,11.62,5.11
Melatonin,4.98,5.85,4.68,4.71,5.87,5.05,5.37,5.61,5.08,6.64,11.82,6.27,5.44,11.54,4.82,5.38,11.4,5.08
Sucralfate,4.97,16.72,5.31,6.02,5.46,5.23,6.35,5.14,5.07,5.91,12.29,7.52,6.37,10.39,5.96,5.06,10.85,5.55
(2R)-3-{[(BENZYLAMINO)CARBONYL]AMINO}-2-HYDROXYPROPANOICACID,4.93,6.68,4.5,3.85,4.97,5.33,5.32,4.17,5.18,6.05,11.14,5.2,5.76,11.4,4.38,4.83,11.31,5.25
Metamizole,5.04,3.34,4.6,4.93,5.26,6.19,6.21,4.65,5.09,12.55,4.12,5.34,6.64,11.51,4.05,4.74,11.29,5.17
"4-O-(4,6-Dideoxy-4-{[4,5,6-Trihydroxy-3-(Hydroxymethyl)Cyclohex-2-En-1-Yl]Amino}-Beta-D-Lyxo-Hexopyranosyl)-Alpha-D-Erythro-Hexopyranose",4.96,11.65,4.13,4.43,4.85,4.95,6.21,5.02,5.5,8.1,6.44,6.87,6.18,10.29,4.61,4.99,10.55,5.19
"4-O-(4,6-Dideoxy-4-{[4-[(4-O-Hexopyranosylhexopyranosyl)Oxy]-5,6-Dihydroxy-3-(Hydroxymethyl)Cyclohex-2-En-1-Yl]Amino}Hexopyranosyl)Hexopyranose",4.96,4.06,4.32,4.56,4.86,4.95,6.21,4.9,5.56,3.64,9.56,7.01,6.21,10.38,5.37,4.97,10.59,5.27
"N'-(6-aminopyridin-3-yl)-N-(2-cyclopentylethyl)-4-methyl-benzene-1,3-dicarboxamide",4.98,3.0,5.58,5.44,5.57,5.04,5.49,5.52,5.05,2.63,12.76,7.05,5.81,10.83,6.3,5.07,10.86,5.08
"1,6-DI-O-PHOSPHONO-D-MANNITOL",4.95,7.09,4.75,4.5,5.47,5.03,4.03,3.78,5.09,4.16,11.43,5.56,6.25,11.11,5.06,4.74,11.44,5.1
Niclosamide,4.87,5.95,5.18,4.29,5.5,4.92,5.84,4.63,5.06,8.25,13.12,6.87,5.27,10.27,5.43,4.62,10.24,5.1
"N'-(5-CHLORO-1,3-BENZODIOXOL-4-YL)-N-(3,4,5-TRIMETHOXYPHENYL)PYRIMIDINE-2,4-DIAMINE",4.95,4.05,7.13,6.83,6.06,4.98,7.36,4.67,5.38,5.86,12.46,6.24,6.73,12.0,6.04,5.09,10.88,5.15
Mifamurtide,5.03,6.08,4.99,5.95,5.41,5.14,6.9,4.48,5.49,10.74,35.41,6.89,6.1,10.57,4.01,5.68,10.72,5.23
gamma-Glutamylcysteine,4.89,4.91,4.81,6.1,4.94,5.23,6.03,4.69,5.1,5.22,14.99,5.75,6.24,10.82,4.56,5.2,10.97,5.17
Mitoxantrone,5.01,2.77,5.26,5.72,5.2,5.83,5.27,5.15,5.07,5.06,11.6,6.32,6.0,13.28,6.01,5.02,11.44,5.05
7-methyl-GpppA,4.99,3.2,5.02,4.81,5.6,5.06,7.79,4.79,5.41,6.48,8.75,7.29,6.3,10.9,5.12,4.62,10.69,5.71
"4-[3-(1,4-diazepan-1-ylcarbonyl)-4-fluorobenzyl]phthalazin-1(2H)-one",4.95,7.54,7.67,6.9,5.78,5.37,5.57,7.54,5.18,5.67,13.19,7.35,5.8,11.62,6.94,5.89,11.34,5.19
4-[5-(2-CARBOXY-1-FORMYL-ETHYLCARBAMOYL)-PYRIDIN-3-YL]-BENZOICACID,5.03,1.62,5.19,3.7,5.45,5.13,6.98,5.05,5.04,4.0,10.69,6.53,5.93,11.82,5.91,4.98,11.52,5.16
Tretazicar,4.94,4.48,4.25,4.35,5.66,5.01,5.99,5.14,5.06,3.4,11.95,5.94,5.97,11.62,4.45,5.07,11.72,5.05
Alpha-Methyl-N-Acetyl-D-Glucosamine,4.89,18.05,3.58,3.69,5.69,5.3,4.94,3.92,5.52,6.86,11.91,6.11,6.26,10.81,3.4,4.43,10.6,5.18
Cytidine-5'-Triphosphate,5.03,3.45,4.43,4.67,5.57,4.94,5.14,4.5,5.18,3.75,14.67,6.43,6.73,11.75,5.05,4.67,11.3,5.31
Alosetron,4.98,3.32,5.62,6.45,5.32,4.98,6.7,4.42,5.38,6.67,11.12,5.66,5.6,11.65,7.09,4.74,11.48,5.22
(2S)-1-AMINO-3-[(5-NITROQUINOLIN-8-YL)AMINO]PROPAN-2-OL,4.94,3.36,5.44,4.73,5.62,5.03,5.96,5.36,5.09,5.03,16.24,6.01,6.13,10.71,5.01,4.86,11.65,5.08
Cetirizine,5.0,6.2,3.26,3.51,5.75,5.94,6.71,4.16,5.14,5.0,15.67,5.76,5.36,11.65,4.4,4.68,11.32,5.2
N-[(1S)-1-(aminocarbonyl)-4-(ethanimidoylamino)butyl]benzamide,4.92,4.57,6.83,5.68,5.18,6.47,6.79,4.52,5.08,4.55,13.64,6.46,5.52,10.64,6.11,4.99,11.29,5.06
Lobeline,5.08,5.08,4.11,4.68,5.55,6.98,6.64,4.91,5.07,5.73,11.58,7.9,5.99,11.63,5.82,4.82,11.55,5.66
Pipradrol,4.97,7.7,7.39,6.9,5.59,5.78,6.7,4.45,5.05,12.99,12.46,6.44,5.72,11.61,5.03,4.77,11.67,5.23
2-Nonyl-4-quinolinol1-oxide,4.9,8.53,6.23,5.8,5.78,5.06,6.74,4.36,5.17,33.12,12.12,5.59,5.52,11.74,4.99,5.03,10.66,5.08
"4-[4-(2,5-DIOXO-PYRROLIDIN-1-YL)-PHENYLAMINO]-4-HYDROXY-BUTYRICACID",4.92,2.72,5.56,6.22,5.2,4.92,5.37,4.46,5.77,3.11,12.45,5.67,6.43,11.61,4.19,4.72,11.49,5.41
Niraparib,5.01,8.7,6.17,6.77,5.52,4.89,6.67,7.3,5.1,3.05,8.68,6.11,5.93,11.77,5.33,6.01,11.22,5.42
4-[3-(1H-BENZIMIDAZOL-2-YL)-1H-INDAZOL-6-YL]-2-METHOXYPHENOL,4.93,6.01,4.46,4.69,5.51,5.78,7.08,5.12,5.12,5.37,12.77,7.02,6.11,11.58,5.97,5.06,11.63,5.11
Tafamidis,4.98,4.58,6.9,6.15,5.74,5.64,7.71,4.69,5.06,3.41,12.75,6.5,6.27,11.7,5.0,4.75,11.21,5.18
"2,3-Dicarboxy-4-(2-Chloro-Phenyl)-1-Ethyl-5-Isopropoxycarbonyl-6-Methyl-Pyridinium",4.97,7.36,7.24,7.02,5.59,5.24,7.4,4.96,5.18,2.41,16.37,6.32,6.65,12.81,5.99,4.92,11.26,5.71
Melphalan,4.96,6.43,3.69,4.69,5.21,4.87,5.74,3.85,5.14,3.27,14.46,6.62,6.31,11.6,5.07,4.64,11.4,5.23
Betaxolol,4.97,7.36,5.02,5.14,5.53,5.23,6.68,5.76,5.06,7.16,14.87,6.38,6.08,11.79,5.24,5.16,11.33,5.07
Aminodi(Ethyloxy)Ethylaminocarbonylbenzenesulfonamide,4.95,2.64,6.27,6.78,5.39,5.73,6.19,4.72,5.07,2.88,14.47,5.12,5.48,10.47,6.0,4.71,11.4,5.07
"2-[4-(4-Chlorophenyl)Cyclohexylidene]-3,4-Dihydroxy-1(2h)-Naphthalenone",4.98,8.53,6.26,6.02,5.64,6.0,7.15,4.22,5.28,8.29,13.53,6.73,6.62,12.3,5.8,5.02,10.91,5.63
6-[2-(1H-INDOL-6-YL)ETHYL]PYRIDIN-2-AMINE,5.02,5.46,3.36,3.92,5.66,5.05,6.62,4.47,5.07,6.58,11.37,5.96,5.93,10.69,4.9,4.78,11.38,5.03
AmphotericinB,4.9,5.93,6.24,5.58,5.47,4.93,5.24,4.8,5.1,5.95,14.87,4.25,6.52,10.87,5.94,5.15,11.29,5.28
Cytidine3'-monophosphate,4.99,2.81,3.99,4.43,5.58,4.92,5.65,4.12,5.08,3.71,14.06,4.9,6.7,11.87,5.96,4.49,11.33,5.17
"DIMETHYL-(4,5,6,7-TETRABROMO-1H-BENZOIMIDAZOL-2-YL)-AMINE",4.95,4.48,4.18,4.6,5.58,5.06,5.6,4.85,5.08,5.99,16.58,4.79,6.23,11.71,4.21,5.07,11.6,5.11
(2S)-1-(9H-Carbazol-4-yloxy)-3-(isopropylamino)propan-2-ol,5.01,7.91,8.04,7.56,5.6,5.79,5.55,4.81,5.13,7.06,11.52,7.11,6.11,10.69,6.83,5.08,10.73,5.17
1-(adamantan-1-yl)-2-(1H-imidazol-1-yl)ethanone,5.05,2.83,6.17,5.56,5.54,5.0,5.61,4.3,5.3,3.8,10.41,6.88,6.12,11.64,4.43,5.22,11.2,5.15
Bromopride,4.97,5.44,4.27,5.23,5.57,5.21,5.51,4.38,5.26,5.91,13.46,6.08,6.25,13.06,4.22,4.73,11.45,5.34
Phenolphthalein,4.95,2.82,3.97,4.23,5.56,4.89,6.41,4.27,5.32,3.05,14.3,7.01,5.29,11.45,5.48,4.79,10.57,5.32
"(5E)-5-[(2,2-DIFLUORO-1,3-BENZODIOXOL-5-YL)METHYLENE]-1,3-THIAZOLIDINE-2,4-DIONE",4.95,6.37,6.03,5.93,5.31,5.2,5.36,5.11,6.27,9.01,3.72,6.78,6.74,11.55,4.61,4.96,11.28,5.7
Bufylline,5.0,1.86,4.17,4.68,5.32,5.05,5.14,4.68,5.6,2.99,11.85,6.35,6.72,10.19,4.36,4.67,10.53,5.14
(2R)-2-({6-[benzyl(methyl)amino]-9-isopropyl-9H-purin-2-yl}amino)butan-1-ol,5.01,7.29,4.95,5.01,5.57,5.33,7.47,4.42,5.62,30.27,10.89,6.57,5.89,11.69,5.0,4.64,11.38,5.24
HeparinDisaccharideIii-S,4.97,2.62,4.73,4.14,5.23,4.93,5.36,4.98,5.3,4.06,16.5,6.45,6.44,10.91,5.07,5.02,10.64,5.16
Pentoxifylline,4.92,7.23,4.56,4.39,5.24,5.13,5.41,4.43,5.13,9.32,12.67,6.28,6.67,10.16,4.41,4.65,10.54,5.07
Ranolazine,4.88,7.16,6.5,6.81,5.53,5.62,6.66,4.63,5.25,7.29,14.67,6.71,6.62,12.22,4.03,4.79,10.84,5.2
"N-[2-(5-methyl-4H-1,2,4-triazol-3-yl)phenyl]-7H-pyrrolo[2,3-d]pyrimidin-4-amine",4.93,4.74,4.45,5.14,5.85,6.36,5.2,5.13,5.08,4.41,12.36,6.13,6.64,11.2,4.98,5.16,11.47,5.21
N-{2-[4-(AMINOSULFONYL)PHENYL]ETHYL}ACETAMIDE,4.94,5.14,4.69,3.87,5.29,4.9,6.14,4.75,5.08,7.25,12.82,6.84,5.58,10.69,3.99,5.08,11.39,5.08
Ibutilide,5.03,3.94,4.56,5.1,5.64,6.08,6.32,6.06,5.09,7.88,14.03,5.25,5.97,11.86,4.72,5.51,11.3,5.17
Afimoxifene,4.99,3.15,7.01,6.85,5.39,5.67,6.95,5.05,5.05,3.18,11.16,8.69,5.58,11.14,7.13,5.3,11.71,5.17
"(2S)-1-(2,5-dimethylphenoxy)-3-morpholin-4-ylpropan-2-ol",4.94,4.51,6.64,6.9,5.83,5.33,6.01,4.42,5.35,2.42,11.17,6.2,5.5,11.51,6.84,4.87,11.22,5.11
Naproxen,4.92,6.23,5.38,4.36,5.31,4.91,6.32,4.01,5.08,3.9,17.46,5.68,6.26,11.56,5.7,4.88,11.41,5.22
Carvedilol,5.03,5.79,8.12,7.86,5.56,5.91,7.08,4.55,5.08,16.75,3.82,8.11,6.36,11.5,7.12,5.29,11.17,5.13
"4-{[(E)-2-(5-CHLOROTHIEN-2-YL)VINYL]SULFONYL}-1-(1H-PYRROLO[3,2-C]PYRIDIN-2-YLMETHYL)PIPERAZIN-2-ONE",4.98,6.42,5.36,5.1,5.35,5.09,6.69,5.17,5.33,7.32,10.47,6.56,5.9,11.88,5.41,4.91,11.44,5.94
Lisofylline,4.92,3.02,4.74,4.75,5.32,5.08,6.1,4.57,5.13,3.14,13.88,5.23,6.68,10.18,4.41,4.59,10.58,5.07
Artenimol,4.89,6.41,5.06,5.39,5.56,5.0,7.83,4.91,6.01,10.6,9.23,6.65,6.2,11.36,6.58,5.09,10.68,5.68
"6-CHLORO-9-HYDROXY-1,3-DIMETHYL-1,9-DIHYDRO-4H-PYRAZOLO[3,4-B]QUINOLIN-4-ONE",4.96,4.85,5.08,6.27,5.36,5.29,6.54,4.25,5.07,4.11,10.39,8.0,6.22,11.56,5.9,4.74,11.29,5.06
3-Hydroxypropyl3-[(7-carbamimidoyl-1-naphthyl)carbamoyl]benzenesulfonate,4.96,5.76,5.52,5.1,5.51,5.09,6.7,4.79,5.05,7.5,13.27,6.01,5.52,11.51,6.09,4.85,11.59,5.08
"4-[8-(3-nitrophenyl)-1,7-naphthyridin-6-yl]benzoicacid",4.97,5.6,4.49,4.4,5.58,4.84,7.49,4.69,5.07,5.53,9.35,6.77,5.78,11.3,5.69,4.93,11.43,5.08
"4-(6-{[(1R)-1-(hydroxymethyl)propyl]amino}imidazo[1,2-b]pyridazin-3-yl)benzoicacid",5.04,6.31,6.07,6.24,5.68,4.84,7.44,4.91,5.08,5.91,11.2,6.24,6.16,11.4,4.83,4.94,10.7,5.25
Alfuzosin,5.02,22.45,5.51,6.25,5.59,5.22,6.13,4.79,5.07,26.96,19.85,5.7,5.86,10.79,5.59,4.77,11.16,5.08
(1-Benzyl-5-methoxy-2-methyl-1H-indol-3-yl)aceticacid,5.02,10.25,5.41,6.25,5.91,5.17,7.81,4.65,5.15,7.07,9.51,7.53,5.95,11.18,5.01,4.76,11.39,5.16
trans-4-(7-carbamoyl-1H-benzimidazol-2-yl)-1-propylpiperidinium,4.93,7.48,7.15,7.62,5.56,5.75,5.43,5.48,5.29,6.8,10.8,7.37,6.09,11.57,7.48,5.02,11.47,5.19
Dutogliptin,4.92,4.99,5.76,4.77,6.69,5.16,5.52,5.98,5.05,5.27,13.91,4.31,5.27,11.08,5.52,6.22,11.39,5.18
Apomorphine,4.93,6.41,6.66,6.43,5.63,5.25,7.57,4.78,5.49,10.72,3.35,6.53,6.14,11.79,5.03,5.28,11.16,5.28
Adenosine5'-[γ-thio]triphosphate,4.91,4.77,5.03,4.85,5.69,5.1,5.68,5.37,5.09,4.28,11.04,6.98,6.61,11.66,5.26,4.68,10.76,5.1
4-(2-AMINOETHYL)BENZENESULFONAMIDE,4.94,2.76,3.94,3.94,5.18,4.99,5.69,5.07,5.08,3.97,10.98,7.15,5.89,11.07,3.89,4.97,10.84,5.05
N-(6-Aminohexyl)-5-Chloro-1-Naphthalenesulfonamide,4.9,6.94,4.24,4.07,5.21,7.04,6.32,4.43,5.18,4.98,25.89,5.89,5.52,10.33,4.08,5.16,11.38,5.81
Mafenide,4.93,5.63,4.29,5.21,4.89,4.99,5.51,5.08,5.07,10.59,11.62,5.59,5.58,10.54,6.43,4.81,11.25,5.06
Indomethacin,4.94,13.02,5.73,6.47,5.95,5.96,7.0,6.2,5.2,5.72,8.56,7.24,6.11,11.55,5.0,5.66,11.01,5.12
Thymidine-5'-Diphosphate,5.05,15.16,4.91,4.91,5.62,5.1,5.72,5.5,5.38,13.73,11.75,6.53,6.71,10.57,4.83,4.77,11.1,5.51
"N-(2-hydroxybenzyl)-2,5-dimethoxy-4-cyanophenylethylamine",5.01,7.77,5.78,6.38,5.92,5.58,6.23,5.04,5.54,3.85,13.31,6.69,5.38,11.67,4.28,5.44,10.82,5.15
"7-[4-(Dimethylamino)Phenyl]-N-Hydroxy-4,6-Dimethyl-7-Oxo-2,4-Heptadienamide",4.93,4.38,7.03,7.41,7.0,6.76,6.26,6.96,5.08,2.1,11.06,6.53,5.65,11.62,5.49,6.51,11.56,5.23
4-BROMO-3-(CARBOXYMETHOXY)-5-(4-HYDROXYPHENYL)THIOPHENE-2-CARBOXYLICACID,4.91,3.63,5.2,3.23,5.41,5.03,5.31,3.91,5.07,5.66,13.16,5.7,6.52,11.88,6.03,4.64,11.67,5.12
Diflunisal,4.92,11.57,6.34,6.81,5.54,5.43,6.5,4.43,5.08,6.39,13.74,5.8,6.28,11.62,6.02,4.73,11.57,5.09
Troxacitabine,4.9,4.22,4.6,4.49,5.55,4.96,6.17,5.05,5.21,7.28,12.36,5.33,6.41,10.56,4.31,4.83,11.48,5.12
(3S)-1-{[4-(but-2-yn-1-yloxy)phenyl]sulfonyl}pyrrolidine-3-thiol,4.99,7.47,5.62,5.65,5.58,7.11,5.95,5.59,5.08,6.52,10.91,6.1,5.99,11.79,3.79,5.36,10.79,5.52
Dantrolene,4.95,4.82,4.34,5.68,5.27,6.21,5.25,4.57,5.79,4.24,11.8,6.07,5.86,10.39,5.2,4.84,11.17,5.26
Sapropterin,4.9,3.03,5.66,5.8,5.64,5.12,5.96,4.46,5.61,4.72,11.22,6.35,6.25,11.86,5.06,5.0,11.32,5.24
Zucapsaicin,4.96,17.57,6.75,6.77,5.59,5.02,5.53,4.4,5.08,4.17,13.87,5.51,5.29,11.64,5.45,4.84,10.77,5.07
"2-[5,6-BIS-(4-METHOXY-PHENYL)-FURO[2,3-D]PYRIMIDIN-4-YLAMINO]-ETHANOL",4.92,13.36,5.78,5.23,5.61,5.01,5.4,4.53,5.1,12.87,12.08,7.15,5.92,10.69,5.68,4.65,10.72,5.04
Sulfanilamide,4.92,8.97,4.37,4.55,5.38,4.99,5.73,4.95,5.09,5.69,10.95,6.02,5.61,10.68,3.94,4.8,10.75,5.09
"(3S,5R,7R,8S,9S,10R)-7-(hydroxymethyl)-3-(4-methylphenyl)-1,6-dioxa-2-azaspiro[4.5]decane-8,9,10-triol",4.94,4.43,5.39,5.55,5.13,5.94,5.53,3.68,6.29,8.28,13.78,6.94,6.57,11.6,5.85,4.68,11.34,5.52
Fluciclovine(18F),4.9,4.62,3.87,3.99,4.97,5.1,5.66,3.94,5.93,3.13,11.58,5.88,5.74,10.5,6.0,4.64,11.41,5.4
S-(Dimethylarsenic)Cysteine,4.95,2.8,3.55,3.06,4.97,5.09,6.15,3.79,5.07,4.09,11.93,6.06,5.84,10.31,4.53,4.68,10.76,5.11
Dexketoprofen,5.02,5.02,4.3,4.97,5.47,6.02,5.59,4.42,5.24,7.14,11.83,5.97,5.65,11.49,4.82,5.11,10.65,5.51
Capsaicin,4.96,8.79,6.75,6.77,5.59,5.02,5.53,4.4,5.08,5.61,14.47,5.49,5.29,11.64,5.45,4.84,10.77,5.07
"(4-{4-[(TERT-BUTOXYCARBONYL)AMINO]-2,2-BIS(ETHOXYCARBONYL)BUTYL}PHENYL)SULFAMICACID",4.92,2.51,3.84,4.23,5.55,5.28,6.17,4.29,5.06,3.34,11.47,5.38,6.56,10.74,5.0,5.01,10.93,5.08
Decitabine,5.02,16.64,4.45,4.32,5.0,5.18,5.79,4.36,5.97,15.49,8.36,5.49,6.8,10.35,5.08,4.68,11.21,5.43
Mycophenolicacid,4.99,3.78,3.53,3.32,5.7,5.17,4.27,6.56,5.09,3.23,10.17,5.76,6.77,11.5,3.46,5.35,10.85,5.28
"4,5-bis(4-methoxyphenyl)-2-thiophen-2-yl-1H-imidazole",4.95,11.54,5.17,5.73,5.52,5.97,5.99,4.59,5.11,8.27,13.53,6.74,5.69,11.6,5.13,5.01,11.33,5.06
"4-[3-Hydroxyanilino]-6,7-Dimethoxyquinazoline",4.91,4.88,5.0,5.19,5.56,5.02,7.47,6.25,5.08,4.57,11.01,5.51,5.03,11.89,5.0,4.75,11.21,5.03
2-(ETHOXYMETHYL)-4-(4-FLUOROPHENYL)-3-[2-(2-HYDROXYPHENOXY)PYRIMIDIN-4-YL]ISOXAZOL-5(2H)-ONE,4.98,3.54,5.52,5.57,5.54,6.22,7.39,4.89,5.14,8.52,16.59,6.0,5.93,11.89,5.59,4.88,11.33,5.17
Edeticacid,4.96,5.22,5.13,4.87,4.88,5.1,4.11,3.9,5.18,5.58,11.25,3.66,5.35,10.49,4.16,4.51,11.29,5.31
D-Tryptophan,4.88,6.28,4.84,3.9,5.5,5.04,5.65,4.01,5.15,2.73,11.01,6.29,6.01,11.12,4.99,4.48,11.35,5.12
Dicoumarol,4.98,5.26,3.93,3.88,5.39,5.07,6.85,4.4,5.12,5.06,23.35,6.96,5.85,11.74,5.22,5.1,11.33,5.14
Methazolamide,4.98,6.46,5.46,4.97,5.67,5.19,6.78,7.33,5.12,2.24,7.74,5.45,6.23,11.26,6.02,6.51,11.51,5.1
Nitrazepam,4.94,4.34,4.22,4.34,5.0,6.22,6.05,4.36,5.22,4.14,10.54,5.93,5.53,10.42,5.02,4.77,11.52,5.59
Phosphonotyrosine,4.88,9.43,3.21,3.03,5.18,4.93,6.67,3.55,5.24,2.68,8.21,4.67,6.37,11.16,4.07,4.32,11.59,5.15
"2-(3-FLUORO-4-HYDROXYPHENYL)-7-VINYL-1,3-BENZOXAZOL-5-OL",4.88,6.27,4.96,4.78,5.79,4.98,7.32,6.82,5.15,6.94,16.73,6.99,6.15,11.85,5.99,5.34,11.68,5.28
Tilmicosin,4.89,7.83,4.12,5.62,5.28,4.94,6.5,5.23,5.11,4.08,17.51,6.63,6.32,11.44,6.1,5.01,10.52,5.41
3-(5-methoxy-1H-indol-3-yl)propanoicacid,4.88,3.45,5.76,6.55,5.78,5.01,5.83,5.21,5.09,5.76,11.2,4.66,6.21,11.6,4.92,4.9,11.5,5.15
"1,8-Di-Hydroxy-4-Nitro-Anthraquinone",4.91,9.38,5.41,5.87,5.27,5.59,6.31,4.59,5.08,5.0,12.36,6.7,6.14,13.08,5.98,4.87,12.09,5.25
"2,5-DI-(TERT-BUTYL)-1,4,BENZOHYDROQUINONE",4.93,3.27,4.99,4.92,5.39,5.0,5.77,4.44,5.19,3.4,11.52,6.09,5.66,11.78,5.6,4.64,11.55,5.28
3-[4-(1-formylpiperazin-4-yl)-benzylidenyl]-2-indolinone,4.99,2.6,5.92,6.38,5.47,4.91,6.14,4.91,5.09,5.48,12.34,6.49,5.61,12.09,5.0,5.0,11.53,5.62
"4-HYDROXYBENZALDEHYDEO-(3,3-DIMETHYLBUTANOYL)OXIME",4.93,5.87,5.31,4.64,4.91,5.42,4.73,4.33,5.21,5.91,17.65,7.03,5.59,12.42,4.98,4.88,11.16,5.43
6-Carboxymethyluracil,4.91,2.53,4.33,4.26,4.9,5.35,5.65,4.35,5.11,2.76,11.84,4.31,5.62,10.76,4.07,4.58,11.38,5.22
Kifunensine,4.95,2.36,4.09,5.05,5.39,5.0,5.41,4.77,6.15,4.99,13.71,5.63,5.8,11.95,5.92,4.54,10.75,5.76
Omeprazole,4.96,4.85,5.11,5.5,5.35,4.94,6.91,4.54,5.07,3.49,11.39,7.37,6.11,11.96,4.57,4.71,11.34,5.05
4-HYDROXY-N'-(4-ISOPROPYLBENZYL)BENZOHYDRAZIDE,4.87,5.8,5.68,5.6,5.14,4.82,6.91,4.37,5.05,8.27,11.7,7.08,5.49,11.92,4.09,5.01,11.54,5.08
N-(4-CARBAMIMIDOYL-3-CHORO-PHENYL)-2-HYDROXY-3-IODO-5-METHYL-BENZAMIDE,4.95,8.16,5.12,4.8,5.74,4.93,5.42,5.45,5.07,8.99,16.01,6.98,6.0,11.58,5.21,4.98,11.08,5.04
Phenylalanine-N-Sulfonamide,4.99,4.32,6.34,5.4,5.23,5.59,7.07,4.46,5.41,2.5,10.87,4.79,5.96,11.06,4.45,4.98,10.73,5.43
Theobromine,4.94,5.45,4.7,4.55,4.62,5.35,4.79,4.44,5.2,2.81,10.56,5.72,6.62,10.24,4.21,4.42,10.63,5.21
"2,6-Diamino-HexanoicAcidAmide",4.86,5.66,3.57,3.98,4.98,5.14,4.89,4.64,5.06,9.48,6.06,5.15,5.99,10.58,5.0,4.79,10.66,5.05
"(2R)-3-{[{[(2S)-2,3-DIHYDROXYPROPYL]OXY}(HYDROXY)PHOSPHORYL]OXY}-2-[(9E)-HEXADEC-9-ENOYLOXY]PROPYL(9E)-OCTADEC-9-ENOATE",4.93,5.92,5.21,6.17,5.49,5.07,5.74,4.99,5.36,2.81,19.43,5.17,6.56,11.85,6.04,5.42,10.75,5.09
Methantheline,4.95,5.05,5.36,4.9,5.66,5.61,8.3,5.06,5.07,2.25,10.8,7.13,5.9,11.35,5.67,4.73,11.53,5.1
Acenocoumarol,4.94,6.17,5.05,4.37,5.42,5.48,6.84,4.12,5.09,8.17,10.68,6.09,5.95,11.62,5.01,4.95,11.18,5.2
CRA_1144,4.92,7.36,5.18,4.33,5.57,5.8,6.05,4.76,5.09,5.81,13.18,6.33,5.97,12.24,4.84,4.97,11.81,5.08
(S)-Rolipram,4.96,2.93,5.97,6.4,5.55,5.57,6.8,4.81,5.07,2.66,12.21,6.15,5.7,11.53,4.95,5.02,11.25,5.07
N-(4-sulfamoylphenyl)-1H-indazole-3-carboxamide,4.87,4.03,5.36,4.19,5.5,6.68,5.89,4.56,5.13,2.25,11.79,6.0,5.77,11.78,5.96,4.84,11.51,5.1
Biperiden,5.02,6.78,4.34,4.15,5.85,5.5,6.52,4.8,5.09,8.02,12.34,7.76,6.01,11.36,6.44,4.87,11.59,5.45
"1-Ter-Butyl-3-P-Tolyl-1h-Pyrazolo[3,4-D]Pyrimidin-4-Ylamine",4.96,7.75,5.41,6.3,5.4,4.92,6.11,5.47,5.12,8.42,13.34,6.24,5.77,11.93,5.32,5.04,11.43,5.06
Dienestrol,4.94,6.39,5.07,4.4,5.84,4.91,6.27,4.27,5.16,5.55,16.38,7.14,5.95,11.68,3.62,4.72,11.6,5.3
"(5-Oxo-5,6-Dihydro-Indolo[1,2-a]Quinazolin-7-Yl)-AceticAcid",4.88,5.61,6.14,4.93,5.1,5.35,5.9,4.57,5.52,6.97,14.04,6.7,5.53,11.84,5.11,4.79,11.51,5.34
3-Bromo-7-Nitroindazole,4.87,6.34,4.21,3.92,5.58,5.1,6.2,4.97,5.11,11.7,5.67,5.48,5.5,11.94,5.0,4.87,11.76,5.12
Procaterol,4.9,4.24,7.4,6.98,5.55,5.4,6.28,4.08,5.1,4.29,12.74,6.89,5.73,11.09,6.87,4.82,11.57,5.3
Sodiumcitrate,4.86,7.46,4.04,3.86,4.99,5.04,4.16,4.51,5.09,27.74,23.5,4.51,6.45,11.67,5.7,4.65,10.75,5.14
Nadolol,4.98,19.52,7.45,7.75,5.72,5.55,7.19,4.76,5.06,19.38,12.97,5.04,6.11,12.8,6.42,6.03,10.79,5.18
2-(Acetylamino)-2-Deoxy-6-O-Methyl-Alpha-D-Allopyranose,4.9,8.58,4.71,4.55,6.02,5.0,5.58,4.9,5.63,16.62,11.76,4.5,6.75,11.9,4.63,5.35,10.7,5.17
"4-[3-Methylsulfanylanilino]-6,7-Dimethoxyquinazoline",4.93,2.5,4.99,5.25,5.61,5.19,7.68,6.2,5.08,4.99,11.35,6.37,5.04,12.34,5.0,4.76,11.19,5.03
"2-(4-(AMINOMETHYL)PIPERIDIN-1-YL)-N-(3_CYCLOHEXYL-4-OXO-2,4-DIHYDROINDENO[1,2-C]PYRAZOL-5-YL)ACETAMIDE",4.93,8.62,3.91,4.57,5.49,5.37,6.05,5.33,5.23,3.77,8.78,6.24,6.57,10.46,6.28,4.75,11.26,5.16
Propafenone,4.92,6.54,6.43,7.29,5.61,5.4,6.33,4.58,5.06,6.95,14.6,6.55,5.68,10.66,6.7,6.02,11.31,5.11
"2-CHLORO-N-[(3R)-2-OXO-1,2,3,4-TETRAHYDROQUINOLIN-3-YL]-6H-THIENO[2,3-B]PYRROLE-5-CARBOXAMIDE",4.93,2.78,6.27,5.62,5.72,5.96,6.55,6.6,5.15,4.46,25.65,6.67,5.72,11.88,4.4,5.52,11.05,5.26
O3-Sulfonylgalactose,4.89,6.82,3.01,2.9,5.32,5.23,6.25,3.65,5.2,6.75,11.57,4.79,6.37,11.09,2.47,4.67,10.57,5.2
"3-Decyl-2,5-Dioxo-4-Hydroxy-3-Pyrroline",4.88,2.51,6.28,5.69,5.63,5.27,5.14,4.25,5.27,2.99,12.97,5.18,5.97,11.76,5.58,5.05,10.57,5.14
Elafibranor,4.93,5.16,3.85,4.2,5.45,4.89,6.79,4.62,5.06,5.29,10.84,6.01,6.04,11.66,4.18,5.27,11.25,5.19
Cinitapride,4.89,5.48,4.93,5.02,5.54,5.09,5.91,4.54,5.07,6.62,10.85,5.55,6.46,11.4,5.13,5.29,10.67,5.07
GALACTOSEGREASE,4.85,2.82,6.26,6.21,5.01,5.16,6.72,3.73,5.13,3.03,12.13,5.25,6.38,10.78,4.11,4.39,10.35,5.14
Cerulenin,4.87,23.6,5.69,5.36,5.55,5.17,6.15,4.61,5.14,11.91,18.09,5.99,6.16,11.92,5.8,5.1,11.42,5.14
IsocitricAcid,4.87,4.62,3.52,3.72,5.02,5.13,5.08,3.82,5.12,9.56,1.64,5.3,6.45,11.46,4.26,4.14,10.86,5.12
Forodesine,4.96,8.0,9.16,8.37,5.64,5.32,5.63,6.56,5.09,4.09,17.32,8.33,5.96,11.88,7.6,4.77,10.65,5.14
"5-{3-[3-(2,4-DICHLORO-BENZOYL)-UREIDO]-2-METHYL-PHENOXY}-PENTANOICACID",4.88,7.08,5.27,6.37,5.78,4.84,6.6,4.65,5.17,6.24,14.12,6.75,6.03,11.52,4.96,4.86,11.37,5.24
Chlorothiazide,4.98,2.7,6.08,4.65,5.53,5.76,4.47,5.06,5.3,3.0,13.97,4.8,6.46,11.92,5.07,4.93,11.55,5.34
1-(3-HYDROXYPROPYL)-2-[(3-NITROBENZOYL)AMINO]-1H-BENZIMIDAZOL-5-YLPIVALATE,4.9,4.36,4.51,4.12,5.73,5.19,7.32,6.37,5.11,2.11,11.12,6.55,6.33,11.78,5.15,5.17,11.25,5.06
Epanolol,4.89,5.38,5.74,6.14,6.47,5.66,6.18,6.19,5.06,5.95,13.53,5.84,5.8,11.6,4.95,7.28,11.2,5.07
"N-(4-OXO-5,6,7,8-TETRAHYDRO-4H-[1,3]THIAZOLO[5,4-C]AZEPIN-2-YL)ACETAMIDE",4.98,4.99,4.18,4.26,5.38,4.98,5.03,4.59,5.75,7.75,13.61,4.56,6.54,12.08,5.66,5.06,11.18,5.17
Xamoterol,4.93,4.3,4.46,5.41,5.8,5.49,6.43,4.75,5.16,5.66,11.22,5.35,6.17,11.76,4.85,5.43,11.37,5.12
Pyridoxinephosphate,4.87,6.96,4.22,3.54,5.42,5.07,5.26,4.4,5.05,3.33,11.05,5.34,5.91,10.74,5.01,4.62,10.81,5.15
Bimatoprost,4.94,8.49,6.35,6.55,5.52,5.71,8.13,5.51,5.29,7.99,20.14,6.53,5.76,11.71,5.46,4.88,11.26,5.74
3'-Phosphate-Adenosine-5'-PhosphateSulfate,4.96,13.59,5.46,4.99,5.7,5.04,6.32,5.2,5.1,5.83,15.47,6.32,6.53,11.28,5.31,4.66,10.67,5.2
"1-[(4S)-4-amino-5-(1,3-benzothiazol-2-yl)-5-oxopentyl]guanidine",4.96,4.24,5.85,5.3,5.61,5.66,5.4,4.57,5.07,1.95,11.97,6.11,5.8,11.76,5.96,5.0,10.7,5.15
6-O-benzylguanine,4.9,7.26,4.35,4.51,5.41,5.08,5.54,4.99,5.08,9.08,12.99,4.95,6.22,13.58,4.93,4.76,11.06,5.06
Levetiracetam,4.86,22.75,5.29,4.78,5.16,5.04,4.67,4.48,5.58,20.43,14.73,5.35,5.16,11.87,5.29,4.82,11.13,5.6
2-fluoro-4-[4-(4-fluorophenyl)-1H-pyrazol-3-yl]pyridine,4.86,3.33,4.72,4.75,5.67,5.18,6.23,4.46,5.09,4.52,14.27,6.9,6.46,11.45,5.51,4.97,11.32,5.1
"[4-(5-naphthalen-2-yl-1H-pyrrolo[2,3-b]pyridin-3-yl)phenyl]aceticacid",5.04,6.79,4.63,6.89,6.26,4.86,6.21,5.05,5.26,6.76,13.95,7.58,6.38,12.42,7.2,5.17,11.8,5.26
"5-[(4-Methylphenyl)Sulfanyl]-2,4-Quinazolinediamine",4.91,3.86,5.31,6.23,5.53,5.0,7.8,5.62,5.1,5.73,11.85,5.9,5.78,11.5,4.98,5.15,11.45,5.05
(2S)-3-[(R)-[(1S)-1-amino-3-phenylpropyl](hydroxy)phosphoryl]-2-benzylpropanoicacid,4.89,5.3,7.18,6.51,5.69,5.49,6.82,6.99,5.45,5.27,11.94,6.36,6.35,10.43,4.33,5.77,10.49,5.56
Dexrabeprazole,4.88,2.74,6.41,5.77,5.28,5.2,6.96,4.59,5.09,7.39,13.33,5.56,6.36,11.77,4.5,4.74,11.38,5.08
Ropivacaine,4.99,4.6,6.74,5.06,5.69,5.18,5.45,4.12,5.49,6.35,3.09,5.42,6.09,11.72,3.89,4.37,11.19,5.5
2'-fluoro-2'-deoxyuridine3'-monophosphate,4.88,7.25,5.91,4.34,5.72,4.91,5.83,4.51,5.33,3.17,8.76,5.05,6.49,10.78,4.78,4.55,11.31,5.2
Tylosin,5.04,4.87,4.26,5.52,5.24,4.93,6.12,5.18,5.19,5.97,11.42,6.03,6.26,10.93,6.0,5.62,10.82,5.55
Voxelotor,4.92,2.46,6.17,6.57,5.47,5.45,5.59,5.28,5.09,5.24,10.92,7.37,6.57,11.19,4.26,5.23,10.74,5.1
Tiapride,4.97,7.65,5.52,5.51,5.53,5.78,5.54,4.45,6.04,5.18,17.97,5.92,5.84,11.9,4.81,4.58,11.39,5.86
Mazindol,4.92,3.03,5.6,5.95,5.99,5.44,7.4,6.29,6.36,12.72,9.71,6.81,6.22,11.85,7.16,5.87,11.42,5.57
"1,1,1-TRIFLUORO-3-(OCTYLTHIO)ACETONE",4.91,3.65,6.54,6.26,7.09,5.21,6.77,6.15,5.08,4.39,10.62,5.51,5.53,10.53,4.17,6.2,10.58,5.07
Doramectin,4.86,4.92,5.94,5.48,5.45,4.95,6.05,5.43,5.2,8.45,13.05,7.06,6.64,10.98,7.21,5.84,10.77,5.61
Salbutamol,4.89,10.71,5.76,5.65,6.38,5.65,6.39,4.59,5.53,10.17,10.52,4.68,5.32,11.6,4.87,5.03,10.62,5.68
Adenosine-5'-Ditungstate,4.95,2.9,3.98,3.22,5.73,5.32,6.06,5.09,5.09,4.05,10.88,7.04,6.65,10.51,5.28,4.72,10.55,5.1
"3,6-dihydroxy-xanthene-9-propionicacid",4.9,5.0,5.24,4.38,5.8,5.02,6.84,4.19,5.09,4.85,10.45,5.85,5.35,11.63,5.64,4.69,11.26,5.2
Almotriptan,4.9,6.22,6.31,7.27,5.53,5.14,4.78,6.19,5.06,3.29,11.63,4.92,5.4,11.69,4.93,5.14,11.6,5.19
Sotalol,4.93,4.79,5.37,5.14,5.63,6.0,5.69,5.16,5.08,8.3,10.87,5.76,5.63,11.82,5.12,5.12,11.47,5.29
Carteolol,4.9,6.82,7.36,7.21,5.62,5.65,6.69,4.13,5.28,7.77,15.55,5.31,6.11,12.06,4.65,5.07,10.76,5.24
"2,4-Diamino-6-Phenyl-5,6,7,8,-Tetrahydropteridine",4.96,6.46,6.27,5.75,5.51,5.58,7.08,4.43,5.06,3.14,15.47,6.65,6.34,11.97,5.0,4.64,11.35,5.08
1-DECYL-3-TRIFLUOROETHYL-SN-GLYCERO-2-PHOSPHOMETHANOL,4.93,5.72,7.21,6.41,5.13,5.02,7.81,5.53,5.09,6.32,20.79,5.97,5.72,11.06,6.35,4.9,10.64,5.11
Phenothiazine,4.84,3.48,3.53,3.65,5.34,5.02,6.42,4.64,5.21,15.58,12.75,7.01,6.19,11.2,3.34,4.98,11.32,5.36
Rociverine,4.91,5.04,6.43,6.03,5.85,5.63,6.37,4.54,5.27,9.21,13.12,5.88,6.23,11.51,6.18,5.21,11.35,5.63
Phentolamine,4.94,3.63,7.06,7.35,5.38,5.07,7.9,4.49,5.06,2.93,11.29,5.92,6.2,11.7,5.97,4.72,11.74,5.14
ISO24,4.88,4.01,5.15,4.09,5.05,5.21,4.95,4.5,5.07,5.75,14.01,5.38,6.43,11.61,4.05,4.69,11.3,5.16
"8-(2,5-Dimethoxy-Benzyl)-2-Fluoro-9h-Purin-6-Ylamine",4.91,3.26,4.26,4.77,5.42,5.07,6.08,4.65,5.06,3.39,11.3,6.65,5.95,11.99,4.93,4.77,11.13,5.13
2-deoxy-2-fluoro-α-D-glucose,4.91,5.32,3.48,2.9,4.97,5.1,5.27,3.79,5.92,5.08,25.88,5.85,6.27,11.11,3.23,4.54,10.42,5.36
ATP,4.95,8.43,4.87,4.91,5.7,4.98,5.65,5.25,5.09,0.92,11.89,6.51,6.66,11.59,5.26,4.65,10.67,5.15
Levocetirizine,4.97,5.93,3.26,3.51,5.75,5.71,6.97,4.16,5.14,7.68,12.79,5.58,5.36,11.65,4.4,4.68,11.32,5.2
"2s,4r-4-Methylglutamate",4.86,15.74,3.66,3.92,5.01,5.07,5.37,4.53,5.11,6.24,16.57,5.68,6.5,10.4,5.46,5.11,10.7,5.1
Nitroarginine,4.85,5.01,4.88,4.04,5.49,5.23,4.89,4.12,5.18,6.53,11.84,5.54,6.16,10.77,4.73,4.7,10.71,5.23
"2-[3,4-Dihydroxy-2-Hydroxymethyl-5-(2-Hydroxy-Nonyl)-Tetrahydro-Furan-2-Yloxy]-6-Hydroxymethyl-TetraHydro-Pyran-3,4,5-Triol",4.93,5.73,4.86,5.22,5.19,5.0,5.98,3.88,6.09,9.07,2.06,5.39,6.48,10.67,4.89,4.44,10.41,5.46
Zileuton,4.88,4.97,4.42,5.98,5.63,5.91,5.54,5.37,5.06,5.21,14.39,8.14,5.71,11.45,6.86,5.28,11.29,5.06
4-(1-Amino-1-Carboxy-Ethyl)-BenzoicAcid,4.9,6.12,4.38,4.14,5.01,5.67,5.45,4.14,5.06,6.96,10.76,5.83,5.99,11.69,4.66,4.51,11.47,5.12
Paclitaxeldocosahexaenoicacid,4.93,7.98,6.74,6.84,5.45,5.21,6.53,4.82,5.62,7.08,11.67,7.22,6.13,11.39,6.43,5.07,11.51,5.63
Methadone,4.91,8.69,4.51,4.02,5.49,5.83,6.78,4.46,5.24,6.69,12.4,6.02,5.84,11.13,4.61,4.8,11.0,5.24
Trans-O-Hydroxy-Alpha-MethylCinnamate,4.87,8.5,4.35,4.45,5.1,5.61,6.96,4.47,5.31,2.85,11.98,4.87,6.1,11.91,6.19,4.84,10.52,5.74
Bitolterol,4.94,4.89,5.95,5.41,5.79,4.93,7.92,4.81,5.19,5.7,14.81,6.67,5.04,11.94,5.0,5.43,11.37,5.18
Chenodeoxycholicacid,4.89,2.8,4.43,4.53,5.12,5.1,7.45,4.59,5.2,3.53,13.48,5.92,5.69,11.77,4.9,5.15,10.48,5.41
Pamidronicacid,4.9,6.64,6.18,5.3,5.41,5.07,5.7,5.51,5.07,6.03,12.18,4.09,6.28,11.72,4.79,4.81,11.65,5.17
4-Methylthio-Alpha-D-Mannose,4.92,5.03,2.76,2.71,5.24,5.37,5.52,4.31,6.26,11.6,5.74,4.71,5.73,11.13,4.04,4.73,11.0,5.44
O4-Sulfonylgalactose,4.86,5.09,3.25,3.05,5.32,5.27,6.29,4.07,5.5,5.11,32.17,5.4,6.34,11.34,2.42,4.79,10.62,5.4
Sulfadimethoxine,4.93,4.59,4.98,4.91,5.63,4.88,6.47,4.25,5.09,5.11,7.77,6.87,6.73,12.01,5.0,4.78,11.41,5.12
"TERT-BUTYL{2-[(1,3-THIAZOL-2-YLAMINO)CARBONYL]PYRIDIN-3-YL}CARBAMATE",4.86,5.27,6.5,5.05,5.57,5.01,4.86,5.14,5.03,6.58,11.34,6.27,6.16,11.66,5.88,4.96,10.99,5.1
"4-[(E)-(3,5-DIAMINO-1H-PYRAZOL-4-YL)DIAZENYL]PHENOL",4.89,14.87,3.85,4.69,5.65,4.96,6.77,4.5,5.13,6.5,10.61,6.82,6.3,10.76,3.92,5.1,11.76,5.03
Taurochenodeoxycholicacid,4.89,3.55,4.96,4.51,5.52,5.1,7.45,4.68,5.13,4.51,19.37,6.91,6.39,10.94,5.57,5.06,10.52,5.4
Indecainide,4.9,9.2,4.61,4.03,5.61,5.05,7.09,5.05,5.08,5.91,18.03,7.04,6.34,11.71,7.39,4.97,10.54,5.13
S-METHYL-GLUTATHIONE,4.92,6.1,6.05,5.39,5.7,5.31,6.46,4.02,5.1,6.31,5.54,6.02,6.36,10.97,4.52,4.48,10.74,5.13
2-[3-({Methyl[1-(2-Naphthoyl)Piperidin-4-Yl]Amino}Carbonyl)-2-Naphthyl]-1-(1-Naphthyl)-2-OxoethylphosphonicAcid,4.94,15.18,4.79,4.77,5.8,5.55,7.29,4.41,5.22,6.25,12.55,7.65,5.49,10.57,6.01,4.84,11.39,5.26
"methyl4-(2,3-dihydroxy-5-methylphenoxy)-2-hydroxy-6-methylbenzoate",4.85,7.01,4.58,4.69,5.55,5.3,7.26,4.45,5.28,3.19,8.28,5.04,6.18,11.94,6.12,5.12,11.53,5.43
Eflornithine,4.92,13.12,3.78,3.91,5.49,4.92,6.45,4.31,5.07,15.72,40.65,5.14,6.15,11.16,5.98,4.89,11.38,5.07
"2-amino-N-(4-methyl-1,3-thiazol-2-yl)-5-[(4-methyl-4H-1,2,4-triazol-3-yl)sulfanyl]benzamide",4.89,4.25,4.86,4.6,5.5,5.11,5.29,4.93,5.04,22.5,4.23,6.51,5.73,11.73,4.99,5.08,11.46,5.05
5-N-Allyl-Arginine,4.85,2.27,4.25,4.32,5.16,5.12,7.09,4.22,5.11,4.26,14.19,5.25,6.28,10.56,3.99,4.83,10.59,5.41
2-HYDROXY-5-(2-MERCAPTO-ETHYLSULFAMOYL)-BENZOICACID,4.96,1.79,4.0,3.77,5.48,5.02,5.13,4.11,5.09,4.08,11.2,5.18,5.51,12.01,5.56,4.72,11.6,5.31
3-Amino-4-Oxybenzyl-2-Butanone,4.93,6.16,4.18,4.19,4.85,5.5,5.34,3.88,5.08,7.18,13.22,4.27,5.77,10.55,4.97,4.7,10.65,5.07
"4-(6-HYDROXY-1H-INDAZOL-3-YL)BENZENE-1,3-DIOL",4.92,5.21,5.12,5.48,5.59,4.97,6.1,6.39,5.1,5.55,12.4,6.06,6.02,11.85,5.47,5.25,11.81,5.18
(R)-Atenolol,4.91,5.56,4.12,5.13,5.53,5.22,7.39,6.1,5.08,6.13,11.16,6.52,5.83,11.4,5.04,5.68,11.17,5.05
N-[3-(1H-BENZIMIDAZOL-2-YL)-1H-PYRAZOL-4-YL]BENZAMIDE,4.94,3.09,3.26,4.68,5.66,5.78,6.52,4.96,5.05,4.62,11.16,7.11,5.94,11.85,5.95,5.14,11.35,5.09
"5-(5-CHLORO-2,4-DIHYDROXYPHENYL)-N-ETHYL-4-(4-METHOXYPHENYL)-1H-PYRAZOLE-3-CARBOXAMIDE",4.87,4.15,7.22,6.59,5.53,6.02,7.11,5.55,5.68,6.62,14.72,6.66,5.92,11.25,6.16,5.44,10.84,5.2
Pilsicainide,4.88,3.33,4.16,4.08,5.62,5.08,6.71,4.68,5.29,7.33,16.15,5.91,6.11,11.78,4.12,5.07,11.65,5.25
Di-Stearoyl-3-Sn-Phosphatidylethanolamine,4.97,5.15,7.1,6.74,5.39,5.22,6.49,5.5,5.19,6.42,12.5,5.75,6.46,11.78,6.18,5.7,10.67,5.08
Triclosan,4.89,7.96,3.81,3.31,6.34,5.07,7.36,5.93,5.04,7.43,10.88,6.6,6.12,11.61,3.74,5.72,11.32,5.96
Edetatedisodiumanhydrous,4.95,5.61,5.63,5.05,4.88,5.12,4.72,4.03,5.13,3.34,11.2,5.5,5.35,10.49,4.16,4.63,11.11,5.19
Imidacloprid,4.87,6.33,5.86,6.78,5.58,5.2,5.59,4.53,5.09,7.07,15.25,5.65,5.36,10.74,4.92,4.87,11.67,5.14
Lacosamide,4.9,4.54,4.06,4.19,5.52,5.46,5.94,4.48,5.15,7.61,6.85,4.56,6.18,10.49,4.19,4.74,11.3,5.12
Lamotrigine,4.85,5.05,3.76,4.08,5.01,5.3,4.95,3.55,5.07,7.24,9.8,5.96,6.28,12.16,4.77,4.12,11.5,5.09
Imino-Tryptophan,4.86,5.15,4.22,4.26,5.34,5.04,6.24,4.32,5.11,2.76,14.89,5.94,6.11,10.49,4.98,4.49,11.54,5.13
"(5Z)-13-CHLORO-14,16-DIHYDROXY-3,4,7,8,9,10-HEXAHYDRO-1H-2-BENZOXACYCLOTETRADECINE-1,11(12H)-DIONE",4.86,7.91,6.73,6.68,5.41,5.08,5.25,6.05,5.03,4.6,13.4,5.96,6.38,12.06,5.02,5.4,11.31,5.25
Polaprezinc,4.9,5.45,5.58,4.19,5.14,5.13,5.14,4.81,5.07,7.93,10.64,6.48,5.35,10.26,4.11,4.83,11.61,5.07
"4,6-Dideoxy-4-{[4,5,6-Trihydroxy-3-(Hydroxymethyl)Cyclohex-2-En-1-Yl]Amino}-Alpha-D-Lyxo-Hexopyranosyl-(1->4)-Alpha-D-Threo-Hexopyranosyl-(1->6)-Alpha-L-Threo-Hexopyranose",4.89,5.11,3.96,4.16,4.84,4.93,5.75,4.68,5.21,4.69,11.76,7.11,6.18,10.3,4.62,4.82,10.66,5.16
4-HYDROXY-3-NITROPHENYLACETYL-EPSILON-AMINOCAPROICACIDANION,4.91,3.94,4.78,5.54,5.41,5.12,5.72,4.15,5.15,7.2,12.13,6.26,5.6,11.63,5.23,4.73,10.8,5.14
Dinoprostone,4.9,3.83,4.83,4.55,5.54,5.17,4.57,5.49,5.4,2.26,11.16,5.39,5.78,11.49,5.39,5.21,11.31,6.06
Adenosine5'-phosphosulfate,4.92,5.57,4.95,4.72,5.67,5.05,6.83,5.2,5.13,7.72,19.49,5.67,6.64,10.97,5.07,4.66,10.7,5.41
(2E)-1-[2-hydroxy-4-methoxy-5-(3-methylbut-2-en-1-yl)phenyl]-3-(4-hydroxyphenyl)prop-2-en-1-one,4.83,2.75,5.26,3.62,5.22,5.54,6.6,4.45,5.08,7.3,11.41,6.78,5.49,11.18,4.08,4.72,11.3,5.71
Guanidinoethylmercaptosuccinicacid,4.85,12.07,4.02,4.81,5.26,5.13,5.33,4.3,5.1,3.43,5.89,5.25,5.41,11.53,3.95,4.75,11.3,5.18
AceticAcidSalicyloyl-Amino-Ester,4.89,3.17,5.63,5.12,4.96,5.92,5.57,4.39,5.23,6.69,16.77,7.17,5.27,12.26,4.06,4.87,11.27,5.25
"4-(1h-Imidazol-4-Yl)-3-(5-Ethyl-2,4-Dihydroxy-Phenyl)-1h-Pyrazole",4.92,2.83,5.58,6.35,5.54,5.35,5.26,5.12,5.07,5.6,11.34,8.48,6.08,11.58,5.26,5.02,11.64,5.16
Adenine,4.84,9.22,5.35,4.4,4.91,5.04,4.19,3.94,5.11,3.71,9.05,4.88,6.41,11.37,4.16,4.45,10.8,5.12
2-(4-HYDROXY-PHENYL)BENZOFURAN-5-OL,4.91,3.41,4.58,4.78,5.59,5.23,6.94,4.37,5.02,5.59,13.98,6.53,6.05,11.31,5.09,4.78,11.6,5.16
Bromazepam,4.87,8.93,3.74,4.04,5.0,5.25,6.26,4.22,5.07,3.19,8.62,6.28,5.85,11.98,4.47,4.84,11.39,5.25
5-Amidino-Benzimidazole,4.92,5.49,4.53,4.85,5.39,4.87,6.18,4.2,5.07,13.14,41.01,6.97,6.57,11.5,4.88,4.8,11.65,5.08
Gossypol,4.9,5.12,4.98,5.28,5.76,5.71,6.79,5.15,5.09,5.43,12.02,6.26,5.89,11.64,5.04,4.99,11.71,5.12
"(1R,2R,3S,4R,6S)-3,4,6-Trihydroxy-5-{[(S)-hydroxy(3-hydroxy-2-oxopropoxy)phosphoryl]oxy}-1,2-cyclohexanediylbis[dihydrogen(phosphate)]",4.86,5.78,5.08,5.46,5.58,5.08,5.93,4.63,5.06,12.61,20.91,6.15,6.26,11.63,5.06,4.69,10.71,5.22
N-acetyl-D-glucosamine-6-phosphate,4.85,7.08,3.04,2.71,5.06,5.04,5.37,3.92,5.23,3.63,18.12,5.36,6.08,11.06,3.8,4.96,11.0,5.3
L-Alpha-Glycerophosphorylserine,4.85,3.39,3.74,5.04,5.08,5.06,4.68,4.12,5.13,2.62,10.21,5.31,6.02,11.05,4.77,4.47,10.69,5.13
"(5R)-N,N-DIETHYL-5-METHYL-2-[(THIOPHEN-2-YLCARBONYL)AMINO]-4,5,6,7-TETRAHYDRO-1-BENZOTHIOPHENE-3-CARBOXAMIDE",4.88,2.57,7.21,6.38,5.46,6.54,7.45,4.33,5.83,2.98,10.62,6.72,6.6,10.71,5.7,4.68,11.5,5.32
Pomalidomide,4.85,4.16,5.76,4.59,5.8,5.1,4.68,5.47,5.55,2.25,11.27,7.74,6.04,10.38,5.45,5.03,10.7,5.45
Allosamizoline,4.89,7.08,4.2,4.67,6.07,4.92,5.6,4.53,5.13,10.01,9.44,4.47,6.57,12.47,4.15,4.79,11.08,5.11
PAS219,4.93,9.92,5.94,5.04,5.11,5.05,5.98,3.96,5.07,7.24,15.67,5.75,5.7,11.44,4.21,4.33,11.37,5.17
GC-24,4.86,5.83,6.27,5.65,5.23,5.23,7.57,4.65,5.09,5.82,17.0,5.83,5.37,11.27,6.52,4.99,11.37,5.13
"(2R)-4,4-dihydroxy-5-nitro-2-(phenylmethyl)pentanoicacid",4.86,4.05,5.11,5.36,5.51,5.23,7.54,4.44,5.47,6.23,11.49,4.07,6.39,10.68,4.53,5.36,10.62,5.66
Monastrol,4.89,6.79,5.11,4.32,5.42,5.49,6.2,4.29,5.32,10.6,7.52,5.26,6.27,11.62,4.92,4.81,11.53,5.65
4-(acetylamino)-N-(4-fluorophenyl)-1H-pyrazole-3-carboxamide,4.89,3.73,4.68,4.26,5.33,5.06,5.72,5.27,5.07,4.91,11.27,5.83,6.12,11.57,4.09,5.1,11.54,5.13
Uridine-Diphosphate-N-Acetylgalactosamine,4.92,4.47,3.95,4.2,5.43,4.95,6.94,4.08,5.87,7.31,16.41,5.82,6.12,10.58,4.03,4.69,11.12,5.29
Estazolam,4.94,6.7,6.77,5.8,5.21,4.91,6.64,4.56,5.03,5.87,13.09,7.22,6.12,11.64,6.01,4.97,11.63,5.05
Terazosin,4.85,6.23,7.0,6.78,5.58,5.26,6.48,5.11,5.08,6.56,12.04,6.92,5.75,11.5,5.95,4.92,11.37,5.19
SR12813,4.88,10.23,6.41,6.13,5.43,4.87,5.49,4.46,6.14,26.03,15.54,6.47,6.25,11.0,6.76,4.96,11.54,5.69
Esatenolol,4.9,4.6,4.12,5.13,5.53,5.24,7.56,6.1,5.08,5.66,20.5,6.69,5.83,11.4,5.04,5.68,11.17,5.05
Probucol,4.87,4.81,5.42,4.54,5.69,5.08,5.5,4.53,5.14,4.29,10.31,6.23,5.83,11.4,6.31,4.77,11.55,5.16
"Inositol2,4,5-trisphosphate",4.85,5.21,4.34,5.01,5.6,5.03,6.84,4.94,5.07,6.4,19.0,6.58,6.24,10.81,5.33,4.7,10.62,5.19
"L-erythro-7,8-dihydrobiopterin",4.89,5.32,4.58,4.14,5.62,5.25,5.16,4.22,6.07,5.22,11.49,5.45,5.79,12.11,5.02,4.79,11.66,5.67
Filaminast,4.89,5.34,5.44,3.89,5.56,4.94,5.41,4.9,5.07,6.1,12.01,6.22,5.59,11.67,5.02,4.93,11.4,5.1
"2-[(5,6-DIPHENYLFURO[2,3-D]PYRIMIDIN-4-YL)AMINO]ETHANOL",4.91,3.4,5.93,5.47,5.62,6.05,6.55,4.37,5.12,5.24,10.62,6.61,5.91,11.24,5.36,4.74,10.65,5.11
Tetrastearoylcardiolipin,4.87,5.3,6.58,6.85,5.42,5.4,8.09,5.11,5.36,5.73,15.25,7.53,6.46,11.77,6.17,5.25,10.7,5.11
L-Eflornithine,4.9,8.57,3.78,3.91,5.49,4.92,6.19,4.31,5.07,5.5,16.68,5.06,6.15,11.16,5.98,4.89,11.38,5.07
AcarboseDerivedHexasaccharide,4.89,8.42,4.05,4.54,4.86,4.93,5.75,4.79,5.38,2.56,8.09,7.11,6.21,10.38,5.37,4.78,10.68,5.26
"(5R,7R,8S,9S,10R)-7-(hydroxymethyl)-3-phenyl-1,6-dioxa-2-azaspiro[4.5]dec-2-ene-8,9,10-triol",4.93,7.01,5.16,3.96,5.19,5.3,4.93,3.64,5.88,6.01,16.2,5.58,6.34,10.12,5.11,4.61,10.42,5.75
"6-(3-METHYL-1,4-DIOXO-1,4-DIHYDRONAPHTHALEN-2-YL)HEXANOICACID",4.94,4.04,4.19,3.72,5.33,5.18,5.61,4.53,5.16,2.6,11.24,6.34,6.57,12.44,4.98,4.91,10.46,5.47
"6-(1,1-Dimethylallyl)-2-(1-Hydroxy-1-Methylethyl)-2,3-Dihydro-7h-Furo[3,2-G]Chromen-7-One",4.88,8.8,7.05,6.62,5.6,5.27,6.5,4.96,5.19,8.03,12.86,6.28,5.72,11.88,5.74,5.49,11.65,5.24
"N-(5,6-DIPHENYLFURO[2,3-D]PYRIMIDIN-4-YL)GLYCINE",4.91,5.19,6.2,4.93,5.58,6.0,6.42,4.5,5.11,8.14,12.18,7.05,5.91,11.16,4.87,4.77,10.72,5.2
"SulfamicAcid2,3-O-(1-Methylethylidene)-4,5-O-Sulfonyl-Beta-FructopyranoseEster",4.87,10.01,7.0,6.85,5.27,4.98,7.32,4.81,5.4,11.12,10.96,5.9,6.54,10.47,5.88,5.44,11.0,5.61
1-METHYL-3-PHENYL-1H-PYRAZOL-5-YLSULFAMICACID,4.95,4.68,3.82,5.91,5.47,6.26,5.95,4.89,5.05,5.93,12.0,6.06,5.66,11.26,4.84,4.71,11.25,5.08
L-[(N-Hydroxyamino)Carbonyl]Phenylalanine,4.87,14.65,6.46,5.34,5.56,5.46,5.88,4.91,5.48,3.55,10.94,5.88,6.02,11.51,4.8,5.71,11.51,5.39
"Hg9a-9,Nonanoyl-N-Hydroxyethylglucamide",4.83,3.39,4.43,4.95,5.31,5.01,5.02,4.17,5.1,5.59,11.06,6.61,6.03,11.12,3.76,4.81,11.31,5.07
4-HYDROXY-5-IODO-3-NITROPHENYLACETYL-EPSILON-AMINOCAPROICACIDANION,4.88,5.35,4.69,5.15,5.78,5.1,6.4,4.45,5.13,5.41,11.33,6.42,5.99,11.25,6.76,4.69,10.67,5.12
4-Deoxy-Alpha-D-Glucose,4.84,10.16,5.04,4.23,5.39,5.22,6.04,4.25,5.84,6.81,13.53,4.99,5.93,11.09,3.07,4.68,11.44,5.43
Isosorbide,4.86,4.85,4.74,4.99,5.46,5.07,5.48,4.27,5.15,5.9,11.58,6.36,6.28,11.28,3.87,4.85,10.77,5.18
Bufotenine,4.88,5.4,6.6,5.55,5.99,5.01,5.05,5.73,5.13,5.6,13.74,3.74,5.59,11.6,4.98,5.04,12.2,5.19
(R)-1-Para-Nitro-Phenyl-2-Azido-Ethanol,4.85,7.31,4.64,5.14,5.35,5.28,6.35,4.84,5.6,6.56,13.95,6.22,6.13,11.58,4.55,4.81,11.55,5.35
Belinostat,4.93,3.32,4.37,4.13,5.67,5.91,5.95,5.44,5.41,4.46,15.24,5.99,6.32,11.63,4.01,5.18,11.68,5.56
Brexanolone,4.89,7.12,4.81,3.56,5.69,5.15,7.52,5.34,5.08,6.81,14.37,6.2,5.76,11.67,5.0,5.16,11.52,5.21
Labetalol,4.89,6.16,6.86,6.35,5.91,5.53,6.81,6.11,5.26,5.1,11.9,8.16,5.52,11.58,5.15,5.63,10.77,5.12
Oxybenzone,4.89,3.47,4.51,5.47,5.52,5.84,5.34,4.36,5.08,5.36,10.94,5.84,5.21,11.74,5.0,4.73,11.65,5.07
Chlorzoxazone,4.88,9.81,4.27,3.88,5.07,5.04,5.88,4.48,5.31,3.37,19.77,7.72,6.26,11.65,3.66,4.79,11.25,5.11
Venlafaxine,4.91,5.25,5.1,5.28,5.72,4.96,4.74,5.54,5.08,6.33,10.67,6.44,5.94,10.47,4.41,5.06,11.14,5.04
Ribose-1-Phosphate,4.84,2.32,4.32,5.12,5.31,5.03,5.16,4.14,5.6,3.81,12.83,5.2,6.37,11.97,4.06,4.47,10.61,5.38
Alendronicacid,4.88,6.48,6.5,5.72,5.18,5.07,5.55,5.19,5.07,3.35,10.95,4.4,6.08,11.38,5.73,4.75,11.68,5.12
"4-[3-(4-chlorophenyl)-2,1-benzisoxazol-5-yl]pyrimidin-2-amine",4.87,3.58,3.55,3.44,5.63,5.67,6.78,4.34,5.08,4.91,15.52,6.46,6.08,11.56,5.42,5.41,11.09,5.04
Curcuminsulfate,4.88,3.31,3.69,3.87,5.61,5.09,6.93,4.49,5.08,5.57,12.9,6.92,5.49,11.63,4.24,4.67,11.52,5.23
(2S)-2-(4-chlorophenyl)-2-[4-(1H-pyrazol-4-yl)phenyl]ethanamine,4.87,6.08,4.72,4.86,5.71,4.88,6.7,5.73,5.08,5.34,11.35,7.6,5.55,11.6,4.19,5.52,11.61,5.07
Eslicarbazepine,4.83,15.43,5.56,5.33,5.03,5.06,5.05,4.7,5.08,6.86,11.71,7.03,6.21,10.37,4.8,4.81,10.57,5.12
S-(4-BROMOBENZYL)CYSTEINE,4.87,5.68,4.86,6.27,4.96,4.9,6.65,4.64,5.06,5.82,11.86,6.02,5.76,11.5,6.05,4.91,10.76,5.09
Cystine,4.83,4.59,5.08,5.91,4.93,5.17,5.9,4.07,5.08,13.53,4.78,5.64,5.99,10.44,5.18,5.22,10.6,5.18
alpha-D-glucose-1-phosphate,4.84,2.57,4.24,4.64,5.31,5.03,5.01,3.98,5.54,3.59,13.81,4.88,6.36,11.7,4.23,4.44,10.67,5.32
"3-[(2,2-DIMETHYLPROPANOYL)AMINO]-N-1,3-THIAZOL-2-YLPYRIDINE-2-CARBOXAMIDE",4.84,8.92,6.95,6.29,5.69,4.98,5.3,5.45,5.04,5.51,12.03,7.14,6.41,11.68,4.79,4.86,10.76,5.16
Phenylpropanolamine,4.84,16.6,3.54,4.07,5.25,6.01,5.28,3.94,5.11,19.41,12.37,6.29,6.09,11.07,4.04,4.46,11.6,5.13
3-[(1s)-1-(Dimethylamino)Ethyl]Phenol,4.91,9.32,4.63,4.68,5.08,5.34,7.26,5.62,5.03,2.72,8.25,5.54,5.88,11.69,3.25,5.28,11.7,5.14
D-[(Amino)Carbonyl]Phenylalanine,4.85,9.8,3.9,4.23,5.38,5.56,6.11,4.06,5.45,11.99,15.89,5.13,6.49,11.38,2.78,4.67,10.87,5.14
3-Methylphenylalanine,4.88,6.34,4.26,6.05,5.4,5.01,5.53,3.94,5.52,6.49,17.19,5.19,6.46,11.22,2.85,4.62,11.19,5.15
5-[2-(1H-pyrrol-1-yl)ethoxy]-1H-indole,4.91,6.19,3.73,3.56,5.37,4.93,6.78,4.19,5.09,4.95,6.99,6.01,6.12,11.41,5.62,4.54,11.45,5.09
"1D-myo-inositol1,4,5-trisphosphate",4.84,3.59,4.34,5.01,5.6,5.02,6.8,4.94,5.07,5.38,10.26,6.49,6.24,10.81,5.33,4.7,10.62,5.19
"5-Alpha-Androstane-3-Beta,17beta-Diol",4.84,6.17,8.09,7.66,5.45,5.15,7.91,5.39,5.12,5.53,10.92,6.71,5.91,11.74,7.52,5.31,10.79,5.48
Dodecyl-Alpha-D-Maltoside,4.83,2.78,6.9,5.88,4.94,4.94,5.49,4.04,5.13,5.38,11.42,4.24,6.47,10.56,4.0,4.62,10.35,5.08
Practolol,4.85,5.17,4.22,4.87,5.15,5.47,6.96,4.99,5.08,5.36,10.94,5.55,6.11,10.79,4.25,4.81,11.26,5.06
FG-2216,4.89,8.68,4.67,4.77,5.34,5.78,5.66,4.49,5.2,2.96,14.9,6.35,5.75,10.69,4.15,4.82,11.42,5.21
Ezogabine,4.88,8.33,5.86,4.83,5.49,4.98,5.86,5.04,5.08,5.11,16.24,6.26,5.81,10.67,4.02,4.85,11.2,5.11
Cenobamate,4.83,4.06,5.48,6.02,5.64,5.15,6.01,5.07,5.09,8.69,14.3,5.61,6.22,11.34,6.32,4.69,10.8,5.17
RU78300,4.84,2.94,4.78,4.25,5.16,5.06,5.11,3.81,5.08,3.19,12.92,4.62,5.2,11.86,4.5,4.3,11.55,5.19
CA4P,4.87,11.09,5.59,5.71,5.54,5.08,7.42,4.35,5.09,5.42,30.51,5.37,5.13,11.38,3.77,4.87,11.69,5.17
Roxatidineacetate,4.84,11.19,6.77,7.0,5.87,5.44,5.72,4.98,5.08,2.29,12.56,5.23,5.92,10.55,6.19,4.8,11.38,5.05
Gliclazide,4.94,4.18,5.19,4.35,5.53,5.07,4.86,4.9,5.2,6.61,11.73,5.91,5.94,11.79,5.02,4.97,11.32,5.21
Zalcitabine,4.91,2.8,4.21,4.18,5.54,5.07,6.4,4.68,5.14,6.62,13.08,5.75,6.41,11.66,4.56,4.76,11.36,5.14
Moclobemide,4.89,5.97,5.41,5.25,5.01,4.97,5.0,4.19,5.11,5.81,12.14,6.17,5.44,11.29,4.48,4.64,11.21,5.18
Ataluren,4.88,3.77,5.7,6.12,5.35,5.8,7.45,4.88,5.06,2.34,11.41,5.47,6.51,11.67,5.0,4.89,11.48,5.11
Clobazam,4.86,9.82,5.57,5.95,5.53,5.2,6.07,4.91,5.25,2.88,15.85,6.28,6.83,10.82,4.01,4.71,11.12,5.11
Roxadustat,4.92,6.62,4.68,5.0,5.62,5.22,6.98,4.56,5.06,5.04,14.16,6.54,5.74,11.29,6.9,5.11,11.17,5.11
(3-Chloro-4-Propoxy-Phenyl)-AceticAcid,4.91,12.41,3.41,3.32,5.54,4.88,5.66,4.5,5.11,5.06,43.63,5.72,5.85,10.32,4.09,4.56,11.37,5.14
Rhein,4.89,4.77,6.47,5.67,5.1,6.03,5.76,4.23,5.26,2.12,11.33,6.53,6.46,13.77,5.49,4.72,11.98,5.22
1-3SugarRingofPentamannosyl6-Phosphate,4.89,3.44,4.73,4.09,5.25,4.95,5.48,4.2,5.22,3.35,11.97,6.89,6.25,11.42,6.7,4.66,10.84,5.22
Cycrimine,4.93,8.07,6.03,5.9,5.95,5.93,6.42,4.83,5.25,5.83,8.93,6.88,6.11,11.47,5.08,5.13,11.5,5.43
"4-(2,5-DIAMINO-5-HYDROXY-PENTYL)-PHENOL",4.87,6.04,4.92,5.34,5.57,4.97,6.51,4.33,5.34,4.67,12.05,6.41,6.36,10.96,3.96,4.84,11.71,5.14
Ezetimibe,4.91,4.78,5.04,4.84,5.52,5.92,5.66,4.39,5.28,6.77,10.54,7.2,6.5,10.5,6.36,4.98,11.6,5.34
Rabeprazole,4.86,6.68,6.41,5.77,5.28,5.0,6.96,4.59,5.09,7.14,11.73,5.2,6.36,11.77,4.5,4.74,11.38,5.08
Rutin,4.85,5.15,4.24,4.44,5.12,5.03,8.03,4.08,5.1,4.95,12.03,4.69,5.25,10.87,6.01,4.88,11.04,5.16
P1-(5'-Adenosyl)P5-(5'-(3'azido-3'-Deoxythymidyl))Pentaphosphate,4.82,4.13,4.94,4.03,5.81,4.94,5.88,5.3,5.1,5.71,9.97,8.59,6.05,11.81,5.36,4.7,11.17,5.73
Praziquantel,4.84,5.99,3.97,4.5,5.63,5.37,6.8,4.52,5.29,5.65,13.98,6.76,5.93,11.72,6.06,4.42,10.55,5.5
"4-(1,3-Benzodioxol-5-Yl)-5-(5-Ethyl-2,4-Dihydroxyphenyl)-2h-Pyrazole-3-CarboxylicAcid",4.89,6.47,5.47,5.39,5.37,5.8,5.55,5.29,5.61,2.75,7.98,6.35,5.86,11.4,6.03,5.04,11.38,5.21
Isatoribine,4.85,8.52,4.08,4.26,5.56,5.23,5.73,3.83,5.89,6.57,14.31,4.51,6.39,10.84,5.02,4.41,11.28,5.39
Peldesine,4.89,3.09,5.43,5.94,5.49,5.03,5.76,4.52,5.06,3.29,16.49,6.65,5.81,10.96,6.39,4.75,11.04,5.06
Eplivanserin,4.87,6.15,4.11,4.89,5.53,5.58,6.78,4.59,5.16,4.77,20.28,7.17,6.18,11.43,5.98,4.77,11.47,5.29
"2-(methylamino)-N-(4-methyl-1,3-thiazol-2-yl)-5-[(4-methyl-4H-1,2,4-triazol-3-yl)sulfanyl]benzamide",4.88,6.13,4.58,4.49,5.5,5.06,6.54,4.45,5.03,6.54,20.22,6.8,5.58,11.65,4.89,5.1,11.37,5.05
RU79073,4.9,11.7,3.48,3.69,5.37,4.96,7.0,3.36,5.36,11.61,10.7,6.0,6.27,10.86,4.39,4.59,10.76,5.15
2-Thiomethyl-3-PhenylpropanoicAcid,4.89,1.92,7.37,6.82,5.22,5.56,6.6,7.26,5.54,4.07,11.39,5.5,6.03,11.32,6.04,6.34,11.19,5.72
"N,N-dimethylarginine",4.87,3.1,4.45,4.56,5.66,5.05,6.09,4.36,5.13,4.4,10.97,5.7,6.57,10.74,4.36,5.27,10.64,5.15
"5-methoxy-N,N-dimethyltryptamine",4.91,5.38,6.59,6.85,5.92,5.02,5.21,5.37,5.08,5.0,12.15,5.38,5.62,11.55,4.96,5.15,11.78,5.11
4-BROMO-3-(CARBOXYMETHOXY)-5-PHENYLTHIOPHENE-2-CARBOXYLICACID,4.86,6.65,5.56,3.86,5.39,5.28,6.14,3.74,5.07,4.15,10.11,5.8,6.41,11.6,6.0,4.72,10.7,5.16
Sphingosine,4.9,6.43,4.17,4.58,5.05,5.12,5.29,4.02,5.21,5.66,15.74,6.9,6.32,10.44,5.05,4.94,11.14,5.08
N-(5-Amino-5-Carboxypentyl)GlutamicAcid,4.82,5.28,4.93,4.39,5.04,5.14,6.02,4.36,5.08,6.52,13.39,5.54,5.49,11.11,4.16,4.87,10.45,5.17
N-Acetylglucosamine,4.82,15.22,4.59,5.47,5.61,5.0,4.16,4.03,5.64,5.24,12.53,5.37,6.36,10.94,3.8,4.65,11.57,5.22
LeucinePhosphonicAcid,4.84,5.71,4.15,3.89,5.51,5.05,4.39,4.97,5.13,4.82,15.86,5.17,6.38,11.27,5.34,4.58,10.62,5.12
N-(2-Aminoethyl)-5-Chloroisoquinoline-8-Sulfonamide,4.82,12.21,4.82,4.38,5.33,6.92,5.92,4.22,5.09,2.33,13.76,7.0,5.91,10.66,5.04,4.99,11.44,5.05
Arbaclofen,4.85,5.37,5.75,5.9,4.97,6.04,6.23,4.55,5.07,2.21,11.21,5.38,5.88,11.86,4.06,4.71,11.67,5.03
Lamivudine,4.88,16.81,4.16,4.35,5.49,5.18,6.5,5.02,5.2,17.24,10.35,5.42,6.41,11.55,4.43,4.75,11.34,5.12
Nylidrin,4.84,8.82,5.23,4.5,6.37,5.76,6.84,4.41,5.35,8.89,11.02,7.3,5.86,11.44,5.19,5.01,10.88,5.23
Triflusal,4.85,5.62,5.89,6.31,5.29,4.93,5.71,4.74,5.06,2.23,11.5,4.81,5.56,11.69,5.96,5.12,11.38,5.12
Aceclofenac,4.82,8.98,5.17,6.06,5.73,5.17,6.28,4.42,5.57,7.5,36.85,6.53,6.44,11.15,5.36,4.78,11.45,5.39
"8,9,10-trihydroxy-7-hydroxymethyl-3-methyl-6-oxa-1,3-diaza-spiro[4.5]decane-2,4-dione",4.81,12.65,3.42,3.34,5.62,5.03,3.54,4.27,6.22,7.36,12.43,6.3,6.14,12.07,5.27,4.6,11.02,5.47
7-{[(CYCLOHEXYLAMINO)CARBONYL]AMINO}HEPTANOICACID,4.84,6.21,3.88,4.13,5.43,5.45,4.62,3.8,5.13,7.04,13.3,4.83,5.2,11.44,4.22,4.58,10.46,5.18
L-homoarginine,4.84,3.04,4.91,4.45,5.23,5.07,6.44,4.22,5.1,4.38,26.99,6.12,6.32,10.61,4.97,4.81,10.61,5.16
TetrazolylHistidine,4.91,4.87,5.49,4.65,5.45,4.95,6.0,5.39,5.07,2.45,10.98,6.83,6.06,10.85,4.0,5.61,11.62,5.07
"(3,4,5-Trihydroxy-6-Hydroxymethyl-Tetrahydro-Pyran-2-Yl)-PhosphoramidicAcidDimethylEster",4.81,12.79,4.16,3.42,5.17,5.13,6.45,3.57,5.66,3.69,8.32,6.82,5.95,11.55,5.93,4.38,10.81,5.51
Glutaminet-butylester,4.86,2.27,4.14,4.12,5.47,5.09,4.33,4.22,5.07,3.19,11.03,6.0,6.37,11.37,3.83,4.63,10.63,5.1
3-pyridin-4-yl-1H-indazole,4.88,6.63,5.67,5.81,5.46,5.15,6.01,4.61,5.12,7.36,13.4,6.45,6.36,11.59,4.14,4.95,11.41,5.04
FeruloylCoenzymeA,4.83,2.95,5.46,5.31,5.73,5.17,6.7,4.49,5.09,3.76,22.43,6.81,6.32,11.58,5.8,4.87,11.1,5.1
"(3R)-8-(dioxidosulfanyl)-3-methyl-1,2,3,4-tetrahydroquinoline",4.86,2.52,4.3,4.75,5.54,5.13,6.43,3.93,5.12,3.4,12.32,4.94,6.34,12.04,4.78,4.61,11.38,5.8
"6-CYCLOHEXYLMETHYLOXY-5-NITROSO-PYRIMIDINE-2,4-DIAMINE",4.87,5.51,4.62,4.37,5.49,5.13,3.87,4.06,5.05,7.18,12.21,5.26,6.05,11.54,5.01,4.47,10.78,5.06
alpha-maltotriose,4.86,7.4,4.52,4.19,4.91,4.95,5.45,4.17,5.34,9.04,11.03,4.71,6.42,10.56,3.97,4.73,10.54,5.24
Pyridoxalphosphate,4.82,5.2,5.21,4.14,5.39,5.03,5.44,4.97,5.09,6.13,16.42,4.61,5.82,10.66,5.26,4.98,11.21,5.18
N-(TRANS-4'-NITRO-4-STILBENYL)-N-METHYL-5-AMINO-PENTANOICACID,4.85,9.04,3.73,4.78,5.49,5.72,7.65,4.45,6.02,5.82,11.14,6.19,6.32,11.63,4.95,4.74,11.43,5.81
Remacemide,4.87,3.18,6.16,5.74,5.52,5.58,5.42,4.45,5.2,2.59,11.56,6.63,5.85,11.66,5.09,4.5,11.65,5.16
PHOSPHONICACID2-DODECANOYLAMINO-HEXYLESTERPROPYLESTER,4.81,4.45,4.85,5.21,5.58,5.07,6.89,4.2,5.16,2.12,11.42,5.81,5.76,11.47,5.27,4.86,10.89,5.08
Thymidine,4.88,4.59,3.83,4.5,5.16,5.13,5.27,5.14,6.41,7.11,12.68,6.76,6.6,10.58,4.37,4.68,11.68,5.69
"N-(2-Thienylmethyl)-2,5-Thiophenedisulfonamide",4.88,6.36,7.51,7.03,5.36,7.15,5.7,5.82,5.13,6.23,11.94,6.19,6.03,11.65,7.44,5.25,11.24,5.14
alpha-L-methyl-fucose,4.81,11.12,2.68,2.64,5.53,5.27,5.14,4.03,5.13,4.97,13.63,4.94,6.24,11.18,3.2,4.59,10.76,5.15
Acefylline,4.88,7.49,4.5,4.42,5.38,4.98,5.02,4.31,5.27,5.68,8.55,5.47,6.59,10.29,4.13,4.64,10.52,5.2
"6-ETHYL-5-PHENYLPYRIMIDINE-2,4-DIAMINE",4.88,6.46,7.37,5.95,5.56,6.21,5.74,5.5,5.07,4.97,15.31,7.01,6.01,11.48,4.07,5.17,11.41,5.06
Carbamazepine,4.86,6.95,5.33,4.58,5.4,4.99,5.51,4.32,5.09,5.18,10.83,5.93,6.65,12.42,5.94,4.65,11.63,5.05
Melperone,4.84,8.25,6.34,5.97,4.96,4.89,6.24,5.1,5.12,2.8,10.84,5.5,6.06,11.36,5.07,4.89,11.34,5.12
(2R)-2-(4-chlorophenyl)-2-[4-(1H-pyrazol-4-yl)phenyl]ethanamine,4.86,5.78,4.72,4.86,5.71,4.91,7.12,5.73,5.08,6.58,13.2,7.18,5.55,11.6,4.19,5.52,11.61,5.07
Acetazolamide,4.84,10.66,6.79,6.64,5.6,5.31,5.43,6.24,5.1,4.52,12.0,5.0,6.04,11.6,6.09,5.43,11.63,5.19
"4-[4-(2,3-DIHYDRO-1,4-BENZODIOXIN-6-YL)-3-METHYL-1H-PYRAZOL-5-YL]-6-ETHYLBENZENE-1,3-DIOL",4.8,5.97,5.09,5.52,5.37,5.91,5.96,4.9,5.38,5.81,11.01,7.16,5.99,11.43,6.0,5.03,11.61,5.22
Mepindolol,4.83,7.38,6.97,7.1,5.62,5.57,6.45,4.95,5.07,5.05,9.85,4.84,6.26,10.71,6.14,5.22,11.16,5.07
Sulfaphenazole,4.88,4.67,3.96,4.05,5.45,5.02,6.05,4.62,5.11,4.53,10.41,6.61,5.81,11.56,4.69,4.89,11.31,5.11
Metahexamide,4.9,4.84,4.32,4.16,5.58,5.03,5.89,4.24,5.09,5.46,11.14,7.01,6.29,11.77,4.89,4.87,11.05,5.32
"N'-((2S,3R)-3-AMINO-2-HYDROXY-5-(ISOPROPYLSULFANYL)PENTANOYL)-N-3-CHLOROBENZOYLHYDRAZIDE",4.86,6.72,5.22,5.65,5.24,5.81,6.31,5.54,5.12,5.99,13.08,6.42,5.94,11.66,5.17,4.98,10.35,5.16
Cytarabine,4.87,4.96,4.15,4.04,5.13,4.94,4.8,3.28,5.37,9.83,17.74,5.72,6.58,10.13,4.59,4.2,10.66,5.25
1-Anilino-8-NaphthaleneSulfonate,4.82,3.67,6.07,4.27,5.53,6.01,6.16,4.38,5.44,2.66,13.26,6.73,6.18,11.82,4.85,4.87,11.59,5.17
2-[1-(4-chlorobenzoyl)-5-methoxy-2-methyl-1H-indol-3-yl]-n-[(1R)-1-(hydroxymethyl)propyl]acetamide,4.85,6.7,5.56,4.76,5.74,4.85,6.96,5.47,5.16,4.5,10.43,6.69,5.63,11.09,4.99,5.01,11.12,5.17
Lormetazepam,4.81,4.27,6.56,6.11,5.3,6.22,5.53,4.47,5.08,13.58,13.04,6.65,6.18,10.95,4.79,4.84,11.58,5.18
N-[(4-methoxyphenyl)sulfonyl]-D-alanine,4.88,5.76,4.2,3.83,5.52,6.64,6.57,4.48,5.09,5.02,22.07,4.96,5.92,11.71,4.7,4.7,10.65,5.08
ETHYL(1E)-2-PHENYL-N-(SULFOOXY)ETHANIMIDOTHIOATE,4.87,7.19,3.9,3.64,5.52,5.41,7.07,4.52,5.16,4.67,10.87,4.58,6.43,11.4,4.85,4.98,11.35,5.08
"5,6-Cyclic-Tetrahydropteridine",4.82,3.99,5.6,5.05,5.52,5.13,6.27,4.32,5.37,2.1,11.37,5.72,6.34,11.48,6.09,4.77,10.75,5.24
"1-methyl-3-naphthalen-2-yl-1H-pyrazolo[3,4-d]pyrimidin-4-amine",4.87,5.47,6.03,6.31,5.48,5.57,6.82,5.47,5.59,2.77,11.62,6.33,5.91,11.81,5.15,5.05,11.54,5.16
Levosalbutamol,4.84,5.35,5.76,5.65,6.38,5.6,6.74,4.59,5.53,2.7,11.23,6.87,5.32,11.6,4.87,5.03,10.62,5.68
Dinoprosttromethamine,4.88,5.2,5.33,4.79,5.63,5.2,7.04,4.62,5.38,4.7,6.39,6.27,6.18,11.43,5.24,5.11,11.03,5.42
N-acetylserotonin,4.85,3.33,5.8,4.46,5.93,5.03,5.38,5.03,5.12,4.13,14.44,3.98,5.38,11.57,4.99,4.83,11.59,5.14
Diethylstilbestrol,4.88,10.51,5.08,4.04,5.78,5.45,5.8,4.8,5.1,8.08,11.29,6.72,6.22,11.6,6.01,4.98,11.57,5.24
Olanzapine,4.88,7.52,4.96,5.26,5.53,5.44,5.49,5.77,6.19,6.93,23.51,6.97,6.71,11.68,6.01,6.19,11.38,5.74
Dioxybenzone,4.86,6.12,4.49,5.21,5.53,5.76,5.56,4.44,5.08,5.21,6.55,6.33,5.23,11.88,4.91,4.96,11.9,5.05
2-Deoxy-2-AminoGlucitol-6-Phosphate,4.81,14.59,4.02,4.22,5.22,5.04,4.68,3.92,5.08,10.16,14.33,6.31,6.43,11.05,5.11,4.62,11.4,5.09
Bupivacaine,4.87,5.34,6.67,5.65,5.69,5.16,5.28,4.27,5.31,6.45,12.24,6.09,6.09,11.72,3.89,4.58,10.87,5.27
Bromotheophylline,4.86,2.48,5.83,5.22,5.44,5.07,5.36,4.19,5.28,2.91,12.56,5.91,6.56,9.93,4.19,4.72,11.42,5.13
"3h-Indole-5,6-Diol",4.79,6.3,3.79,3.34,5.3,4.99,5.19,4.15,5.17,5.1,14.73,5.67,6.36,11.69,3.96,4.57,11.8,5.12
Celiprolol,4.82,4.01,5.51,5.04,5.6,5.12,7.05,5.67,5.06,8.04,24.22,6.13,6.01,11.66,5.0,5.25,11.1,5.09
5-CYANO-FURAN-2-CARBOXYLICACID[5-HYDROXYMETHYL-2-(4-METHYL-PIPERIDIN-1-YL)-PHENYL]-AMIDE,4.9,6.45,5.75,4.84,5.71,6.41,6.01,6.95,5.06,6.16,11.24,6.26,5.48,11.62,4.04,5.63,10.86,5.1
"1-[(2-Amino-6,9-Dihydro-1h-Purin-6-Yl)Oxy]-3-Methyl-2-Butanol",4.87,5.17,4.62,5.03,5.24,5.1,5.63,3.85,5.08,5.78,11.07,5.66,6.41,12.09,5.94,4.37,11.19,5.07
Flucytosine,4.85,6.85,4.23,4.07,5.61,5.12,5.03,4.26,5.11,2.53,7.92,4.76,5.94,10.45,3.79,4.58,10.86,5.07
2-(methylsulfanyl)-5-(thiophen-2-ylmethyl)-1H-imidazol-4-ol,4.86,5.01,4.49,3.97,5.31,5.14,5.17,4.93,5.36,2.96,11.37,4.75,6.08,11.25,4.0,4.77,11.28,5.12
Famotidine,4.87,10.63,6.26,5.32,5.29,5.21,6.84,4.49,5.08,19.21,9.86,7.15,6.42,11.42,6.72,4.99,10.8,5.09
4-NITRO-BENZYLPHOSPHONOBUTANOYL-GLYCINE,4.82,7.03,6.25,5.97,5.15,5.09,7.92,4.36,5.1,3.3,15.09,6.45,5.67,11.76,4.33,4.81,11.24,5.12
"Nalpha-(2-Naphthylsulfonylglycyl)-3-Amidino-D,L-Phenylalanine-Isopropylester",4.87,5.35,5.93,4.72,5.44,6.71,6.97,4.31,5.13,5.42,22.39,6.31,6.23,11.88,5.0,4.7,11.45,5.1
Acemetacin,4.84,8.8,4.72,6.02,5.76,5.83,7.05,5.11,5.12,8.3,10.8,7.16,6.44,11.59,5.0,5.0,11.28,5.15
Temazepam,4.82,3.27,5.92,6.08,5.33,6.22,5.4,4.25,5.07,6.83,10.79,7.34,6.02,10.62,4.42,4.71,11.54,5.13
Diclofenac,4.8,8.95,6.68,6.87,5.94,5.12,5.92,5.55,5.81,7.5,5.2,6.22,6.11,10.91,6.88,5.5,11.43,5.74
(2S)-2-(biphenyl-4-yloxy)-3-phenylpropanoicacid,4.88,10.47,4.53,4.63,5.49,5.25,7.4,4.61,5.42,7.79,10.76,6.38,6.16,11.46,3.72,4.93,11.24,5.27
Bupranolol,4.81,4.65,8.08,7.48,5.78,5.01,6.62,4.59,5.13,4.76,10.66,6.59,5.77,10.77,7.3,5.81,11.16,5.08
Tezacitabine,4.87,4.53,4.42,4.06,5.4,5.01,4.49,4.04,5.62,7.01,11.39,7.01,6.2,11.07,5.78,4.62,11.3,5.81
Phosphatidylethanolamine,4.88,5.84,7.2,7.14,5.39,5.06,7.89,5.27,5.19,4.84,10.45,5.43,6.46,11.78,6.18,5.63,10.92,5.09
3-[5-(2-nitropent-1-en-1-yl)furan-2-yl]benzoicacid,4.85,7.74,5.77,6.32,5.06,5.58,6.15,4.82,5.13,4.53,11.24,5.35,6.12,11.59,6.26,4.98,11.16,5.16
Idronoxil,4.87,7.09,4.52,3.3,5.54,5.14,7.61,4.28,5.02,10.84,14.24,7.12,5.88,11.65,5.79,4.74,11.45,5.19
2-(3'-Methoxyphenyl)Benzimidazole-4-Carboxamide,4.83,4.61,5.34,5.56,5.57,5.29,6.92,5.27,5.09,5.76,11.28,6.84,5.97,11.8,6.58,5.05,11.28,5.05
"5-Phenylsulfanyl-2,4-Quinazolinediamine",4.85,6.41,5.2,6.0,5.52,5.3,6.75,5.29,5.08,9.8,11.42,5.4,5.78,11.36,4.96,4.98,10.76,5.08
Alclofenac,4.81,4.96,3.33,3.82,5.55,5.04,5.77,4.51,5.18,7.05,8.62,5.4,6.03,10.75,4.08,4.79,11.38,5.7
Guanine,4.85,4.06,4.97,4.65,5.05,5.05,5.43,4.15,5.27,4.99,12.95,4.23,5.39,10.92,4.1,4.59,10.56,5.19
"(5E)-2-Amino-5-(2-pyridinylmethylene)-1,3-thiazol-4(5H)-one",4.85,7.56,5.55,6.04,5.37,5.28,5.91,4.84,5.05,5.5,18.47,7.02,6.21,10.8,3.61,4.69,10.81,5.12
"N~3~-[3-(1H-INDOL-6-YL)BENZYL]PYRIDINE-2,3-DIAMINE",4.88,5.5,6.04,4.29,5.56,5.48,6.93,4.41,5.15,5.58,14.78,7.88,5.85,11.62,5.0,4.72,11.61,5.05
Tienilicacid,4.87,4.53,5.97,5.9,6.29,5.93,6.3,4.81,5.17,3.9,11.57,6.57,6.18,11.85,5.24,4.92,11.39,5.16
Bromfenac,4.88,3.73,4.43,5.35,5.78,6.24,5.48,4.97,5.07,4.52,12.07,6.59,5.51,11.75,4.28,4.77,11.27,5.11
Adenosine,4.8,4.06,3.97,3.77,5.56,5.16,5.1,4.6,5.12,5.29,11.29,5.12,6.62,10.38,4.29,4.52,10.83,5.16
"1,6-FructoseDiphosphate(LinearForm)",4.84,7.65,4.41,4.11,5.35,5.13,4.33,3.66,5.08,2.25,7.61,5.44,6.28,11.58,4.96,4.67,11.4,5.08
4-(1-methyl-1-phenylethyl)phenol,4.85,10.92,3.98,3.88,5.58,5.72,6.05,4.28,5.24,36.79,8.72,6.94,5.72,12.08,3.32,4.73,11.69,5.14
Acetylsulfisoxazole,4.86,2.84,4.73,4.01,5.52,6.66,6.17,4.3,5.17,5.6,12.42,5.76,6.72,11.67,5.84,4.68,11.33,5.28
3-[(4'-cyanobiphenyl-4-yl)oxy]-N-hydroxypropanamide,4.89,4.15,6.49,5.56,5.48,4.9,6.57,5.71,5.18,2.08,11.35,6.65,6.05,11.7,4.95,5.17,11.25,5.2
2-PHENYL-4H-BENZO[H]CHROMEN-4-ONE,4.87,4.38,6.0,5.37,5.53,6.19,7.48,4.88,5.06,2.47,11.2,6.69,6.12,11.83,4.26,5.2,12.15,5.25
Bimoclomol,4.86,5.24,5.67,4.91,5.34,5.05,5.72,4.66,5.07,10.6,12.7,4.7,6.33,10.6,4.99,4.78,11.71,5.08
Acetohexamide,4.89,7.58,4.35,4.37,5.56,5.01,5.38,4.25,5.08,3.11,8.45,5.03,5.74,11.49,5.53,4.77,10.71,5.22
N-Cyclohexyl-N'-(Propyl)PhenylUrea,4.88,4.01,5.05,4.93,5.31,5.25,6.56,4.23,5.08,4.37,11.22,4.79,5.73,11.71,3.96,5.01,10.41,5.13
Levobunolol,4.83,2.52,7.41,7.26,5.71,5.4,8.05,5.22,5.09,5.04,10.94,5.47,6.37,13.39,6.21,5.66,10.62,5.11
Levamlodipine,4.85,12.74,4.12,4.35,5.91,6.04,7.77,5.05,5.13,2.97,7.39,5.83,6.1,11.47,5.89,5.14,11.58,5.31
Ondansetron,4.86,8.89,6.37,4.89,5.65,5.57,6.3,5.39,5.09,14.7,11.27,6.14,5.33,11.68,6.12,4.89,11.56,5.17
Cytidine,4.86,4.13,4.15,4.04,5.13,4.94,4.49,3.28,5.37,4.67,5.47,5.15,6.58,10.13,4.59,4.2,10.66,5.25
Triamterene,4.85,2.38,5.13,4.84,5.05,5.9,6.42,4.39,5.03,5.93,24.7,5.4,5.32,11.52,5.18,4.71,10.68,5.1
"4-(5-phenyl-1H-pyrrolo[2,3-b]pyridin-3-yl)benzoicacid",4.87,5.67,3.89,4.43,5.72,4.93,5.15,5.11,5.11,5.51,13.75,5.96,5.98,11.92,5.0,5.24,12.02,5.14
3-(Oxalyl-Amino)-Naphthalene-2-CarboxylicAcid,4.79,4.28,3.92,4.21,5.59,5.6,5.68,4.76,5.07,3.0,7.32,6.92,5.98,11.72,3.96,4.71,11.78,5.16
"(1'R,2'S)-9-(2-Hydroxy-3'-Keto-Cyclopenten-1-yl)Adenine",4.8,1.99,4.36,4.22,5.77,5.07,5.28,4.98,5.09,2.94,13.05,5.11,6.18,11.79,5.34,4.5,11.35,5.11
FR221647,4.83,6.75,6.9,4.95,5.57,5.43,6.29,4.68,5.1,3.57,15.79,6.81,6.05,11.6,4.49,4.9,10.62,5.12
4-[3-(4-CHLOROPHENYL)-1H-PYRAZOL-5-YL]PIPERIDINE,4.86,8.92,6.4,6.1,5.55,4.93,6.02,4.88,5.12,2.93,10.67,6.48,6.27,10.28,5.31,4.78,11.51,5.17
Dobutamine,4.85,3.66,4.94,4.13,5.27,4.86,5.89,4.88,5.08,3.29,14.15,6.84,6.25,11.71,4.05,5.5,10.77,5.09
Etacrynicacid,4.8,10.99,5.76,5.84,5.67,5.52,5.21,4.91,5.04,2.62,7.55,6.34,6.25,12.03,4.21,4.69,11.17,5.13
Porphobilinogen,4.88,6.97,3.6,3.79,5.67,5.18,6.33,4.45,5.69,5.28,14.2,5.15,5.91,11.69,6.24,4.84,11.73,5.82
6-{[(CYCLOHEXYLAMINO)CARBONYL]AMINO}HEXANOICACID,4.81,5.88,3.88,4.13,5.39,5.15,4.78,3.8,5.13,4.6,11.07,4.62,5.19,11.46,4.27,4.58,10.46,5.18
Sulfisoxazole,4.85,8.03,4.01,3.47,5.09,4.88,6.33,4.23,5.1,2.79,11.5,6.14,6.65,10.89,4.39,4.77,11.62,5.08
Protokylol,4.87,5.79,5.86,6.54,6.26,5.39,6.46,5.51,5.84,14.93,16.04,6.75,5.28,11.62,5.77,5.25,10.85,5.28
N-{[2-({[1-(4-CARBOXYBUTANOYL)AMINO]-2-PHENYLETHYL}-HYDROXYPHOSPHINYL)OXY]ACETYL}-2-PHENYLETHYLAMINE,4.78,2.74,6.58,5.98,5.37,5.65,6.0,4.29,5.77,3.06,11.89,6.9,5.96,10.62,4.8,4.96,11.31,5.53
2-Deoxy-Glucitol-6-Phosphate,4.81,5.63,4.31,4.28,5.46,5.03,5.32,4.09,5.12,6.33,12.07,6.77,6.2,11.08,5.15,4.7,11.11,5.09
Quercetin,4.87,2.89,5.28,4.85,5.35,5.46,6.51,5.07,5.08,3.07,10.81,6.11,5.1,11.57,4.91,5.15,11.12,5.2
Pramipexole,4.82,5.69,7.92,7.14,5.42,5.12,6.16,4.53,5.1,35.4,15.09,6.59,6.41,10.49,6.41,4.92,11.3,5.14
Adenosine-5-Diphosphoribose,4.82,5.44,4.61,4.76,5.67,5.0,4.98,5.35,5.11,6.63,12.12,5.5,6.49,10.62,5.26,4.69,10.81,5.38
Framycetin,4.82,2.87,6.04,5.0,4.79,4.92,6.5,4.45,5.1,4.0,11.06,7.1,6.18,11.41,4.44,4.9,10.79,5.08
Aminohippuricacid,4.8,7.27,5.75,5.5,4.87,4.96,5.14,4.35,5.06,5.47,10.64,5.26,5.36,11.41,3.27,4.6,11.74,5.09
4-Methyl-Histidine,4.81,4.89,4.63,5.73,5.4,4.99,5.14,4.44,5.19,5.24,11.83,5.19,5.29,10.38,3.77,4.71,11.39,5.14
Hydroxyproline,4.82,6.65,6.45,6.32,5.24,5.06,4.66,3.9,5.47,5.22,11.05,4.88,5.82,10.63,3.94,4.35,10.66,5.2
Bendazac,4.85,6.98,3.28,3.58,5.58,5.17,5.95,4.6,5.08,5.23,10.72,5.55,6.38,12.08,5.01,4.75,11.4,5.15
Sulfamethizole,4.84,6.71,4.99,4.59,5.5,4.93,6.16,4.65,5.08,4.11,12.95,6.13,6.08,11.17,4.83,4.76,11.4,5.12
Fisetin,4.86,5.35,5.19,4.9,5.18,5.38,6.56,4.69,5.02,5.96,11.34,6.58,5.13,11.44,4.74,5.19,11.1,5.19
Balsalazide,4.86,3.08,5.51,5.86,5.52,5.69,5.24,4.32,5.07,8.33,12.88,6.67,5.35,11.48,4.56,4.58,11.51,5.11
Tetrabenazine,4.8,1.27,7.27,5.69,5.44,5.15,5.64,5.21,5.2,3.67,9.73,6.45,6.34,11.65,5.86,4.8,11.23,5.37
"(9Z,11E,13S)-13-hydroxyoctadeca-9,11-dienoicacid",4.8,6.94,5.15,4.54,4.8,5.12,5.13,4.23,5.19,5.06,15.9,6.02,6.1,10.51,5.65,4.71,11.12,5.13
Gemeprost,4.85,4.01,4.26,5.14,5.6,5.34,5.25,5.22,5.18,5.36,10.57,6.58,6.23,11.24,5.65,5.05,10.99,5.28
Mebendazole,4.83,3.61,3.65,4.87,5.39,6.13,5.0,4.37,5.06,3.1,12.76,6.91,5.51,11.57,4.83,4.69,11.25,5.19
Ketorolac,4.87,4.16,5.51,5.14,5.58,6.78,5.61,5.02,5.08,4.28,15.58,6.11,6.13,10.66,5.81,4.92,10.94,5.33
2-(4-Chlorophenyl)-5-Quinoxalinecarboxamide,4.83,5.26,5.83,5.12,5.55,5.46,5.27,5.12,5.09,5.37,14.27,5.37,6.23,11.65,6.15,5.33,11.06,5.05
"4-Carboxy-5-(1-Pentyl)Hexylsulfanyl-1,2,3-Triazole",4.8,2.68,4.08,3.96,5.47,5.21,4.65,3.78,5.13,2.88,13.69,5.17,5.97,10.64,5.72,4.42,11.64,5.11
"4-(2,4-Dimethyl-Thiazol-5-Yl)-Pyrimidin-2-Ylamine",4.83,7.78,4.57,4.46,5.67,5.04,6.84,5.09,5.06,5.43,14.46,5.82,6.44,11.79,6.18,5.82,11.06,5.08
TechnetiumTc-99msestamibi,4.8,2.77,4.17,4.23,5.26,5.12,5.41,4.41,5.11,4.14,13.69,6.82,5.83,10.18,4.73,4.74,10.77,5.13
"4-(2,2,2-TRIFLUOROETHYL)-L-PHENYLALANINE",4.84,3.66,3.62,5.42,4.99,4.91,6.88,3.86,5.22,2.79,11.28,5.98,5.94,11.41,3.46,4.71,10.66,5.12
Milrinone,4.84,3.9,6.16,4.97,5.37,5.32,5.98,4.5,5.25,8.17,7.79,5.29,6.36,11.66,5.77,4.64,11.22,5.13
Debromohymenialdisine,4.8,12.8,4.02,3.62,5.74,5.17,4.32,5.37,5.32,13.98,10.69,6.93,6.26,13.38,5.4,4.98,12.57,5.19
"1,2,3,4-Tetrahydro-Isoquinoline-7-SulfonicAcidAmide",4.86,2.8,6.26,3.78,5.55,6.86,5.47,4.63,5.24,4.67,13.81,5.93,5.95,10.64,4.08,5.06,11.39,5.8
N-1-methylheptylformamide,4.81,5.3,5.39,5.01,5.32,5.02,3.51,5.37,5.14,4.44,12.31,5.04,5.57,10.21,4.34,5.47,10.59,5.1
Dyclonine,4.79,6.67,4.75,4.9,5.59,4.89,5.53,4.55,5.07,7.53,11.05,5.13,5.87,11.19,4.11,4.77,11.62,5.07
Arbutamine,4.86,4.85,5.45,5.9,6.35,5.35,6.68,5.29,5.05,5.27,23.23,6.55,5.64,11.54,4.73,5.24,11.4,5.14
TG100-115,4.82,4.77,5.12,5.25,5.45,5.27,7.41,4.68,5.06,5.08,20.89,6.38,5.3,11.49,5.25,4.98,11.53,5.13
Indalpine,4.85,5.18,5.56,4.24,5.75,5.06,6.71,5.18,5.37,5.26,10.35,5.04,5.9,10.34,4.99,4.89,11.62,5.2
"5,5-dimethyl-2-morpholin-4-yl-5,6-dihydro-1,3-benzothiazol-7(4H)-one",4.84,5.08,5.78,4.82,5.56,5.35,6.73,4.55,6.05,5.85,14.76,6.04,6.72,11.81,5.21,4.77,10.7,5.21
4-(4-CHLOROPHENYL)-4-[4-(1H-PYRAZOL-4-YL)PHENYL]PIPERIDINE,4.86,3.64,5.36,4.11,5.67,5.53,5.84,5.19,5.67,6.83,13.73,8.06,5.97,11.3,5.51,5.83,11.5,5.66
"2,2'-{[9-(HYDROXYIMINO)-9H-FLUORENE-2,7-DIYL]BIS(OXY)}DIACETICACID",4.8,3.6,5.28,4.51,6.03,4.97,6.56,4.22,5.09,5.75,12.86,7.09,6.52,12.35,5.99,4.79,11.22,5.07
Oxyphenbutazone,4.86,9.1,4.74,4.59,5.76,6.26,6.95,4.43,5.16,2.18,11.87,6.1,6.2,12.12,5.93,4.75,10.6,5.31
Sulfamoxole,4.85,3.78,4.63,3.73,5.07,4.88,5.94,4.54,5.06,2.22,11.48,6.44,6.21,11.61,4.49,4.75,11.34,5.11
Etizolam,4.85,5.35,8.52,7.43,5.4,5.59,6.78,5.12,5.05,10.33,11.38,6.39,5.73,11.3,7.28,4.7,11.35,5.22
"7-(1-ETHYL-PROPYL)-7H-PYRROLO-[3,2-F]QUINAZOLINE-1,3-DIAMINE",4.79,5.56,6.69,4.98,5.5,5.11,7.26,6.73,5.07,5.67,32.1,6.95,6.34,12.05,5.6,5.03,11.58,5.06
Clofedanol,4.8,7.28,4.45,3.77,5.61,5.87,6.31,4.57,5.11,16.82,11.46,5.41,5.67,11.61,5.25,4.81,11.86,5.29
MethylumbelliferylChitotriose,4.79,3.9,4.14,4.8,5.4,4.94,6.47,4.4,5.23,5.98,52.57,6.68,6.41,11.75,5.73,4.62,10.96,5.55
Chitotriose,4.82,6.6,4.07,4.16,5.08,4.99,5.59,4.39,6.08,7.18,13.79,6.9,6.17,11.4,4.25,4.68,10.51,5.3
4-Sulfonamide-[4-(Thiomethylaminobutane)]Benzamide,4.8,3.03,6.9,7.22,5.72,6.07,5.65,5.62,5.05,3.07,13.07,5.82,5.45,10.24,6.3,4.94,10.9,5.09
Fosphenytoin,4.8,4.54,3.86,4.59,5.3,5.85,5.83,3.82,5.17,4.56,11.6,6.67,6.22,11.71,6.19,4.37,11.48,5.27
Meta-Nitro-Tyrosine,4.78,1.91,4.38,5.41,5.62,5.38,4.8,4.05,5.28,3.45,11.46,6.23,5.97,11.67,4.82,4.93,11.72,5.14
"(3S)-3-hydroxy-1-methyl-2,3-dihydro-1H-indole-5,6-dione",4.8,4.78,5.28,5.18,5.6,5.09,6.32,4.46,5.56,7.68,14.83,5.23,6.12,10.19,5.77,4.98,11.35,5.35
Menthylsalicylate,4.8,7.32,4.37,4.58,5.34,6.71,6.63,5.19,5.08,13.89,11.34,5.87,6.13,11.84,5.7,4.95,11.33,5.21
1-Deoxy-1-Acetylamino-Beta-D-Gluco-2-Heptulopyranosonamide,4.79,4.83,3.9,3.9,5.64,5.17,6.01,4.23,6.36,7.42,6.24,4.65,6.51,12.07,5.37,4.51,10.52,5.34
Cladribine,4.82,12.42,4.68,5.27,5.56,5.11,7.53,4.52,5.32,9.45,11.29,6.62,6.47,10.42,4.98,4.68,11.87,5.23
RicinoleicAcid,4.83,7.3,3.6,3.14,4.89,4.99,5.4,4.13,5.3,2.42,14.28,6.52,6.31,10.53,5.4,4.76,10.69,5.28
Carboxin,4.83,5.98,6.08,5.51,5.15,5.25,4.3,4.49,5.06,6.09,15.34,5.81,6.31,11.67,4.57,4.65,11.3,5.12
Tryptophan,4.79,4.86,4.84,3.9,5.5,5.21,5.46,4.01,5.15,6.33,17.17,5.8,6.01,11.12,4.99,4.48,11.35,5.12
Nepafenac,4.79,9.36,5.52,5.08,5.68,4.96,6.53,4.58,5.07,6.31,15.74,6.12,5.84,11.76,4.39,4.69,11.39,5.11
Diazoxide,4.83,3.58,3.8,3.91,5.63,5.17,4.87,4.37,5.26,5.68,6.4,6.45,6.57,12.38,4.42,4.55,10.98,5.2
Arginine,4.79,4.83,4.95,4.53,5.36,5.07,5.0,4.28,5.11,7.32,13.86,5.64,6.43,10.53,5.49,4.77,10.69,5.15
Befunolol,4.78,6.65,6.62,6.99,5.59,5.54,8.16,4.43,5.12,8.51,15.92,5.81,6.3,10.67,4.27,5.04,11.3,5.11
N-acetyl-N'-beta-D-glucopyranosylurea,4.79,2.68,3.5,3.51,5.11,5.06,4.82,3.47,5.57,4.01,11.13,4.23,6.53,10.77,5.53,4.11,10.87,5.2
N-METHYL-1-[4-(9H-PURIN-6-YL)PHENYL]METHANAMINE,4.81,3.22,5.17,5.47,5.69,4.98,6.96,4.48,5.07,4.91,11.44,6.91,5.95,11.8,5.32,4.56,10.48,5.04
"(8R,9Z,12Z)-8-hydroxy-6-oxooctadeca-9,12-dienoicacid",4.82,5.55,3.73,4.3,4.86,4.95,6.0,4.92,5.13,4.24,12.2,5.43,6.13,10.61,5.59,4.85,11.08,5.12
3-(INDOL-3-YL)LACTATE,4.79,3.45,4.78,4.02,5.6,5.22,5.79,3.89,5.1,5.42,13.0,6.13,6.19,10.64,4.54,4.55,11.3,5.17
8-azaguanine,4.77,7.19,4.52,4.48,5.39,5.02,5.72,4.19,5.64,6.71,12.65,5.26,5.67,11.49,4.08,4.55,10.62,5.18
Phenindamine,4.84,1.56,7.74,7.15,5.65,6.35,7.57,5.21,5.06,5.58,12.13,8.52,6.15,11.25,7.59,5.06,11.41,5.23
"5-Carbamoyl-1,1':4',1''-terphenyl-3-carboxylicacid",4.85,3.78,3.16,3.19,5.51,5.12,7.08,4.22,5.18,4.9,27.75,6.44,5.97,11.07,5.61,4.53,10.48,5.19
"4,6-dideoxy-4-amino-alpha-D-glucose",4.78,3.36,3.37,3.22,5.26,5.05,5.36,3.79,5.42,6.2,12.1,5.3,6.57,10.78,4.17,4.74,10.46,5.4
Ciclopirox,4.83,3.16,7.35,6.07,5.51,5.18,4.2,4.97,5.11,4.6,10.84,4.59,5.99,11.78,4.32,4.82,11.29,5.38
Arabinouridine3'-phosphate,4.79,6.39,4.43,4.39,5.57,5.11,6.04,4.16,5.29,5.65,11.18,4.88,6.72,10.63,5.43,4.54,10.94,5.2
Glisoxepide,4.84,7.52,4.17,4.34,5.46,5.07,5.75,4.74,5.07,8.0,13.92,7.0,5.92,12.25,5.76,4.8,11.35,5.07
(4s)-5-Fluoro-L-Leucine,4.82,6.21,4.09,5.38,5.17,5.05,4.13,3.94,5.15,3.7,13.5,5.45,6.28,10.32,5.18,4.51,10.67,5.2
6-[(5-CHLORO-3-METHYL-1-BENZOFURAN-2-YL)SULFONYL]PYRIDAZIN-3(2H)-ONE,4.81,3.56,5.08,4.27,5.84,5.24,7.15,6.0,5.12,5.53,12.91,5.93,6.58,12.17,6.99,5.34,11.3,5.66
Mephenytoin,4.83,17.28,4.75,5.36,5.42,6.38,5.05,4.28,5.55,16.17,15.1,6.53,5.84,12.09,4.69,4.66,11.54,5.34
N-(carboxycarbonyl)-D-phenylalanine,4.78,3.83,4.45,5.28,5.18,5.66,5.8,4.09,5.46,3.84,12.29,5.6,5.79,11.58,4.11,5.03,11.39,5.42
"2,3,4,5,6-PentafluorobenzylAlcohol",4.77,4.56,4.22,4.69,5.21,5.07,5.05,4.49,5.09,5.98,19.62,7.07,5.85,11.9,4.31,4.61,10.71,5.11
METHYL(2-ACETOXY-2-(2-CARBOXY-4-AMINO-PHENYL))ACETATE,4.78,6.0,3.25,3.94,5.45,5.28,5.53,4.02,5.21,6.62,20.71,6.37,6.17,11.51,4.16,4.8,11.29,5.13
"4-(2-amino-1-methyl-1H-imidazo[4,5-b]pyridin-6-yl)phenol",4.81,7.34,3.34,3.96,5.65,5.01,5.73,4.57,5.12,6.18,16.06,7.45,6.64,11.8,6.13,4.73,11.33,5.11
3-{[4-(but-2-yn-1-yloxy)phenyl]sulfonyl}propane-1-thiol,4.83,9.33,4.59,5.07,5.52,4.96,4.48,6.67,5.09,5.53,6.26,5.41,6.49,11.87,4.4,5.49,11.19,5.15
3-(2-Aminoethyl)-4-(Aminomethyl)HeptanedioicAcid,4.78,1.21,4.92,5.34,4.99,5.06,4.84,4.69,5.16,2.4,14.96,5.73,5.97,11.37,4.71,4.92,10.68,5.06
Aminoglutethimide,4.78,2.78,7.2,6.49,5.63,5.88,5.08,4.28,5.26,3.62,11.55,6.71,5.79,10.54,4.79,4.51,11.67,5.59
4-OxosebacicAcid,4.77,3.85,3.78,3.62,4.9,5.06,6.85,4.51,5.6,3.75,12.99,4.93,6.05,10.33,4.2,4.83,11.23,5.29
"6-AMINO-BENZO[DE]ISOQUINOLINE-1,3-DIONE",4.78,5.08,4.13,3.88,5.59,5.35,6.09,4.93,6.2,10.33,11.97,5.95,6.24,11.7,6.27,5.11,10.98,5.66
2-Methyl-3-(2-Aminothiazolo)Propanal,4.82,5.27,4.96,4.88,5.63,5.08,7.29,4.63,5.04,2.0,11.27,5.28,6.07,11.37,4.29,5.09,11.34,5.11
3-(1H-BENZIMIDAZOL-2-YL)-1H-INDAZOLE,4.77,11.37,3.93,4.88,5.59,5.12,5.6,4.42,5.11,7.5,12.51,6.3,6.19,11.89,5.42,4.86,11.43,5.13
"N-phenyl-1H-pyrrolo[2,3-b]pyridin-3-amine",4.84,4.99,5.7,5.88,5.36,5.64,6.5,5.08,5.06,3.55,11.2,7.35,6.09,11.59,5.04,5.17,11.58,5.11
"4-(5,11-DIOXO-5H-INDENO[1,2-C]ISOQUINOLIN-6(11H)-YL)BUTANOATE",4.78,6.92,3.96,4.7,5.39,5.51,6.29,4.41,5.55,6.49,13.89,6.81,6.3,11.79,6.27,4.73,10.55,5.75
Metipranolol,4.76,5.78,6.91,7.03,5.76,5.24,7.19,4.39,5.08,3.13,18.85,5.49,5.79,10.56,6.94,5.13,10.72,5.08
"9-ACETYL-2,3,4,9-TETRAHYDRO-1H-CARBAZOL-1-ONE",4.78,4.28,5.24,5.22,5.6,5.13,4.93,4.37,5.28,4.22,11.51,5.61,5.86,11.81,6.81,4.74,11.24,5.36
Arsanilicacid,4.78,5.36,4.15,4.4,5.39,4.98,5.23,4.06,5.12,5.76,8.12,6.74,6.62,11.24,6.06,4.73,12.21,5.07
Nelarabine,4.82,6.53,3.34,3.81,5.27,5.0,5.11,4.42,5.09,7.66,30.26,6.73,6.39,10.48,4.67,4.51,10.85,5.09
Sulfasalazine,4.81,1.98,3.79,3.93,5.45,5.02,5.52,4.22,5.09,4.28,11.72,5.82,6.78,11.64,4.15,4.68,11.61,5.1
4-hydroxycoumarin,4.77,4.23,3.71,3.92,5.02,5.17,6.38,4.37,5.15,4.51,10.28,5.86,6.12,11.86,4.39,4.77,11.46,5.23
Sumatriptan,4.78,12.66,4.78,4.79,5.74,5.04,6.07,5.65,5.08,8.72,12.51,5.9,5.37,10.66,4.76,5.11,11.77,5.14
4-phospho-L-threonicacid,4.77,2.18,3.67,4.19,5.08,5.09,4.67,3.63,5.08,8.92,8.68,5.14,6.25,11.43,4.71,4.58,10.93,5.08
7-HYDROXY-4-METHYL-3-(2-HYDROXY-ETHYL)COUMARIN,4.8,5.95,4.19,4.02,5.81,5.13,6.87,4.46,5.14,5.85,12.9,6.06,5.71,12.13,5.8,5.01,10.68,5.1
"(R)-1-(4-(4-(Hydroxymethyl)-1,3,2-dioxaborolan-2-YL)phenethyl)guanidine",4.81,5.6,5.92,4.83,5.34,4.85,6.82,5.09,5.09,5.42,22.46,6.13,5.82,11.13,4.58,5.41,10.72,5.04
LysineNz-CarboxylicAcid,4.77,7.34,4.4,4.27,4.96,5.16,5.04,4.2,5.11,14.09,3.06,6.11,5.87,10.42,4.97,4.79,10.65,5.21
Myricetin,4.78,5.97,5.38,4.94,5.39,4.99,6.9,4.95,5.02,4.76,11.6,6.97,5.1,11.53,4.93,5.08,11.09,5.2
"(3,4-DIHYDROXY-2-NITROPHENYL)(PHENYL)METHANONE",4.78,7.95,4.64,5.64,5.48,5.07,5.61,4.63,5.09,2.95,22.44,7.23,6.26,11.6,5.5,4.74,11.31,5.06
6-phospho-D-gluconicacid,4.77,4.91,5.29,4.48,5.24,5.07,4.29,3.44,5.09,3.44,10.67,5.07,6.13,11.36,4.43,4.58,10.74,5.09
AspartateBerylliumTrifluoride,4.76,,3.23,3.22,4.85,4.93,5.74,4.03,5.11,,,5.08,5.19,10.05,3.58,4.55,10.64,5.1
6-(Oxalyl-Amino)-1h-Indole-5-CarboxylicAcid,4.78,16.09,5.03,4.13,5.14,5.52,4.66,4.2,5.09,5.94,9.02,6.38,5.9,11.53,4.14,4.7,11.45,5.09
Bevantolol,4.8,3.12,4.68,5.64,5.97,5.12,6.7,4.27,5.07,7.52,13.39,7.19,5.41,11.55,5.07,5.13,10.96,5.04
"(R)-1-(4-(4-(Hydroxymethyl)-1,3,2-dioxaborolan-2-YL)phenyl)guanidine",4.81,4.95,6.5,6.09,5.21,4.87,7.22,4.6,5.25,4.86,10.39,5.87,5.64,11.3,5.06,4.98,11.23,5.1
Amifostine,4.77,6.98,6.18,5.61,5.27,5.09,6.57,4.63,5.07,6.48,13.48,4.33,6.42,10.53,3.96,5.16,11.58,5.08
"3-Hydroxymethyl-5-Aziridinyl-1methyl-2-[1h-Indole-4,7-Dione]-Propanol",4.78,5.95,4.85,4.81,5.47,5.06,7.13,4.91,5.59,4.66,12.32,6.45,6.35,11.85,5.01,4.77,11.58,5.15
"S-METHYL-4,5,6,7-TETRABROMO-BENZIMIDAZOLE",4.78,4.52,3.98,4.35,5.63,4.98,4.13,5.04,5.11,5.7,5.75,5.92,6.41,11.81,5.39,5.12,11.43,5.11
Anisindione,4.78,6.07,3.8,4.44,5.4,4.98,5.3,4.3,5.09,5.04,14.72,6.27,5.64,10.64,4.45,4.73,10.53,5.05
Crisaborole,4.81,7.54,6.48,6.0,5.81,5.24,7.95,5.66,5.23,5.83,14.48,5.77,6.16,11.75,7.17,5.59,10.73,5.18
"2-Acetamido-2-Deoxy-D-Glucono-1,5-Lactone",4.78,5.44,3.26,3.72,4.98,5.07,4.45,3.94,5.82,6.16,5.21,5.44,6.22,10.92,3.98,4.53,10.81,5.24
Ambroxol,4.83,8.6,6.04,6.9,5.8,4.97,6.1,5.29,5.07,5.13,11.98,6.03,6.15,11.9,4.37,5.03,10.95,5.22
Phenazopyridine,4.82,4.16,4.25,4.4,5.39,5.32,5.62,4.76,5.09,5.06,10.55,5.95,5.74,11.61,3.89,4.81,11.26,5.06
PARA-NITROBENZYLGLUTARYLGLYCINICACID,4.78,5.33,5.34,5.73,5.18,4.9,6.6,4.02,5.08,4.79,18.14,6.0,5.61,11.61,4.94,5.12,11.29,5.16
"1,8-Di-Hydroxy-4-Nitro-Xanthen-9-One",4.83,2.76,4.52,4.12,5.07,5.83,6.16,4.51,5.02,4.23,11.18,7.1,6.23,11.57,4.88,4.96,11.39,5.18
Dyphylline,4.81,7.73,4.88,4.66,5.75,4.96,5.09,4.53,5.71,3.26,13.29,5.75,6.34,10.3,4.11,4.62,11.23,5.21
9-Deazaadenine,4.8,4.39,5.22,4.08,4.98,5.39,6.56,4.52,5.11,6.15,10.64,5.07,6.68,11.53,3.63,4.73,11.68,5.13
Toloxatone,4.77,4.02,4.34,4.65,5.53,4.92,5.84,4.66,6.26,6.93,11.39,6.49,6.3,11.7,4.05,4.87,11.57,5.65
"7,8-dihydroxy-4-phenyl-2H-chromen-2-one",4.78,9.72,4.17,5.33,5.6,5.18,6.74,4.0,5.33,15.87,12.72,5.64,6.07,12.1,6.69,4.67,11.5,5.24
Fospropofol,4.76,2.79,6.53,5.71,5.66,5.11,6.56,4.12,5.09,3.91,13.53,6.04,5.53,11.35,6.03,4.7,10.91,5.1
Levosimendan,4.79,5.18,3.84,4.62,5.58,5.8,6.12,4.31,5.26,5.27,38.52,6.48,5.8,11.63,4.91,5.02,11.32,5.17
Levomenthol,4.78,5.89,4.21,4.47,5.12,5.03,6.24,4.75,5.1,5.31,18.23,4.99,5.84,10.54,4.08,4.84,11.4,5.22
Levodopa,4.77,4.92,5.65,6.04,5.43,4.9,4.43,4.13,5.13,4.26,10.29,5.69,6.31,11.8,2.88,4.76,11.29,5.14
Pyrimethamine,4.81,2.98,7.94,6.76,5.53,5.61,6.92,5.48,5.07,3.39,12.54,6.9,6.45,11.65,6.32,5.13,11.45,5.04
Molindone,4.82,7.87,7.14,6.24,5.4,5.15,5.68,4.25,5.16,7.01,8.41,6.72,5.82,11.98,6.04,4.74,11.7,5.17
Arbutin,4.76,6.91,3.97,4.39,5.24,4.84,4.7,3.55,5.14,7.37,11.54,5.71,5.76,11.63,3.03,4.32,10.86,5.17
Fludarabine,4.81,5.96,4.54,4.17,5.67,5.03,5.68,5.2,5.5,4.36,12.1,6.54,6.56,10.54,4.38,4.7,10.67,5.48
5-(3-{3-[3-HYDROXY-2-(METHOXYCARBONYL)PHENOXY]PROPENYL}PHENYL)-4-(HYDROXYMETHYL)ISOXAZOLE-3-CARBOXYLICACID,4.77,13.64,5.56,5.07,5.41,5.59,6.61,4.57,5.33,7.77,14.53,6.24,6.17,12.21,5.63,5.17,11.36,5.43
Tiratricol,4.79,8.47,7.37,6.89,5.86,4.91,7.85,6.62,5.18,7.55,12.86,6.04,5.71,11.64,7.24,5.56,11.22,5.28
N-Acetylmethionine,4.75,5.49,3.16,3.41,5.02,5.12,5.53,4.05,5.42,5.45,22.51,4.72,5.86,10.34,4.12,4.35,10.54,5.18
Glucose-6-Phosphate,4.76,3.78,4.85,4.6,5.52,5.05,4.53,3.87,5.1,5.0,11.29,5.14,6.0,11.26,4.4,4.76,11.42,5.11
Edrophonium,4.82,2.71,4.59,4.52,5.54,5.17,4.88,5.28,5.17,4.48,11.23,4.64,6.15,11.2,4.63,4.88,11.59,5.18
"4,4'-cyclohexane-1,1-diyldiphenol",4.82,6.08,4.81,4.01,5.54,5.42,6.65,4.44,5.07,5.3,12.89,6.8,5.46,11.6,5.01,4.93,10.79,5.07
Dimethyltryptamine,4.8,8.59,6.13,4.85,5.58,5.05,5.18,4.5,5.19,9.35,2.6,4.85,5.44,11.52,4.77,4.65,11.81,5.24
Guanfacine,4.76,8.03,4.72,4.12,5.32,5.13,5.05,4.56,5.33,5.19,13.6,6.6,6.02,11.43,4.04,4.68,11.0,5.18
PASBN,4.83,1.75,6.38,6.01,5.22,5.27,5.93,3.93,5.14,4.76,11.83,6.54,5.58,11.59,4.6,4.35,11.47,5.25
2-(3-METHYLPHENYL)-1H-INDOLE-5-CARBOXIMIDAMIDE,4.82,3.99,4.46,5.19,5.65,5.16,7.54,4.33,5.21,7.44,10.6,6.43,6.28,11.52,5.32,5.07,11.36,5.13
Willardiine,4.75,6.09,4.21,5.41,5.01,5.42,5.02,4.38,5.47,4.31,10.33,4.59,5.78,11.14,3.96,4.61,10.48,5.29
2-acetylamino-2-deoxy-b-D-allopyranose,4.76,4.94,2.8,2.64,5.65,5.32,4.21,3.51,6.08,7.43,13.85,5.74,6.23,10.79,3.63,4.3,10.59,5.61
D-arginine,4.77,2.88,4.95,4.53,5.36,5.07,4.67,4.28,5.11,3.86,13.55,5.02,6.43,10.53,5.49,4.77,10.69,5.15
Zomepirac,4.8,7.7,3.58,5.83,5.59,6.11,6.26,5.02,5.06,4.22,16.74,6.14,6.52,11.78,5.0,4.85,10.83,5.16
"(8E,10S,12Z)-10-hydroxy-6-oxooctadeca-8,12-dienoicacid",4.76,5.24,4.46,4.15,4.88,5.12,5.66,4.69,5.36,2.38,10.88,6.02,6.13,10.57,5.33,5.09,11.59,5.13
N-phenyl-1H-pyrazole-3-carboxamide,4.76,3.57,3.78,3.9,5.42,4.99,5.35,4.35,5.08,3.01,13.48,6.52,5.53,11.35,4.26,4.68,11.38,5.18
N-cyclohexyltaurine,4.76,3.56,4.41,4.41,5.57,5.06,4.55,4.61,5.07,3.98,10.31,5.31,6.13,10.42,5.13,4.72,10.73,5.13
Eniluracil,4.75,5.89,4.31,4.02,5.35,5.18,5.94,5.18,5.15,5.85,11.68,4.32,6.11,10.93,3.88,5.23,11.35,5.11
"5-ETHYL-3-METHYL-1,5-DIHYDRO-4H-PYRAZOLO[4,3-C]QUINOLIN-4-ONE",4.77,5.23,4.66,4.36,5.52,4.97,4.84,4.49,6.29,5.96,11.04,5.88,5.65,11.6,5.96,4.67,11.23,6.02
"5-Heptyl-6-hydroxy-1,3-benzothiazole-4,7-dione",4.77,6.22,5.58,5.9,5.64,5.57,6.73,5.17,5.07,5.19,14.17,5.41,6.2,11.71,4.25,5.13,10.61,5.08
"3-(4-HYDROXYPHENYL)-4,5-DIHYDRO-5-ISOXAZOLE-ACETICACIDMETHYLESTER",4.83,7.77,5.91,4.56,5.48,5.29,5.89,4.4,5.05,2.62,12.77,7.1,6.09,11.56,4.5,4.69,10.72,5.39
Fludeoxyglucose(18F),4.76,6.13,3.68,3.93,5.07,5.11,3.62,4.03,5.62,15.83,15.33,5.52,5.2,10.66,4.69,4.55,11.19,5.15
Tolazamide,4.81,5.59,4.2,4.08,5.62,5.06,4.7,4.58,5.22,9.41,13.75,6.32,6.08,11.71,5.29,4.93,11.43,5.13
"CIS-(1R,2S)-2-AMINO-1,2,3,4-TETRAHYDRONAPHTHALEN-1-OL",4.77,7.17,4.04,4.09,5.17,5.15,6.51,3.95,5.11,4.4,13.89,5.62,6.14,11.5,4.15,4.69,11.52,5.32
"(5,6-DIPHENYL-FURO[2,3-D]PYRIMIDIN-4-YLAMINO)-ACETIC",4.8,4.86,5.17,4.86,5.57,5.89,6.7,5.21,5.13,5.47,11.29,6.54,5.85,11.04,5.42,4.72,10.48,5.21
Tropicamide,4.8,2.62,5.3,4.85,5.62,6.28,6.32,4.24,5.1,8.2,19.51,5.34,6.17,11.45,5.04,4.73,11.02,5.15
Benzylcysteine,4.8,6.11,5.75,6.23,4.92,5.36,6.74,4.24,5.1,11.76,3.53,4.38,5.93,11.37,6.21,4.86,10.62,5.11
InhibitorofP38Kinase,4.78,3.44,5.55,6.18,5.72,5.04,6.78,4.26,5.08,5.26,17.57,7.55,6.15,11.57,4.5,4.59,11.31,5.02
3-FLUORO-4-HYDROXYBENZALDEHYDEO-(CYCLOHEXYLCARBONYL)OXIME,4.78,7.42,4.41,5.34,5.52,4.95,6.62,4.55,5.11,4.54,11.12,6.54,6.1,11.41,6.08,5.15,10.64,5.12
"Carboxymethylthio-3-(3-Chlorophenyl)-1,2,4-Oxadiazol",4.8,4.07,3.91,5.36,5.38,5.52,5.73,4.58,5.13,3.87,22.01,5.75,5.97,11.61,5.93,4.75,10.79,5.46
Ferrousascorbate,4.77,7.42,4.09,3.68,5.22,5.32,5.53,4.35,5.67,8.78,13.34,6.47,6.59,11.9,4.3,4.84,11.62,5.15
2-(cyclohexylamino)benzoicacid,4.8,5.18,6.58,5.13,5.51,5.47,4.39,4.31,5.07,7.45,17.98,6.4,5.88,11.72,4.95,4.76,11.36,5.13
"4-(2-amino-1,3-thiazol-4-yl)phenol",4.81,4.56,3.61,4.18,5.66,5.4,5.68,4.87,5.05,3.84,11.13,5.76,5.66,11.33,5.12,4.85,11.46,5.08
Dacarbazine,4.76,3.2,3.46,3.7,5.43,5.31,4.9,4.36,5.08,5.4,11.85,6.81,5.84,11.36,3.91,4.85,11.53,5.1
Oxaprozin,4.82,8.29,5.31,4.63,5.5,6.05,6.04,4.52,5.74,7.17,11.23,5.82,6.19,11.39,6.52,4.68,10.99,5.31
"3-methyl-N-(pyridin-4-ylmethyl)imidazo[1,2-a]pyrazin-8-amine",4.79,3.38,5.26,5.19,5.28,4.89,6.03,4.85,5.07,5.39,11.3,4.44,5.95,11.37,4.17,5.0,10.86,5.02
Nonivamide,4.76,7.22,6.33,6.65,5.63,5.3,6.39,4.39,5.09,6.18,11.13,5.15,5.29,11.56,5.39,4.87,10.78,5.04
4-methyl-umbelliferyl-N-acetyl-chitobiose,4.74,6.59,3.73,4.06,5.45,4.99,5.69,4.35,5.3,1.67,13.24,6.0,6.11,11.53,5.9,4.64,11.13,5.17
"4-{[(E)-(5-Oxo-2-phenyl-1,3-oxazol-4(5H)-ylidene)methyl]amino}butanoicacid",4.79,3.25,4.31,4.65,5.58,6.19,4.91,4.35,5.17,3.28,12.39,7.73,6.31,11.58,5.04,4.76,11.55,5.44
"5-benzyl-1,3-thiazol-2-amine",4.81,2.97,5.32,5.11,5.1,5.42,4.63,4.58,5.31,4.25,10.87,5.02,6.13,12.09,5.08,4.85,11.5,5.11
"6-METHYL-2(PROPANE-1-SULFONYL)-2H-THIENO[3,2-D][1,2,3]DIAZABORININ-1-OL",4.78,6.46,4.05,4.49,5.32,5.35,5.84,4.98,5.08,7.73,11.82,6.38,6.09,10.97,4.44,4.81,11.62,5.18
"N'-[4-(2,4-Dimethyl-1,3-thiazol-5-yl)-2-pyrimidinyl]-N-hydroxyimidoformamide",4.76,6.24,5.99,6.29,5.67,5.26,6.83,4.96,5.06,10.23,13.21,4.91,6.52,11.93,6.49,5.93,11.73,5.1
beta-L-methyl-fucose,4.76,9.12,2.68,2.64,5.53,5.31,5.15,4.03,5.13,3.02,11.47,4.9,6.24,11.18,3.2,4.59,10.76,5.15
Monoisopropylphosphorylserine,4.75,5.39,3.82,4.04,5.18,5.04,5.23,3.95,5.07,2.29,4.7,6.77,5.41,10.87,5.61,4.69,10.98,5.11
Dimethylcurcumin,4.79,7.2,3.42,3.64,5.23,5.27,7.07,4.44,5.16,6.51,11.1,7.01,5.17,11.68,4.16,4.6,11.5,5.41
Minaprine,4.82,3.41,5.45,6.14,5.52,5.85,5.79,4.52,5.09,5.62,11.05,6.04,6.18,10.17,4.97,4.85,10.29,5.07
Methyldopa,4.79,5.06,5.34,5.17,5.73,5.11,5.39,4.14,5.2,5.08,11.59,5.08,5.99,10.97,4.69,4.64,10.88,5.19
Methyl-2-S-(Alpha-D-Mannopyranosyl)-2-Thio-Alpha-D-Mannopyranoside,4.76,3.61,4.05,3.85,5.51,5.2,5.51,3.66,5.21,8.77,16.92,3.76,6.34,11.57,3.77,4.26,10.58,5.26
alpha-D-quinovopyranose,4.76,2.7,3.53,2.97,5.38,5.4,5.36,3.57,5.43,3.09,14.68,5.15,5.8,11.18,2.87,4.7,10.6,5.56
Thiabendazole,4.79,8.58,4.22,4.83,5.21,5.51,6.45,4.39,5.09,19.77,18.97,6.65,5.71,11.49,5.69,4.79,11.46,5.1
"D-Myo-Inositol-1,4-Bisphosphate",4.76,5.4,4.56,5.45,5.53,5.01,4.84,4.61,5.08,5.76,12.95,5.7,6.22,11.02,5.17,4.72,10.61,5.19
Erythose-4-Phosphate,4.75,5.57,4.72,4.56,5.35,5.06,4.44,4.36,5.24,2.48,12.02,5.14,5.89,11.19,4.41,4.8,11.39,5.15
Curcumin,4.8,4.71,3.38,3.7,5.29,5.0,6.69,4.56,5.11,4.23,10.93,7.83,5.22,11.8,3.92,4.74,11.46,5.23
3-Hydroxy-MyristicAcid,4.75,2.86,4.1,4.35,4.92,5.2,5.38,3.9,5.14,3.83,13.8,4.6,5.71,10.45,5.77,4.63,10.83,5.13
2-[4-(3-METHYL-1H-PYRAZOL-4-YL)PHENYL]ETHANAMINE,4.78,9.86,3.84,4.63,5.35,5.92,6.42,5.08,5.09,5.56,12.87,5.93,5.66,11.59,3.84,5.19,11.16,5.04
Fluindione,4.75,5.29,5.81,5.45,5.16,4.98,5.33,4.2,5.38,8.55,12.29,6.25,5.94,10.4,5.09,4.72,10.71,5.1
D-[(N-Hydroxyamino)Carbonyl]Phenylalanine,4.77,8.85,6.46,5.34,5.56,5.43,6.18,4.91,5.48,12.08,18.87,6.23,6.02,11.51,4.8,5.71,11.51,5.39
"(2E)-3-(3,4-DIHYDROXYPHENYL)-2-IMINOPROPANOICACID",4.73,5.46,5.19,4.3,5.34,4.91,5.47,4.53,5.07,5.23,11.97,4.84,6.37,11.54,3.77,4.81,11.49,5.14
DL-Methylephedrine,4.79,6.41,3.89,4.15,5.36,6.07,5.82,4.23,5.2,5.26,13.5,6.03,5.96,11.53,4.17,4.52,10.92,5.19
Fenoprofen,4.77,6.68,4.2,4.86,5.28,6.0,7.27,4.46,5.17,8.18,13.61,7.2,6.07,11.5,5.01,5.2,11.29,5.19
Clorindione,4.75,8.24,5.77,4.82,5.24,4.97,5.34,4.34,5.12,5.81,17.79,5.93,5.85,10.37,4.93,4.85,10.63,5.09
Entacapone,4.77,7.37,6.25,6.42,5.49,5.35,5.29,5.6,5.87,6.4,23.3,7.03,6.12,12.37,5.37,5.25,11.4,5.43
Maltose,4.73,9.3,4.52,4.19,4.91,4.93,6.62,4.17,5.34,8.72,7.91,5.25,6.42,10.56,3.97,4.73,10.54,5.24
Xanthine,4.74,5.93,4.29,4.12,5.25,4.95,5.49,4.02,5.22,6.13,10.67,4.72,5.63,10.73,3.95,4.53,10.7,5.69
"1-(3,5-DICHLOROPHENYL)-5-METHYL-1H-1,2,4-TRIAZOLE-3-CARBOXYLICACID",4.74,4.39,5.77,6.09,5.21,5.1,7.0,4.91,5.07,5.91,15.84,5.57,6.23,11.5,5.19,4.85,11.32,5.08
2-Amino-3-Oxo-4-Sulfo-ButyricAcid,4.75,3.76,4.62,4.15,5.02,5.1,4.58,4.0,5.34,5.88,8.95,4.71,6.16,11.54,4.3,4.48,11.5,5.18
3-[5-(3-nitrophenyl)thiophen-2-yl]propanoicacid,4.81,7.56,5.18,4.98,5.7,5.29,6.4,4.93,5.77,6.49,11.6,6.47,6.09,11.85,4.55,4.82,11.33,5.34
Phenylsalicylate,4.77,5.29,6.12,5.94,4.98,5.08,6.71,4.13,5.14,7.79,15.16,6.73,5.81,12.11,4.94,4.7,11.48,5.19
2-(4-HYDROXY-3-NITROPHENYL)ACETICACID,4.74,7.77,3.52,3.98,5.32,5.26,5.41,4.26,5.35,6.97,10.67,6.23,5.57,11.68,4.14,4.72,11.62,5.17
Olomoucine,4.76,8.93,4.89,4.99,5.34,5.3,4.72,4.43,5.07,15.5,17.86,7.53,5.89,9.7,5.01,4.65,10.6,5.05
O-Benzylsulfonyl-Serine,4.76,6.31,4.17,5.92,5.11,5.14,7.23,4.21,5.22,6.81,11.11,4.74,5.85,11.7,4.07,4.86,10.57,5.13
Nonoxynol-9,4.8,5.32,5.26,4.89,5.57,5.09,7.0,4.59,5.09,4.92,10.84,5.21,6.35,11.86,4.9,4.53,11.39,5.02
"2',3'-Dideoxyadenosine-5'-Triphosphate",4.76,7.7,5.36,5.33,5.66,5.05,6.64,4.51,5.06,5.04,12.29,5.7,6.71,11.6,5.15,4.7,10.76,5.17
5-hydroxynaphthalene-1-sulfonamide,4.74,1.98,4.79,4.57,5.52,5.65,5.65,4.55,5.13,3.53,11.12,6.3,5.41,11.41,6.17,4.96,11.39,5.2
GlycochenodeoxycholicAcid,4.8,6.39,4.85,4.6,5.0,5.27,6.43,4.46,5.13,4.97,10.93,5.5,6.01,11.81,4.88,4.9,10.54,5.36
7-Hydroxy-2-Oxo-Chromene-3-CarboxylicAcidEthylEster,4.75,6.73,5.86,5.09,5.14,4.92,4.99,4.4,5.14,8.57,13.01,7.08,6.46,12.2,4.89,4.83,11.33,5.14
Pseudoephedrine,4.77,14.83,4.65,5.21,5.38,6.14,5.28,4.52,5.08,7.68,10.28,6.77,6.07,11.32,4.15,4.88,11.57,5.1
Mefenamicacid,4.75,9.69,6.84,6.66,5.2,5.09,6.28,4.34,5.05,7.22,11.85,5.83,5.9,11.59,5.89,4.83,11.52,5.12
Acetylcarnitine,4.75,8.87,4.41,4.31,4.99,5.0,5.37,4.38,5.22,6.7,11.94,6.47,6.41,11.3,3.96,4.85,10.82,5.42
Ritodrine,4.75,5.09,5.35,5.68,5.39,5.45,4.68,4.42,5.09,4.72,15.62,7.26,6.2,11.4,4.18,4.91,11.41,5.09
Magnesiumsalicylate,4.74,9.29,5.26,4.71,4.87,5.51,5.27,4.26,5.17,4.04,14.14,6.52,5.47,12.43,4.52,4.56,10.6,5.11
"3,5-diiodothyropropionicacid",4.79,3.51,5.9,4.18,5.94,4.87,7.33,4.86,5.13,8.99,12.29,6.6,5.84,11.61,7.24,5.0,10.76,5.56
L-Tryptophanamide,4.74,4.97,4.65,4.64,5.79,5.36,6.26,4.26,5.11,16.28,3.5,6.73,5.9,11.54,4.99,4.62,11.39,5.05
Atenolol,4.77,9.85,4.12,5.13,5.53,5.32,7.25,6.1,5.08,13.41,27.86,6.13,5.83,11.4,5.04,5.68,11.17,5.05
Ractopamine,4.81,10.88,5.16,4.61,5.35,5.19,5.21,5.54,5.09,2.36,6.52,7.23,6.02,11.48,4.11,5.41,10.85,5.15
[5-HYDROXY-2-(4-HYDROXYPHENYL)-1-BENZOFURAN-7-YL]ACETONITRILE,4.77,2.83,6.59,6.28,5.67,5.33,7.05,4.85,5.03,3.84,11.45,7.12,5.14,11.76,4.42,5.13,11.67,5.21
"1,4-Dideoxy-5-Dehydro-O2-Sulfo-GlucuronicAcid",4.77,8.79,4.14,3.86,5.35,5.38,5.78,4.4,5.12,4.67,11.73,6.08,6.69,10.33,4.0,4.76,10.6,5.12
Sevoflurane,4.73,10.17,5.56,4.42,5.4,5.01,4.34,4.51,5.32,8.27,11.34,5.35,5.79,10.39,5.46,4.77,10.85,5.1
Tridolgosir,4.74,6.88,3.78,4.29,5.64,5.33,6.59,4.75,5.19,7.92,14.63,4.98,6.58,11.43,4.1,4.8,11.55,5.83
methyl(3S)-3-[(tert-butoxycarbonyl)amino]-4-oxopentanoate,4.74,6.13,4.38,4.41,5.63,5.28,4.96,4.38,5.08,11.09,20.33,5.31,5.76,10.27,3.49,4.73,11.04,5.18
2-(Oxalyl-Amino)-BenzoicAcid,4.72,4.93,4.18,4.02,5.47,4.96,5.46,4.29,5.07,2.99,7.07,5.65,6.03,11.7,3.73,4.84,11.6,5.15
2-Amino-3-Hydroxy-3-Phosphonooxy-PropionicAcid,4.73,6.26,5.1,4.72,5.44,5.09,4.68,3.53,5.14,3.96,11.55,4.02,5.73,10.96,4.49,4.29,11.59,5.12
Tetrabromo-2-Benzotriazole,4.74,6.54,3.2,3.21,5.65,5.02,4.04,4.61,5.11,5.99,11.32,5.61,6.09,11.86,4.1,4.77,11.38,5.13
"{[5-(5-nitro-2-furyl)-1,3,4-oxadiazol-2-yl]thio}aceticacid",4.79,3.59,3.71,4.78,5.15,5.54,6.96,4.62,5.59,4.69,11.41,5.96,6.44,11.7,4.05,4.92,11.42,5.29
3-(4-nitrophenyl)-1H-pyrazole,4.75,6.72,4.61,4.54,5.09,5.85,5.27,4.39,5.41,8.25,12.33,5.52,5.58,10.59,4.23,4.75,11.42,5.34
HOMOPHENYLALANINYLMETHANE,4.76,2.02,3.96,4.33,5.49,5.41,6.71,4.3,5.32,4.38,11.91,6.69,6.23,11.44,4.81,4.83,10.44,5.12
Hexylresorcinol,4.73,6.15,6.93,6.65,5.6,5.12,6.83,5.4,5.11,6.9,15.87,7.36,6.12,11.82,4.06,5.46,11.12,5.11
N-(1-benzylpiperidin-4-yl)-4-sulfanylbutanamide,4.75,3.79,5.35,5.46,5.48,5.11,5.89,4.45,5.08,3.34,12.8,5.71,6.2,11.28,4.76,4.82,11.59,5.13
7-METHOXY-1-METHYL-9H-BETA-CARBOLINE,4.74,1.93,4.35,4.34,5.52,5.23,6.15,4.67,5.09,3.1,11.71,6.65,5.57,10.42,5.48,5.08,10.21,5.04
Hyaluronicacid,4.73,4.95,4.37,4.54,4.89,5.03,5.25,4.14,5.94,7.96,16.53,4.7,5.76,10.46,5.07,4.67,11.19,5.4
Carmustine,4.78,8.44,4.38,4.41,5.09,5.02,5.65,4.03,5.09,6.03,20.11,6.32,5.63,11.5,3.93,4.69,11.54,5.15
"5-[2-(4-hydroxyphenyl)ethyl]benzene-1,3-diol",4.78,4.08,4.41,4.74,5.57,4.92,7.27,4.5,5.05,6.44,14.73,6.37,5.45,12.01,4.76,4.65,11.22,5.08
"5,7,2′-trihydroxy-6,8-dimethoxyflavone",4.81,7.11,5.39,5.69,5.57,6.22,7.92,4.51,5.19,6.29,9.21,5.6,5.18,11.66,5.38,4.97,11.49,5.3
LJP1082,4.72,3.46,5.36,3.84,5.72,5.4,4.86,4.1,5.15,4.62,16.28,4.95,6.36,11.17,4.42,4.45,10.55,5.14
Cloranolol,4.79,4.18,7.65,7.4,5.88,5.7,6.98,5.37,5.07,5.54,11.48,6.1,5.77,11.21,6.31,5.7,10.5,5.07
NU1025,4.73,6.81,4.29,3.84,5.52,4.96,4.58,5.41,5.87,5.21,15.74,5.97,6.18,11.24,5.32,4.76,11.37,5.25
Biphenylalanine,4.77,9.54,3.41,3.53,5.35,5.12,7.31,4.08,5.49,4.9,11.46,7.06,6.29,11.74,3.31,4.8,10.51,5.18
Etafedrine,4.73,8.49,4.49,4.19,5.48,6.11,4.34,4.21,5.25,13.66,11.67,4.74,6.12,11.5,5.93,4.7,11.34,5.23
Nitroxoline,4.74,4.4,4.45,3.85,5.53,4.96,6.48,4.6,5.09,6.05,12.32,7.16,5.78,11.64,5.62,4.86,11.58,5.11
Mycophenolatemofetil,4.79,4.9,3.61,3.59,5.73,4.96,5.14,5.69,5.09,5.03,10.7,5.93,6.68,11.21,3.46,5.24,11.07,5.17
Loxoprofen,4.77,5.2,5.54,4.88,5.13,6.16,7.06,3.78,5.09,6.62,11.57,7.32,6.06,10.5,4.58,4.68,11.49,5.23
4-(4-STYRYL-PHENYLCARBAMOYL)-BUTYRICACID,4.8,7.63,4.41,4.95,5.19,5.47,5.32,4.39,5.32,6.19,11.13,6.18,6.3,11.82,5.55,4.78,10.67,5.4
DEHYDRO-2(S)-AMINO-6-BORONOHEXANOICACID,4.73,5.35,5.39,5.94,4.94,5.04,4.78,4.23,5.08,4.09,11.27,5.83,6.13,10.47,4.81,5.1,10.75,5.14
Deferoxamine,4.73,2.34,5.99,6.11,5.39,5.13,5.51,4.47,5.09,3.94,11.93,5.35,5.39,11.39,5.72,4.82,11.58,5.17
2-mercaptobenzothiazole,4.74,8.74,5.65,5.39,5.21,5.06,5.59,4.45,5.67,7.39,22.02,4.9,6.36,11.9,3.92,4.84,11.63,5.23
Pinacidil,4.78,9.05,6.57,6.45,5.4,5.24,5.42,4.9,5.04,2.49,7.31,5.09,5.83,11.58,4.24,5.69,11.51,5.13
Aminosalicylicacid,4.71,4.02,3.97,4.31,5.01,4.97,5.16,4.19,5.07,4.88,10.95,5.78,5.86,12.26,4.3,4.7,11.36,5.04
Dibromotyrosine,4.73,4.46,5.11,5.78,5.73,5.07,5.92,3.76,5.15,2.62,10.23,6.76,5.98,10.62,4.63,4.85,11.12,5.15
Dinor-N(Omega)-Hydroxy-L-Arginine,4.73,4.71,4.26,4.01,5.45,5.16,5.49,4.09,5.12,1.95,7.24,4.38,5.89,11.41,5.14,4.75,10.68,5.12
DihydrolipoicAcid,4.73,3.18,4.42,3.99,4.92,5.18,5.32,5.51,5.55,4.77,10.69,5.69,5.45,10.3,4.88,5.37,11.56,5.43
1-(4-HEXYLPHENYL)PROP-2-EN-1-ONE,4.77,2.29,4.35,5.11,4.98,4.9,6.34,4.24,5.08,3.13,11.87,6.42,5.92,11.23,5.84,5.0,11.16,5.06
Alrestatin,4.72,3.06,4.76,5.34,5.62,4.92,6.44,4.62,5.87,4.27,11.36,5.5,5.48,11.28,6.57,4.78,10.81,5.22
Prilocaine,4.76,5.53,4.2,4.64,5.69,5.18,5.97,4.48,5.06,5.0,12.01,6.28,6.3,11.52,4.23,4.79,10.81,5.14
Tranexamicacid,4.72,15.91,4.73,4.73,4.94,5.11,4.33,3.74,5.12,6.39,14.6,4.87,6.4,10.63,4.97,4.36,11.67,5.28
Tioguanine,4.79,2.94,5.1,4.8,5.2,5.03,6.26,4.05,5.18,4.15,12.3,5.41,5.89,11.65,4.15,4.58,11.1,5.19
4-{[(CYCLOHEXYLAMINO)CARBONYL]AMINO}BUTANOICACID,4.73,2.15,4.57,4.3,5.3,5.1,4.78,3.76,5.1,3.62,11.07,4.31,5.23,11.21,4.1,4.43,10.53,5.2
S-2-(Boronoethyl)-L-Cysteine,4.72,5.2,3.64,3.73,5.02,5.22,4.54,4.39,5.13,4.71,14.37,5.97,6.23,10.72,5.55,4.96,10.46,5.08
6-Nitroindazole,4.72,9.21,4.34,4.63,5.57,4.92,5.51,4.55,5.08,6.38,10.91,6.4,5.28,11.43,4.35,4.86,11.56,5.08
"2-Amino-N,3,3-Trimethylbutanamide",4.72,5.75,4.59,3.87,4.92,5.01,3.71,4.21,5.07,6.45,44.21,4.33,6.28,10.48,4.41,4.62,11.58,5.09
6-(Hydroxyethyldithio)-8-(Aminomethylthio)OctanoicAcid,4.73,2.58,4.08,3.96,5.06,4.9,5.62,4.39,5.57,3.43,11.29,4.83,6.02,10.46,4.27,4.85,11.69,5.39
S-Mercaptocysteine,4.72,4.46,4.19,5.6,5.01,5.05,5.68,3.9,5.1,5.31,11.98,4.38,5.73,10.36,4.37,5.09,10.69,5.13
Nimesulide,4.72,6.64,5.49,5.05,5.65,5.09,7.75,5.07,5.17,5.44,10.82,6.34,6.16,11.83,6.41,5.19,11.41,5.85
4-HYDROXYBENZALDEHYDEO-(CYCLOHEXYLCARBONYL)OXIME,4.77,8.47,4.88,5.18,4.91,4.93,6.45,4.51,5.09,6.33,11.07,6.45,6.17,11.88,5.76,4.8,11.43,5.71
NovoNordiska/SCompound,4.72,10.35,6.39,6.18,5.66,5.02,5.46,4.54,5.07,11.37,9.1,5.36,6.23,11.69,4.67,4.83,11.47,5.05
OroticAcid,4.76,4.51,4.78,4.17,5.03,5.16,5.51,3.76,5.26,2.97,12.03,4.93,5.35,11.48,4.09,4.46,10.62,5.48
P-(2'-Iodo-5'-Thenoyl)HydrotropicAcid,4.77,5.46,5.44,5.79,5.55,5.53,5.42,4.85,5.11,5.49,15.44,6.56,5.75,11.58,5.95,5.51,10.58,5.71
Selenocysteine,4.73,6.16,3.88,3.68,5.29,5.06,6.05,4.01,5.13,4.62,17.27,4.26,5.55,10.34,5.05,4.74,10.59,5.15
"4,4'-PROPANE-2,2-DIYLDIPHENOL",4.76,5.64,3.86,3.97,5.58,5.37,5.2,4.24,5.33,19.4,12.33,7.23,5.72,12.08,3.32,4.72,11.61,5.15
"3-(CARBOXYMETHOXY)THIENO[2,3-B]PYRIDINE-2-CARBOXYLICACID",4.72,6.15,3.33,3.43,5.25,5.07,6.06,3.6,5.05,4.8,13.14,6.5,6.86,11.73,5.65,4.68,11.16,5.08
Resveratrol,4.76,7.46,6.23,5.35,5.39,4.97,6.42,4.54,5.29,21.74,12.46,6.73,5.82,12.62,6.16,4.72,11.71,5.75
"(5R,6E,8Z,11Z,14Z,17Z)-5-hydroxyicosa-6,8,11,14,17-pentaenoicacid",4.73,5.24,5.63,4.89,4.83,5.01,5.63,4.53,5.16,11.93,17.91,4.99,6.1,10.55,6.02,4.75,11.37,5.2
"Inositol1,3-Bisphosphate",4.72,9.0,4.11,4.7,5.65,5.05,4.92,4.37,5.07,10.95,13.33,6.39,6.21,10.91,5.23,4.55,10.67,5.18
"(4Z)-2,8:7,12:11,15:14,18:17,22-PENTAANHYDRO-4,5,6,9,10,13,19,20,21-NONADEOXY-D-ARABINO-D-ALLO-D-ALLO-DOCOSA-4,9,20-TRIENITOL",4.72,6.99,5.05,5.04,4.95,5.18,6.23,4.79,5.09,6.95,14.38,6.78,6.67,11.58,4.88,4.79,10.87,5.11
Vidarabine,4.78,6.2,3.97,3.77,5.56,5.04,5.61,4.6,5.12,2.46,20.45,5.4,6.62,10.38,4.29,4.52,10.83,5.16
Heptulose-2-Phosphate,4.72,13.99,5.43,5.4,5.2,5.01,3.87,4.47,5.49,6.92,13.15,5.07,6.22,10.46,3.85,4.49,10.49,5.22
"(2R,3R,4S,5R)-2-acetamido-3,4-dihydroxy-5-hydroxymethyl-piperidine",4.73,6.82,4.02,3.75,5.72,5.27,4.33,3.95,6.12,4.68,11.26,5.02,6.35,11.65,3.83,4.65,10.93,5.35
Desflurane,4.74,1.77,3.45,4.28,5.04,5.13,4.43,4.69,5.44,2.63,14.37,4.8,5.78,10.32,4.06,4.84,11.65,5.18
Ferricpyrophosphatecitrate,4.72,3.07,5.0,4.25,5.09,5.22,5.74,4.52,5.06,2.84,11.82,7.9,6.71,11.54,5.59,4.18,10.96,5.14
Glutethimide,4.72,7.41,7.17,6.29,5.47,6.21,5.04,4.09,6.06,7.45,10.59,6.65,5.76,10.87,4.7,4.46,11.71,6.1
Indenolol,4.73,5.2,7.24,6.89,5.52,5.59,6.57,5.16,5.1,6.42,12.5,4.69,5.67,11.51,6.83,5.73,11.33,5.16
Desvenlafaxine,4.73,6.27,4.65,4.95,5.74,5.02,4.61,5.21,5.07,7.06,12.43,6.83,5.93,10.22,4.42,5.04,11.77,5.05
"UNDECA-3,7-DIENE-1,3,7,11-TETRACARBALDEHYDE",4.71,4.66,5.2,4.45,4.85,4.87,5.03,4.54,5.07,5.85,12.56,5.51,5.89,10.9,5.28,4.88,11.22,5.14
Fingolimod,4.71,7.09,4.56,4.79,5.65,4.92,5.36,4.63,5.09,6.06,16.7,5.36,6.37,11.43,5.55,5.09,10.8,5.03
Azacitidine,4.76,5.31,4.18,4.11,5.01,5.03,4.31,3.75,6.15,6.62,15.02,4.4,6.71,10.26,4.49,4.39,10.64,5.79
Atrasentan,4.77,5.52,4.73,5.52,5.5,6.15,8.17,5.53,5.26,6.21,10.59,7.43,6.42,11.56,6.63,5.47,11.49,5.12
VitaminA,4.75,1.93,7.27,6.87,6.0,5.1,7.63,4.89,5.36,4.19,12.16,7.5,6.18,11.69,7.19,4.78,11.55,5.72
Esmolol,4.76,2.48,4.47,5.36,6.13,5.16,6.59,4.42,5.07,4.64,11.48,5.78,6.03,10.26,4.91,5.14,11.27,5.1
Epinephrine,4.73,7.52,5.05,5.18,5.47,5.71,4.91,4.57,5.79,5.27,7.84,4.72,6.05,11.95,5.06,5.06,11.61,5.29
"N~2~,N~2~-DIMETHYL-N~1~-(6-OXO-5,6-DIHYDROPHENANTHRIDIN-2-YL)GLYCINAMIDE",4.76,5.62,6.47,4.78,6.05,5.45,6.08,4.85,5.09,8.08,10.84,5.8,6.22,11.88,5.08,5.2,11.5,5.2
(2S)-2-(4-ethylphenoxy)-3-phenylpropanoicacid,4.71,6.15,5.91,5.54,5.44,5.25,7.26,4.31,5.17,9.44,7.44,6.01,6.15,10.56,3.31,4.79,11.36,5.18
Etidronicacid,4.77,4.32,4.56,5.28,5.3,5.06,5.49,4.3,5.09,19.76,3.91,4.96,6.12,11.39,5.8,4.7,11.39,5.24
PhosphoaminophosphonicAcid-AdenylateEster,4.75,3.15,5.05,4.9,5.73,4.99,5.7,5.21,5.09,3.77,14.37,5.76,6.54,11.32,5.18,4.65,10.81,5.08
Oxymetazoline,4.72,6.34,5.28,5.82,5.67,5.25,6.54,4.93,5.52,8.3,11.48,6.52,5.69,11.51,7.03,4.9,11.67,5.33
Droxidopa,4.71,6.14,5.43,4.07,5.63,5.36,4.89,4.34,5.31,2.19,12.02,5.04,5.61,11.08,4.73,5.02,11.47,5.82
4-(2-AMINOPHENYL)-4-OXOBUTANOICACID,4.71,3.87,4.53,4.39,4.87,5.14,5.33,5.06,5.08,20.61,18.83,5.51,6.35,10.67,4.76,4.99,11.4,5.15
"{4-Amino-2-[(4-methoxyphenyl)amino]-1,3-thiazol-5-yl}(4-methoxyphenyl)methanone",4.72,5.35,4.98,5.8,5.19,5.56,6.55,4.71,5.12,5.43,12.03,7.42,6.49,11.78,4.97,4.77,10.76,5.03
Didanosine,4.73,5.2,4.79,5.3,5.11,5.0,7.51,4.52,5.43,7.12,12.34,6.57,6.35,10.46,5.08,4.79,11.4,5.16
Salmeterol,4.75,2.77,6.23,5.02,6.19,5.63,7.05,4.63,5.13,4.9,10.99,5.73,5.57,11.47,5.06,4.96,10.71,5.11
Sulfapyridine,4.75,3.76,3.98,3.22,5.15,5.02,4.71,4.44,5.07,2.0,10.87,5.13,6.02,11.66,4.47,4.64,11.7,5.07
Cholinealfoscerate,4.71,4.4,3.55,4.27,4.97,5.02,5.82,4.37,5.1,4.27,12.19,5.81,6.03,11.25,4.35,4.5,11.08,5.14
(2s)-Hydroxy(4-Hydroxyphenyl)Ethanenitrile,4.75,3.4,3.88,4.1,5.3,5.08,4.84,3.77,5.12,3.54,13.72,6.95,6.06,11.33,4.18,4.35,11.61,5.11
Cholinesalicylate,4.71,4.08,4.78,4.44,4.96,5.48,5.37,4.33,5.31,1.82,11.34,6.82,5.59,12.16,4.58,4.21,11.22,5.15
"TRANS-(1S,2S)-2-AMINO-1,2,3,4-TETRAHYDRONAPHTHALEN-1-OL",4.74,10.42,4.04,4.09,5.17,5.15,6.14,3.95,5.11,6.12,12.16,5.4,6.14,11.5,4.15,4.69,11.52,5.32
N-Trimethyllysine,4.71,2.84,4.53,4.1,5.07,5.06,6.11,4.21,5.19,3.16,15.91,6.2,6.28,10.39,5.51,4.71,10.67,5.22
Anthralin,4.74,5.56,7.17,7.09,5.1,5.91,6.25,4.45,5.37,6.21,11.84,6.12,5.34,12.68,5.81,4.71,11.67,5.31
Carbutamide,4.77,8.98,4.87,4.9,5.57,7.09,5.69,4.35,5.09,2.62,8.36,5.56,6.33,11.51,5.29,4.74,11.23,5.07
HumanbloodgroupHtype1trisaccharide,4.71,2.17,3.6,3.45,4.71,4.97,5.1,3.59,5.73,18.64,25.94,4.38,5.85,10.64,4.39,4.69,10.7,5.44
Tert-Butyl(1s)-1-Cyclohexyl-2-Oxoethylcarbamate,4.71,7.5,4.57,4.31,5.78,5.52,5.42,4.73,5.11,4.06,10.88,5.07,5.95,10.85,4.72,4.72,11.18,5.33
Acarbose,4.75,2.86,4.23,4.53,4.79,4.94,4.48,4.57,5.26,9.77,11.54,6.35,6.11,10.31,5.4,4.87,10.81,5.15
Allopurinol,4.74,7.17,4.86,4.0,4.89,5.08,5.32,4.7,5.08,6.89,12.17,5.82,5.97,11.47,4.1,4.47,11.77,5.16
Beta-(2-Naphthyl)-Alanine,4.76,5.26,4.12,5.74,5.24,5.24,7.33,3.87,5.22,4.53,13.23,5.86,6.28,11.22,3.51,4.7,11.35,5.15
Limaprost,4.74,5.03,5.67,5.82,5.57,5.28,5.05,5.01,5.27,2.44,10.24,6.04,6.11,11.43,5.44,5.16,10.52,5.48
Topiroxostat,4.74,3.73,5.4,6.1,5.37,5.52,6.12,4.53,5.17,4.89,15.71,6.4,6.45,11.68,3.85,4.75,10.87,5.07
Levonordefrin,4.71,4.77,5.4,5.24,5.45,5.48,4.85,4.33,5.21,4.59,13.06,3.79,6.14,11.69,4.35,5.17,11.59,5.51
Itopride,4.76,2.86,6.28,6.41,5.49,5.0,6.27,4.45,5.06,3.21,12.9,5.91,5.25,10.62,5.57,4.71,11.36,5.08
3-phenyl-5-(1H-pyrazol-3-yl)isoxazole,4.78,4.12,4.09,2.72,5.55,5.73,5.73,4.45,5.09,4.64,13.35,6.2,6.16,10.94,4.48,4.85,11.64,5.48
Dihydralazine,4.72,2.99,4.56,4.04,4.91,5.05,5.88,4.51,5.09,4.92,11.36,5.9,6.21,11.45,3.21,4.91,11.3,5.1
3-ETHYL-2-(4-HYDROXYPHENYL)-2H-INDAZOL-5-OL,4.74,6.19,5.45,4.5,5.55,5.09,5.3,4.76,5.14,6.37,11.35,6.91,6.03,12.27,4.3,4.71,12.19,5.09
2-deoxy-2-fluoro-alpha-D-mannosylfluoride,4.75,1.9,3.56,3.66,5.11,5.02,5.64,3.56,5.66,4.7,12.96,6.36,6.38,10.15,3.82,4.33,10.62,5.75
"3,8-DIBROMO-7-HYDROXY-4-METHYL-2H-CHROMEN-2-ONE",4.77,5.04,7.55,7.16,5.59,5.11,4.98,5.23,5.17,2.52,10.16,5.7,6.54,12.34,6.12,4.97,11.18,5.24
RU78299,4.71,6.84,4.71,3.66,4.93,5.0,7.13,3.96,5.08,4.44,11.2,5.58,5.91,11.57,5.07,4.57,11.55,5.06
Tramadol,4.71,3.08,5.41,5.49,5.46,4.92,7.12,4.45,5.08,9.61,1.77,5.74,6.42,10.68,4.14,4.81,11.22,5.35
GinsenosideRg1,4.76,5.87,6.72,5.35,5.5,4.92,6.33,4.47,6.19,5.82,11.11,8.14,6.03,11.62,5.95,4.78,11.07,6.01
"2,3-DifluorobenzylAlcohol",4.71,4.65,4.88,5.63,5.21,5.08,5.29,4.47,5.1,3.02,9.5,5.37,5.23,11.86,4.36,4.54,10.71,5.05
Minoxidil,4.7,6.25,5.91,4.13,5.48,5.02,4.8,5.16,5.07,10.49,13.54,6.65,6.29,10.6,3.98,5.14,11.05,5.13
1-CHLORO-6-(4-HYDROXYPHENYL)-2-NAPHTHOL,4.7,4.72,5.62,5.79,6.28,4.84,7.02,5.53,5.07,4.82,10.63,5.83,6.4,11.52,3.51,5.06,11.69,5.17
Metyrosine,4.7,10.6,5.07,4.74,5.5,4.99,5.28,3.94,5.1,7.14,38.44,6.15,6.38,12.02,3.98,4.64,11.62,5.14
"3,8,9,10-tetrahydroxy-7-hydroxymethyl-6-oxa-1,3-diaza-spiro[4.5]decane-2,4-dione",4.7,6.9,3.45,4.34,5.42,5.07,3.87,3.73,6.3,5.71,12.54,5.42,6.0,11.24,4.71,4.7,11.18,5.72
"4-(2,5-Dichloro-Thiophen-3-Yl)-Pyrimidin-2-Ylamine",4.71,1.98,4.1,4.55,5.28,5.01,5.74,4.6,5.05,4.54,13.09,6.47,6.19,11.74,5.9,4.92,10.74,5.05
PICEATANNOL,4.72,14.53,5.25,4.6,5.45,4.97,6.58,5.05,5.61,8.02,10.95,6.53,5.83,12.54,6.01,4.93,11.8,5.82
"2-(2-Hydroxy-1,1-Dihydroxymethyl-Ethylamino)-EthanesulfonicAcid",4.73,3.6,3.5,4.12,5.21,5.1,4.58,4.78,5.09,2.86,11.39,4.6,6.22,10.44,5.86,4.77,10.69,5.11
Sucrose,4.7,4.77,3.05,2.94,5.19,5.04,5.91,4.18,6.02,7.55,12.53,6.32,6.37,10.61,4.08,4.54,10.82,5.81
Theophylline,4.75,4.76,5.1,4.84,5.13,4.96,5.32,4.14,5.23,5.86,36.04,5.68,6.7,10.21,4.32,4.65,10.62,5.13
Voglibose,4.75,3.33,6.13,3.96,6.09,5.06,5.03,5.39,6.3,3.15,10.53,5.33,6.53,10.58,5.04,5.83,11.57,5.51
Acyclovir,4.71,8.66,4.37,4.61,4.91,5.07,4.93,4.26,5.07,2.25,26.58,4.99,6.28,10.32,4.93,4.34,11.35,5.05
Tolmetin,4.75,1.31,5.53,4.32,5.22,6.07,5.53,4.86,5.16,3.65,6.99,6.2,6.49,11.73,5.0,4.79,11.56,5.1
2-Cyclopropylmethylenepropanal,4.73,4.13,4.74,4.53,4.77,5.03,6.79,4.31,5.07,4.67,11.29,6.15,5.84,10.24,4.46,4.86,10.83,5.32
Lithiumcitrate,4.75,3.48,4.07,4.02,4.99,5.06,4.77,4.56,5.09,4.68,15.86,6.8,6.45,11.67,5.7,4.64,10.94,5.14
Dopamine,4.71,5.01,4.8,3.4,5.43,5.03,4.88,5.01,5.06,4.46,13.04,4.73,6.03,11.87,4.01,5.05,11.41,5.04
5-AMINO-NAPHTALENE-2-MONOSULFONATE,4.76,5.59,4.32,4.53,5.33,5.23,5.8,4.18,5.23,4.97,13.73,5.76,5.45,11.57,4.45,4.82,11.55,5.14
Metiamide,4.68,7.01,5.72,5.24,5.57,5.05,5.35,4.51,5.07,6.66,13.2,4.61,5.24,10.61,4.17,5.13,11.37,5.11
2-deoxyglucose,4.7,12.05,3.55,5.13,4.92,4.99,5.01,4.09,5.21,8.08,12.96,4.29,6.03,10.43,5.12,4.78,11.31,5.14
Propranolol,4.7,4.62,5.76,6.54,5.24,5.66,6.47,4.8,5.13,5.69,12.45,5.15,5.91,11.44,4.77,5.16,11.34,5.09
Phenacetin,4.71,2.48,3.96,4.79,5.1,5.02,5.18,4.15,5.1,3.93,11.31,4.22,6.05,10.86,4.19,4.6,11.24,5.1
Chlorambucil,4.76,3.77,3.47,4.83,5.05,4.9,5.32,4.1,5.09,3.07,13.37,6.68,6.3,11.65,4.27,4.7,11.19,5.3
Fenoterol,4.75,3.4,4.93,4.5,6.55,4.92,6.75,5.69,5.16,5.52,6.41,7.64,5.4,11.23,4.36,5.35,11.36,5.25
3-Methoxybenzamide,4.71,3.6,4.74,4.03,4.99,5.05,5.46,4.6,5.08,5.06,10.63,6.23,5.11,11.8,4.26,4.64,11.53,5.1
3-Nitro-4-(2-Oxo-Pyrrolidin-1-Yl)-Benzenesulfonamide,4.7,4.65,4.88,4.19,5.37,6.82,5.46,4.45,5.12,2.29,11.94,5.81,5.72,11.61,5.39,4.71,11.61,5.26
N-Formylmethionine,4.69,6.17,7.09,6.19,4.99,5.11,4.66,4.83,5.52,6.36,21.1,5.57,5.82,10.45,4.9,4.83,10.68,5.43
PhosphonoacetohydroxamicAcid,4.7,6.12,6.44,5.56,5.25,5.03,5.64,4.93,5.36,7.61,20.32,4.61,5.68,10.57,5.1,4.71,11.63,5.33
3-Fluoro-L-tyrosine,4.77,7.71,4.31,5.49,5.8,4.99,5.46,4.39,5.11,12.83,10.71,6.06,6.15,11.38,4.36,4.8,10.58,5.13
N-{[(2-Methyl-2-propanyl)oxy]carbonyl}-L-alanyl-L-alaninamide,4.72,2.08,3.85,4.5,5.51,5.08,4.07,4.23,5.07,3.43,12.06,4.98,5.93,11.44,3.84,4.86,11.12,5.08
6-hydroxydopaquinone,4.71,3.15,4.75,4.14,5.5,5.67,5.59,4.16,5.12,11.74,12.98,6.4,5.81,11.74,5.49,4.94,11.57,5.14
Phenindione,4.77,8.54,3.93,4.67,5.13,5.11,5.41,4.27,5.11,5.38,11.84,7.18,5.81,10.38,5.08,4.68,10.7,5.17
Quisqualate,4.69,14.41,3.99,3.91,5.17,5.12,4.13,4.24,5.32,18.74,10.16,5.09,6.25,11.53,4.58,4.65,11.28,5.29
"N,N-DIMETHYL-4-(4-PHENYL-1H-PYRAZOL-3-YL)-1H-PYRROLE-2-CARBOXAMIDE",4.75,12.94,3.85,4.27,5.45,6.51,5.65,4.09,5.12,8.18,37.97,6.34,6.27,11.65,6.41,4.68,11.22,5.19
(3R)-3-HYDROXYDODECANOICACID,4.7,5.85,4.1,4.35,4.92,5.19,5.65,3.9,5.14,3.41,12.13,4.66,5.71,10.45,5.77,4.63,10.83,5.13
4-[3-(4-FLUOROPHENYL)-1H-PYRAZOL-4-YL]PYRIDINE,4.74,5.56,4.75,4.19,5.72,5.34,6.28,4.5,5.13,4.22,12.61,6.63,6.37,11.42,3.81,4.92,11.37,5.09
Tegafur,4.7,3.52,5.19,5.37,5.69,5.07,4.5,5.59,6.17,17.79,13.79,4.69,6.48,10.23,4.38,4.96,11.45,5.63
Tyrosine,4.7,10.17,4.05,4.61,5.46,5.03,4.33,3.95,5.2,18.71,4.98,6.46,6.35,11.61,2.84,4.72,11.51,5.11
"1,4-dithio-alpha-D-glucopyranose",4.69,3.67,3.91,4.22,5.33,5.44,5.89,3.81,5.94,3.99,13.14,5.91,5.94,11.37,3.7,4.48,10.56,5.26
Olsalazine,4.7,12.43,4.31,4.52,5.16,5.23,5.1,4.17,5.14,5.43,14.79,5.96,5.67,11.67,5.02,4.27,11.12,5.1
Enprofylline,4.69,3.33,5.02,4.63,5.12,5.0,5.08,4.3,5.4,4.28,8.52,6.22,6.25,10.13,4.38,4.57,10.75,5.45
4-(METHYLSULFONYL)BENZENECARBOXIMIDAMIDE,4.73,5.34,5.5,4.03,5.56,6.17,6.09,4.68,5.12,4.8,20.49,5.65,5.2,11.58,4.68,4.76,11.5,5.56
5-phenyl-1H-indazol-3-amine,4.76,4.95,5.12,3.63,5.57,5.08,6.22,4.44,5.87,23.04,13.14,5.51,6.06,10.86,4.17,4.7,11.44,5.13
Metoprolol,4.74,2.84,6.18,5.6,5.58,4.87,6.57,4.97,5.07,3.93,13.12,5.96,5.7,11.56,5.27,5.18,11.35,5.05
Magnesiumlactate,4.7,5.96,3.91,3.65,4.93,4.91,4.65,4.14,5.09,7.08,23.37,6.77,5.32,10.27,4.86,4.51,11.14,5.1
Nabumetone,4.71,6.04,3.73,4.86,5.6,4.94,5.65,4.1,5.07,7.65,10.61,5.78,6.33,11.65,4.08,4.72,11.12,5.05
Pirbuterol,4.7,5.2,5.36,4.89,5.83,5.19,6.57,4.62,5.16,4.79,11.72,5.08,5.46,11.36,4.17,5.0,11.58,5.15
[3-(Dodecanoylamino)Propyl](Hydroxy)Dimethylammonium,4.69,4.81,4.52,5.96,5.04,5.16,5.83,4.21,5.15,4.08,8.81,6.45,5.95,10.52,5.33,4.67,11.93,5.14
1-ACETYL-2-CARBOXYPIPERIDINE,4.69,2.7,3.88,4.21,5.15,5.15,6.27,4.34,5.22,7.31,8.69,5.22,5.28,11.22,4.46,4.58,10.71,5.53
Acebutolol,4.68,4.17,4.86,5.69,5.7,5.03,7.22,5.49,5.08,9.94,12.96,5.71,6.22,11.88,4.4,4.88,10.71,5.07
Molsidomine,4.72,5.66,3.33,3.34,5.47,4.87,5.3,4.32,5.09,6.86,11.92,5.19,6.19,11.16,4.99,4.7,11.59,5.13
5-Hydroxymethyl-Chonduritol,4.71,2.29,3.71,3.63,5.08,5.32,5.22,4.29,5.13,1.2,17.76,6.14,6.44,11.69,5.41,4.61,11.21,5.15
2-[METHYL-(5-GERANYL-4-METHYL-PENT-3-ENYL)-AMINO]-ETHYL-DIPHOSPHATE,4.71,3.33,4.47,4.83,4.9,4.96,7.03,4.9,5.08,3.03,11.57,7.14,5.84,11.26,4.47,5.68,11.44,5.19
Glyphosate,4.7,9.45,4.25,5.75,4.92,5.06,6.76,4.33,5.17,15.13,5.56,4.21,5.37,10.44,5.86,4.86,11.59,5.19
4-(1H-IMIDAZOL-1-YL)PHENOL,4.7,6.91,3.38,2.84,5.42,4.97,4.62,3.92,5.05,6.3,11.19,7.18,6.1,11.08,3.19,4.12,11.39,5.1
Alprenolol,4.67,5.17,7.52,7.42,6.19,5.75,6.26,4.97,5.21,5.87,13.64,6.92,5.47,11.46,7.03,5.51,10.74,5.16
2-[(5-hex-1-yn-1-ylfuran-2-yl)carbonyl]-N-methylhydrazinecarbothioamide,4.69,13.38,5.17,4.43,5.63,4.96,4.58,4.68,5.06,5.67,13.44,5.71,5.7,11.81,5.42,4.74,11.54,5.04
Pindolol,4.67,8.67,7.32,7.02,5.57,5.69,6.28,4.95,5.08,3.2,8.7,4.45,5.95,10.83,5.77,5.15,10.77,5.1
Alprostadil,4.71,10.31,4.14,4.57,5.6,5.21,4.25,5.28,5.71,6.55,21.99,5.71,5.9,11.46,5.6,4.9,10.57,6.04
Ferrousgluconate,4.69,8.77,3.37,4.24,5.12,5.25,5.18,4.0,5.27,6.0,16.81,6.92,5.61,11.29,3.99,4.54,11.54,5.08
Pregabalin,4.69,3.46,4.63,5.01,4.88,5.14,3.82,4.88,5.09,3.02,10.41,5.51,6.2,10.43,4.85,4.58,11.14,5.12
Bisoprolol,4.72,7.36,4.95,5.61,5.55,5.34,7.44,5.3,5.07,6.19,9.2,5.54,6.12,11.69,5.54,5.3,11.62,5.05
3-Tyrosine,4.7,2.95,4.86,4.85,5.18,5.31,4.97,3.9,5.29,2.84,13.89,5.35,6.09,11.52,2.9,4.62,11.36,5.16
Citrulline,4.7,3.54,4.82,4.6,4.99,5.16,3.68,4.12,5.14,4.31,11.37,5.68,6.17,10.51,5.31,4.71,10.6,5.27
D-Leucine,4.69,5.36,3.68,3.84,5.49,5.02,4.37,3.91,5.11,9.74,11.02,5.4,6.2,10.37,4.83,4.68,10.62,5.16
Isoprenaline,4.7,5.01,5.74,6.02,5.47,5.58,6.0,5.2,5.33,5.2,18.32,4.4,6.24,11.55,5.77,5.23,11.43,5.29
Penicillamine,4.75,5.48,3.79,3.63,4.96,5.13,5.43,3.9,5.41,4.78,37.18,5.61,6.13,10.56,4.19,4.52,11.47,5.2
3-(4-DIETHYLAMINO-2-HYDROXY-PHENYL)-2-METHYL-PROPIONICACID,4.68,6.32,5.27,5.24,5.5,5.06,6.86,5.11,5.41,3.09,16.95,5.21,6.65,11.65,4.12,5.26,10.99,5.46
Fructose-6-Phosphate,4.71,8.17,4.5,4.49,5.19,5.04,2.87,3.59,5.08,12.38,20.08,5.69,6.19,11.4,5.12,4.66,11.33,5.05
C-(1-hydrogyl-beta-D-glucopyranosyl)formamide,4.68,4.34,3.68,3.49,5.33,5.11,3.93,3.81,5.7,3.4,5.38,4.91,6.27,11.49,4.22,4.52,10.84,5.21
Isocarboxazid,4.73,5.3,5.41,4.82,5.06,5.08,4.96,5.09,5.07,5.06,12.44,5.16,5.92,10.72,4.2,5.12,11.56,5.08
L-Myo-Inositol-1-Phosphate,4.68,6.91,4.16,4.23,5.53,5.25,5.43,4.44,5.08,5.04,11.12,6.01,6.22,11.02,5.17,4.98,10.54,5.19
"Heptane-1,2,3-Triol",4.69,-1.62,3.73,4.18,5.0,5.01,5.03,4.1,5.4,4.3,5.6,4.75,5.69,10.34,4.19,4.47,10.67,5.11
"6-(3-BROMO-2-NAPHTHYL)-1,3,5-TRIAZINE-2,4-DIAMINE",4.74,7.32,4.15,4.69,5.55,5.83,5.49,5.01,5.09,6.74,13.81,6.12,5.92,11.85,4.43,4.78,11.36,5.05
"2-HYDROXY-3,5-DIIODOBENZOICACID",4.69,9.58,4.3,4.15,5.54,5.03,6.16,4.35,5.08,6.06,8.91,6.22,5.72,11.83,5.83,4.76,11.5,5.07
5-phospho-D-arabinohydroxamicacid,4.71,1.96,4.45,4.47,5.53,5.06,3.46,3.7,5.07,4.66,12.98,5.21,6.44,11.61,6.32,4.71,11.41,5.11
Iniparib,4.69,5.28,3.85,3.69,5.14,5.13,5.83,5.03,5.11,3.56,15.4,6.3,5.32,11.48,4.88,4.83,11.67,5.09
Tapinarof,4.71,6.17,5.92,6.44,5.31,5.43,6.75,4.38,5.64,7.16,13.08,6.44,5.96,12.43,5.71,4.91,10.73,5.85
Gaboxadol,4.75,4.42,3.72,3.88,5.59,5.05,5.88,4.24,6.1,5.17,19.28,5.69,5.93,11.85,5.59,4.83,11.32,5.96
Terbutaline,4.71,7.97,4.83,4.54,5.5,5.49,7.46,4.57,5.33,21.42,14.23,3.58,5.7,11.46,4.1,4.9,11.29,5.42
5-Nitroindazole,4.67,5.44,4.64,3.84,5.42,5.16,5.62,4.41,5.04,8.71,10.47,4.96,6.48,11.76,4.17,4.92,11.28,5.22
"3,4-Dihydro-5-Methyl-Isoquinolinone",4.7,12.3,4.01,4.74,5.61,5.07,5.33,4.11,5.26,6.03,13.15,5.28,5.68,11.14,6.09,4.97,11.27,5.18
Lidocaine,4.68,3.43,5.47,4.43,5.04,5.18,5.22,4.18,5.28,4.3,11.21,4.73,5.79,11.79,3.82,4.69,11.14,5.24
"3,4-DihydroxycinnamicAcid",4.68,5.38,3.45,3.3,5.31,5.22,5.41,5.0,5.81,5.99,36.42,4.74,5.61,11.93,5.58,5.17,11.6,5.57
Tocainide,4.7,6.89,5.12,4.01,5.03,5.1,4.51,4.08,5.51,8.63,13.88,6.04,6.01,11.59,4.36,4.36,10.78,5.14
D-glucitol6-phosphate,4.71,4.55,3.81,4.27,5.47,5.04,2.86,3.76,5.13,8.29,14.31,4.91,6.25,11.11,5.06,4.63,11.45,5.09
Oxprenolol,4.67,4.89,7.27,6.9,5.58,5.72,6.1,4.32,5.19,4.2,10.35,6.08,6.47,11.59,5.0,5.28,10.79,5.13
N-[4-(benzyloxy)phenyl]glycinamide,4.69,7.79,4.1,4.57,5.25,5.12,5.35,4.89,5.09,5.6,13.45,5.68,6.09,12.42,4.22,4.7,11.46,5.1
Amiloride,4.68,4.09,5.11,4.99,5.59,5.26,6.08,4.48,5.05,4.92,12.99,5.73,6.24,11.75,6.04,4.89,11.46,5.12
Ribavirin,4.68,2.93,4.21,4.48,5.44,5.13,4.23,3.81,5.26,3.05,10.62,5.17,6.74,11.47,6.02,4.43,10.5,5.28
4-amino-N-[4-(benzyloxy)phenyl]butanamide,4.69,3.17,4.35,4.71,5.0,5.12,5.58,4.75,5.08,4.26,9.06,5.61,6.07,12.36,4.19,4.73,11.02,5.07
"2,4-Dihydroxy-TransCinnamicAcid",4.66,5.48,5.44,5.41,5.42,5.43,6.86,4.53,5.15,3.65,19.03,5.37,5.63,12.59,5.94,4.65,11.64,5.23
(2S)-2-(4-chlorophenoxy)-3-phenylpropanoicacid,4.68,3.38,6.1,5.81,5.56,5.53,6.89,4.88,5.16,9.66,12.18,6.37,6.25,10.22,3.85,4.8,11.42,5.17
EpiceptNP-1,4.67,4.45,4.63,6.01,5.12,5.11,4.93,4.63,5.09,5.57,13.79,5.75,6.3,11.85,4.33,4.93,11.56,5.04
3-AMINO-AZACYCLOTRIDECAN-2-ONE,4.73,6.82,4.03,4.78,5.0,5.13,4.67,4.51,5.1,5.69,13.69,5.99,6.4,10.46,5.27,4.7,11.81,5.17
CalciumCitrate,4.7,4.52,3.87,3.83,4.99,5.2,5.09,4.96,5.09,4.3,10.14,6.33,6.45,11.67,5.7,4.61,10.8,5.16
Esketamine,4.68,3.17,6.26,4.84,5.91,6.33,6.03,4.33,5.09,3.15,10.75,5.82,6.26,10.97,6.37,4.69,10.77,5.2
S-Hydroxycysteine,4.68,7.77,4.41,5.13,5.0,5.04,4.43,3.99,5.11,5.35,17.35,4.4,5.54,10.29,5.06,4.51,10.93,5.11
N-Methylleucine,4.67,6.55,4.55,4.67,5.23,5.03,5.66,4.26,5.17,5.28,10.95,4.89,6.09,10.51,5.06,4.62,10.63,5.16
Taribavirin,4.67,8.01,3.94,3.51,5.49,5.04,4.22,4.04,5.65,7.7,8.24,6.2,6.43,11.46,5.85,4.59,10.52,5.51
N-Hydroxy-4-Phosphono-Butanamide,4.64,6.93,6.79,6.04,5.64,5.07,6.75,5.56,5.14,2.74,11.39,5.69,5.84,10.67,4.68,5.51,11.08,5.21
"3,4-Dihydroxy-1-Methylquinolin-2(1h)-One",4.67,9.35,4.78,4.38,5.18,5.01,4.64,4.55,5.93,3.31,21.02,5.48,6.51,11.59,4.88,4.61,11.6,5.68
beta-Hydroxyasparagine,4.67,4.36,3.79,3.69,5.06,5.12,5.22,3.61,5.12,5.83,20.83,4.73,5.43,11.79,4.78,4.44,10.6,5.08
Cysteine-S-Acetamide,4.67,5.36,3.84,4.56,5.07,5.18,5.21,4.22,5.1,5.73,25.12,5.0,5.39,11.13,4.24,4.75,10.55,5.07
CysteinesulfonicAcid,4.71,6.61,3.77,4.35,5.18,5.58,4.55,3.96,5.08,5.44,13.21,4.13,6.27,10.57,5.4,4.72,10.72,5.15
"(9S,10E,12Z)-9-hydroxyoctadeca-10,12-dienoicacid",4.7,6.05,5.15,4.54,4.8,4.99,6.3,4.23,5.19,18.11,10.5,5.85,6.1,10.51,5.65,4.71,11.12,5.13
C-(1-Azido-Alpha-D-Glucopyranosyl)Formamide,4.68,7.56,3.64,3.44,5.12,5.33,5.61,4.58,6.26,6.9,15.74,6.73,6.18,11.1,5.32,4.58,10.5,5.54
Calciumlevulinate,4.67,4.3,4.76,5.01,4.92,5.0,6.57,4.17,5.11,1.88,11.32,5.96,5.91,10.34,4.91,4.72,10.8,5.15
2-Methoxy-6-{(E)-[(4-methylphenyl)imino]methyl}phenol,4.67,5.58,5.7,5.95,5.57,4.87,6.91,3.89,5.1,7.7,15.32,5.51,5.47,12.35,6.63,4.79,11.37,5.14
Hydralazine,4.67,7.73,5.33,5.39,5.36,5.02,5.23,5.29,5.37,6.2,12.09,5.54,6.04,11.44,3.84,5.24,11.68,5.21
L-thioproline,4.68,7.53,6.59,6.37,5.14,5.15,4.94,3.92,5.23,3.95,10.59,3.75,6.17,10.59,4.6,4.43,10.56,5.55
Primidone,4.68,6.95,6.67,5.49,5.44,6.31,5.04,4.14,5.86,6.52,12.16,6.48,5.8,11.56,4.8,4.59,10.85,5.59
Mesalazine,4.69,8.32,4.09,4.26,5.22,5.03,3.77,3.98,5.09,4.73,6.62,4.18,5.72,12.5,4.33,4.3,11.19,5.08
Thenoyltrifluoroacetone,4.7,6.86,5.17,5.51,5.49,6.43,4.67,4.4,5.09,9.37,9.45,4.71,6.15,10.67,4.73,5.05,10.73,5.15
D-norleucine,4.68,3.32,3.66,4.22,5.07,5.03,4.66,3.87,5.11,4.01,14.51,4.78,6.04,10.33,5.02,4.81,10.77,5.17
Magnesiumlevulinate,4.67,4.12,5.27,5.05,4.92,4.99,6.59,4.2,5.09,3.72,10.33,6.51,5.91,10.34,4.91,4.76,10.73,5.13
Ascorbicacid,4.68,4.77,4.13,3.67,5.22,5.15,5.66,4.03,5.74,7.87,14.24,5.03,6.59,11.9,4.3,4.5,11.49,5.14
Acetylsalicylicacid,4.67,5.28,3.95,5.46,5.49,5.13,5.85,4.37,5.08,5.44,11.34,5.83,5.57,11.7,5.62,5.14,11.32,5.21
"2,6-Dihydroanthra/1,9-Cd/Pyrazol-6-One",4.68,6.55,5.14,4.33,5.5,5.0,5.97,5.11,5.18,3.2,15.83,6.61,6.34,11.33,5.99,5.05,12.07,5.08
4-methoxybenzenesulfinate,4.67,2.8,4.98,6.01,5.16,5.03,2.98,4.5,5.07,3.18,11.52,6.67,5.27,12.0,4.73,4.68,10.71,5.06
4-AminoHexanoicAcid,4.68,2.2,5.77,5.21,5.33,5.07,5.13,4.11,5.72,4.52,15.58,4.76,5.81,10.22,4.8,4.59,11.3,5.77
2-(1H-pyrazol-3-yl)-1H-benzimidazole,4.68,5.25,3.49,4.81,5.07,5.43,6.03,4.33,5.13,7.33,9.99,8.37,5.93,11.53,5.0,4.88,11.35,5.1
4-(4-Chlorophenyl)Imidazole,4.72,4.7,7.18,6.41,4.98,4.95,4.84,4.43,5.11,5.58,13.68,6.81,6.15,10.4,3.75,5.12,11.14,5.11
Sulfadiazine,4.74,4.31,3.84,3.27,5.28,5.07,4.16,4.48,5.07,5.31,11.36,5.58,6.29,10.89,4.88,4.84,11.62,5.07
"3,5-Dimethyl-1h-Pyrazole-4-CarboxylicAcidEthylEster",4.68,3.32,4.89,4.37,5.03,5.03,4.76,4.38,6.15,4.69,34.06,4.47,5.29,10.59,4.09,4.58,11.55,6.04
(3E)-3-[(phenylamino)methylidene]dihydrofuran-2(3H)-one,4.71,3.08,3.94,3.86,5.29,5.51,5.13,4.48,5.79,5.51,10.57,5.53,5.93,12.2,3.9,4.75,11.32,5.4
4-PIPERIDIN-4-YLBUTANAL,4.68,6.18,5.23,4.26,5.04,5.02,5.08,5.14,5.06,2.92,23.99,3.97,6.15,10.46,4.41,4.85,11.33,5.22
S-PALMITOYL-L-CYSTEINE,4.68,5.38,3.18,4.25,5.41,5.1,5.64,4.0,5.1,4.78,12.98,5.54,5.36,11.8,4.5,4.78,10.59,5.09
Flavone,4.75,11.73,4.58,3.91,5.4,5.64,7.81,4.35,5.08,9.09,12.79,7.24,6.21,11.58,4.11,4.67,10.77,5.19
SpaglumicAcid,4.67,7.74,4.58,4.21,5.11,5.12,4.15,3.89,5.15,5.76,13.21,4.38,5.85,10.81,5.0,4.35,10.38,5.16
Norepinephrine,4.68,5.82,5.57,5.98,5.49,5.71,4.91,4.5,5.11,5.92,32.9,4.98,6.01,11.72,4.88,5.12,11.68,5.23
L-methionine(R)-S-oxide,4.67,5.34,4.09,4.33,5.41,5.04,6.41,4.35,5.14,9.21,9.25,5.75,5.78,10.53,4.81,5.0,10.74,5.13
Benserazide,4.66,5.19,4.17,5.36,5.42,4.94,5.76,4.3,5.15,4.56,11.37,5.8,5.86,11.48,4.12,4.83,10.88,5.08
Zonisamide,4.68,4.73,5.5,3.88,5.5,5.27,6.93,4.56,5.08,5.64,5.85,6.64,5.56,10.65,4.33,4.77,11.36,5.1
Tolcapone,4.67,1.49,3.57,4.07,5.53,5.49,5.62,4.72,5.1,5.16,12.75,5.91,5.23,12.11,5.45,5.37,11.37,5.05
Glyceraldehyde-3-Phosphate,4.66,5.91,4.63,4.51,4.9,5.04,4.09,4.63,5.5,4.61,12.22,5.25,5.93,10.38,5.85,4.78,11.2,5.22
Eperisone,4.65,5.21,3.94,4.16,5.59,4.98,5.48,4.91,5.07,7.61,11.36,5.35,6.15,10.5,5.64,5.05,11.28,5.12
Ornithine,4.66,5.42,3.53,3.95,5.39,5.06,5.01,4.04,5.08,4.45,13.36,4.46,6.04,10.34,5.19,4.99,10.65,5.13
Bupropion,4.7,5.27,5.88,5.89,5.56,6.2,5.55,4.67,5.14,5.37,12.13,5.94,5.71,10.78,5.14,4.87,10.6,5.18
Potassiumgluconate,4.67,2.8,3.69,5.5,5.12,5.09,4.7,3.96,5.2,4.15,11.49,5.39,5.61,11.29,3.99,4.5,11.57,5.07
"(4S,5E,7Z,10Z,13Z,16Z,19Z)-4-hydroxydocosa-5,7,10,13,16,19-hexaenoicacid",4.67,5.16,6.34,5.81,4.84,5.02,6.54,4.5,5.35,8.58,13.85,5.88,6.16,10.52,5.7,4.74,11.65,5.57
Oxybuprocaine,4.66,8.07,5.55,5.45,5.4,4.91,6.65,4.68,5.23,3.96,13.11,5.3,5.44,11.6,4.33,4.96,11.37,5.24
"3H-pyrazolo[4,3-d]pyrimidin-7-ol",4.67,3.29,3.36,4.08,5.16,5.03,4.99,4.27,5.05,4.49,13.2,5.24,5.28,11.48,4.61,4.76,11.51,5.1
3-Phosphoglycerol,4.65,7.22,3.55,3.93,5.07,5.05,4.43,4.05,5.38,9.01,32.19,4.78,6.22,10.39,5.89,4.53,11.31,5.16
Tyrosinal,4.68,10.36,4.66,4.84,5.53,4.96,5.36,4.31,5.07,1.97,8.25,5.7,5.97,11.72,2.94,5.02,11.75,5.14
Isoetharine,4.67,9.43,5.92,6.42,6.05,5.54,6.23,4.48,5.14,2.78,8.08,5.11,5.71,11.3,4.84,5.31,11.59,5.26
Benzodiazepine,4.67,5.63,4.5,4.16,5.63,5.03,5.7,4.73,5.44,5.88,21.98,6.44,6.24,11.63,5.3,5.0,11.61,5.23
Dexfosfoserine,4.66,5.01,3.3,3.21,5.11,5.17,4.91,4.41,5.08,5.22,20.05,4.93,6.01,10.36,5.26,4.73,11.09,5.15
5-Thio-a/B-D-Mannopyranosylamine,4.66,6.77,3.14,3.68,5.6,5.3,4.94,4.07,5.19,8.28,13.15,5.19,5.9,11.41,6.57,4.35,11.2,5.35
1h-Benoximidazole-2-CarboxylicAcid,4.68,5.32,4.78,4.47,4.83,5.26,5.79,4.14,5.19,3.91,17.0,5.19,5.83,11.11,4.51,4.67,11.53,5.27
Methoxamine,4.66,2.89,5.65,5.18,5.75,5.06,5.1,4.64,5.08,3.06,13.14,6.45,5.45,11.62,4.42,4.58,11.46,5.03
4-guanidinobenzoicacid,4.66,7.75,3.82,4.22,4.84,4.9,5.8,4.26,5.09,6.58,10.06,5.72,5.45,11.48,4.25,4.47,11.59,5.16
Edaravone,4.7,3.22,3.71,4.48,5.26,5.91,6.0,4.0,5.83,8.12,21.61,7.41,6.55,11.35,4.34,4.69,10.63,5.47
L-tyrosinamide,4.68,4.39,5.26,5.09,5.46,5.04,5.48,4.32,5.1,2.64,14.69,6.14,5.97,11.8,3.65,4.75,11.23,5.06
Phosphonothreonine,4.66,3.0,3.87,4.16,5.69,5.02,4.78,3.58,5.26,3.61,16.43,5.29,5.65,10.7,4.37,4.3,10.64,5.67
Lactose,4.67,6.49,4.52,4.19,4.91,4.91,4.71,4.17,5.34,10.11,12.08,5.48,6.42,10.56,3.97,4.73,10.54,5.24
"[4-amino-2-(tert-butylamino)-1,3-thiazol-5-yl](phenyl)methanone",4.67,6.3,5.11,6.13,5.57,6.53,5.21,4.64,5.26,11.17,20.18,6.89,6.76,11.69,5.31,4.84,11.49,5.38
Guanidine-3-propanol,4.66,5.58,3.58,3.77,5.39,4.97,6.27,4.13,5.09,6.9,11.42,4.42,5.84,10.29,4.01,4.48,10.72,5.05
Serotonin,4.67,19.91,6.78,5.78,6.11,4.93,4.72,6.57,5.1,24.56,20.04,6.59,5.7,11.77,4.98,5.19,11.76,5.09
2-Deoxy-2-Aminogalactose,4.67,2.03,3.43,2.93,5.22,5.05,3.04,3.38,5.94,3.54,11.15,5.85,6.49,10.95,4.75,4.21,10.55,5.32
(S)-AMPA,4.66,7.98,3.69,3.99,5.42,5.06,5.28,3.85,5.13,2.67,8.4,4.77,6.0,11.71,5.42,4.42,10.95,5.14
(S)-DES-ME-AMPA,4.67,3.83,5.6,5.1,5.03,5.13,5.79,4.07,5.34,5.42,43.22,5.52,5.94,10.72,3.94,4.56,11.18,5.21
LeukotrieneB4,4.66,2.67,4.7,4.44,4.96,5.1,6.16,5.11,5.11,5.12,16.17,6.52,6.14,10.52,5.57,5.11,11.42,5.12
Galliummaltolate,4.69,3.7,5.84,4.45,4.94,4.95,5.12,5.23,5.11,7.73,13.73,7.08,6.46,11.23,4.12,4.73,10.75,5.14
L-Lysine,4.66,6.46,3.48,4.01,5.15,5.06,5.21,4.01,5.09,5.46,10.71,4.63,5.95,10.42,5.04,4.87,10.65,5.1
Mepivacaine,4.65,6.88,5.92,4.66,5.74,5.14,5.33,4.06,5.18,4.26,13.22,6.65,6.12,11.76,4.08,4.48,10.91,5.2
Phenylephrine,4.68,2.62,5.58,4.68,5.4,5.83,4.78,4.85,5.3,10.45,35.76,4.85,5.54,11.49,4.05,5.06,11.66,5.16
Sulfathiazole,4.71,10.5,4.37,4.36,5.62,5.05,4.13,4.24,5.06,5.51,4.93,4.94,6.01,11.67,4.7,4.55,11.2,5.08
Metaraminol,4.67,10.54,4.57,4.69,5.34,5.56,4.63,4.48,5.17,19.96,9.54,4.06,5.9,11.31,3.98,5.0,11.61,5.07
Histidine,4.67,3.46,3.3,3.77,5.45,4.97,5.36,3.9,5.3,7.27,10.78,5.21,5.44,11.14,4.25,4.47,10.72,5.17
Norvaline,4.65,3.5,3.66,3.76,5.17,5.06,5.06,3.78,5.12,9.61,17.09,4.28,5.69,10.3,4.16,4.53,10.84,5.13
(4-ETHYLPHENYL)SULFAMICACID,4.66,5.47,3.71,4.18,4.89,5.3,5.52,4.58,5.07,4.94,13.44,5.14,5.7,11.83,3.33,4.86,11.0,5.09
Tolperisone,4.71,4.69,6.6,6.5,5.27,5.74,5.71,4.76,5.08,8.3,12.36,6.61,6.54,11.94,6.08,4.96,11.14,5.08
Chromiccitrate,4.68,6.49,4.27,3.94,4.99,5.02,4.23,5.02,5.08,7.79,13.73,5.46,6.45,11.67,5.7,4.92,10.95,5.13
"1,4-Dithiothreitol",4.65,5.82,4.39,4.04,4.91,5.16,4.2,5.82,5.59,7.73,13.08,4.4,5.88,10.27,4.84,5.95,11.6,5.19
(3E)-4-(1-METHYL-1H-INDOL-3-YL)BUT-3-EN-2-ONE,4.64,5.58,4.17,4.18,5.34,4.97,7.08,4.39,5.25,4.98,11.14,6.32,6.07,10.54,5.01,4.83,11.62,5.22
"4,7-DioxosebacicAcid",4.67,5.66,4.12,4.27,4.8,5.06,6.3,4.34,5.16,5.72,10.72,5.68,6.05,10.81,5.51,4.62,11.37,5.21
B-nonylglucoside,4.67,15.31,7.42,6.42,4.98,5.09,3.99,3.6,5.14,6.18,14.88,4.74,6.39,10.51,3.37,4.16,10.42,5.05
Ironsucrose,4.66,4.51,3.38,3.48,5.19,5.08,4.84,4.55,5.77,5.01,24.74,7.5,6.37,10.61,4.08,4.68,10.8,5.7
Tulobuterol,4.66,4.7,6.34,6.06,5.54,6.09,6.27,4.37,5.2,5.05,15.69,4.17,6.15,11.38,5.99,4.89,10.56,5.67
NojirimycineTetrazole,4.65,8.9,3.21,4.18,5.93,5.32,5.03,4.53,5.46,5.29,12.74,6.12,6.16,12.14,5.94,4.84,10.58,5.52
N-[2-(2-methyl-1H-indol-3-yl)ethyl]thiophene-2-carboxamide,4.65,2.3,6.52,6.14,5.09,5.21,6.15,4.17,5.09,2.88,14.07,6.23,5.38,11.79,6.09,4.82,11.33,5.37
Nitrofural,4.64,2.66,3.52,3.99,5.05,5.51,6.75,5.01,5.71,6.02,11.45,5.9,5.44,11.59,4.28,5.06,11.33,5.13
Tertatolol,4.68,5.41,8.07,8.24,5.74,5.64,6.38,4.39,5.07,6.73,12.25,5.41,6.72,11.52,4.3,5.44,11.19,5.13
para-CoumaricAcid,4.64,11.7,3.99,4.02,5.11,5.48,4.38,4.12,5.51,2.34,13.97,6.79,5.96,11.24,5.19,4.49,11.54,5.51
N-[2-(METHYLAMINO)ETHYL]-5-ISOQUINOLINESULFONAMIDE,4.66,4.6,6.9,4.93,5.65,6.98,5.42,4.33,5.09,7.85,11.29,8.07,5.42,10.74,6.03,5.15,10.82,5.18
GalliumcitrateGa67,4.68,3.72,4.13,3.95,4.99,5.01,4.22,4.58,5.13,2.23,11.41,6.05,6.45,11.67,5.7,4.91,10.96,5.15
D-Tyrosine,4.63,5.98,4.05,4.61,5.46,4.93,4.29,3.95,5.2,3.22,17.24,5.78,6.35,11.61,2.84,4.72,11.51,5.11
Guanadrel,4.63,3.75,3.7,4.41,5.43,5.32,4.72,4.19,5.22,6.0,11.37,5.51,6.04,10.76,4.15,4.89,11.44,5.06
Fenofibricacid,4.64,2.76,3.3,4.06,5.22,5.34,6.46,4.1,5.08,3.69,11.06,6.37,5.37,11.73,3.89,5.09,10.96,5.08
D-glucose,4.65,6.21,4.82,4.51,5.0,5.08,4.96,4.16,5.24,4.45,12.78,5.97,5.99,10.47,5.16,4.76,11.31,5.11
"PHENYL-5-(1H-PYRAZOL-3-YL)-1,3-THIAZOLE",4.66,6.98,6.8,6.35,5.51,5.78,6.5,4.91,5.07,6.01,23.45,7.33,6.38,11.62,5.1,5.59,11.69,5.08
3-(4-HYDROXY-PHENYL)PYRUVICACID,4.64,2.77,5.54,4.85,5.11,4.96,5.24,4.23,5.07,4.18,11.31,5.9,6.02,12.04,4.03,4.67,11.64,5.07
(Diaminomethyl-Methyl-Amino)-AceticAcid,4.65,4.84,4.4,4.12,5.32,5.06,5.15,4.31,5.08,4.12,13.91,5.26,5.85,10.35,4.02,4.32,12.38,5.13
Pyridoxine,4.65,7.28,3.68,3.56,5.49,5.04,4.96,4.76,5.07,5.54,9.62,5.45,5.17,10.84,5.75,4.57,10.7,5.1
3-phospho-D-glycericacid,4.65,7.24,4.4,4.66,4.97,5.17,4.65,3.88,5.12,11.65,21.45,5.11,6.55,10.45,5.94,4.67,10.96,5.12
2(S)-Amino-6-BoronohexanoicAcid,4.66,8.16,3.39,4.1,5.0,5.14,4.12,4.26,5.1,12.8,10.87,5.54,6.4,10.51,5.56,5.04,10.63,5.16
Declopramide,4.68,5.16,6.4,6.71,5.68,6.32,5.36,5.19,6.13,6.15,12.27,6.26,5.31,10.82,4.9,5.06,11.75,6.0
Alpha-Hydroxy-Beta-Phenyl-PropionicAcid,4.62,3.96,4.07,4.45,4.86,5.48,6.72,4.17,5.7,4.71,11.62,5.85,5.74,10.84,3.88,4.75,10.65,5.65
Baclofen,4.67,5.77,5.75,5.9,4.97,6.05,6.33,4.55,5.07,5.28,11.51,5.15,5.88,11.86,4.06,4.71,11.67,5.03
4-(2-aminoethyl)-2-cyclohexylphenol,4.65,5.99,4.81,3.8,5.73,5.2,4.24,4.74,5.07,5.81,14.38,6.3,5.83,11.9,5.87,4.95,10.78,5.05
Chromiumnicotinate,4.64,5.5,5.94,5.22,4.83,5.67,5.34,4.69,5.03,16.51,11.92,6.12,5.85,10.71,4.18,4.79,11.21,5.07
Chlorobutanol,4.66,6.29,4.09,4.19,5.08,5.0,4.7,4.37,5.08,7.02,13.5,4.84,5.82,10.26,4.84,4.74,11.62,5.21
Nitrofurantoin,4.64,4.5,4.3,4.67,5.2,6.39,5.66,4.38,5.84,5.36,9.84,6.12,6.55,11.9,4.99,4.83,11.2,5.32
p-Hydroxymercuribenzoicacid,4.65,10.2,3.63,3.94,4.84,4.9,5.59,4.17,5.06,6.58,22.16,6.08,5.37,11.75,3.17,4.3,11.56,5.12
(3-Carboxy-2-(R)-Hydroxy-Propyl)-Trimethyl-Ammonium,4.66,8.29,3.72,4.33,4.9,5.09,4.62,3.94,5.09,5.7,13.45,6.54,6.28,10.64,5.66,4.48,11.22,5.13
"Methyl4,6-O-[(1R)-1-carboxyethylidene]-beta-D-galactopyranoside",4.65,5.97,3.12,3.4,5.18,5.04,5.44,4.46,5.1,2.79,12.87,5.18,6.31,11.12,4.4,4.74,10.75,5.08
KynurenicAcid,4.64,5.44,6.7,5.43,5.27,4.94,4.76,3.95,5.73,5.77,12.82,4.9,5.17,11.53,5.15,4.7,11.44,5.5
"4-methyl-7,8-dihydro-5H-thiopyrano[4,3-d]pyrimidin-2-amine",4.65,11.4,4.03,4.79,5.48,5.03,6.53,5.05,5.04,5.16,16.94,5.44,5.94,10.72,4.09,5.36,11.29,5.07
Pidolicacid,4.65,5.57,6.03,5.95,4.97,5.13,4.79,4.12,5.32,14.86,11.8,3.36,5.77,10.7,4.04,4.41,10.89,5.69
D-Methionine,4.65,5.58,3.79,3.39,5.17,5.03,4.77,4.35,5.19,3.72,11.05,3.41,5.5,10.36,5.07,5.08,10.76,5.17
Methionine,4.65,3.82,3.79,3.39,5.17,5.06,4.75,4.35,5.19,3.08,11.99,4.79,5.5,10.36,5.07,5.08,10.76,5.17
2H-Benzimidazol-2-amine,4.65,8.06,3.69,3.39,4.96,5.01,5.51,4.23,5.14,3.06,13.82,5.38,6.35,11.73,6.0,4.68,11.74,5.11
Phenylalanine,4.63,11.13,3.68,5.15,5.19,5.47,5.35,4.09,5.38,5.89,33.95,5.95,6.17,11.29,2.84,4.72,10.5,5.26
D-Phenylalanine,4.62,6.63,3.68,5.15,5.19,5.34,5.34,4.09,5.38,6.29,11.09,5.09,6.17,11.29,2.84,4.72,10.5,5.26
(R)-N-(1-Methyl-Hexyl)-Formamide,4.64,8.79,5.4,4.82,5.33,5.01,4.04,5.24,5.17,5.31,19.98,3.95,5.47,10.26,4.46,5.3,10.59,5.1
PropylGallate,4.65,7.05,6.35,4.47,5.23,5.76,5.21,4.96,5.28,4.37,16.45,4.5,5.76,12.23,4.35,5.03,11.13,5.75
1-[4-(hydroxymethyl)phenyl]guanidine,4.64,4.2,5.6,5.06,4.86,4.87,6.37,4.45,5.15,7.21,16.25,6.03,5.76,11.53,4.72,4.58,11.3,5.11
Creatine,4.65,8.84,3.35,4.21,5.05,5.12,5.75,4.11,5.1,3.0,7.42,4.92,6.2,11.35,3.75,4.65,11.65,5.2
Canaline,4.64,4.11,3.57,3.47,4.98,5.06,4.84,4.55,5.12,9.25,17.29,5.31,5.97,10.31,4.69,4.76,10.72,5.15
"5-(2-chlorophenyl)-1,3,4-thiadiazole-2-sulfonamide",4.63,4.68,6.47,6.44,5.44,5.98,5.8,5.82,5.49,6.36,11.22,6.24,5.95,10.74,5.21,5.31,11.42,5.23
Stiripentol,4.65,2.51,6.17,5.62,5.27,5.82,4.9,4.57,5.63,2.86,12.89,7.14,5.19,11.78,6.11,5.14,11.55,5.51
Aurothioglucose,4.64,6.76,3.98,3.04,5.19,5.23,4.84,3.27,5.16,4.33,16.97,6.0,6.3,10.63,3.25,4.17,10.69,5.21
6-Hydroxy-6-Methyl-Heptan-3-One,4.65,3.52,5.44,5.83,4.93,5.02,5.54,4.57,5.13,6.87,11.44,3.56,6.22,10.57,4.91,4.67,11.38,5.15
"[[4-(Aminomethyl)Phenyl]Amino]Oxo-AceticAcid,",4.65,2.93,4.44,4.96,4.92,5.34,4.44,4.24,5.07,7.55,19.58,5.53,5.87,11.42,3.58,4.68,11.63,5.04
AmidoPhenylPyruvicAcid,4.64,5.13,5.75,5.03,5.05,5.03,6.58,4.68,5.05,4.86,11.16,5.64,5.97,11.58,4.4,4.81,11.49,5.07
4-Iodo-L-phenylalanine,4.63,5.51,6.32,6.66,5.06,5.0,6.37,4.23,5.12,5.7,17.35,5.77,6.5,11.2,3.14,4.79,10.59,5.1
Primaquine,4.67,1.99,6.96,5.95,5.56,5.12,5.42,4.45,5.07,4.04,11.5,5.68,6.27,12.03,4.38,4.83,10.6,5.05
Tiaprofenicacid,4.65,5.5,5.38,5.09,5.46,6.73,5.92,5.05,5.07,5.87,18.94,7.37,5.5,11.68,6.13,5.69,10.44,5.2
"4,6-DIDEOXY-4-{[4-[(4-O-HEXOPYRANOSYLHEXOPYRANOSYL)OXY]-5,6-DIHYDROXY-3-(HYDROXYMETHYL)CYCLOHEX-2-EN-1-YL]AMINO}HEXOPYRANOSYL-(1->4)HEXOPYRANOSYL-(1->4)HEXOPYRANOSE",4.65,4.96,4.32,4.56,4.86,4.93,5.17,4.9,5.56,9.7,11.6,6.65,6.21,10.38,5.37,4.97,10.59,5.27
Synephrine,4.62,5.84,4.86,4.52,5.44,5.08,4.6,4.32,5.34,4.51,13.08,7.15,5.76,11.47,4.29,5.01,11.65,5.37
Dehydroascorbicacid,4.64,6.76,5.88,4.76,5.59,5.3,4.75,4.62,5.72,2.95,11.25,6.03,6.58,11.58,6.19,4.67,10.66,5.17
Acetaminophen,4.62,6.13,4.34,4.7,4.88,4.91,4.22,4.2,5.07,2.21,13.18,4.94,5.7,10.4,4.39,4.59,11.68,5.13
"3,4-Dihydro-2h-Pyrrolium-5-Carboxylate",4.64,5.95,6.28,5.63,5.32,5.31,6.11,4.29,5.18,15.84,12.23,5.35,6.29,10.53,5.68,4.78,10.57,5.18
Monobenzone,4.66,5.35,4.52,4.16,4.93,4.95,4.55,4.83,5.1,4.91,14.86,6.21,5.62,11.42,5.14,4.75,11.38,5.13
2-(N-Morpholino)-EthanesulfonicAcid,4.67,4.75,3.34,4.11,5.31,5.22,4.41,4.71,5.05,5.46,12.81,5.0,6.39,10.55,4.7,5.11,11.35,5.09
O-acetyl-L-serine,4.64,6.55,3.69,4.66,5.06,5.06,4.2,3.78,5.1,5.61,20.34,4.87,5.39,10.43,5.26,4.57,10.56,5.13
"N,4-Dihydroxy-N-Oxo-3-(Sulfooxy)Benzenaminium",4.61,5.1,5.3,5.34,5.57,4.96,6.28,4.48,5.13,3.45,19.8,5.91,5.97,11.75,5.06,4.96,11.05,5.82
4-Hydroxy-AconitateIon,4.63,4.9,5.63,5.71,5.44,5.01,4.7,4.08,5.22,4.17,10.14,5.99,6.26,11.92,5.25,4.8,11.52,5.27
Procainamide,4.63,3.72,4.73,5.71,5.25,6.28,5.31,4.57,6.25,5.41,16.31,6.25,5.39,11.48,4.16,4.76,11.98,5.8
Methsuximide,4.66,4.39,4.38,4.61,5.47,6.24,5.09,4.54,5.99,2.96,14.65,6.39,5.72,11.54,5.0,4.65,10.5,5.64
7-Nitroindazole,4.64,2.2,4.22,3.93,5.54,5.28,4.83,5.06,5.06,4.21,12.36,6.35,6.19,11.45,4.94,4.77,12.26,5.07
Leucine,4.63,4.1,3.68,3.84,5.49,5.06,4.92,3.91,5.11,3.94,10.27,5.36,6.2,10.37,4.83,4.68,10.62,5.16
Ketoprofen,4.68,6.27,4.3,4.97,5.47,6.0,5.73,4.42,5.24,4.39,12.45,7.87,5.65,11.49,4.82,5.11,10.65,5.51
Pyridoxal,4.64,6.34,4.1,4.19,5.48,5.06,6.12,5.46,5.1,4.19,13.32,4.86,5.57,10.7,6.23,4.86,10.69,5.13
N-beta-D-glucopyranosylacetamide,4.64,10.67,3.21,3.17,5.52,5.37,5.41,3.26,5.86,6.2,14.07,6.41,6.7,11.41,3.82,3.98,10.76,5.55
4-[Hydroxy-[Methyl-Phosphinoyl]]-3-Oxo-ButanoicAcid,4.62,7.12,6.79,5.9,5.27,5.04,4.64,4.5,5.21,4.6,11.35,6.07,5.93,11.75,4.31,4.75,11.53,5.44
BETA-METHYLLACTOSIDE,4.64,8.28,4.02,4.21,4.91,4.94,4.52,4.17,5.26,9.15,10.47,5.11,6.42,10.56,3.97,4.66,10.54,5.22
Gabapentin,4.63,5.16,3.95,4.06,4.93,5.01,4.33,4.48,5.06,3.56,12.32,4.69,6.15,11.48,4.28,4.64,11.15,5.1
PARA-(BENZOYL)-PHENYLALANINE,4.65,6.32,3.92,5.38,5.0,5.51,6.63,4.21,5.23,3.3,5.62,7.36,5.95,11.53,4.31,4.89,10.59,5.16
Iproniazid,4.64,5.11,4.44,4.5,4.98,6.41,5.19,4.76,5.05,4.33,12.69,4.61,5.25,11.41,4.2,4.91,11.38,5.06
alpha-D-glucopyranosyl-2-carboxylicacidamide,4.64,6.07,3.33,3.33,4.96,5.07,5.09,3.86,5.71,5.9,12.57,4.98,6.66,10.67,3.79,4.3,10.6,5.25
Betazole,4.63,6.39,4.08,4.79,5.08,5.01,4.28,5.36,5.1,5.95,18.63,5.32,6.01,10.41,4.15,5.08,10.72,5.09
"D-gluconhydroximo-1,5-lactam",4.62,6.03,5.15,4.74,6.04,5.25,4.87,5.34,5.22,6.25,12.24,5.77,6.05,11.66,5.39,5.44,11.13,5.17
Ketamine,4.63,8.23,6.26,4.84,5.91,6.33,5.98,4.33,5.09,5.34,11.2,5.76,6.26,10.97,6.37,4.69,10.77,5.2
Phenylalanylmethylchloride,4.63,3.42,3.15,3.72,5.27,5.49,6.35,4.44,5.41,5.99,10.95,5.82,6.16,11.72,3.21,4.84,11.54,5.17
Chlorphenesin,4.63,9.52,4.28,5.06,5.71,4.93,6.03,4.47,5.09,14.9,12.38,6.64,5.45,10.55,4.59,4.6,10.73,5.05
Orciprenaline,4.63,5.43,4.85,4.42,5.4,5.46,7.24,5.15,5.41,6.6,10.96,4.86,5.54,11.37,4.11,5.38,11.2,5.47
RU78262,4.63,2.95,4.92,4.13,5.02,5.0,6.45,3.37,5.1,4.57,11.97,5.04,5.44,11.76,4.07,4.17,11.51,5.23
Ethotoin,4.64,4.51,6.76,4.46,5.56,6.33,5.27,4.49,5.48,5.6,11.48,6.63,5.99,11.34,5.41,4.71,11.39,5.7
"2,4-DifluorobenzylAlcohol2,4-Difluoro-1-(Hydroxymethyl)Benzene",4.67,3.55,4.66,4.71,5.2,5.02,5.1,4.83,5.11,2.2,10.6,5.52,5.7,10.46,4.06,4.85,10.69,5.09
Isoleucine,4.63,7.48,3.83,4.16,5.29,5.05,3.93,3.93,5.09,5.09,12.75,5.21,6.03,10.3,4.18,4.34,10.65,5.15
Salsalate,4.64,3.19,5.61,5.88,5.35,6.57,5.86,4.21,5.1,2.91,10.22,7.05,5.43,11.97,5.01,5.07,10.76,5.25
MK-0354,4.64,4.85,5.41,4.2,5.52,5.06,5.25,4.79,5.07,6.91,11.48,7.53,5.75,11.57,5.47,5.1,11.44,5.07
Magnesiumgluconate,4.63,5.1,4.31,5.54,5.12,4.96,4.18,4.06,5.23,2.0,12.69,4.5,5.61,11.29,3.99,4.63,10.73,5.07
Asparagine,4.62,3.15,4.11,4.27,4.94,5.19,3.85,4.3,5.09,5.93,15.61,5.89,5.77,10.39,5.09,4.69,10.64,5.07
Beta-D-Glucose,4.63,9.11,2.57,2.43,5.32,5.01,2.9,3.29,5.88,7.43,15.28,3.34,5.83,11.19,2.92,4.35,10.56,5.8
"3,6,9,12,15-PENTAOXATRICOSAN-1-OL",4.62,7.43,5.71,5.24,4.88,4.99,5.84,3.96,5.09,6.17,11.11,4.05,5.71,10.36,4.06,4.37,10.79,5.05
Mersalyl,4.62,5.01,6.22,6.05,5.6,6.66,5.96,5.25,5.04,5.39,12.2,4.72,5.61,11.22,4.1,4.92,10.65,5.16
Acamprosate,4.62,7.85,4.18,4.14,5.57,5.1,5.24,4.47,5.08,5.6,23.57,4.24,6.13,10.49,5.28,4.75,11.38,5.16
Methylalpha-D-mannoside,4.63,5.88,2.61,2.45,5.01,5.06,3.85,3.72,5.27,4.61,10.87,4.87,6.4,10.52,2.49,4.32,10.59,5.33
Methyprylon,4.63,2.39,4.36,5.14,5.29,5.1,6.8,3.98,5.92,3.94,13.83,6.14,5.63,11.7,4.75,4.54,10.79,5.25
Chlormerodrin,4.63,7.2,5.16,3.87,5.07,5.0,4.8,4.47,5.08,5.99,14.95,5.1,6.48,10.44,4.97,4.8,11.42,5.38
Palifosfamide,4.61,3.69,3.36,4.63,5.0,5.01,4.61,4.03,5.09,10.77,30.84,5.87,5.96,11.23,5.69,4.66,11.63,5.1
Valine,4.63,2.68,4.56,4.04,5.42,5.05,4.7,4.05,5.13,17.09,5.33,4.71,5.66,10.25,4.23,4.45,10.74,5.18
Mercaptopurine,4.63,4.52,5.51,5.36,4.99,5.06,5.3,4.13,5.1,4.23,10.94,5.41,6.22,11.65,4.06,4.65,10.63,5.13
Hypoxanthine,4.63,8.88,5.57,5.85,4.89,5.06,5.3,3.92,5.1,3.34,10.9,4.14,6.56,11.43,5.01,4.7,10.6,5.16
3-{3-[(DIMETHYLAMINO)METHYL]-1H-INDOL-7-YL}PROPAN-1-OL,4.61,5.33,5.03,4.34,5.73,4.95,6.78,6.0,5.09,10.13,11.8,5.2,6.14,11.7,4.99,4.97,11.63,5.11
Diethylpropion,4.62,2.94,6.27,6.13,5.22,6.73,5.5,4.16,5.08,3.54,11.71,5.55,5.83,11.74,3.39,4.81,11.57,5.28
Ephedrine,4.63,8.76,4.65,5.21,5.38,6.09,4.38,4.52,5.08,5.25,29.58,5.26,6.07,11.32,4.15,4.88,11.57,5.1
N-ACETYLHISTAMINE,4.63,4.35,4.22,3.71,5.09,5.0,4.47,4.28,5.08,6.66,11.12,4.52,5.29,10.48,4.19,4.88,11.36,5.18
Cyclophosphamide,4.63,4.17,3.86,3.98,5.51,5.14,5.42,4.23,5.21,3.96,12.36,5.05,5.99,10.93,5.77,4.62,11.44,5.17
P-AnisicAcid,4.63,7.92,3.24,2.85,4.92,4.97,5.74,4.03,5.05,5.8,20.8,5.04,5.36,12.43,4.33,4.41,11.46,5.09
N-(Chlorophenyl)-N'-Hydroxyguanidine,4.63,8.64,4.04,4.84,5.11,4.99,5.58,4.74,5.09,2.97,8.42,5.1,5.78,11.51,4.33,4.8,10.7,5.06
Elaidoylamide,4.64,6.86,3.72,4.16,5.02,5.08,4.72,4.51,5.11,6.62,15.18,4.9,5.96,10.31,4.79,4.99,10.69,5.08
Amrinone,4.63,5.44,6.86,4.05,4.97,6.05,4.5,3.99,5.07,5.51,11.12,5.48,5.83,11.57,3.8,4.38,11.56,5.07
Amylmetacresol,4.61,3.67,6.95,6.33,5.43,4.96,7.34,5.53,5.16,5.03,10.97,6.69,5.95,11.76,4.83,5.37,11.31,5.07
S-NONYL-CYSTEINE,4.63,5.29,3.11,3.76,5.23,5.06,6.86,3.97,5.16,6.59,13.17,6.29,5.6,10.48,4.95,4.56,10.52,5.1
"(2R,3R,4R,5S)-2-(HYDROXYMETHYL)-1-NONYLPIPERIDINE-3,4,5-TRIOL",4.6,5.02,6.88,4.52,5.81,5.49,5.53,4.24,5.23,5.41,10.68,5.54,6.48,10.91,4.19,4.64,10.54,5.09
Ferrousglycinesulfate,4.62,10.04,4.19,4.0,5.01,4.95,4.83,4.04,5.08,12.05,14.98,6.2,5.56,10.63,4.16,4.49,11.43,5.11
Isoniazid,4.62,10.63,4.26,3.85,5.12,5.3,4.64,4.49,5.06,4.95,13.9,5.6,5.79,10.3,2.84,4.89,11.42,5.07
(Hydroxyethyloxy)Tri(Ethyloxy)Octane,4.6,2.33,5.71,5.24,4.88,4.99,5.81,3.96,5.09,4.74,18.89,4.72,5.71,10.36,4.06,4.37,10.79,5.05
5-Bromonicotinamide,4.61,5.01,5.07,5.57,4.89,4.99,4.75,4.42,5.25,4.66,10.34,5.27,5.76,11.77,4.15,4.69,11.65,5.24
Migalastat,4.63,2.62,6.7,5.56,5.37,5.04,4.18,4.59,5.78,3.32,12.2,5.2,6.23,10.54,4.45,5.12,10.72,5.94
N-methylnicotinamide,4.61,9.53,3.39,3.33,4.85,5.03,5.34,4.27,5.03,4.57,12.24,4.94,5.21,11.58,4.06,4.46,11.72,5.06
3-Hydroxyhippuricacid,4.62,5.18,5.38,5.45,4.87,5.6,6.1,4.25,5.07,6.35,11.53,5.15,5.57,11.41,4.11,4.6,11.72,5.15
Pralidoxime,4.62,4.6,4.13,4.53,4.85,5.02,4.41,3.33,5.08,5.44,19.56,6.45,5.52,10.59,4.14,4.42,11.51,5.15
S-(D-Carboxybutyl)-L-Homocysteine,4.61,4.83,3.28,3.2,5.09,5.14,6.03,4.24,5.16,2.55,17.57,5.35,5.65,10.34,5.23,5.16,10.66,5.17
Glucosamine,4.63,7.54,3.43,2.93,5.22,5.07,3.66,3.38,5.94,13.61,10.76,4.85,6.49,10.95,4.75,4.21,10.55,5.32
2-phospho-D-glycericacid,4.62,6.66,3.52,5.03,4.91,5.17,5.59,3.64,5.23,9.33,10.61,5.41,6.26,10.53,5.91,4.43,10.76,5.16
Duvoglustat,4.63,2.42,6.7,5.56,5.37,5.05,4.02,4.59,5.78,10.98,20.8,5.24,6.23,10.54,4.45,5.12,10.72,5.94
Menadione,4.63,2.94,3.96,4.5,5.66,5.03,5.33,5.06,5.33,2.96,12.84,4.56,5.66,10.79,4.63,5.12,11.54,5.45
1-Hydroxy-2-Amino-3-Cyclohexylpropane,4.63,3.09,5.55,4.33,5.53,5.03,5.22,4.28,5.08,4.9,14.65,5.04,6.28,10.43,4.1,4.48,11.61,5.2
Solriamfetol,4.62,3.56,5.41,5.48,5.55,5.03,5.68,4.53,5.41,7.71,16.01,6.25,6.02,10.5,2.8,4.77,11.56,5.27
1-PHENYL-1H-PYRAZOLE-4-CARBOXYLICACID,4.64,3.32,4.15,3.75,5.34,5.76,5.96,4.81,5.2,2.6,10.47,4.74,5.95,10.34,3.81,4.72,11.6,5.28
S-(Methylmercury)-L-Cysteine,4.61,6.43,3.4,4.06,4.96,5.02,5.01,3.73,5.09,7.99,35.34,4.75,5.6,10.45,5.06,4.47,10.53,5.17
D-Proline,4.62,5.13,6.5,5.59,4.96,5.03,4.12,3.63,5.24,9.28,10.8,3.84,6.26,10.5,5.07,4.19,11.24,5.24
Cysteine,4.61,8.84,3.9,4.55,5.06,5.1,5.23,4.19,5.13,7.21,6.84,4.49,5.37,10.14,5.69,5.32,11.4,5.14
N-(2-AMINOETHYL)-P-CHLOROBENZAMIDE,4.62,6.28,6.19,6.04,4.84,6.09,5.87,4.47,5.06,6.06,13.82,6.11,5.24,11.46,4.12,4.68,10.82,5.1
Phenacemide,4.59,4.86,4.23,4.15,5.37,5.09,5.11,4.57,5.09,6.63,11.62,4.65,5.58,11.2,4.16,4.89,11.35,5.12
Dichlorobenzylalcohol,4.62,4.49,5.41,6.53,5.25,5.03,4.83,4.67,5.31,2.6,13.37,5.42,5.69,10.48,4.31,5.1,11.35,5.11
Dithioerythritol,4.62,6.31,4.39,4.04,4.91,5.26,4.72,5.82,5.59,5.16,31.9,6.06,5.88,10.27,4.84,5.95,11.6,5.19
S-Methylcysteine,4.62,6.06,3.82,3.4,4.95,5.06,5.1,3.91,5.14,7.54,24.05,5.13,5.67,10.31,5.87,4.83,10.67,5.18
Suprofen,4.6,5.58,5.85,5.87,5.58,5.45,6.84,4.73,5.15,3.33,14.74,7.93,5.54,11.47,5.28,5.11,11.09,5.23
3-sulfino-L-alanine,4.62,4.04,4.08,4.02,5.08,5.24,4.43,3.97,5.16,3.88,13.56,5.27,5.87,10.54,4.96,4.69,10.93,5.12
Erdosteine,4.59,4.87,6.86,7.11,5.14,5.08,5.11,5.09,5.13,6.26,6.88,6.45,5.25,12.05,4.36,4.72,11.3,5.13
"3-(4-CHLOROPHENYL)-5-(METHYLTHIO)-4H-1,2,4-TRIAZOLE",4.61,9.83,4.03,4.86,5.65,5.99,4.61,4.49,5.13,6.75,9.16,6.38,6.69,11.33,4.13,5.07,11.33,5.05
Phenformin,4.6,5.34,5.87,4.7,5.17,5.3,6.2,4.56,5.22,6.85,9.31,5.83,5.71,11.45,3.66,4.79,10.78,5.11
Cycloleucine,4.61,4.67,4.67,3.79,5.03,5.06,4.38,3.84,5.13,6.46,10.79,5.05,6.61,10.52,5.05,4.27,11.34,5.26
Propylthiouracil,4.61,6.9,5.44,6.68,5.68,5.14,4.91,4.34,5.5,6.2,9.92,3.72,6.29,11.14,4.28,4.71,11.3,5.49
Alpha-AminobutyricAcid,4.61,4.81,5.26,5.39,5.29,5.06,4.64,3.77,5.09,1.89,11.01,3.24,5.47,10.3,4.96,4.66,10.63,5.14
(2S)-2-HYDROXYOCTANOICACID,4.62,5.39,3.84,4.42,5.01,5.05,6.43,3.75,5.44,5.13,12.22,5.54,6.02,10.28,5.08,4.25,10.5,5.22
Sodiumferricgluconatecomplex,4.62,13.91,3.64,4.07,5.32,5.12,6.27,4.53,5.35,5.59,15.65,7.0,6.21,11.27,4.03,4.92,10.59,5.19
N-[(CYCLOHEXYLAMINO)CARBONYL]GLYCINE,4.61,5.54,6.2,5.33,5.49,5.12,4.51,3.55,5.19,8.16,13.83,4.97,5.19,11.12,4.46,4.02,10.97,5.17
"5-(2-hydroxyethyl)nonane-1,9-diol",4.59,4.45,4.45,4.03,5.21,4.96,4.53,5.18,5.12,6.21,11.46,4.74,5.68,10.28,4.1,4.39,10.73,5.05
1-Deoxy-1-Thio-HeptaethyleneGlycol,4.62,5.58,3.67,3.43,4.94,5.09,4.41,4.09,5.07,12.41,11.44,5.27,5.72,10.35,4.72,4.51,11.69,5.06
Eugenol,4.62,6.43,5.35,4.6,5.34,5.01,5.71,4.43,5.06,5.12,12.19,4.79,5.78,11.89,4.33,4.74,11.62,5.07
Midodrine,4.6,4.22,4.65,4.34,5.59,4.98,5.44,4.18,5.1,8.73,9.65,6.69,5.45,11.61,2.93,4.55,11.1,5.14
9-Methylguanine,4.61,5.38,4.88,4.57,5.18,5.1,5.96,4.29,5.07,4.51,10.96,6.24,5.66,11.73,4.18,4.31,10.59,5.06
Ethosuximide,4.61,3.78,6.36,6.1,5.36,5.15,4.38,4.18,5.35,8.8,14.24,4.93,5.33,11.07,5.16,4.69,11.41,5.32
1-(HYDROXYMETHYLENEAMINO)-8-HYDROXY-OCTANE,4.61,8.39,4.81,3.99,5.36,5.13,5.52,4.14,5.1,6.69,13.95,3.36,5.9,10.15,4.24,4.58,10.9,5.09
"2-[3-(2-Hydroxy-1,1-Dihydroxymethyl-Ethylamino)-Propylamino]-2-Hydroxymethyl-Propane-1,3-Diol",4.61,4.34,3.58,4.06,4.9,5.19,4.78,4.32,5.1,3.12,15.71,3.85,5.82,10.62,5.32,4.87,10.7,5.09
3[N-Morpholino]PropaneSulfonicAcid,4.59,5.46,3.66,4.08,5.25,5.07,4.39,4.49,5.09,11.04,11.29,5.18,6.61,10.59,4.86,4.71,11.53,5.08
Threonine,4.61,8.8,3.46,3.81,5.22,5.06,4.53,3.78,5.15,2.64,6.65,4.75,5.55,10.29,4.95,4.48,10.69,5.18
Misoprostol,4.62,2.7,4.88,6.76,5.59,5.4,4.93,5.13,5.42,3.67,11.28,6.26,6.05,11.45,5.36,5.16,10.73,5.41
"S,S-(2-Hydroxyethyl)Thiocysteine",4.62,4.39,6.34,6.35,4.92,5.06,7.45,4.16,5.11,2.88,13.28,4.46,5.94,10.5,4.62,4.96,10.65,5.15
Alpha-D-Fucose,4.61,9.1,3.53,2.97,5.38,5.03,3.88,3.57,5.43,15.22,4.2,5.24,5.8,11.18,2.87,4.7,10.6,5.56
Vinylglycine,4.59,5.48,4.46,4.98,5.24,5.09,5.37,4.17,5.1,5.19,2.77,4.6,5.69,10.34,4.69,4.77,11.44,5.15
Lomustine,4.61,6.02,4.66,4.73,5.57,5.11,3.58,3.9,5.21,9.72,13.28,5.12,5.75,11.57,4.11,4.61,11.32,5.12
S-oxy-L-cysteine,4.61,2.7,3.83,3.78,5.15,5.1,4.61,3.75,5.37,4.25,9.46,5.7,5.72,10.31,5.5,4.74,10.62,5.22
Aluminiummonostearate,4.6,11.83,4.75,6.28,4.88,5.14,4.8,4.71,5.11,30.12,5.17,5.98,5.83,10.52,5.11,4.75,10.95,5.09
Propofol,4.6,6.19,5.99,5.42,5.44,5.16,7.26,4.44,5.08,8.22,8.11,6.32,6.22,11.94,3.64,4.61,10.84,5.2
Guvacine,4.61,7.02,4.77,4.29,5.18,5.26,4.84,4.88,6.22,6.05,20.68,3.43,5.44,11.6,5.06,5.37,11.62,5.84
L-Alpha-Glycerophosphorylethanolamine,4.61,5.46,4.71,5.07,5.07,4.97,5.67,4.31,5.1,10.12,31.26,6.98,6.09,10.29,5.08,4.63,11.25,5.06
Trolaminesalicylate,4.61,6.87,4.08,5.13,5.02,6.71,5.71,4.06,5.09,8.02,11.92,7.02,5.59,12.26,5.0,4.38,11.65,5.15
alpha-D-Xylopyranose,4.62,7.99,5.03,4.15,5.48,5.06,4.02,4.45,5.24,1.22,14.26,5.2,6.26,11.07,3.51,4.78,10.65,5.17
Gimeracil,4.6,6.01,5.05,4.57,5.0,5.13,5.2,4.39,5.21,7.91,15.59,5.61,6.52,11.25,4.0,4.73,11.76,5.23
Gamma-Carboxy-GlutamicAcid,4.6,8.22,4.28,4.01,4.85,5.14,3.94,3.85,5.12,5.31,12.69,5.6,6.14,11.22,5.04,4.67,10.66,5.11
Gabaculine,4.6,8.0,5.33,4.22,4.94,5.01,6.22,3.77,5.13,10.85,2.28,4.95,5.41,11.98,3.97,4.37,10.74,5.17
Fructose,4.6,2.0,4.5,4.47,5.71,4.99,4.07,3.76,5.97,4.21,15.24,5.92,6.08,11.35,4.1,4.58,10.59,5.31
Heptaethyleneglycol,4.6,2.75,3.27,3.57,5.15,4.97,4.37,4.07,5.08,3.29,12.91,4.24,5.29,10.15,3.75,4.35,11.57,5.06
Farnesol,4.6,4.84,4.88,5.16,4.73,5.06,6.31,4.43,5.08,8.73,14.15,6.14,6.4,10.35,4.05,4.72,11.11,5.15
Levocarnitine,4.61,6.79,4.19,4.34,4.9,5.08,4.96,4.27,5.14,5.86,15.71,6.36,6.28,10.64,5.66,4.43,11.05,5.24
Nicorandil,4.57,8.02,5.7,4.19,4.89,5.8,5.02,4.42,5.04,3.08,8.42,5.53,5.62,11.55,4.23,4.83,11.52,5.11
4-(2-aminoethyl)-2-ethylphenol,4.59,8.86,4.92,4.64,5.71,5.04,5.48,4.62,5.08,4.79,11.09,5.39,6.09,11.86,3.89,4.94,11.2,5.05
"2-(2-{2-[2-(2-{2-[2-(2-Ethoxy-Ethoxy)-Ethoxy]-Ethoxy}-Ethoxy)-Ethoxy]-Ethoxy}-Ethoxy)-Ethanol,PolyethyleneglycolPeg400",4.6,2.7,3.7,3.44,5.15,4.97,4.37,4.2,5.08,5.63,12.01,3.34,5.29,10.15,3.75,4.27,11.35,5.07
4-(Hydroxymethyl)Benzamidine,4.6,8.46,4.25,4.87,4.95,4.92,6.04,4.41,5.08,11.98,14.73,6.02,5.72,10.53,4.12,4.87,11.54,5.04
beta-L-fucose,4.61,5.56,3.53,2.97,5.38,5.02,3.45,3.57,5.43,12.31,11.51,4.38,5.8,11.18,2.87,4.7,10.6,5.56
"3-Phenyl-1,2-Propandiol",4.59,4.94,4.38,3.82,4.93,5.28,5.26,4.16,5.69,4.24,12.13,5.26,6.11,10.93,4.29,4.66,11.46,5.89
Oxypurinol,4.6,3.48,6.0,5.85,5.39,5.01,4.88,4.03,5.03,3.95,11.27,4.01,5.97,10.5,4.87,4.7,11.23,5.12
L-Glutamine,4.59,4.23,4.06,5.05,5.04,5.14,3.73,4.23,5.1,4.15,12.32,5.17,6.35,10.34,5.04,4.74,10.55,5.1
Methocarbamol,4.6,13.77,5.65,6.64,5.1,5.03,5.4,4.77,5.07,5.99,7.34,5.58,5.88,11.3,4.22,4.93,10.71,5.07
N-Carbamoyl-Alanine,4.6,5.93,3.69,3.92,5.0,5.13,3.95,4.22,5.11,5.49,29.9,5.54,6.07,10.67,4.23,4.43,10.61,5.11
1-deoxymannojirimycin,4.56,7.68,6.7,5.56,5.37,5.32,4.65,4.59,5.78,3.29,16.65,4.31,6.23,10.54,4.45,5.12,10.72,5.94
N-Acetylalanine,4.59,8.71,3.56,4.06,4.9,5.12,5.38,3.53,5.21,1.92,14.94,5.13,5.67,10.63,4.34,4.13,10.67,5.21
Phenylpyruvicacid,4.58,4.7,4.57,4.68,5.03,5.08,5.55,4.44,5.17,5.42,11.25,4.37,5.98,11.49,4.18,4.83,11.41,5.29
Deferiprone,4.61,6.82,3.81,4.51,5.26,5.22,5.79,4.56,5.06,5.16,15.63,4.62,5.87,10.67,5.42,4.9,11.08,5.14
Ifosfamide,4.61,4.6,3.56,3.56,5.52,5.05,4.65,4.65,5.22,2.52,10.92,6.24,5.42,11.23,6.0,4.95,11.48,5.27
5-Iodouracil,4.6,3.86,6.31,5.85,5.4,5.08,3.3,5.31,5.08,4.06,11.32,4.78,6.23,11.44,4.83,4.96,11.41,5.09
"5-Amino-1h-Pyrimidine-2,4-Dione",4.6,3.79,5.84,4.54,4.99,5.08,3.42,5.1,5.08,4.79,11.23,4.62,6.16,10.8,3.05,4.88,11.73,5.06
Alpha-L-Fucose,4.6,7.61,3.53,2.97,5.38,5.0,2.94,3.57,5.43,14.15,24.53,3.64,5.8,11.18,2.87,4.7,10.6,5.56
3-Oxiran-2ylalanine,4.59,4.03,3.64,3.62,4.94,4.98,6.41,4.19,5.11,4.66,13.4,5.68,6.38,10.52,4.09,4.7,10.76,5.1
N-Benzylformamide,4.56,5.33,5.93,4.81,5.0,5.11,5.2,4.56,5.19,2.07,12.52,4.45,6.07,10.88,5.91,5.03,11.36,5.09
Glycolsalicylate,4.57,2.9,4.2,4.16,4.95,6.6,5.35,4.14,5.09,4.44,11.12,6.58,5.88,12.41,4.4,4.4,11.52,5.1
Muscimol,4.6,2.99,5.72,4.89,5.46,5.0,4.69,4.44,5.1,4.39,16.16,4.75,6.1,11.15,4.48,5.05,11.71,5.08
OxaloacetateIon,4.59,4.32,4.47,4.61,4.87,5.07,4.78,4.95,5.07,7.13,11.24,6.26,5.57,11.46,5.93,4.83,10.99,5.11
S-Acetyl-Cysteine,4.59,3.51,3.94,5.53,5.12,5.09,4.57,4.18,5.15,4.91,12.29,5.76,5.64,11.28,4.18,4.61,10.61,5.1
Tris(Hydroxyethyl)Aminomethane,4.6,24.22,3.58,3.54,5.26,4.94,4.56,4.44,5.18,7.08,9.44,6.2,5.7,10.27,4.27,4.63,11.06,5.09
Isatin,4.59,6.35,5.1,5.32,5.1,5.03,5.77,4.16,6.08,6.87,12.49,4.71,5.96,11.56,4.27,4.55,11.46,5.8
(4e)-4-Aminohex-4-EnoicAcid,4.59,3.31,4.22,4.48,4.84,5.07,4.93,4.36,5.08,5.97,10.89,5.07,6.14,11.43,4.17,4.73,11.38,5.08
Fluorouracil,4.6,5.81,5.94,4.97,5.65,5.08,3.37,6.05,5.29,6.41,10.69,4.83,6.17,11.39,3.94,5.42,11.65,5.19
Citricacid,4.59,5.8,5.4,5.46,4.99,5.19,5.57,4.18,5.07,5.18,33.48,5.61,6.45,11.67,5.7,4.65,11.5,5.19
Anthranilicacid,4.58,4.91,4.45,3.28,4.83,5.06,5.13,4.24,5.08,7.37,11.09,5.46,5.53,11.97,4.03,4.49,11.3,5.16
L-tartaricacid,4.6,3.53,3.16,3.48,4.88,5.16,4.87,3.62,5.21,3.66,12.67,5.71,6.2,10.44,5.97,4.22,10.61,5.15
Histamine,4.58,2.76,3.72,4.4,5.07,5.03,4.11,4.43,5.06,3.3,11.83,4.53,5.81,10.23,5.47,4.65,11.48,5.07
BenzoylformicAcid,4.58,7.4,5.58,5.44,4.85,6.64,4.99,4.83,5.07,7.08,16.52,5.02,5.82,11.57,4.23,4.58,11.08,5.24
Carglumicacid,4.6,5.59,4.21,4.11,5.06,5.08,3.66,4.34,5.12,13.08,13.36,5.8,6.01,11.37,3.78,4.58,10.6,5.11
"3,6,9,12,15-PENTAOXAHEPTADECAN-1-OL",4.58,4.71,3.7,3.44,5.15,4.97,4.37,4.2,5.08,7.22,14.47,3.63,5.29,10.15,3.75,4.27,11.35,5.07
D-Cysteine,4.6,5.73,3.9,4.55,5.06,5.07,4.65,4.19,5.13,5.81,9.11,4.79,5.37,10.14,5.69,5.32,11.4,5.14
N-Acetyl-Serine,4.59,1.61,4.24,5.21,4.91,5.0,4.85,3.76,5.32,5.33,12.64,4.89,5.77,10.45,4.62,4.11,10.53,5.21
Dihydroxyacetonephosphate,4.59,2.35,5.69,4.57,5.23,5.07,4.39,4.44,5.11,4.38,14.87,5.18,5.77,10.43,5.59,4.66,11.36,5.19
Tartronate,4.59,5.38,4.1,4.91,4.92,5.09,3.6,3.9,5.08,2.46,11.38,5.57,5.56,10.29,6.01,4.6,11.5,5.17
Chromiumgluconate,4.59,5.15,5.12,5.54,5.12,4.97,4.29,4.12,5.17,6.06,13.1,5.1,5.61,11.29,3.99,4.72,11.57,5.07
"3,5-Dinitrocatechol",4.58,3.75,3.64,3.72,5.25,5.08,4.51,5.31,5.05,4.16,13.44,5.37,5.97,11.69,5.09,5.24,11.17,5.2
Parachlorophenol,4.59,4.19,3.62,4.17,4.76,5.01,5.24,4.43,5.08,4.34,10.34,5.48,5.39,10.35,3.31,4.7,11.56,5.09
Para-BromobenzylAlcohol,4.59,1.9,4.56,4.61,5.15,5.01,3.9,4.64,5.05,6.35,6.9,5.02,6.07,10.36,5.64,4.66,11.28,5.07
P-Nitrophenol,4.58,3.18,4.46,4.2,4.87,4.95,5.32,4.3,5.05,4.74,19.68,6.87,5.67,10.43,4.43,4.69,11.43,5.16
trans-2-hydroxycinnamicacid,4.57,8.89,5.78,5.56,4.9,5.97,6.45,4.26,5.11,7.58,10.98,6.13,5.63,12.48,5.56,4.34,11.45,5.66
"2,3-Dihydroxy-BenzoicAcid",4.59,5.34,3.58,4.29,4.92,5.31,5.52,4.04,5.08,6.42,11.89,5.25,5.75,12.37,4.41,4.48,11.58,5.12
Cycloserine,4.59,7.43,3.94,4.29,4.91,5.03,4.88,4.71,5.09,4.24,13.44,3.92,5.84,10.37,4.83,4.68,11.79,5.1
PhosphoglycolohydroxamicAcid,4.59,5.19,6.36,5.12,4.95,5.08,4.31,4.86,5.1,6.15,14.89,4.72,5.75,10.58,4.34,4.82,11.05,5.56
N-(3-AMINOPROPYL)-2-NITROBENZENAMINE,4.6,6.01,4.33,3.81,5.14,5.28,6.63,4.84,5.08,7.8,12.78,6.16,6.31,11.77,4.34,4.86,12.1,5.05
D-tartaricacid,4.59,4.51,3.16,3.48,4.88,5.14,5.04,3.62,5.21,3.57,26.21,5.13,6.2,10.44,5.97,4.22,10.61,5.15
Hexadecanal,4.58,7.55,4.52,5.62,4.95,5.03,4.4,4.44,5.15,7.84,9.56,5.81,5.3,10.27,4.76,5.0,10.73,5.11
Asparticacid,4.59,8.58,3.35,3.52,5.07,5.15,4.0,3.55,5.08,2.71,12.2,5.81,5.76,10.39,5.21,4.42,10.72,5.1
L-2-amino-3-butynoicacid,4.59,5.79,4.73,4.14,5.13,5.31,4.82,3.8,5.17,5.29,15.45,4.41,5.73,10.27,4.88,4.36,11.02,5.16
Vigabatrin,4.59,3.53,4.61,4.23,4.85,5.02,6.01,4.26,5.15,3.62,10.72,5.18,5.75,10.42,5.3,4.94,11.21,5.58
"Trencam-3,2-Hopo",4.59,6.95,5.66,5.96,4.9,5.31,5.53,4.47,5.08,5.03,11.03,4.98,5.53,11.88,4.4,4.87,11.46,5.04
Guaifenesin,4.58,4.83,6.18,6.52,5.16,5.37,5.61,4.4,5.06,6.55,17.96,7.31,6.17,11.37,4.57,4.79,10.68,5.07
Guaiacol,4.57,6.23,5.58,5.6,4.88,5.05,5.02,4.3,5.16,5.92,13.78,4.78,5.62,10.45,5.35,4.76,11.59,5.17
Tiopronin,4.59,4.33,6.05,5.85,4.92,5.08,4.18,4.67,5.09,5.0,25.6,4.67,5.84,10.51,5.06,5.08,10.85,5.18
Carbocisteine,4.58,15.29,3.94,5.02,5.32,5.18,4.94,4.08,5.1,15.91,7.86,4.94,5.59,11.04,4.12,4.8,10.64,5.09
M-Cresol,4.59,9.09,4.65,4.27,5.04,5.02,5.68,4.32,5.05,7.9,9.31,4.93,5.55,11.01,5.35,4.83,11.58,5.1
Metronidazole,4.58,4.36,4.29,5.03,5.12,5.05,4.31,4.5,5.11,3.02,11.65,4.75,5.35,11.87,4.7,4.68,11.15,5.14
Miglitol,4.58,12.91,3.81,4.26,5.76,4.98,4.03,4.42,5.46,13.05,10.98,5.15,6.37,10.98,4.08,4.76,11.31,5.12
1-Hydroxy-1-Thio-Glycerol,4.58,5.28,3.54,3.93,4.84,5.05,4.74,4.37,5.46,7.68,15.43,3.4,5.92,10.29,4.14,4.5,11.6,5.18
Ethchlorvynol,4.59,4.65,4.73,4.43,5.05,5.02,6.06,4.44,5.23,2.13,11.18,5.99,6.25,10.71,5.71,4.92,11.36,5.29
Benzylalcohol,4.57,7.1,4.65,5.31,5.38,4.99,4.35,4.31,5.44,5.58,11.33,6.87,5.42,10.71,4.02,4.61,11.23,5.16
Miglustat,4.58,3.13,6.47,4.67,5.79,4.98,4.45,4.27,5.35,3.85,10.87,5.74,6.37,10.95,4.09,4.63,10.6,5.13
Resorcinol,4.57,5.14,4.57,4.46,4.9,5.02,5.99,4.29,5.06,11.52,17.83,5.79,5.59,10.25,3.94,4.71,11.69,5.17
Cysteamine,4.57,7.41,3.8,3.83,4.93,5.02,4.26,4.94,5.07,4.83,11.06,4.14,5.36,10.24,3.84,5.36,11.71,5.05
D-Alanine,4.57,5.64,3.47,3.37,4.97,5.06,4.26,3.42,5.15,6.03,8.8,5.39,5.55,10.25,4.61,4.02,10.66,5.16
Dimercaprol,4.57,6.19,3.64,4.44,4.91,5.11,5.28,5.91,5.9,4.42,11.21,4.64,5.66,10.2,4.13,5.85,11.62,5.29
D-Lacticacid,4.57,4.13,4.13,4.48,4.93,5.06,4.21,3.67,5.32,7.24,14.61,3.59,5.32,10.27,4.86,4.32,10.69,5.21
Cyclohexylformamide,4.57,4.95,4.43,3.98,5.34,5.06,3.34,5.2,5.2,5.89,12.36,5.51,5.6,10.34,5.42,4.92,10.89,5.23
2-butyl-1-hydroxyguanidine,4.57,12.17,3.85,3.92,5.43,5.1,5.01,5.02,5.11,7.48,15.31,4.19,5.71,10.62,3.85,5.29,11.16,5.06
gamma-Hydroxybutyricacid,4.57,5.46,3.3,3.32,4.95,5.07,4.93,3.93,5.33,5.47,11.52,5.25,5.34,10.21,4.61,4.31,11.44,5.21
gamma-Aminobutyricacid,4.57,8.71,3.76,4.03,5.62,5.07,4.88,5.56,5.07,2.14,13.49,5.0,5.4,10.24,4.75,5.55,11.45,5.11
Ethanolamine,4.57,2.82,3.83,4.02,5.13,5.02,4.26,4.19,5.09,3.31,11.76,3.46,5.52,10.08,4.33,4.57,11.47,5.04
Dalfampridine,4.57,2.72,3.86,3.56,4.72,4.96,4.95,4.26,5.07,7.14,11.28,4.65,5.47,10.25,3.88,4.69,11.23,5.04
alpha-Ketoisovalerate,4.57,6.72,3.81,4.1,4.9,5.34,6.01,4.05,5.11,7.42,12.12,5.73,5.72,10.31,5.4,4.41,11.17,5.26
Cyclohexanol,4.57,5.18,3.77,3.94,4.95,5.02,5.35,4.44,5.07,5.81,10.03,5.13,5.72,10.27,4.38,4.62,10.64,5.21
Delta-AminoValericAcid,4.57,4.54,3.6,3.39,5.07,5.1,3.96,4.44,5.17,2.64,11.38,3.71,5.89,10.22,5.38,4.47,11.23,5.21
D-Serine,4.57,6.89,3.56,4.45,5.39,5.09,3.71,3.57,5.24,2.84,11.95,5.31,5.27,10.33,5.94,4.4,10.67,5.19
Descarboxy-nor-N(Omega)-Hydroxy-L-Arginine,4.57,20.25,4.04,3.6,5.31,5.04,6.07,5.51,5.09,13.45,13.2,5.95,5.66,10.44,3.13,5.1,11.61,5.05
Ethanol,4.57,4.2,4.04,3.8,4.97,5.02,4.26,4.09,5.37,2.83,19.94,3.59,5.52,10.07,4.18,4.53,10.7,5.3
CoenzymeM,4.57,5.54,4.01,3.91,5.39,5.0,4.69,4.75,5.09,4.13,12.85,3.55,5.69,10.3,5.01,4.78,11.83,5.13
scyllo-inositol,4.57,2.71,3.15,2.88,4.93,5.06,2.97,4.06,5.09,6.16,10.6,5.25,5.87,10.35,5.32,4.54,11.19,5.19
[2(Formyl-Hydroxy-Amino)-Ethyl]-PhosphonicAcid,4.57,17.54,6.36,6.05,5.42,5.04,4.44,5.35,5.44,6.27,16.78,5.3,5.86,10.56,5.29,5.25,11.92,5.2
Ethylpyruvate,4.57,9.15,4.05,4.24,5.02,5.08,4.1,4.06,5.12,14.42,13.83,4.86,5.75,10.27,4.44,4.61,11.54,5.21
Aminolevulinicacid,4.57,8.64,4.19,4.34,5.07,5.06,4.38,4.22,5.11,5.22,11.73,4.74,5.98,10.29,4.77,4.79,11.77,5.18
2-Pyridinethiol,4.57,6.54,3.82,3.26,5.12,5.01,3.81,4.41,5.05,13.52,6.59,5.82,5.8,10.38,3.67,4.58,11.62,5.06
Mercaptoethanol,4.57,2.58,3.36,3.78,4.86,5.02,4.26,4.44,5.12,2.46,16.05,3.64,5.69,10.12,3.83,4.84,11.69,5.09
N-Heptylformamide,4.57,3.35,4.99,5.86,5.35,5.04,5.1,5.54,5.13,2.11,13.54,5.81,5.62,10.12,4.47,5.23,10.64,5.09
1-hydroxy-2-isopropylguanidine,4.57,20.74,4.82,5.45,5.45,5.12,5.79,4.55,5.12,7.22,7.16,3.62,5.38,10.34,4.27,4.86,10.71,5.18
Taurine,4.57,59.1,3.64,3.71,5.36,5.08,4.53,4.44,5.09,8.87,95.53,4.2,5.73,10.3,4.67,4.88,11.71,5.05
5-hydroxyvalericacid,4.57,6.43,3.36,3.23,4.85,5.07,4.95,4.03,5.35,5.19,10.54,3.48,5.67,10.33,5.28,4.32,11.4,5.16
2-Aminobenzylalcohol,4.57,8.42,3.8,3.84,5.0,4.98,4.6,4.64,5.12,7.08,13.14,6.86,5.73,10.35,4.36,4.77,11.51,5.04
Monothioglycerol,4.57,3.59,3.71,4.3,4.87,5.0,4.59,4.31,5.28,3.03,16.5,4.22,5.7,10.08,3.84,5.09,11.38,5.16
Methylaminolevulinate,4.57,4.47,4.37,4.33,4.91,5.1,5.42,4.17,5.17,5.32,17.88,4.64,5.85,10.4,4.88,4.77,11.39,5.22
Methimazole,4.57,8.96,3.55,4.11,4.99,5.04,4.02,4.44,5.11,5.77,5.18,5.85,5.61,10.42,4.01,4.77,11.21,5.11
AcetoaceticAcid,4.57,3.34,4.23,4.34,4.87,5.06,3.95,3.98,5.33,4.95,19.9,3.87,5.8,10.29,5.89,4.49,11.36,5.23
Niacin,4.57,4.32,3.22,3.32,4.83,5.24,4.41,4.42,5.03,6.95,11.96,4.41,5.85,10.71,4.18,4.64,11.42,5.09
Meglutol,4.58,6.83,4.49,4.27,4.89,5.08,4.58,4.02,5.34,13.1,24.54,4.74,5.96,10.54,5.68,4.48,11.2,5.2
Mannitol,4.57,18.23,3.34,4.1,5.02,5.0,3.54,3.99,5.19,3.19,14.82,5.34,5.69,10.35,4.03,4.53,10.75,5.1
MalateIon,4.57,4.2,5.07,5.37,5.12,5.15,4.08,3.74,5.25,1.98,11.5,5.28,5.97,10.27,6.21,4.31,10.66,5.23
Alanine,4.57,4.39,3.47,3.37,4.97,5.07,4.61,3.42,5.15,4.55,15.89,5.14,5.55,10.25,4.61,4.02,10.66,5.16
"1,4-Butanediol",4.57,10.17,3.24,3.83,4.99,5.02,4.26,4.03,5.09,3.94,11.01,5.69,5.56,10.19,4.45,4.34,11.42,5.06
3-(Prop-2-Ene-1-Sulfinyl)-Propene-1-Thiol,4.57,12.66,4.45,4.51,5.31,5.0,6.48,4.6,5.17,9.29,9.04,5.58,5.73,10.43,5.01,4.94,11.63,5.36
"1,3-Propandiol",4.57,5.79,3.29,3.41,4.99,5.02,4.28,4.04,5.11,7.34,16.82,3.54,5.47,10.17,4.28,4.17,11.27,5.07
Alpha-AminoisobutyricAcid,4.57,7.51,4.0,4.27,5.3,5.05,3.9,4.12,5.17,5.11,5.1,5.56,5.4,10.29,5.05,4.49,11.39,5.15
12-HydroxydodecanoicAcid,4.57,14.35,3.37,3.21,4.95,5.11,5.97,3.95,5.37,4.38,18.12,3.52,5.86,10.26,4.97,4.39,11.44,5.15
4-Methylpiperazin-1-YlCarbonylGroup,4.57,5.75,3.96,4.0,4.9,5.11,4.36,4.25,5.81,5.88,20.66,5.03,5.96,10.54,4.8,4.69,11.14,5.52
Choline,4.57,7.8,4.43,4.66,4.98,4.94,3.63,4.46,5.52,16.88,9.5,5.63,5.72,10.31,3.75,4.55,11.34,5.43
OxamicAcid,4.57,2.4,3.61,3.86,4.97,5.04,4.12,3.94,5.09,4.19,15.28,5.09,5.55,10.15,5.42,4.55,10.93,5.09
3-hydroxyglutaricacid,4.57,2.49,3.7,4.13,4.89,5.08,4.58,3.75,5.12,4.34,15.67,5.24,5.71,10.82,5.88,4.46,11.39,5.12
Phenol,4.57,4.04,3.92,3.27,4.99,4.97,3.77,4.1,5.05,9.64,11.23,7.2,5.42,10.05,3.74,4.65,11.66,5.13
Salicylicacid,4.55,3.77,3.63,3.83,4.87,5.4,4.87,3.9,5.1,3.95,14.2,6.19,5.47,12.43,4.52,4.36,11.57,5.2
Pentanal,4.57,4.5,4.5,4.89,4.94,5.02,4.35,4.51,5.28,5.11,11.2,4.82,5.31,10.34,4.85,4.8,11.15,5.2
Phosphorylcolamine,4.57,3.03,5.49,4.3,4.98,5.08,3.45,4.41,5.07,4.4,13.29,5.28,5.85,10.21,3.19,4.88,11.64,5.09
PX-12,4.58,5.81,3.69,4.52,4.98,5.02,7.5,4.99,5.07,6.28,10.92,7.09,6.07,10.39,4.06,5.0,11.74,5.14
Serine,4.57,9.39,3.56,4.45,5.39,5.09,4.4,3.57,5.24,5.17,11.5,5.16,5.27,10.33,5.94,4.4,10.67,5.19
S-propylamine-L-cysteine,4.57,12.14,3.19,3.91,5.33,5.1,4.58,4.36,5.16,5.57,38.11,4.22,5.85,10.29,5.56,4.86,11.54,5.08
4-(2-methoxyethoxy)-6-methylpyrimidin-2-amine,4.56,3.95,4.76,4.18,4.96,4.97,6.4,4.26,5.07,4.1,10.34,4.83,6.1,10.95,3.41,4.79,11.33,5.06
4-Methylimidazole,4.57,7.63,5.0,3.7,5.12,5.02,4.41,4.27,5.05,4.2,11.23,5.06,5.68,10.25,4.12,4.7,11.39,5.12
Sodiumoxybate,4.57,7.05,4.34,4.61,4.95,5.1,6.11,4.23,5.11,12.48,22.19,5.46,5.34,10.21,4.61,4.47,11.2,5.09
2-Amino-6-Chloropyrazine,4.57,6.32,4.63,5.18,5.16,5.03,4.71,5.02,5.08,4.73,30.15,5.28,6.02,10.3,4.75,4.89,11.46,5.08
"4-Hydroxy-1,2,5-oxadiazole-3-carboxylicacid",4.58,7.74,3.76,3.53,4.83,4.96,4.9,3.98,5.14,4.53,21.64,4.72,5.48,10.56,4.17,4.28,11.51,5.43
4-Hydroxy-2-Butanone,4.57,3.8,5.06,4.07,5.01,4.96,3.93,3.96,5.15,12.84,33.52,3.69,5.23,10.16,4.82,4.38,10.62,5.09
4-Hydroxybutan-1-Aminium,4.57,1.91,3.24,4.1,5.83,4.99,3.77,4.08,5.08,4.23,12.51,4.13,5.49,10.23,4.39,4.14,11.34,5.06
4-Iodopyrazole,4.57,4.65,5.99,6.04,4.94,5.0,4.35,4.6,5.09,2.67,16.44,4.83,5.83,10.29,2.95,5.15,11.52,5.07
Nitrosoethane,4.57,6.42,4.09,3.87,4.97,5.02,4.26,3.74,5.44,6.13,10.76,5.36,5.49,10.4,3.71,4.39,10.82,5.19
NitrilotriaceticAcid,4.57,3.72,4.53,4.56,5.29,5.09,4.22,3.95,5.08,4.6,36.01,4.39,5.63,10.38,4.02,4.54,12.15,5.2
2-Chlorophenol,4.58,10.97,3.19,3.47,4.83,5.02,4.57,4.73,5.08,7.29,19.01,6.85,5.7,10.34,2.92,5.08,11.45,5.24
"1,3,2-Dioxaborolan-2-Ol",4.57,7.62,3.32,4.78,4.95,5.02,4.28,4.35,5.17,4.9,20.04,4.44,5.65,10.27,4.18,4.85,10.91,5.13
"1,2,4-Triazole",4.57,5.05,2.87,2.81,5.03,5.02,4.24,4.17,5.09,4.21,10.57,3.6,5.55,10.19,3.85,4.59,10.6,5.07
Aminocaproicacid,4.57,7.48,3.92,3.93,5.02,5.11,4.32,4.39,5.1,7.09,10.86,5.54,5.93,10.21,5.43,4.96,11.31,5.08
Hydroxyurea,4.57,2.33,3.86,3.42,5.0,5.0,4.3,4.59,5.18,7.35,19.79,6.32,5.21,10.32,4.43,4.78,10.78,5.36
Hydroquinone,4.57,1.84,4.11,3.89,4.85,4.97,3.72,4.15,5.06,5.09,12.21,5.0,5.6,10.28,3.7,4.6,11.79,5.12
Pyrazinamide,4.57,6.61,4.29,3.69,4.95,4.94,4.44,4.28,5.05,5.17,16.48,4.91,5.59,10.56,3.44,4.69,11.7,5.07
2-HydroxyethylDisulfide,4.57,5.46,4.51,4.92,4.79,5.02,4.66,4.46,5.18,6.09,15.97,3.67,5.82,10.1,4.03,4.81,10.82,5.09
"Hexane-1,6-Diol",4.57,2.41,3.43,3.86,4.99,5.02,4.86,4.0,5.08,2.94,12.83,5.94,5.47,10.11,4.53,4.4,11.49,5.07
Pyrazole,4.57,6.11,3.09,3.07,4.85,5.02,4.37,4.49,5.56,6.45,10.8,4.85,5.67,10.14,3.61,4.63,11.32,5.24
Hadacidin,4.57,19.34,5.78,4.97,5.3,5.04,4.42,5.02,5.4,13.37,16.28,4.68,5.54,10.26,4.48,5.44,12.52,5.25
2-Methyl-2-Propanol,4.57,6.08,3.95,4.25,4.96,5.02,3.94,4.36,5.15,5.07,10.49,5.02,5.53,10.05,4.17,4.81,11.15,5.18
Glyoxylicacid,4.57,4.43,3.98,4.37,4.95,5.02,4.48,4.07,5.08,1.76,12.06,5.29,5.62,10.14,5.21,4.6,11.38,5.18
Glycolicacid,4.57,11.32,4.09,3.95,4.94,5.02,4.31,3.96,5.15,2.5,7.91,5.04,5.53,10.41,5.05,4.47,11.48,5.22
Glycocyamine,4.57,3.51,3.76,4.21,5.24,5.05,3.7,4.32,5.1,3.35,14.87,5.28,6.07,10.33,4.1,4.77,11.27,5.1
Glycine,4.57,2.78,3.62,4.19,4.98,5.02,4.45,3.78,5.11,5.98,10.46,5.51,5.58,10.23,4.81,4.36,11.81,5.11
Glycinamid,4.57,3.57,4.07,3.82,4.99,5.02,4.37,4.09,5.08,1.4,11.35,4.66,5.29,10.16,4.79,4.68,11.88,5.04
Glycerin,4.57,5.73,3.39,3.67,4.95,5.02,4.33,4.15,5.22,3.42,16.0,4.36,5.57,10.11,4.34,4.47,11.05,5.16
Pyruvaldehyde,4.57,9.98,4.41,3.95,4.96,5.02,4.36,4.14,5.15,17.57,11.11,4.81,5.24,10.23,4.79,4.79,11.43,5.24
Glutamicacid,4.57,6.4,4.39,3.95,4.91,5.15,3.37,3.82,5.12,8.03,16.79,5.52,6.04,10.34,4.99,4.69,10.78,5.19
Gluconolactone,4.57,2.31,3.35,3.78,5.15,5.03,3.33,4.31,5.71,3.99,13.03,4.79,6.45,11.48,3.32,4.69,10.55,5.49
Pyruvicacid,4.57,8.1,4.11,3.99,4.95,5.04,4.09,3.9,5.09,1.77,12.21,4.84,5.4,10.25,4.97,4.49,11.52,5.2
Fomepizole,4.57,6.78,5.41,4.98,5.03,5.0,4.22,4.61,5.1,7.26,12.12,5.06,5.42,10.17,3.73,4.92,11.64,5.09
Bicine,4.57,6.71,3.49,4.26,5.35,5.16,3.92,3.91,5.09,7.84,13.91,4.8,5.54,10.4,4.09,4.47,11.63,5.09
Beta-Alanine,4.57,10.71,4.01,3.98,5.15,5.02,4.55,4.3,5.07,5.15,15.17,5.03,5.33,10.22,4.77,4.91,11.62,5.11
Imidazole,4.57,5.36,3.51,4.0,4.96,5.02,4.56,3.96,5.07,5.03,14.25,5.76,5.23,10.02,2.44,4.72,11.42,5.08
Urea,4.57,4.93,3.95,3.92,5.01,5.02,4.26,4.09,5.09,2.59,12.25,5.37,5.17,10.14,4.39,4.73,10.69,5.07
SGS-742,4.57,13.68,4.49,4.73,5.23,5.08,4.03,4.29,5.08,2.62,13.05,4.75,5.77,10.41,4.27,4.96,11.51,5.07
Aminooxyaceticacid,4.57,6.8,3.31,3.63,4.85,5.02,4.3,3.76,5.09,2.81,32.52,5.02,5.45,10.4,4.68,4.45,10.75,5.16
Proline,4.57,6.5,6.5,5.59,4.96,5.04,2.85,3.63,5.24,7.24,13.15,3.49,6.26,10.5,5.07,4.19,11.24,5.24
LaevulinicAcid,4.57,5.87,4.73,4.42,4.92,5.08,4.43,4.06,5.09,10.22,11.88,3.68,5.91,10.34,4.91,4.53,11.18,5.22
Lacticacid,4.57,2.61,4.13,4.48,4.93,5.03,4.26,3.67,5.32,4.61,15.08,3.29,5.32,10.27,4.86,4.32,10.69,5.21
"(R,R)-2,3-Butanediol",4.57,5.17,4.18,3.75,4.97,5.05,3.74,4.1,5.23,6.16,12.96,4.55,5.6,10.14,4.43,4.68,11.0,5.21
(R)-Propyleneglycol,4.57,8.4,3.25,4.21,5.03,5.02,4.53,4.0,5.16,5.16,11.5,4.6,5.55,10.15,4.45,4.61,10.64,5.16
Tromethamine,4.57,9.78,3.22,3.51,4.96,5.08,4.37,4.41,5.3,1.84,5.75,4.45,5.64,10.29,4.07,4.74,11.47,5.08
2-Ethoxyethanol,4.57,7.47,3.74,3.12,4.95,5.02,4.26,3.86,5.08,2.81,15.58,4.5,5.21,10.22,4.4,4.32,11.48,5.05
Isopropylalcohol,4.57,6.98,3.79,4.53,5.05,5.02,4.26,3.82,5.1,7.9,12.65,5.63,5.5,10.09,4.19,4.63,11.36,5.15
Tyramine,4.57,5.26,4.47,4.77,5.01,4.97,3.76,4.57,5.08,3.58,11.05,4.79,5.82,11.27,4.5,4.83,11.77,5.04
Propylalcohol,4.57,2.64,3.52,3.22,5.04,5.02,4.26,4.17,5.25,3.45,14.14,4.0,5.48,10.09,4.25,4.37,11.3,5.14
Isoamylalcohol,4.57,42.73,5.08,4.76,5.01,5.02,4.34,4.37,5.23,9.53,85.25,4.89,5.62,10.12,4.25,4.4,10.74,5.11
Propyleneglycol,4.57,5.36,3.25,4.21,5.03,5.02,4.28,4.0,5.16,4.45,10.38,3.59,5.55,10.15,4.45,4.61,10.64,5.16
Inositol,4.57,6.11,3.15,2.88,4.93,5.05,2.94,4.06,5.09,4.5,15.18,5.16,5.87,10.35,5.32,4.54,11.19,5.19
Uracil,4.58,4.58,3.84,4.13,4.91,5.12,5.31,4.11,5.09,5.4,12.09,5.14,6.34,10.38,4.62,4.65,10.76,5.15
Acetohydroxamicacid,4.57,3.45,4.26,3.42,4.92,5.0,4.31,3.89,5.08,3.68,17.47,4.8,5.35,10.14,4.26,4.49,11.17,5.19
1-DODECANOL,4.56,5.48,3.67,4.41,4.98,4.98,4.4,3.98,5.13,3.65,12.19,4.42,5.55,10.18,4.6,4.31,11.09,5.06
Trifluoroethanol,4.55,1.66,3.49,4.0,4.99,5.1,4.24,4.54,5.1,7.66,16.37,3.75,5.47,10.14,4.38,4.64,11.01,5.09
undecan-2-one,4.56,3.44,3.73,4.73,4.94,5.13,5.38,4.12,5.16,3.95,11.53,5.02,5.23,10.25,4.73,4.83,10.56,5.09
