Drug_Name,MPNN_CNN_BindingDB,Morgan_AAC_KIBA
"Cyclic3',5'-thymidinemonophosphate",46.76,11.31
4-(1-methyl-1-phenylethyl)phenol,36.79,11.69
Pramipexole,35.4,11.3
2-Nonyl-4-quinolinol1-oxide,33.12,10.66
Lpc-Ether,30.49,10.86
(2R)-2-({6-[benzyl(methyl)amino]-9-isopropyl-9H-purin-2-yl}amino)butan-1-ol,30.27,11.38
Aluminiummonostearate,30.12,10.95
Tmr,29.36,12.12
Daglutril,28.49,10.82
Sodiumcitrate,27.74,10.75
(S)-N-(4-carbamimidoylbenzyl)-1-(3-cyclohexylpropanoyl)pyrrolidine-2-carboxamide,27.55,11.58
Alfuzosin,26.96,11.16
SR12813,26.03,11.54
1-{2-OXO-3-[(1R)-1-(1H-PYRROL-2-YL)ETHYL]-2H-INDOL-5-YL}UREA,25.63,11.68
Serotonin,24.56,11.76
Ceritinib,23.97,11.38
Canfosfamide,23.46,11.54
Doxercalciferol,23.4,10.73
4-[(5-{[4-(3-CHLOROPHENYL)-3-OXOPIPERAZIN-1-YL]METHYL}-1H-IMIDAZOL-1-YL)METHYL]BENZONITRILE,23.25,10.75
Mibolerone,23.05,10.74
5-phenyl-1H-indazol-3-amine,23.04,11.44
Carboxyatractyloside,22.6,11.21
(R)-Rolipram,22.57,11.25
"2-amino-N-(4-methyl-1,3-thiazol-2-yl)-5-[(4-methyl-4H-1,2,4-triazol-3-yl)sulfanyl]benzamide",22.5,11.46
"(3R)-4,4-DIFLUORO-3-[(4-METHOXYPHENYL)SULFONYL]BUTANOICACID",22.45,10.88
Methacrylyl-CoenzymeA,22.05,11.11
Resveratrol,21.74,11.71
Ampicillin,21.55,11.26
S-HydroxymethylGlutathione,21.42,10.55
Terbutaline,21.42,11.29
16-Bromoepiandrosterone,20.91,11.14
Sri-9439,20.82,11.27
4-(2-AMINOPHENYL)-4-OXOBUTANOICACID,20.61,11.4
"2-[(2',3',4'-TRIFLUOROBIPHENYL-2-YL)OXY]ETHANOL",20.49,11.13
Levetiracetam,20.43,11.13
(2Z)-N-(3-chloro-2'-methoxybiphenyl-4-yl)-2-cyano-3-hydroxybut-2-enamide,20.34,11.33
2-(Thiomethylene)-4-MethylpentanoicAcid,20.33,10.61
Metaraminol,19.96,11.61
"N-[7-(3-AMINOPHENYL)-5-METHOXY-1,3-BENZOXAZOL-2-YL]-2,5-DICHLOROBENZENESULFONAMIDE",19.94,11.41
Thiabendazole,19.77,11.46
Etidronicacid,19.76,11.39
Tetrahydrofolicacid,19.71,11.12
Phenylpropanolamine,19.41,11.6
"4,4'-PROPANE-2,2-DIYLDIPHENOL",19.4,11.61
Nadolol,19.38,10.79
Famotidine,19.21,10.8
Talarozole,19.18,11.55
(2S)-2-[3-(AMINOMETHYL)PHENYL]-3-{(S)-HYDROXY[(1R)-2-METHYL-1-{[(2-PHENYLETHYL)SULFONYL]AMINO}PROPYL]PHOSPHORYL}PROPANOICACID,19.03,11.53
Beta-Cyclohexyl-Alanine,18.87,10.98
Quisqualate,18.74,11.28
"2,6,8-Trimethyl-3-Amino-9-Benzyl-9-MethoxynonanoicAcid",18.73,10.6
Tyrosine,18.71,11.51
Parecoxib,18.68,11.43
PyrithiaminePyrophosphate,18.68,11.43
HumanbloodgroupHtype1trisaccharide,18.64,10.7
"3-(4-Amino-1-Tert-Butyl-1h-Pyrazolo[3,4-D]Pyrimidin-3-Yl)Phenol",18.63,11.56
Edoxaban,18.41,11.4
MB-07803,18.3,11.32
Trospium,18.24,11.42
N-Hydroxy-1-(4-Methoxyphenyl)Sulfonyl-4-Benzyloxycarbonyl-Piperazine-2-Carboxamide,18.17,11.45
Norethisterone,18.11,11.07
"(9S,10E,12Z)-9-hydroxyoctadeca-10,12-dienoicacid",18.11,11.12
6-{4-[HYDROXY-(4-NITRO-PHENOXY)-PHOSPHORYL]-BUTYRYLAMINO}-HEXANOICACID,18.04,11.23
Guanosine-5'-Monophosphate,17.92,10.72
Cositecan,17.9,10.85
Nateglinide,17.9,11.38
Onapristone,17.88,11.42
Implitapide,17.87,11.38
Ambrisentan,17.82,11.52
Tegafur,17.79,11.45
"2,4-Diamino-6-[N-(3',4',5'-Trimethoxybenzyl)-N-Methylamino]Pyrido[2,3-D]Pyrimidine",17.77,11.06
Carboprosttromethamine,17.73,11.12
"(5E,13E)-11-HYDROXY-9,15-DIOXOPROSTA-5,13-DIEN-1-OICACID",17.65,11.33
Desmopressin,17.58,11.71
Pyruvaldehyde,17.57,11.43
"2-amino-5-[3-(1-ethyl-1H-pyrazol-5-yl)-1H-pyrrolo[2,3-b]pyridin-5-yl]-N,N-dimethylbenzamide",17.43,11.64
Nebivolol,17.29,11.18
Lamivudine,17.24,11.34
Sorafenib,17.23,11.26
Vandetanib,17.14,11.04
Tranilast,17.12,11.56
Valine,17.09,10.74
Teniposide,16.97,11.25
nor-NOHA,16.97,10.65
Choline,16.88,11.34
Clofedanol,16.82,11.86
"4-Methyl-5-[(2Z)-2-{[4-(4-morpholinyl)phenyl]imino}-2,5-dihydro-4-pyrimidinyl]-1,3-thiazol-2-amine",16.78,11.65
Carvedilol,16.75,11.17
Fimasartan,16.71,11.27
"(3Z)-1-[(6-fluoro-4H-1,3-benzodioxin-8-yl)methyl]-4-[(E)-2-phenylethenyl]-1H-indole-2,3-dione3-oxime",16.65,11.46
Bilastine,16.64,11.46
Cytidine-5'-Monophosphate,16.63,11.3
2-(Acetylamino)-2-Deoxy-6-O-Methyl-Alpha-D-Allopyranose,16.62,10.7
"(1S,2S,3R,4S,5S)-2,3,4-TRIHYDROXY-5-(HYDROXYMETHYL)CYCLOHEXYL(1E)-2-PHENYL-N-(SULFOOXY)ETHANIMIDOTHIOATE",16.56,11.34
Ebastine,16.53,11.51
Chromiumnicotinate,16.51,11.21
Butorphanol,16.47,11.14
Bb-3497,16.47,11.55
Olmesartan,16.47,11.42
Calcifediol,16.37,11.18
Piboserod,16.37,11.08
Gliquidone,16.28,11.25
L-Tryptophanamide,16.28,11.39
4-(4-HYDROXYPHENYL)-1-NAPHTHALDEHYDEOXIME,16.2,11.6
Mephenytoin,16.17,11.54
Estronesulfate,16.06,11.33
"PYRIMIDINE-4,6-DICARBOXYLICACIDBIS-[(PYRIDIN-3-YLMETHYL)-AMIDE]",16.05,11.21
Mirabegron,16.04,11.18
Polythiazide,15.96,10.79
Carbocisteine,15.91,10.64
Bendamustine,15.89,11.4
"7,8-dihydroxy-4-phenyl-2H-chromen-2-one",15.87,11.5
"3,4-Dihydro-2h-Pyrrolium-5-Carboxylate",15.84,10.57
Fludeoxyglucose(18F),15.83,11.19
"2-(CYCLOHEXYLMETHYLAMINO)-4-(PHENYLAMINO)PYRAZOLO[1,5-A][1,3,5]TRIAZINE-8-CARBONITRILE",15.77,10.94
Epicriptine,15.73,11.32
Eflornithine,15.72,11.38
"2-ACETAMIDO-2-DEOXY-BETA-D-GLUCOPYRANOSE(BETA1-4)-2-ACETAMIDO-1,6-ANHYDRO-3-O-[(R)-1-CARBOXYETHYL]-2-DEOXY-BETA-D-GLUCOPYRANOSE-L-ALANYL-GAMMA-D-GLUTAMYL-MESO-DIAMINOPIMELYL-D-ALANINE",15.59,10.53
Trifluridine,15.58,11.43
Phenothiazine,15.58,11.32
Methyclothiazide,15.57,11.64
Naltrexone,15.51,11.15
Olomoucine,15.5,10.6
Decitabine,15.49,11.21
"(4R)-7,8-dichloro-1',9-dimethyl-1-oxo-1,2,4,9-tetrahydrospiro[beta-carboline-3,4'-piperidine]-4-carbonitrile",15.48,11.26
Oxamniquine,15.48,10.55
Dexamethasoneisonicotinate,15.34,11.12
Heptyl-Beta-D-Glucopyranoside,15.24,10.42
Alpha-D-Fucose,15.22,10.6
"(2S)-2-(3-bromophenyl)-3-(5-chloro-2-hydroxyphenyl)-1,3-thiazolidin-4-one",15.2,11.17
Tixocortol,15.13,11.24
Glyphosate,15.13,11.59
Clavulanicacid,15.1,11.59
Sorbinil,14.99,11.14
"1-tert-butyl-3-(3-methylbenzyl)-1H-pyrazolo[3,4-d]pyrimidin-4-amine",14.97,11.27
CyclotheonamideA,14.95,10.71
Protokylol,14.93,10.85
"(1S,3S,5S)-2-{(2S)-2-amino-2-[(1R,3S,5R,7S)-3-hydroxytricyclo[3.3.1.1~3,7~]dec-1-yl]acetyl}-2-azabicyclo[3.1.0]hexane-3-carbonitrile",14.92,11.39
Chlorphenesin,14.9,10.73
Macimorelin,14.88,11.64
Pidolicacid,14.86,10.89
Rifalazil,14.85,10.88
"N-{1-[(1-carbamoylcyclopropyl)methyl]piperidin-4-yl}-N-cyclopropyl-4-[(1S)-2,2,2-trifluoro-1-hydroxy-1-methylethyl]benzamide",14.83,11.8
Di-Linoleoyl-3-Sn-Phosphatidylcholine,14.8,10.87
NadphDihydro-Nicotinamide-Adenine-Dinucleotidephosphate,14.75,10.75
Glecaprevir,14.73,10.76
Cefdinir,14.72,11.48
Ondansetron,14.7,11.56
HTYPEIITRISACCHARIDE,14.49,10.8
SNX-5422,14.46,11.36
Ethylpyruvate,14.42,11.54
Ethylmorphine,14.38,11.45
4-[(3S)-1-AZABICYCLO[2.2.2]OCT-3-YLAMINO]-3-(1H-BENZIMIDAZOL-2-YL)-6-CHLOROQUINOLIN-2(1H)-ONE,14.36,11.18
Ponatinib,14.3,11.35
UP5,14.26,10.54
Ergocalciferol,14.23,11.12
4-({4-[(6-CHLORO-1-BENZOTHIEN-2-YL)SULFONYL]-2-OXOPIPERAZIN-1-YL}METHYL)BENZENECARBOXIMIDAMIDE,14.2,11.62
Pimavanserin,14.19,11.13
Pexidartinib,14.19,11.56
Pergolide,14.18,11.63
Formoterol,14.15,10.77
Alpha-L-Fucose,14.15,10.6
"2-Phenyl-1-[4-(2-Piperidin-1-Yl-Ethoxy)-Phenyl]-1,2,3,4-Tetrahydro-Isoquinolin-6-Ol",14.11,11.66
LysineNz-CarboxylicAcid,14.09,10.65
"4-[(3AS,4R,7R,8AS,8BR)-2-(1,3-BENZODIOXOL-5-YLMETHYL)-7-HYDROXY-1,3-DIOXODECAHYDROPYRROLO[3,4-A]PYRROLIZIN-4-YL]BENZENECARBOXIMIDAMIDE",14.05,11.66
Emtricitabine,14,10.61
Debromohymenialdisine,13.98,12.57
CRA_10655,13.96,11.21
[1-(6-{6-[(1-methylethyl)amino]-1H-indazol-1-yl}pyrazin-2-yl)-1H-pyrrol-3-yl]aceticacid,13.95,11.41
(2S)-2-(BUTYRYLOXY)-3-HYDROXYPROPYLNONANOATE,13.94,10.81
Menthylsalicylate,13.89,11.33
Lasmiditan,13.82,11.34
Thymidine-5'-Diphosphate,13.73,11.1
Perindopril,13.67,11.45
Etafedrine,13.66,11.34
Glucosamine,13.61,10.55
Lormetazepam,13.58,11.58
Cystine,13.53,10.6
2-Pyridinethiol,13.52,11.62
Valaciclovir,13.49,10.74
Descarboxy-nor-N(Omega)-Hydroxy-L-Arginine,13.45,11.61
1-Allyl-3-Butyl-8-(N-Acetyl-4-Aminobenzyl)-Xanthine,13.44,11.37
6-[(Z)-AMINO(IMINO)METHYL]-N-[3-(CYCLOPENTYLOXY)PHENYL]-2-NAPHTHAMIDE,13.43,10.78
Annamycin,13.42,10.49
Vardenafil,13.41,11.06
Atenolol,13.41,11.17
Hadacidin,13.37,12.52
Estramustine,13.33,11.08
"10-Propargyl-5,8-DideazafolicAcid",13.19,10.83
5-Amidino-Benzimidazole,13.14,11.65
Febuxostat,13.13,11.2
2-(4-CHLORO-PHENYLAMINO)-NICOTINICACID,13.13,11.51
Meglutol,13.1,11.2
Carglumicacid,13.08,10.6
Miglitol,13.05,11.31
Aplaviroc,13.03,11.35
Methylnaltrexone,13.01,10.77
Pipradrol,12.99,11.67
"N-[3-[(1-Aminoethyl)(Hydroxy)Phosphoryl]-2-(1,1'-Biphenyl-4-Ylmethyl)Propanoyl]Alanine",12.94,10.6
"(5-phenyl-7-(pyridin-3-ylmethylamino)pyrazolo[1,5-a]pyrimidin-3-yl)methanol",12.91,11.4
2-(2-METHYLPHENYL)-1H-INDOLE-6-CARBOXIMIDAMIDE,12.9,10.76
"12-(2-hydroxyethyl)-2-(1-methylethoxy)-13,14-dihydronaphtho[2,1-a]pyrrolo[3,4-c]carbazol-5(12H)-one",12.88,11.28
Spironolactone,12.87,11.3
"2-[5,6-BIS-(4-METHOXY-PHENYL)-FURO[2,3-D]PYRIMIDIN-4-YLAMINO]-ETHANOL",12.87,10.72
4-Hydroxy-2-Butanone,12.84,10.62
3-Fluoro-L-tyrosine,12.83,10.58
Eltrombopag,12.82,11.47
Netoglitazone,12.8,11.28
2(S)-Amino-6-BoronohexanoicAcid,12.8,10.63
Mazindol,12.72,11.42
Cannabidiol,12.61,11.62
"(1R,2R,3S,4R,6S)-3,4,6-Trihydroxy-5-{[(S)-hydroxy(3-hydroxy-2-oxopropoxy)phosphoryl]oxy}-1,2-cyclohexanediylbis[dihydrogen(phosphate)]",12.61,10.71
Metamizole,12.55,11.29
(2S)-2-{3-[({[2-fluoro-4-(trifluoromethyl)phenyl]carbonyl}amino)methyl]-4-methoxybenzyl}butanoicacid,12.53,11.39
Sodiumoxybate,12.48,11.2
"6-(3-AMINOPROPYL)-4,9-DIMETHYLPYRROLO[3,4-C]CARBAZOLE-1,3(2H,6H)-DIONE",12.41,11.83
1-Deoxy-1-Thio-HeptaethyleneGlycol,12.41,11.69
Fructose-6-Phosphate,12.38,11.33
Cephalexin,12.37,11.5
"1-METHYL-3-TRIFLUOROMETHYL-1H-THIENO[2,3-C]PYRAZOLE-5-CARBOXYLICACID(2-MERCAPTO-ETHYL)-AMIDE",12.35,11.19
Alpha-D-Glucose-1-Phosphate-6-Vanadate,12.33,10.9
beta-L-fucose,12.31,10.6
Dexniguldipine,12.28,11.55
Piroxicam,12.28,10.48
Oleandomycin,12.28,11.39
AUROVERTINB,12.25,11.37
"2-{3-[(2S)-4,4-difluoro-2-(pyrrolidin-1-ylcarbonyl)pyrrolidin-1-yl]-3-oxopropyl}-isoindole-1,3(2H)-dione",12.21,11.37
"5-CYANO-N-(2,5-DIMETHOXYBENZYL)-6-ETHOXYPYRIDINE-2-CARBOXAMIDE",12.14,11.25
Clindamycin,12.12,10.99
Cefradine,12.11,11.38
Oxymorphone,12.1,11.5
Sofalcone,12.08,10.96
D-[(N-Hydroxyamino)Carbonyl]Phenylalanine,12.08,11.51
Ferrousglycinesulfate,12.05,11.43
"(1R)-1-{[(4'-methoxy-1,1'-biphenyl-4-yl)sulfonyl]amino}-2-methylpropylphosphonicacid",12.04,11.13
Gestodene,12,11.36
"(6AR,11AS,11BR)-10-ACETYL-9-HYDROXY-7,7-DIMETHYL-2,6,6A,7,11A,11B-HEXAHYDRO-11H-PYRROLO[1',2':2,3]ISOINDOLO[4,5,6-CD]INDOL-11-ONE",11.99,10.66
D-[(Amino)Carbonyl]Phenylalanine,11.99,10.87
4-(Hydroxymethyl)Benzamidine,11.98,11.54
Digitoxin,11.93,10.56
"(5R,6E,8Z,11Z,14Z,17Z)-5-hydroxyicosa-6,8,11,14,17-pentaenoicacid",11.93,11.37
Cerulenin,11.91,11.42
N-(5-Isopropyl-thiazol-2-YL)-2-pyridin-3-YL-acetamide,11.88,10.85
9-(2-carboxyethyl)-10-methylanthraceneendoperoxide,11.84,11.14
CalanolideA,11.82,10.7
Eliglustat,11.81,11.33
LOC14,11.78,11.65
Zuclopenthixol,11.77,11
Benzylcysteine,11.76,10.62
2-Chlorodideoxyadenosine,11.75,11.47
6-hydroxydopaquinone,11.74,11.57
3-Bromo-7-Nitroindazole,11.7,11.76
Lusutrombopag,11.68,11.39
Atosiban,11.66,11.13
Z-Val-Ala-Aspfluoromethylketone,11.65,10.63
3-phospho-D-glycericacid,11.65,10.96
N-(5-CHLORO-BENZO[B]THIOPHEN-3-YLMETHYL)-2-[6-CHLORO-OXO-3-(2-PYRIDIN-2-YL-ETHYLAMINO)-2H-PYRAZIN-1-YL]-ACETAMIDE,11.62,11.25
Diminazene,11.61,11.47
RU79073,11.61,10.76
"N-[(2R,3S)-3-AMINO-2-HYDROXY-4-PHENYLBUTYL]-4-METHOXY-2,3,6-TRIMETHYLBENZENESULFONAMIDE",11.6,11.27
4-Methylthio-Alpha-D-Mannose,11.6,11
3-Thiaoctanoyl-CoenzymeA,11.58,10.73
Lanreotide,11.58,11.55
Resorcinol,11.52,11.69
"2-Amino-7-[2-(2-Hydroxy-1-Hydroxymethyl-Ethylamino)-Ethyl]-1,7-Dihydro-Purin-6-One",11.51,10.44
"5-ethoxy-4-(1-methyl-7-oxo-3-propyl-6,7-dihydro-1H-pyrazolo[4,3-d]pyrimidin-5-yl)thiophene-2-sulfonamide",11.5,11.32
Donepezil,11.48,10.75
Carbenicillin,11.45,10.82
NovoNordiska/SCompound,11.37,11.47
"N-{2-[(4'-CYANO-1,1'-BIPHENYL-4-YL)OXY]ETHYL}-N'-HYDROXY-N-METHYLUREA",11.33,11.46
Domperidone,11.28,11.43
BMS-488043,11.26,10.83
Corticosterone,11.24,10.86
CoproporphyrinI,11.2,11.35
Fidaxomicin,11.2,11.05
"[4-amino-2-(tert-butylamino)-1,3-thiazol-5-yl](phenyl)methanone",11.17,11.49
"SulfamicAcid2,3-O-(1-Methylethylidene)-4,5-O-Sulfonyl-Beta-FructopyranoseEster",11.12,11
methyl(3S)-3-[(tert-butoxycarbonyl)amino]-4-oxopentanoate,11.09,11.04
Glutathionedisulfide,11.08,10.7
Oxymetholone,11.08,10.87
"THIENO[3,2-B]PYRIDINE-2-SULFONICACID[2-OXO-1-(1H-PYRROLO[2,3-C]PYRIDIN-2-YLMETHYL)-PYRROLIDIN-3-YL]-AMIDE",11.07,11.25
"5-[(3R)-3-(5-methoxy-4'-methylbiphenyl-3-yl)but-1-yn-1-yl]-6-methylpyrimidine-2,4-diamine",11.06,11.49
Brotizolam,11.06,11.6
Cefotiam,11.06,10.85
Tezampanel,11.06,10.61
Tapentadol,11.04,11.67
Heptyl1-Thiohexopyranoside,11.04,10.56
3[N-Morpholino]PropaneSulfonicAcid,11.04,11.53
N-Cyclohexyl-N'-(4-Iodophenyl)Urea,11.01,10.43
"5-[3-(2,5-dimethoxyphenyl)prop-1-yn-1-yl]-6-ethylpyrimidine-2,4-diamine",10.98,11.07
Duvoglustat,10.98,10.72
Binimetinib,10.97,11.4
Sobetirome,10.95,11.3
"Inositol1,3-Bisphosphate",10.95,10.67
Denufosol,10.93,11.45
Trovafloxacin,10.92,11.29
Rilapladib,10.92,11.43
"16,17-Androstene-3-Ol",10.91,10.74
ADisubstitutedSuccinylCaprolactamHydroxymateMmp3inhibitor,10.89,11.39
4-[(2-{4-[(CYCLOPROPYLCARBAMOYL)AMINO]-1H-PYRAZOL-3-YL}-1H-BENZIMIDAZOL-6-YL)METHYL]MORPHOLIN-4-IUM,10.88,11.53
Tesevatinib,10.86,11.19
O2-Sulfo-GlucuronicAcid,10.86,10.49
Yohimbine,10.85,11.37
S-P-Nitrobenzyloxycarbonylglutathione,10.85,11.26
Propacetamol,10.85,11.29
Gabaculine,10.85,10.74
Idronoxil,10.84,11.45
Pagoclone,10.81,10.71
Chlormadinone,10.81,11.13
"5-[(3R)-3-(5-methoxybiphenyl-3-yl)but-1-yn-1-yl]-6-methylpyrimidine-2,4-diamine",10.79,11.38
Irinotecan,10.78,11.16
Linaclotide,10.77,11.39
"3-({[3,5-DIFLUORO-3'-(TRIFLUOROMETHOXY)BIPHENYL-4-YL]AMINO}CARBONYL)THIOPHENE-2-CARBOXYLICACID",10.77,11.45
Palifosfamide,10.77,11.63
Mifamurtide,10.74,10.72
Bendroflumethiazide,10.73,11.4
"(3,4,8b-Trimethyl-3-oxido-2,3a-dihydro-1H-pyrrolo[2,3-b]indol-3-ium-7-yl)N-(2-ethylphenyl)carbamate",10.72,10.93
Apomorphine,10.72,11.16
Glimepiride,10.71,11.33
Nabilone,10.71,11.07
"2-[3-(5-Mercapto-[1,3,4]thiadiazol-2-yl)-ureido]-N-methyl-3-phenyl-propionamide",10.69,11.55
1-ETHOXYCARBONYL-D-PHE-PRO-2(4-AMINOBUTYL)HYDRAZINE,10.68,11.25
Fluocinonide,10.64,10.74
SR-9011,10.64,10.9
"2-AMINO-4-(2,4-DICHLOROPHENYL)-N-ETHYLTHIENO[2,3-D]PYRIMIDINE-6-CARBOXAMIDE",10.64,11.36
1-[(2R)-2-aminobutanoyl]-N-(3-chlorobenzyl)-L-prolinamide,10.63,11.69
Sulfinpyrazone,10.61,11.61
Artenimol,10.6,10.68
Monastrol,10.6,11.53
Bimoclomol,10.6,11.71
Mafenide,10.59,11.25
Procyclidine,10.58,11.5
DPI59,10.57,11.65
"N-[(5S,7R,8S,9S,10R)-8,9,10-Trihydroxy-7-(hydroxymethyl)-2,4-dioxo-6-oxa-1,3-diazaspiro[4.5]dec-3-yl]acetamide",10.57,11.04
Glymidine,10.56,11.55
"4-chloro-N-[(2S)-2-methyl-2,3-dihydro-1H-indol-1-yl]-3-sulfamoylbenzamide",10.54,11.24
Geldanamycin,10.52,11.61
Mibefradil,10.52,11.32
"3,6-DIAMINO-5-CYANO-4-(4-ETHOXYPHENYL)THIENO[2,3-B]PYRIDINE-2-CARBOXAMIDE",10.5,11.07
Betamethasonephosphate,10.49,11.31
Minoxidil,10.49,11.05
MK-1775,10.48,11.6
Retapamulin,10.48,11.57
Pimozide,10.47,11.55
HE3286,10.47,11.3
"N-[1-(2,6-dimethoxybenzyl)piperidin-4-yl]-4-sulfanylbutanamide",10.45,11.28
Phenylephrine,10.45,11.66
N-[(4-HYDROXY-8-IODOISOQUINOLIN-3-YL)CARBONYL]GLYCINE,10.42,11.42
"1-{2-[3-(2-Chloro-4,5-difluoro-benzoyl)-ureido]-4-fluoro-phenyl}-piperidine-4-carboxylicacid",10.41,11.26
"5-[3-(2-METHOXYPHENYL)-1H-PYRROLO[2,3-B]PYRIDIN-5-YL]-N,N-DIMETHYLPYRIDINE-3-CARBOXAMIDE",10.41,11.61
"N-(3-cyanophenyl)-2'-methyl-5'-(5-methyl-1,3,4-oxadiazol-2-yl)-4-biphenylcarboxamide",10.39,10.97
Ergometrine,10.39,10.55
Tipiracil,10.39,11.29
3-(5-{[4-(AMINOMETHYL)PIPERIDIN-1-YL]METHYL}-1H-INDOL-2-YL)-1H-INDAZOLE-6-CARBONITRILE,10.38,11.44
Etizolam,10.33,11.35
"6-AMINO-BENZO[DE]ISOQUINOLINE-1,3-DIONE",10.33,10.98
N-acetyl-alpha-neuraminicacid,10.3,11.38
N-(3-Phenyl-2-Sulfanylpropanoyl)Phenylalanylalanine,10.29,10.6
"(2R)-N~4~-hydroxy-2-(3-hydroxybenzyl)-N~1~-[(1S,2R)-2-hydroxy-2,3-dihydro-1H-inden-1-yl]butanediamide",10.28,11.48
Pavinetant,10.26,11.49
"1,2-diacyl-sn-glycero-3-phosphoinositol",10.24,10.71
Hydroflumethiazide,10.24,11.19
Argininosuccinate,10.24,10.72
LY-294002,10.23,11.49
"N'-[4-(2,4-Dimethyl-1,3-thiazol-5-yl)-2-pyrimidinyl]-N-hydroxyimidoformamide",10.23,11.73
LaevulinicAcid,10.22,11.18
"(3R,4R)-1-{6-[3-(METHYLSULFONYL)PHENYL]PYRIMIDIN-4-YL}-4-(2,4,5-TRIFLUOROPHENYL)PIPERIDIN-3-AMINE",10.19,11.55
Indoramin,10.18,11.62
Salbutamol,10.17,10.62
2-Deoxy-2-AminoGlucitol-6-Phosphate,10.16,11.4
Tezosentan,10.15,11.6
Calusterone,10.13,10.97
3-{3-[(DIMETHYLAMINO)METHYL]-1H-INDOL-7-YL}PROPAN-1-OL,10.13,11.63
L-Alpha-Glycerophosphorylethanolamine,10.12,11.25
Lactose,10.11,10.54
Succinobucol,10.09,11.52
Daidzin,10.09,10.71
"(9BETA,13ALPHA,14BETA,17ALPHA)-2-METHOXYESTRA-1,3,5(10)-TRIENE-3,17-DIYLDISULFAMATE",10.05,10.99
N(5)-[(hydroxyamino)(imino)methyl]-L-ornithine,10.05,10.58
Meloxicam,10.04,10.75
"3-(3,5-Dibromo-4-Hydroxy-Benzoyl)-2-Ethyl-Benzofuran-6-SulfonicAcid[4-(Thiazol-2-Ylsulfamoyl)-Phenyl]-Amide",10.02,11.02
Allosamizoline,10.01,11.08
(2S)-1-(3H-Indol-3-yl)-3-{[5-(6-isoquinolinyl)-3-pyridinyl]oxy}-2-propanamine,9.99,11.53
(S)-3-(4-(2-Carbazol-9-Yl-Ethoxy)-Phenyl)-2-Ethoxy-PropionicAcid,9.99,11.75
"6-hydroxy-1,6-dihydropurinenucleoside",9.99,10.6
Cabozantinib,9.98,11.01
Acebutolol,9.94,10.71
[4-(2-Amino-4-Methyl-Thiazol-5-Yl)-Pyrimidin-2-Yl]-(3-Nitro-Phenyl)-Amine,9.91,12.26
Diprenorphine,9.9,11.35
5-chloro-N-[(3R)-1-(2-{[2-fluoro-4-(2-oxopyridin-1(2H)-yl)phenyl]amino}-2-oxoethyl)pyrrolidin-3-yl]thiophene-2-carboxamide,9.87,11.01
Digoxin,9.87,11.05
"1-{(2S,5S)-4-FLUORO-5-[(TRITYLOXY)METHYL]TETRAHYDROFURAN-2-YL}PYRIMIDINE-2,4(1H,3H)-DIONE",9.84,11.36
Cidofovir,9.83,12.14
Cytarabine,9.83,10.66
Odanacatib,9.82,11.12
2-ANILINO-6-CYCLOHEXYLMETHOXYPURINE,9.8,10.58
"5-Phenylsulfanyl-2,4-Quinazolinediamine",9.8,10.76
Acarbose,9.77,10.81
Ruxolitinib,9.76,11.7
"3-[1-(3-Aminopropyl)-1h-Indol-3-Yl]-4-(1-Methyl-1h-Indol-3-Yl)-1h-Pyrrole-2,5-Dione",9.75,12.16
4-({[4-(3-METHYLBENZOYL)PYRIDIN-2-YL]AMINO}METHYL)BENZENECARBOXIMIDAMIDE,9.75,11.28
Masoprocol,9.75,11.46
[4-({4-[(5-cyclopropyl-1H-pyrazol-3-yl)amino]quinazolin-2-yl}amino)phenyl]acetonitrile,9.74,11.66
Nebularine,9.74,10.56
D-Leucine,9.74,10.62
Icotinib,9.73,11.13
Desoxycorticosteroneacetate,9.73,10.43
Empagliflozin,9.72,11.26
Lomustine,9.72,11.32
(2S)-4-(4-fluorobenzyl)-N-(3-sulfanylpropyl)piperazine-2-carboxamide,9.7,11.1
"4,6-DIDEOXY-4-{[4-[(4-O-HEXOPYRANOSYLHEXOPYRANOSYL)OXY]-5,6-DIHYDROXY-3-(HYDROXYMETHYL)CYCLOHEX-2-EN-1-YL]AMINO}HEXOPYRANOSYL-(1->4)HEXOPYRANOSYL-(1->4)HEXOPYRANOSE",9.7,10.59
Ipratropium,9.69,11.19
"[3,5-Dibromo-4-(4-Hydroxy-3-Phenethylcarbamoyl-Phenoxy)-Phenyl]-AceticAcid",9.68,10.66
Balaglitazone,9.67,11.17
(2S)-2-(4-chlorophenoxy)-3-phenylpropanoicacid,9.66,11.42
2-{4-[4-({4-[2-methyl-1-(1-methylethyl)-1H-imidazol-5-yl]pyrimidin-2-yl}amino)phenyl]piperazin-1-yl}-2-oxoethanol,9.64,11.71
Phenol,9.64,11.66
Cyproteroneacetate,9.63,10.77
Tramadol,9.61,11.22
Norvaline,9.61,10.84
"4-(Aminosulfonyl)-N-[(2,5-Difluorophenyl)Methyl]-Benzamide",9.57,11.01
2-({2-[(3-HYDROXYPHENYL)AMINO]PYRIMIDIN-4-YL}AMINO)BENZAMIDE,9.56,11.51
IsocitricAcid,9.56,10.86
Isoamylalcohol,9.53,10.74
"5-Bromo-N-[(2S)-2,3-dihydroxypropoxy]-3,4-difluoro-2-[(2-fluoro-4-iodophenyl)amino]benzamide",9.5,10.99
Romidepsin,9.49,10.73
"4-(2-aminoethoxy)-N-(3-chloro-2-ethoxy-5-piperidin-1-ylphenyl)-3,5-dimethylbenzamide",9.49,11.33
"3-[[(METHYLAMINO)SULFONYL]AMINO]-2-OXO-6-PHENYL-N-[3,3,3-TRIFLUORO-1-(1-METHYLETHYL)-2-OXOPHENYL]-1(2H)-PYRIDINEACETAMIDE",9.48,11.57
"2-DEOXY-3,4-BIS-O-[3-(4-HYDROXYPHENYL)PROPANOYL]-L-THREO-PENTARICACID",9.48,11.48
"2,6-Diamino-HexanoicAcidAmide",9.48,10.66
Candesartan,9.45,11.27
Cladribine,9.45,11.87
1-[(2R)-2-aminobutanoyl]-N-(4-carbamimidoylbenzyl)-L-prolinamide,9.44,11.71
N-{(4S)-4-Amino-5-[(2-aminoethyl)amino]pentyl}-N'-nitroguanidine,9.44,11.47
(2S)-2-(4-ethylphenoxy)-3-phenylpropanoicacid,9.44,11.36
"4-{2-[(7-amino-2-furan-2-yl[1,2,4]triazolo[1,5-a][1,3,5]triazin-5-yl)amino]ethyl}phenol",9.43,11.25
(S)-N-(3-Indol-1-Yl-2-Methyl-Propyl)-4-Sulfamoyl-Benzamide,9.41,10.99
"N-Methyl-4-{[(2-oxo-1,2-dihydro-3H-indol-3-ylidene)methyl]amino}benzenesulfonamide",9.41,12.52
Tolazamide,9.41,11.43
Mestranol,9.38,11.23
Cilnidipine,9.38,11.28
Thenoyltrifluoroacetone,9.37,10.73
Enalapril,9.35,10.89
"18-CHLORO-11,12,13,14-TETRAHYDRO-1H,10H-8,4-(AZENO)-9,15,1,3,6-BENZODIOXATRIAZACYCLOHEPTADECIN-2-ONE",9.35,11.36
Dimethyltryptamine,9.35,11.81
Isopropamide,9.34,11.68
2-phospho-D-glycericacid,9.33,10.76
"4-{[4-{[(1R,2R)-2-(dimethylamino)cyclopentyl]amino}-5-(trifluoromethyl)pyrimidin-2-yl]amino}-N-methylbenzenesulfonamide",9.32,11.72
Clozapine,9.32,10.59
Ivacaftor,9.32,10.94
Pentoxifylline,9.32,10.54
Moxifloxacin,9.29,11.01
Echinacoside,9.29,11.33
Fluconazole,9.29,11.18
Zofenopril,9.29,11.17
3-(Prop-2-Ene-1-Sulfinyl)-Propene-1-Thiol,9.29,11.63
D-Proline,9.28,11.24
N2-[(benzyloxy)carbonyl]-n1-[(3S)-1-cyanopyrrolidin-3-yl]-l-leucinamide,9.27,11.19
Dexamethasone,9.27,11
"N-[4-(2,4-DIMETHYL-THIAZOL-5-YL)-PYRIMIDIN-2-YL]-N',N'-DIMETHYL-BENZENE-1,4-DIAMINE",9.25,11.64
Quinidine,9.25,11.69
Canaline,9.25,10.72
Carbidopa,9.24,11.64
2-{5-[3-(7-PROPYL-3-TRIFLUOROMETHYLBENZO[D]ISOXAZOL-6-YLOXY)PROPOXY]INDOL-1-YL}ETHANOICACID,9.22,11.36
Ximelagatran,9.22,11.54
Eletriptan,9.21,11.42
Rociverine,9.21,11.35
L-methionine(R)-S-oxide,9.21,10.74
Dutasteride,9.19,11.61
Sagopilone,9.18,11.36
Dorzolamide,9.17,10.74
"2-(Oxalyl-Amino)-4,7-Dihydro-5h-Thieno[2,3-C]Pyran-3-CarboxylicAcid",9.17,11.5
Aeruginosin98-B,9.16,11.47
"5-ACETAMIDO-5,6-DIHYDRO-4-HYDROXY-6-ISOBUTOXY-4H-PYRAN-2-CARBOXYLICACID",9.16,11.14
Formycin,9.15,10.77
Amlexanox,9.15,11.32
BETA-METHYLLACTOSIDE,9.15,10.54
"(4R)-N-[4-({[2-(DIMETHYLAMINO)ETHYL]AMINO}CARBONYL)-1,3-THIAZOL-2-YL]-4-METHYL-1-OXO-2,3,4,9-TETRAHYDRO-1H-BETA-CARBOLINE-6-CARBOXAMIDE",9.11,11.3
Aleglitazar,9.09,10.75
Flavone,9.09,10.77
Nalbuphine,9.08,11.19
6-O-benzylguanine,9.08,11.06
"2-[3,4-Dihydroxy-2-Hydroxymethyl-5-(2-Hydroxy-Nonyl)-Tetrahydro-Furan-2-Yloxy]-6-Hydroxymethyl-TetraHydro-Pyran-3,4,5-Triol",9.07,10.41
"1-[(2-NITROPHENYL)SULFONYL]-1H-PYRROLO[3,2-B]PYRIDINE-6-CARBOXAMIDE",9.05,12.1
(2S)-2-amino-5-oxo-5-[(4-phenylmethoxyphenyl)amino]pentanoicacid,9.04,11.04
alpha-maltotriose,9.04,10.54
"[1-(1-Methyl-4,5-Dioxo-Pent-2-Enylcarbamoyl)-2-Phenyl-Ethyl]-CarbamicAcidBenzylEster",9.03,11.13
6-(N-Phenylcarbamyl)-2-Naphthalenecarboxamidine,9.03,11.25
N-ISOBUTYL-N-[4-METHOXYPHENYLSULFONYL]GLYCYLHYDROXAMICACID,9.01,11.19
Bepotastine,9.01,10.79
"{4-[(CARBOXYMETHOXY)CARBONYL]-3,3-DIOXIDO-1-OXONAPHTHO[1,2-D]ISOTHIAZOL-2(1H)-YL}ACETICACID",9.01,10.5
6-CYCLOHEXYLMETHYLOXY-2-(4'-HYDROXYANILINO)PURINE,9.01,10.57
"4'-[(1R)-1-amino-2-(2,5-difluorophenyl)ethyl]biphenyl-3-carboxamide",9.01,11.32
Vercirnon,9.01,10.74
"(5E)-5-[(2,2-DIFLUORO-1,3-BENZODIOXOL-5-YL)METHYLENE]-1,3-THIAZOLIDINE-2,4-DIONE",9.01,11.28
3-Phosphoglycerol,9.01,11.31
N-(4-CARBAMIMIDOYL-3-CHORO-PHENYL)-2-HYDROXY-3-IODO-5-METHYL-BENZAMIDE,8.99,11.08
"3,5-diiodothyropropionicacid",8.99,10.76
Denibulin,8.98,10.79
HeparinDisaccharideI-S,8.98,10.56
Bifeprunox,8.95,11.56
Azithromycin,8.94,11.38
6-CHLORO-N-{(3S)-1-[(1S)-1-METHYL-2-MORPHOLIN-4-YL-2-OXOETHYL]-2-OXOPYRROLIDIN-3-YL}-1-BENZOTHIOPHENE-2-SULFONAMIDE,8.93,10.86
4-phospho-L-threonicacid,8.92,10.93
TRIAZOLOPYRIMIDINE,8.91,11.5
Hydrocortisonephosphate,8.91,11.27
"2-{2-hydroxy-[1,1'-biphenyl]-3-yl}-1H-1,3-benzodiazole-5-carboximidamide",8.91,11.18
N-[(1R)-3-(4-HYDROXYPHENYL)-1-METHYLPROPYL]-2-(2-PHENYL-1H-INDOL-3-YL)ACETAMIDE,8.91,10.74
Tegafur-uracil,8.89,11.39
Nylidrin,8.89,10.88
Nomegestrol,8.88,11.35
5-(DIMETHYLAMINO)-2-NAPHTHALENESULFONICACID,8.88,11.53
"9,10-Deepithio-9,10-Didehydroacanthifolicin",8.87,10.53
Taurine,8.87,11.71
(2R)-1-(DIMETHYLAMINO)-3-{4-[(6-{[2-FLUORO-5-(TRIFLUOROMETHYL)PHENYL]AMINO}PYRIMIDIN-4-YL)AMINO]PHENOXY}PROPAN-2-OL,8.85,11.27
"5-[1-(3,4-Dimethoxy-Benzoyl)-1,2,3,4-Tetrahydro-Quinolin-6-Yl]-6-Methyl-3,6-Dihydro-[1,3,4]Thiadiazin-2-One",8.84,11.05
1-[1-(3-aminophenyl)-3-tert-butyl-1H-pyrazol-5-yl]-3-naphthalen-1-ylurea,8.83,11.57
"(2R)-3-{[(4Z)-5,6-DIPHENYL-6,7-DIHYDRO-4H-PYRROLO[2,3-D]PYRIMIDIN-4-YLIDENE]AMINO}PROPANE-1,2-DIOL",8.83,11.34
Benidipine,8.83,11.23
"N,O6-Disulfo-Glucosamine",8.83,10.43
N-(3-Propylcarbamoyloxirane-2-Carbonyl)-Isoleucyl-Proline,8.82,11.55
Finasteride,8.81,11.01
Relcovaptan,8.8,11
Lansoprazole,8.8,11.36
Medroxyprogesteroneacetate,8.8,10.72
Ethosuximide,8.8,11.41
4-({[(4-METHYLPIPERAZIN-1-YL)AMINO]CARBONOTHIOYL}AMINO)BENZENESULFONAMIDE,8.79,11.41
5-fluorotryptophan,8.78,11.16
Ferrousascorbate,8.78,11.62
"(2S)-3-(1-{[2-(2-CHLOROPHENYL)-5-METHYL-1,3-OXAZOL-4-YL]METHYL}-1H-INDOL-5-YL)-2-ETHOXYPROPANOICACID",8.77,11.48
Methyl-2-S-(Alpha-D-Mannopyranosyl)-2-Thio-Alpha-D-Mannopyranoside,8.77,10.58
Azathioprine,8.74,10.61
Saracatinib,8.73,10.94
Darglitazone,8.73,10.75
Midodrine,8.73,11.1
Farnesol,8.73,11.11
TRANS-4-(GUANIDINOMETHYL)-CYCLOHEXANE-L-YL-D-3-CYCLOHEXYLALANYL-L-AZETIDINE-2-YL-D-TYROSINYL-L-HOMOARGININAMIDE,8.72,11.75
Sumatriptan,8.72,11.77
Maltose,8.72,10.54
5-Nitroindazole,8.71,11.28
Epigallocatechingallate,8.7,10.41
"1-cyclobutyl-3-(3,4-dimethoxyphenyl)-1H-pyrazolo[3,4-d]pyrimidin-4-amine",8.69,11.9
"(2S)-2-Ammonio-3-[5-(2-methyl-2-propanyl)-3-oxido-1,2-oxazol-4-yl]propanoate",8.69,11.07
Cenobamate,8.69,10.8
Perphenazine,8.68,11.62
FG-9041,8.68,11.99
Bufexamac,8.66,11.53
"N-[1-(5-bromo-2,3-dimethoxybenzyl)piperidin-4-yl]-4-sulfanylbutanamide",8.66,11.37
N-[amino(imino)methyl]-2-[2-(2-chlorophenyl)-4-(4-propoxyphenyl)-3-thienyl]acetamide,8.66,10.75
Cinoxacin,8.65,11.35
Bentiromide,8.64,11.59
Tocainide,8.63,10.78
Estradiolbenzoate,8.61,10.88
CoenzymeApersulfide,8.6,11.05
Abacavir,8.6,11.77
"(4S,5E,7Z,10Z,13Z,16Z,19Z)-4-hydroxydocosa-5,7,10,13,16,19-hexaenoicacid",8.58,11.65
"5,6-DIPHENYL-N-(2-PIPERAZIN-1-YLETHYL)FURO[2,3-D]PYRIMIDIN-4-AMINE",8.57,10.74
7-Hydroxy-2-Oxo-Chromene-3-CarboxylicAcidEthylEster,8.57,11.33
Volixibat,8.55,10.55
Fluindione,8.55,10.71
"[2-Amino-6-(2,6-Difluoro-Benzoyl)-Imidazo[1,2-a]Pyridin-3-Yl]-Phenyl-Methanone",8.54,11.29
Tolfenamicacid,8.54,11.51
Bazedoxifene,8.53,11.88
2-(ETHOXYMETHYL)-4-(4-FLUOROPHENYL)-3-[2-(2-HYDROXYPHENOXY)PYRIMIDIN-4-YL]ISOXAZOL-5(2H)-ONE,8.52,11.33
Befunolol,8.51,11.3
Elocalcitol,8.49,11.5
"1-{[(3R)-3-methyl-4-({4-[(1S)-2,2,2-trifluoro-1-hydroxy-1-methylethyl]phenyl}sulfonyl)piperazin-1-yl]methyl}cyclopropanecarboxamide",8.49,11.63
"1-(2,6-Dichlorophenyl)-5-(2,4-Difluorophenyl)-7-Piperidin-4-Yl-3,4-Dihydroquinolin-2(1h)-One",8.49,11.04
"6-[1-(3,5,5,8,8-Pentamethyl-5,6,7,8-Tetrahydronaphthalen-2-Yl)Cyclopropyl]Pyridine-3-CarboxylicAcid",8.48,10.89
Prasteronesulfate,8.48,10.83
Flecainide,8.47,11.16
CRA_10762,8.47,11.38
Nelotanserin,8.46,11.34
Doxycycline,8.45,11.53
Vemurafenib,8.45,11.65
Cefazolin,8.45,11.03
Doramectin,8.45,10.77
Aliskiren,8.44,10.65
"1-Ter-Butyl-3-P-Tolyl-1h-Pyrazolo[3,4-D]Pyrimidin-4-Ylamine",8.42,11.43
"(4Z)-6-bromo-4-({[4-(pyrrolidin-1-ylmethyl)phenyl]amino}methylidene)isoquinoline-1,3(2H,4H)-dione",8.4,11.69
Loracarbef,8.39,11.33
Panobinostat,8.38,11.27
Alisertib,8.37,11.38
Melengestrol,8.37,11.47
Doxacurium,8.37,11.33
"{4-[(2s,4e)-2-(1,3-Benzothiazol-2-Yl)-2-(1h-1,2,3-Benzotriazol-1-Yl)-5-Phenylpent-4-Enyl]Phenyl}(Difluoro)MethylphosphonicAcid",8.36,11.52
Bis-NapthylBeta-KetophosphonicAcid,8.36,11.55
"N-[amino(imino)methyl]-2-(2,5-diphenyl-1H-pyrrol-1-yl)acetamide",8.36,10.73
1-(4-Amidinophenyl)-3-(4-Chlorophenyl)Urea,8.35,11.3
"(5Z)-12-CHLORO-13,15-DIHYDROXY-4,7,8,9-TETRAHYDRO-2-BENZOXACYCLOTRIDECINE-1,10(3H,11H)-DIONE",8.35,11.35
Topiramate,8.35,11.26
Tonapofylline,8.33,11.52
Balsalazide,8.33,11.51
"N-(2,3,4,5,6-Pentaflouro-Benzyl)-4-Sulfamoyl-Benzamide",8.32,11.09
Sotalol,8.3,11.47
Acemetacin,8.3,11.28
Oxymetazoline,8.3,11.67
Tolperisone,8.3,11.14
"2-[4-(4-Chlorophenyl)Cyclohexylidene]-3,4-Dihydroxy-1(2h)-Naphthalenone",8.29,10.91
D-glucitol6-phosphate,8.29,11.45
N-(2-METHOXYETHYL)-4-({4-[2-METHYL-1-(1-METHYLETHYL)-1H-IMIDAZOL-5-YL]PYRIMIDIN-2-YL}AMINO)BENZENESULFONAMIDE,8.28,11.66
Terguride,8.28,11.68
"(3S,5R,7R,8S,9S,10R)-7-(hydroxymethyl)-3-(4-methylphenyl)-1,6-dioxa-2-azaspiro[4.5]decane-8,9,10-triol",8.28,11.34
5-Thio-a/B-D-Mannopyranosylamine,8.28,11.2
Bicalutamide,8.27,11.15
Sofosbuvir,8.27,11.23
Delavirdine,8.27,10.72
"4,5-bis(4-methoxyphenyl)-2-thiophen-2-yl-1H-imidazole",8.27,11.33
4-HYDROXY-N'-(4-ISOPROPYLBENZYL)BENZOHYDRAZIDE,8.27,11.54
Sevoflurane,8.27,10.85
2-[(Formyl-Hydroxy-Amino)-Methyl]-HeptanoicAcid[1-(2-Hydroxymethyl-Pyrrolidine-1-Carbonyl)-2-Methyl-Propyl]-Amide,8.26,10.53
1-[2-AMINO-2-CYCLOHEXYL-ACETYL]-PYRROLIDINE-3-CARBOXYLICACID5-CHLORO-2-(2-ETHYLCARBAMOYL-ETHOXY)-BENZYLAMIDE,8.26,11.27
3-FORMYL-2-HYDROXY-5-METHYL-HEXANOICACIDHYDROXYAMIDE,8.26,10.77
Dihydroergotamine,8.25,11.6
1-[4-(PYRIDIN-4-YLOXY)PHENYL]-3-[3-(TRIFLUOROMETHYL)PHENYL]UREA,8.25,11.28
Adenosine-2'-5'-Diphosphate,8.25,10.82
Niclosamide,8.25,10.24
3-(4-nitrophenyl)-1H-pyrazole,8.25,11.42
N-cyclopropyl-4-methyl-3-[1-(2-methylphenyl)phthalazin-6-yl]benzamide,8.23,10.84
2-({6-[(3-Chlorophenyl)amino]-9-isopropyl-9H-purin-2-yl}amino)ethanol,8.23,11.07
"4-[3-(3-NITROPHENYL)-1,2,4-OXADIAZOL-5-YL]BUTANOICACID",8.23,11.33
Caldaret,8.22,11.46
Propofol,8.22,10.84
"6-(4-{(1S,2S)-2-AMINO-1-[(DIMETHYLAMINO)CARBONYL]-3-[(3S)-3-FLUOROPYRROLIDIN-1-YL]-3-OXOPROPYL}PHENYL)-1H-[1,2,4]TRIAZOLO[1,5-A]PYRIDIN-4-IUM",8.2,11.15
Tropicamide,8.2,11.02
Hydrocortamate,8.19,11.17
Equol,8.18,10.92
Fenoprofen,8.18,11.29
"N,N-DIMETHYL-4-(4-PHENYL-1H-PYRAZOL-3-YL)-1H-PYRROLE-2-CARBOXAMIDE",8.18,11.22
Bis(5-Amidino-Benzimidazolyl)Methane,8.17,11.69
S-{3-[(4-ANILINOQUINAZOLIN-6-YL)AMINO]-3-OXOPROPYL}-L-CYSTEINE,8.17,10.62
Acenocoumarol,8.17,11.18
Milrinone,8.17,11.22
Tenofovirdisoproxil,8.16,11.92
Quinine,8.16,11.69
Compound18,8.16,11.63
"N-cyclohexyl-3-[3-(trifluoromethyl)phenyl][1,2,4]triazolo[4,3-b]pyridazin-6-amine",8.16,11.71
N-[(CYCLOHEXYLAMINO)CARBONYL]GLYCINE,8.16,10.97
Cyclacillin,8.15,11.09
Brexpiprazole,8.14,10.86
Dimetindene,8.14,10.54
"2',3'-Dehydro-2',3'-Deoxy-Thymidine5'-Triphosphate",8.14,11.37
"N-(5,6-DIPHENYLFURO[2,3-D]PYRIMIDIN-4-YL)GLYCINE",8.14,10.72
"(9S,10S)-9-(S-glutathionyl)-10-hydroxy-9,10-dihydrophenanthrene",8.13,10.74
Etodolac,8.13,11.32
"2-(5-HYDROXY-NAPHTHALEN-1-YL)-1,3-BENZOOXAZOL-6-OL",8.13,11.54
Edaravone,8.12,10.63
Halcinonide,8.11,10.69
1-(2-Amidinophenyl)-3-(Phenoxyphenyl)Urea,8.11,11.42
Doravirine,8.1,11.27
17alpha-Estriol,8.1,11.59
"Bishydroxy[2h-1-Benzopyran-2-One,1,2-Benzopyrone]",8.1,11.55
"4-O-(4,6-Dideoxy-4-{[4,5,6-Trihydroxy-3-(Hydroxymethyl)Cyclohex-2-En-1-Yl]Amino}-Beta-D-Lyxo-Hexopyranosyl)-Alpha-D-Erythro-Hexopyranose",8.1,10.55
Edonerpic,8.09,11.29
Diethylstilbestrol,8.08,11.57
"N~2~,N~2~-DIMETHYL-N~1~-(6-OXO-5,6-DIHYDROPHENANTHRIDIN-2-YL)GLYCINAMIDE",8.08,11.5
2-deoxyglucose,8.08,11.31
"4-{[5-(CYCLOHEXYLMETHOXY)[1,2,4]TRIAZOLO[1,5-A]PYRIMIDIN-7-YL]AMINO}BENZENESULFONAMIDE",8.07,10.67
Axitinib,8.07,11.43
Physostigmine,8.06,11.76
Saxagliptin,8.06,11.39
Deamido-Nad+,8.06,11.13
"5-(5-CHLORO-2-THIENYL)-N-{(3S)-1-[(1S)-1-METHYL-2-MORPHOLIN-4-YL-2-OXOETHYL]-2-OXOPYRROLIDIN-3-YL}-1H-1,2,4-TRIAZOLE-3-SULFONAMIDE",8.06,11.21
"3ar,5r,6s,7r,7ar-5-Hydroxymethyl-2-Methyl-5,6,7,7a-Tetrahydro-3ah-Pyrano[3,2-D]Thiazole-6,7-Diol",8.06,10.66
Dolutegravir,8.05,11.01
5-Chloro-N-{(3S)-1-[(2S)-1-(4-morpholinyl)-1-oxo-2-propanyl]-2-oxo-3-pyrrolidinyl}-1H-indole-2-sulfonamide,8.05,11.35
IDD594,8.05,10.94
Celiprolol,8.04,11.1
Zanapezil,8.03,11.42
Linezolid,8.03,11.61
2-(hydrazinocarbonyl)-3-phenyl-1H-indole-5-sulfonamide,8.03,11.43
SphinxolideB,8.03,11.52
"6-(1,1-Dimethylallyl)-2-(1-Hydroxy-1-Methylethyl)-2,3-Dihydro-7h-Furo[3,2-G]Chromen-7-One",8.03,11.65
Glutamicacid,8.03,10.78
LeukotrieneD4,8.02,11.49
Biperiden,8.02,11.59
PICEATANNOL,8.02,11.8
Trolaminesalicylate,8.02,11.65
"5-[(E)-(5-CHLORO-2-OXO-1,2-DIHYDRO-3H-INDOL-3-YLIDENE)METHYL]-N-[2-(DIETHYLAMINO)ETHYL]-2,4-DIMETHYL-1H-PYRROLE-3-CARBOXAMIDE",8.01,12.67
Muraglitazar,8,11.08
N-{4-METHYL-3-[(3-PYRIMIDIN-4-YLPYRIDIN-2-YL)AMINO]PHENYL}-3-(TRIFLUOROMETHYL)BENZAMIDE,8,10.91
Glisoxepide,8,11.35
Bimatoprost,7.99,11.26
S-(Methylmercury)-L-Cysteine,7.99,10.53
Arotinolol,7.98,11.11
CRA_9678,7.96,11.07
"(1S)-1,2,3,4-TETRAHYDRO-BENZO[C]PHENANTHRENE-2,3,4-TRIOL",7.96,11.78
"Sar9,Met(O2)11-SubstanceP",7.96,11.13
6-(3-AMINOPHENYL)-N-(TERT-BUTYL)-2-(TRIFLUOROMETHYL)QUINAZOLIN-4-AMINE,7.96,11.32
Hyaluronicacid,7.96,11.19
Elvitegravir,7.95,11.07
AC-(D)PHE-PRO-BOROLYS-OH,7.95,11.66
Tropisetron,7.95,11.48
"(2R,3R,4S)-3-(4-HYDROXYPHENYL)-4-METHYL-2-[4-(2-PYRROLIDIN-1-YLETHOXY)PHENYL]CHROMAN-6-OL",7.95,11.69
Trodusquemine,7.95,10.42
Polaprezinc,7.93,11.61
"4-(2,4-Dimethyl-1,3-thiazol-5-yl)-N-[4-(trifluoromethyl)phenyl]-2-pyrimidinamine",7.92,11.71
"N-(5-{3,4-difluoro-2-[(2-fluoro-4-iodophenyl)amino]phenyl}-1,3,4-oxadiazol-2-yl)ethane-1,2-diamine",7.92,10.8
Olcegepant,7.92,11.11
Cilazapril,7.92,10.87
Bis(5-Amidino-2-Benzimidazolyl)MethaneKetone,7.92,11.72
Tridolgosir,7.92,11.55
Lumiracoxib,7.91,11.22
N6-BenzylAdenosine-5'-Diphosphate,7.91,10.6
Gimeracil,7.91,11.76
N-hydroxy-4-({4-[4-(trifluoromethyl)phenoxy]phenyl}sulfonyl)tetrahydro-2H-pyran-4-carboxamide,7.9,11.38
"4-(6-{[(4-METHYLCYCLOHEXYL)AMINO]METHYL}-1,4-DIHYDROINDENO[1,2-C]PYRAZOL-3-YL)BENZOICACID",7.9,11.27
Cimetidine,7.9,10.78
M-Cresol,7.9,11.58
Isopropylalcohol,7.9,11.36
Gemcitabine,7.88,11.58
Reversin121,7.88,11.06
"5-(4-Methoxyphenoxy)-2,4-Quinazolinediamine",7.88,11.27
Ibutilide,7.88,11.3
Solithromycin,7.87,11.52
Resiniferatoxin,7.87,11.38
Ascorbicacid,7.87,11.49
Rilpivirine,7.85,11.6
3-BROMO-6-HYDROXY-2-(4-HYDROXYPHENYL)-1H-INDEN-1-ONE,7.85,12.01
N-[2-(METHYLAMINO)ETHYL]-5-ISOQUINOLINESULFONAMIDE,7.85,10.82
2-[{4-[(2S)-2-{[(Allyloxy)carbonyl]amino}-3-({4-[3-hydroxy-2-(methoxycarbonyl)phenoxy]butyl}amino)-3-oxopropyl]phenyl}(carboxycarbonyl)amino]benzoicacid,7.84,10.79
Lumefantrine,7.84,11.3
Hexadecanal,7.84,10.73
Bicine,7.84,11.63
"1-TERT-BUTYL-3-(2,5-DIMETHYLBENZYL)-1H-PYRAZOLO[3,4-D]PYRIMIDIN-4-AMINE",7.83,11.37
"(20S)-19,20,21,22-TETRAHYDRO-19-OXO-5H-18,20-ETHANO-12,14-ETHENO-6,10-METHENO-18H-BENZ[D]IMIDAZO[4,3-K][1,6,9,12]OXATRIAZA-CYCLOOCTADECOSINE-9-CARBONITRILE",7.82,11.7
Rifapentine,7.82,11.48
Pholcodine,7.82,11.36
13-deoxydoxorubicin,7.82,11.48
R-348,7.8,11.55
Azelnidipine,7.8,10.73
Pemetrexed,7.8,11.34
Fluoxymesterone,7.8,10.84
3-isobutyl-1-methyl-7H-xanthine,7.8,10.68
N-(3-AMINOPROPYL)-2-NITROBENZENAMINE,7.8,12.1
"N-Hydroxy-4-[(4-Methoxylphenyl)Sulfonyl]-2,2-Dimethyl-Hexahydro-1,4-Thiazepine-3(S)-Carboxamide",7.79,10.98
Manidipine,7.79,11.62
Phenytoin,7.79,11.28
Colchicine,7.79,10.97
(2S)-2-(biphenyl-4-yloxy)-3-phenylpropanoicacid,7.79,11.24
Phenylsalicylate,7.79,11.48
Chromiccitrate,7.79,10.95
"Al-6629,[2h-Thieno[3,2-E]-1,2-Thiazine-6-Sulfonamide,2-(3-Methoxyphenyl)-3-(4-Morpholinyl)-,1,1-Dioxide]",7.78,10.78
"(5R)-5-(4-{[(2R)-6-HYDROXY-2,5,7,8-TETRAMETHYL-3,4-DIHYDRO-2H-CHROMEN-2-YL]METHOXY}BENZYL)-1,3-THIAZOLIDINE-2,4-DIONE",7.78,11.11
"3-[3-chloro-5-(5-{[(1S)-1-phenylethyl]amino}isoxazolo[5,4-c]pyridin-3-yl)phenyl]propan-1-ol",7.77,11.51
Fluvastatin,7.77,11.24
"6-ChloropurineRiboside,5'-Monophosphate",7.77,10.84
Tetracycline,7.77,11.6
Carteolol,7.77,10.76
5-(3-{3-[3-HYDROXY-2-(METHOXYCARBONYL)PHENOXY]PROPENYL}PHENYL)-4-(HYDROXYMETHYL)ISOXAZOLE-3-CARBOXYLICACID,7.77,11.36
(2S)-2-({6-[(3-Amino-5-chlorophenyl)amino]-9-isopropyl-9H-purin-2-yl}amino)-3-methyl-1-butanol,7.76,10.73
N-[4-(4-nitrophenylphospho)butanoyl]-D-alanine,7.76,11.14
Naluzotan,7.76,11.48
Posizolid,7.75,11.18
Mexazolam,7.75,10.86
Compound19,7.75,11.63
"N-(4-OXO-5,6,7,8-TETRAHYDRO-4H-[1,3]THIAZOLO[5,4-C]AZEPIN-2-YL)ACETAMIDE",7.75,11.18
"(3R,4R)-3-Hydroxy-4-(hydroxymethyl)-1-[(4-oxo-4,4a,5,7a-tetrahydro-3H-pyrrolo[3,2-d]pyrimidin-7-yl)methyl]pyrrolidinium",7.74,11.75
[3-(1-Benzyl-3-Carbamoylmethyl-2-Methyl-1h-Indol-5-Yloxy)-Propyl-]-PhosphonicAcid,7.73,11.31
Lubiprostone,7.73,10.59
"6-METHYL-2(PROPANE-1-SULFONYL)-2H-THIENO[3,2-D][1,2,3]DIAZABORININ-1-OL",7.73,11.62
Galliummaltolate,7.73,10.75
"1,4-Dithiothreitol",7.73,11.6
Norfloxacin,7.72,11.47
Fotemustine,7.72,11.49
"(3R,4R,5R)-5-(HYDROXYMETHYL)-1-(3-PHENYLPROPYL)PIPERIDINE-3,4-DIOL",7.72,11.54
Adenosine5'-phosphosulfate,7.72,10.7
Ridaforolimus,7.71,10.91
"4-chloro-6-{5-[(2-morpholin-4-ylethyl)amino]-1,2-benzisoxazol-3-yl}benzene-1,3-diol",7.71,11.51
Solriamfetol,7.71,11.56
N-({4-[(2-aminopyridin-4-yl)oxy]-3-fluorophenyl}carbamoyl)-2-(4-fluorophenyl)acetamide,7.7,11.54
Taribavirin,7.7,10.52
2-Methoxy-6-{(E)-[(4-methylphenyl)imino]methyl}phenol,7.7,11.37
Formebolone,7.69,11.28
Phosphoaminophosphonicacidguanylateester,7.69,11.09
Erythromycin,7.69,11.6
"1,2,5,8-tetrahydroxyanthracene-9,10-dione",7.69,11.9
Modafinil,7.69,10.67
"5,6,7,8-TETRAHYDRO[1]BENZOTHIENO[2,3-D]PYRIMIDIN-4(3H)-ONE",7.68,11.28
Levocetirizine,7.68,11.32
"(3S)-3-hydroxy-1-methyl-2,3-dihydro-1H-indole-5,6-dione",7.68,11.35
Pseudoephedrine,7.68,11.57
1-Hydroxy-1-Thio-Glycerol,7.68,11.6
Tenofoviralafenamide,7.67,11.38
9-Butyl-8-(3-Methoxybenzyl)-9h-Purin-6-Amine,7.67,11.07
"Sp-Adenosine-3',5'-Cyclic-Monophosphorothioate",7.67,11.47
"7-methyl-7,8-dihydroguanosine-5'-diphosphate",7.66,10.92
Nelarabine,7.66,10.85
Trifluoroethanol,7.66,11.01
"Al-6619,[2h-Thieno[3,2-E]-1,2-Thiazine-6-Sulfonamide,2-(3-Hydroxyphenyl)-3-(4-Morpholinyl)-,1,1-Dioxide]",7.65,10.84
Nabumetone,7.65,11.12
Acetophenazine,7.64,11.15
Navitoclax,7.64,10.96
AL7182,7.64,11.35
Halofantrine,7.63,11.5
Nalmefene,7.63,11.55
5-CHLORO-N-(2-(4-(2-OXOPYRIDIN-1(2H)-YL)BENZAMIDO)ETHYL)THIOPHENE-2-CARBOXAMIDE,7.63,11.68
Aetiocholanolone,7.63,10.88
VitaminE,7.63,10.76
RU84687,7.62,11.49
Elacridar,7.62,11.11
Pilaralisib,7.62,11.43
2-(2-{2-[(BIPHENYL-4-YLMETHYL)-AMINO]-3-MERCAPTO-PENTANOYLAMINO}-ACETYLAMINO)-3-METHYL-BUTYRICACIDMETHYLESTER,7.62,11.29
Adapalene,7.62,11.32
Dipivefrin,7.62,11.29
Regorafenib,7.61,11.31
Lacosamide,7.61,11.3
PhosphonoacetohydroxamicAcid,7.61,11.63
Eperisone,7.61,11.28
Apadenoson,7.6,11.35
Lacidipine,7.59,11.32
Androstenedione,7.58,10.7
"(3S,5R,7R,8S,9S,10R)-7-(hydroxymethyl)-3-(2-naphthyl)-1,6-dioxa-2-azaspiro[4.5]decane-8,9,10-triol",7.58,11.16
trans-2-hydroxycinnamicacid,7.58,11.45
Varlitinib,7.56,11.13
3-(3-FLUORO-4-HYDROXYPHENYL)-7-HYDROXY-1-NAPHTHONITRILE,7.56,11.48
Venetoclax,7.55,10.7
Tiratricol,7.55,11.22
Sucrose,7.55,10.82
"[[4-(Aminomethyl)Phenyl]Amino]Oxo-AceticAcid,",7.55,11.63
JNJ-37822681,7.54,11.16
Xanthinol,7.54,11.48
Metribolone,7.54,11.4
Methylprednisone,7.54,11.58
S-Methylcysteine,7.54,10.67
Zosuquidar,7.53,11.3
HuperzineA,7.53,11.47
Noscapine,7.53,11.17
{4-[2-BENZYL-3-METHOXY-2-(METHOXYCARBONYL)-3-OXOPROPYL]PHENYL}SULFAMICACID,7.53,11.19
Dyclonine,7.53,11.62
"6-(4-{[2-(3-iodobenzyl)-3-oxocyclohex-1-en-1-yl]amino}phenyl)-5-methyl-4,5-dihydropyridazin-3(2H)-one",7.52,11.39
Etheno-NAD,7.52,10.86
"N-{3-[(5-chloro-1H-pyrrolo[2,3-b]pyridin-3-yl)carbonyl]-2,4-difluorophenyl}propane-1-sulfonamide",7.52,11.67
"4-CHLORO-6-(4-{4-[4-(METHYLSULFONYL)BENZYL]PIPERAZIN-1-YL}-1H-PYRAZOL-5-YL)BENZENE-1,3-DIOL",7.52,11.16
Bevantolol,7.52,10.96
Cilansetron,7.51,11.34
Rosebengal,7.51,11.36
3-Hydroxypropyl3-[(7-carbamimidoyl-1-naphthyl)carbamoyl]benzenesulfonate,7.5,11.59
Aceclofenac,7.5,11.45
Diclofenac,7.5,11.43
3-(1H-BENZIMIDAZOL-2-YL)-1H-INDAZOLE,7.5,11.43
Cytidine-5'-Monophosphate-5-N-AcetylneuraminicAcid,7.49,11.36
"(2R,3R)-7-(methylsulfonyl)-3-(2,4,5-trifluorophenyl)-1,2,3,4-tetrahydropyrido[1,2-a]benzimidazol-2-amine",7.49,11.52
Cholecalciferol,7.49,10.68
"4-(Aminosulfonyl)-N-[(3,4,5-Trifluorophenyl)Methyl]-Benzamide",7.49,11.35
CEP-1347,7.48,13.1
2-(2-HYDROXY-CYCLOPENTYL)-PENT-4-ENAL,7.48,11.19
"DIETHYL(1R,2S,3R,4S)-5,6-BIS(4-HYDROXYPHENYL)-7-OXABICYCLO[2.2.1]HEPT-5-ENE-2,3-DICARBOXYLATE",7.48,11.35
2-butyl-1-hydroxyguanidine,7.48,11.16
Saprisartan,7.47,11.64
Simeprevir,7.47,11.11
Felypressin,7.47,11.71
Glycyrrhizicacid,7.47,10.93
Doxorubicin,7.47,11.31
"(1S,2S,5S)2-(4-GLUTARIDYLBENZYL)-5-PHENYL-1-CYCLOHEXANOL",7.46,11.56
Cisatracurium,7.46,10.91
FAMOXADONE,7.46,11.19
Niflumicacid,7.46,11.52
"1-[5-Methyl-2-(trifluoromethyl)furan-3-yl]-3-[5-[2-[[6-(1H-1,2,4-triazol-5-ylamino)pyrimidin-4-yl]amino]ethyl]-1,3-thiazol-2-yl]urea",7.45,11.23
Oxolinicacid,7.45,11.36
"4-[(1S,2R,5S)-4,4,8-TRIMETHYL-3-OXABICYCLO[3.3.1]NON-7-EN-2-YL]PHENOL",7.45,10.82
2-(cyclohexylamino)benzoicacid,7.45,11.36
Glutethimide,7.45,11.71
Orbifloxacin,7.44,11.24
L-1-naphthyl-2-acetamido-ethaneboronicacid,7.44,11.32
"(5-{3-[5-(PIPERIDIN-1-YLMETHYL)-1H-INDOL-2-YL]-1H-INDAZOL-6-YL}-2H-1,2,3-TRIAZOL-4-YL)METHANOL",7.44,11.46
"(1E)-5-(1-piperidin-4-yl-3-pyridin-4-yl-1H-pyrazol-4-yl)-2,3-dihydro-1H-inden-1-oneoxime",7.44,11.39
2-(3-METHYLPHENYL)-1H-INDOLE-5-CARBOXIMIDAMIDE,7.44,11.36
"BENZYLN-({(2S,3S)-3-[(PROPYLAMINO)CARBONYL]OXIRAN-2-YL}CARBONYL)-L-ISOLEUCYL-L-PROLINATE",7.43,11.47
Ertiprotafib,7.43,11.41
Diphthamide,7.43,11.73
Estradiol,7.43,11.33
Triclosan,7.43,11.32
2-acetylamino-2-deoxy-b-D-allopyranose,7.43,10.59
Beta-D-Glucose,7.43,10.56
Dronabinol,7.42,11.33
"[{2-bromo-4-[(2R)-3-oxo-2,3-diphenylpropyl]phenyl}(difluoro)methyl]phosphonicacid",7.42,11.49
Darunavir,7.42,11.61
"(2S)-1-(Dimethylamino)-3-(4-{[4-(2-methylimidazo[1,2-a]pyridin-3-yl)-2-pyrimidinyl]amino}phenoxy)-2-propanol",7.42,11.57
1-Deoxy-1-Acetylamino-Beta-D-Gluco-2-Heptulopyranosonamide,7.42,10.52
alpha-Ketoisovalerate,7.42,11.17
KOS-1584,7.41,11.43
SU9516,7.41,11.92
Netarsudil,7.4,11.39
Beraprost,7.39,10.64
Ibandronate,7.39,11.55
"2-{3-[4-(4-Fluorophenyl)-3,6-Dihydro-1(2h)-Pyridinyl]Propyl}-8-Methyl-4(3h)-Quinazolinone",7.39,11.37
Dexrabeprazole,7.39,11.38
2-mercaptobenzothiazole,7.39,11.63
Naloxegol,7.38,11.34
beta-Naphthoflavone,7.38,11.41
Pefloxacin,7.37,11.45
"6-(2,4-DIAMINO-6-ETHYLPYRIMIDIN-5-YL)-4-(3-METHOXYPROPYL)-2,2-DIMETHYL-2H-1,4-BENZOXAZIN-3(4H)-ONE",7.37,11.26
Arbutin,7.37,10.86
Anthranilicacid,7.37,11.3
"N~6~-cyclohexyl-N~2~-(4-morpholin-4-ylphenyl)-9H-purine-2,6-diamine",7.36,11.65
2-({5-CHLORO-2-[(2-METHOXY-4-MORPHOLIN-4-YLPHENYL)AMINO]PYRIMIDIN-4-YL}AMINO)-N-METHYLBENZAMIDE,7.36,11.78
"N(2)-carbamimidoyl-N-{2-[4-(3-{4-[(5-carboxyfuran-2-yl)methoxy]-2,3-dichlorophenyl}-1-methyl-1H-pyrazol-5-yl)piperidin-1-yl]-2-oxoethyl}-D-leucinamide",7.36,11.2
"METHYL1-(4-{[(2,4-DIAMINOPTERIDIN-6-YL)METHYL](METHYL)AMINO}BENZOYL)PIPERIDINE-4-CARBOXYLATE",7.36,11.36
Hexachlorophene,7.36,10.57
"8,9,10-trihydroxy-7-hydroxymethyl-3-methyl-6-oxa-1,3-diaza-spiro[4.5]decane-2,4-dione",7.36,11.02
3-pyridin-4-yl-1H-indazole,7.36,11.41
RU83876,7.35,11.42
1-Deaza-Adenosine,7.35,10.66
Lorazepam,7.35,11.65
Hydroxyurea,7.35,10.78
"(1-HYDROXYNONANE-1,1-DIYL)BIS(PHOSPHONICACID)",7.34,11.32
Selexipag,7.34,11.12
"1,3-Propandiol",7.34,11.27
Ingenolmebutate,7.33,10.74
5-methyltetrahydrofolicacid,7.33,10.72
Pilsicainide,7.33,11.65
2-(1H-pyrazol-3-yl)-1H-benzimidazole,7.33,11.35
"PYRIMIDINE-4,6-DICARBOXYLICACIDBIS-(4-FLUORO-3-METHYL-BENZYLAMIDE)",7.32,11.35
"4-{[(E)-2-(5-CHLOROTHIEN-2-YL)VINYL]SULFONYL}-1-(1H-PYRROLO[3,2-C]PYRIDIN-2-YLMETHYL)PIPERAZIN-2-ONE",7.32,11.44
Arginine,7.32,10.69
CRA_17312,7.31,10.67
"8-(6-BROMO-BENZO[1,3]DIOXOL-5-YLSULFANYL)-9-(3-ISOPROPYLAMINO-PROPYL)-ADENINE",7.31,11.15
Uridine-Diphosphate-N-Acetylgalactosamine,7.31,11.12
1-ACETYL-2-CARBOXYPIPERIDINE,7.31,10.71
4-Carbamoyl-4-{[6-(Difluoro-Phosphono-Methyl)-Naphthalene-2-Carbonyl]-Amino}-ButyricAcid,7.3,11.58
Tacrolimus,7.3,10.98
"3-{[4-([amino(imino)methyl]aminosulfonyl)anilino]methylene}-2-oxo-2,3-dihydro-1H-indole",7.3,12
(2E)-1-[2-hydroxy-4-methoxy-5-(3-methylbut-2-en-1-yl)phenyl]-3-(4-hydroxyphenyl)prop-2-en-1-one,7.3,11.3
3-FLUORO-5-MORPHOLIN-4-YL-N-[3-(2-PYRIDIN-4-YLETHYL)-1H-INDOL-5-YL]BENZAMIDE,7.29,10.94
Amprenavir,7.29,11.44
Dipyridamole,7.29,11.43
Galactose-uridine-5'-diphosphate,7.29,10.77
Resiquimod,7.29,11.32
Ranolazine,7.29,10.84
2-Chlorophenol,7.29,11.45
"N-hydroxy-5-[(3-phenyl-5,6-dihydroimidazo[1,2-a]pyrazin-7(8H)-yl)carbonyl]thiophene-2-carboxamide",7.28,10.68
4-{[4-AMINO-6-(CYCLOHEXYLMETHOXY)-5-NITROSOPYRIMIDIN-2-YL]AMINO}BENZAMIDE,7.28,11.49
5-ALPHA-PREGNANE-3-BETA-OL-HEMISUCCINATE,7.28,11.59
"3-Pyridin-4-Yl-2,4-Dihydro-Indeno[1,2-.C.]Pyrazole",7.28,10.58
Troxacitabine,7.28,11.48
"3-fluoro-4-[2-hydroxy-2-(5,5,8,8-tetramethyl-5,6,7,8,-tetrahydro-naphtalen-2-yl)-acetylamino]-benzoicacid",7.27,11.54
Fiboflapon,7.27,11.4
"5-FLUORO-1-[4-(4-PHENYL-3,6-DIHYDROPYRIDIN-1(2H)-YL)BUTYL]QUINAZOLINE-2,4(1H,3H)-DIONE",7.27,11.4
Histidine,7.27,10.72
alpha-Tocopherolsuccinate,7.26,10.72
"(3R,5Z,8S,9S,11E)-8,9,16-TRIHYDROXY-14-METHOXY-3-METHYL-3,4,9,10-TETRAHYDRO-1H-2-BENZOXACYCLOTETRADECINE-1,7(8H)-DIONE",7.26,10.92
TRAZEOLIDE,7.26,10.92
Fomepizole,7.26,11.64
Duvelisib,7.25,11.37
N-{2-[4-(AMINOSULFONYL)PHENYL]ETHYL}ACETAMIDE,7.25,11.39
Cisapride,7.24,11.25
4-(Fluorophenyl)-1-Cyclopropylmethyl-5-(2-Amino-4-Pyrimidinyl)Imidazole,7.24,11.31
Lamotrigine,7.24,11.5
PAS219,7.24,11.37
D-Lacticacid,7.24,10.69
Proline,7.24,11.24
Porfiromycin,7.22,11.35
Patupilone,7.22,11.55
N-(2-AMINOETHYL)-2-{3-CHLORO-4-[(4-ISOPROPYLBENZYL)OXY]PHENYL}ACETAMIDE,7.22,11.36
"4-(2-aminoethoxy)-N-(2,5-diethoxyphenyl)-3,5-dimethylbenzamide",7.22,11.54
Mefenamicacid,7.22,11.52
"3,6,9,12,15-PENTAOXAHEPTADECAN-1-OL",7.22,11.35
1-hydroxy-2-isopropylguanidine,7.22,10.71
Marimastat,7.21,10.61
Rosuvastatin,7.21,11.35
AL5300,7.21,11.11
(2R)-2-Acetamido-3-(octadecyloxy)propyl2-(methylsulfanyl)ethylhydrogenphosphate,7.21,10.66
nocodazole,7.21,11.1
Deferasirox,7.21,11.71
1-[4-(hydroxymethyl)phenyl]guanidine,7.21,11.3
Cysteine,7.21,11.4
Rolofylline,7.2,11.54
Demegestone,7.2,10.97
Androstanedione,7.2,10.95
Tetrodotoxin,7.2,10.62
Efonidipine,7.2,11.42
4-HYDROXY-3-NITROPHENYLACETYL-EPSILON-AMINOCAPROICACIDANION,7.2,10.8
Dansylamide,7.19,11.27
Penfluridol,7.18,11.57
(R)-pyridin-4-yl[4-(2-pyrrolidin-1-ylethoxy)phenyl]methanol,7.18,11.73
N-(4-carbamimidoylbenzyl)-1-(4-methylpentanoyl)-L-prolinamide,7.18,11.45
3-Amino-4-Oxybenzyl-2-Butanone,7.18,10.65
"6-CYCLOHEXYLMETHYLOXY-5-NITROSO-PYRIMIDINE-2,4-DIAMINE",7.18,10.78
Chitotriose,7.18,10.51
"(5S)-2-{[(1S)-1-(4-Fluorophenyl)ethyl]amino}-5-(2-hydroxy-2-propanyl)-5-methyl-1,3-thiazol-4(5H)-one",7.17,11.29
Oxaprozin,7.17,10.99
N-Hydroxy-4-(Methyl{[5-(2-Pyridinyl)-2-Thienyl]Sulfonyl}Amino)Benzamide,7.16,11.58
Betaxolol,7.16,11.33
Tapinarof,7.16,10.73
"6-[4-(2-fluorophenyl)-1,3-oxazol-5-yl]-N-(1-methylethyl)-1,3-benzothiazol-2-amine",7.15,11.01
Ado-P-Ch2-P-Ps-Ado,7.14,10.87
Gestrinone,7.14,11.35
Otamixaban,7.14,11.49
Oritavancin,7.14,11.14
AMD-070,7.14,10.85
"PYRIMIDINE-4,6-DICARBOXYLICACIDBIS-(3-METHYL-BENZYLAMIDE)",7.14,11.27
Dexketoprofen,7.14,10.65
Rabeprazole,7.14,11.38
Metyrosine,7.14,11.62
Dalfampridine,7.14,11.23
Aldosterone,7.13,10.95
BMS-564929,7.13,10.87
OxaloacetateIon,7.13,10.99
D-phenylalanyl-N-benzyl-L-prolinamide,7.12,11.71
Flunisolide,7.12,11.43
TAS-108,7.12,11.26
Didanosine,7.12,11.4
L-N(omega)-nitroarginine-(4R)-amino-L-prolineamide,7.11,10.7
Thymidine,7.11,11.68
CyclicGMP,7.1,11.42
"1-(1-methylethyl)-3-quinolin-6-yl-1H-pyrazolo[3,4-d]pyrimidin-4-amine",7.1,13
InosinicAcid,7.09,10.88
SR11254,7.09,11.36
Zidovudine,7.09,11.13
3-[(3-sec-butyl-4-hydroxybenzoyl)amino]azepan-4-yl4-(2-hydroxy-5-methoxybenzoyl)benzoate,7.09,11.76
{(2S)-1-[N-(tert-butoxycarbonyl)glycyl]pyrrolidin-2-yl}methyl(3-chlorophenyl)acetate,7.09,11.24
"octyl3-amino-3-deoxy-2-O-(2,6-dideoxy-alpha-L-lyxo-hexopyranosyl)-beta-D-galactopyranoside",7.09,10.55
Aminocaproicacid,7.09,11.31
"(5Z)-5-(3-BROMOCYCLOHEXA-2,5-DIEN-1-YLIDENE)-N-(PYRIDIN-4-YLMETHYL)-1,5-DIHYDROPYRAZOLO[1,5-A]PYRIMIDIN-7-AMINE",7.08,11.53
"4-({(2R,5S)-2,5-DIMETHYL-4-[(2R)-3,3,3-TRIFLUORO-2-HYDROXY-2-METHYLPROPANOYL]PIPERAZIN-1-YL}CARBONYL)BENZONITRILE",7.08,11.44
Alvespimycin,7.08,11.7
Flavinmononucleotide,7.08,11.51
(1H-indol-3-yl)-(2-mercapto-ethoxyimino)-aceticacid,7.08,11.59
Emodin,7.08,13.23
Esculin,7.08,10.79
Paclitaxeldocosahexaenoicacid,7.08,11.51
Magnesiumlactate,7.08,11.14
Tris(Hydroxyethyl)Aminomethane,7.08,11.06
BenzoylformicAcid,7.08,11.08
2-Aminobenzylalcohol,7.08,11.51
"REL-(9R,12S)-9,10,11,12-TETRAHYDRO-9,12-EPOXY-1H-DIINDOLO[1,2,3-FG:3',2',1'-KL]PYRROLO[3,4-I][1,6]BENZODIAZOCINE-1,3(2H)-DIONE",7.07,12.42
Efavirenz,7.07,11.7
1-{2-[(4-CHLOROPHENYL)AMINO]-2-OXOETHYL}-N-(1-ISOPROPYLPIPERIDIN-4-YL)-1H-INDOLE-2-CARBOXAMIDE,7.07,10.49
Elsamitrucin,7.07,10.95
(1-Benzyl-5-methoxy-2-methyl-1H-indol-3-yl)aceticacid,7.07,11.39
Imidacloprid,7.07,11.67
"N-[2-(4-AMINO-5,8-DIFLUORO-1,2-DIHYDROQUINAZOLIN-2-YL)ETHYL]-3-FURAMIDE",7.06,10.73
Aminophosphonicacid-guanylateester,7.06,10.83
JaspisamideA,7.06,10.74
Nialamide,7.06,11.33
(2S)-1-(9H-Carbazol-4-yloxy)-3-(isopropylamino)propan-2-ol,7.06,10.73
Desvenlafaxine,7.06,11.77
"(2S)-4-(2,5-difluorophenyl)-N-[(3R,4S)-3-fluoro-1-methylpiperidin-4-yl]-2-(hydroxymethyl)-N-methyl-2-phenyl-2,5-dihydro-1H-pyrrole-1-carboxamide",7.05,11.36
Alclofenac,7.05,11.38
AL5927,7.04,10.76
7-{[(CYCLOHEXYLAMINO)CARBONYL]AMINO}HEPTANOICACID,7.04,10.46
Pelitinib,7.03,10.6
"N-(4-CHLOROPHENYL)-1,2,3,4-TETRAHYDROISOQUINOLINE-7-SULFONAMIDE",7.03,10.7
"N,4-dimethyl-3-[(1-phenyl-1H-pyrazolo[3,4-d]pyrimidin-4-yl)amino]benzamide",7.03,11.2
"2-{[(6-OXO-1,6-DIHYDROPYRIDIN-3-YL)METHYL]AMINO}-N-[4-PROPYL-3-(TRIFLUOROMETHYL)PHENYL]BENZAMIDE",7.03,10.67
Carbomycin,7.03,10.71
Triglu-5-formyl-tetrahydrofolate,7.02,11.53
Eszopiclone,7.02,10.7
6-CARBAMIMIDOYL-2-[2-HYDROXY-5-(3-METHOXY-PHENYL)-INDAN-1-YL]-HEXANOICACID,7.02,11.06
3'-Azido-3'-Deoxythymidine-5'-Diphosphate,7.02,11.08
Chlorobutanol,7.02,11.62
Elinogrel,7.01,10.62
S-23,7.01,10.69
Bortezomib,7.01,10.83
Aminopterin,7.01,11.45
Dirithromycin,7.01,11.57
Difluocortolone,7.01,10.76
Pentosanpolysulfate,7.01,11.02
Tezacitabine,7.01,11.3
Molindone,7.01,11.7
Periciazine,7,11.66
Matairesinol,7,11.25
"(1S,2S,3R,6R)-4-(hydroxymethyl)-6-(octylamino)cyclohex-4-ene-1,2,3-triol",7,10.52
"N-(cyclopropylmethyl)-2'-methyl-5'-(5-methyl-1,3,4-oxadiazol-2-yl)biphenyl-4-carboxamide",7,10.88
N-[3-(N'-HYDROXYCARBOXAMIDO)-2-(2-METHYLPROPYL)-PROPANOYL]-O-TYROSINE-N-METHYLAMIDE,6.99,10.69
Fluprednisoloneacetate,6.99,11.38
"4-(Aminosulfonyl)-N-[(2,4,6-Trifluorophenyl)Methyl]-Benzamide",6.99,10.73
Dolasetron,6.99,11.34
4-HYDROXY-N-PROPARGYL-1(R)-AMINOINDAN,6.99,11.74
"(2R)-N-{4-[Ethyl(phenyl)sulfamoyl]-2-methylphenyl}-3,3,3-trifluoro-2-hydroxy-2-methylpropanamide",6.98,11.25
Larotrectinib,6.98,11.49
3-{6-[(8-HYDROXY-QUINOLINE-2-CARBONYL)-AMINO]-2-THIOPHEN-2-YL-HEXANOYLAMINO}-4-OXO-BUTYRIACID,6.98,11.42
Darusentan,6.98,11.51
"4-(Aminosulfonyl)-N-[(2,3,4-Trifluorophenyl)Methyl]-Benzamide",6.98,10.63
Abiraterone,6.98,11.12
L-aminocarnityl-succinyl-leucyl-argininal-diethylacetal,6.97,10.6
PH-797804,6.97,11.4
"N-METHYLALANYL-3-METHYLVALYL-4-PHENOXY-N-(1,2,3,4-TETRAHYDRONAPHTHALEN-1-YL)PROLINAMIDE",6.97,10.69
Rbt205Inhibitor,6.97,11.39
Mevastatin,6.97,10.48
Idarubicin,6.97,11
Tasimelteon,6.97,11.39
"(5-Oxo-5,6-Dihydro-Indolo[1,2-a]Quinazolin-7-Yl)-AceticAcid",6.97,11.51
2-(4-HYDROXY-3-NITROPHENYL)ACETICACID,6.97,11.62
"5-Methoxy-1,2-Dimethyl-3-(Phenoxymethyl)Indole-4,7-Dione",6.96,11.26
Laurylalcoholdiphosphonicacid,6.96,11.32
Fenoldopam,6.96,11.54
4-(1-Amino-1-Carboxy-Ethyl)-BenzoicAcid,6.96,11.47
"(2S)-N-[(3S)-1-(2-AMINO-2-OXOETHYL)-2-OXO-1,2,3,4-TETRAHYDROQUINOLIN-3-YL]-2-CHLORO-2H-THIENO[2,3-B]PYRROLE-5-CARBOXAMIDE",6.95,11.33
Cerivastatin,6.95,11.34
"THIENO[3,2-B]PYRIDINE-2-SULFONICACID[1-(1-AMINO-ISOQUINOLIN-7-YLMETHYL)-2-OXO-PYRROLDIN-3-YL]-AMIDE",6.95,10.69
[(1-{2[(4-Carbamimidoyl-Phenylamino)-Methyl]-1-Methyl-1h-Benzoimidazol-5-Yl}-Cyclopropyl)-Pyridin-2-Yl-Methyleneaminooxy]-AceticAcidEthylEster,6.95,11.49
OSI-930,6.95,10.79
6-(cyclohexylamino)-9-[2-(4-methylpiperazin-1-yl)-ethyl]-9H-purine-2-carbonitrile,6.95,10.81
"N~4~-(3-methyl-1H-indazol-6-yl)-N~2~-(3,4,5-trimethoxyphenyl)pyrimidine-2,4-diamine",6.95,11.5
Lanosterol,6.95,10.64
Vilanterol,6.95,11.25
Propafenone,6.95,11.31
"(4Z)-2,8:7,12:11,15:14,18:17,22-PENTAANHYDRO-4,5,6,9,10,13,19,20,21-NONADEOXY-D-ARABINO-D-ALLO-D-ALLO-DOCOSA-4,9,20-TRIENITOL",6.95,10.87
Niacin,6.95,11.42
Pralatrexate,6.94,11.4
6-CARBAMIMIDOYL-4-(3-HYDROXY-2-METHYL-BENZOYLAMINO)-NAPHTHALENE-2-CARBOXYLICACIDMETHYLESTER,6.94,11.42
Ketobemidone,6.94,11.72
"2-(3-FLUORO-4-HYDROXYPHENYL)-7-VINYL-1,3-BENZOXAZOL-5-OL",6.94,11.68
Alpha-MethylisocitricAcid,6.93,10.77
Olanzapine,6.93,11.38
Toloxatone,6.93,11.57
3-(2-aminoquinazolin-6-yl)-4-methyl-1-[3-(trifluoromethyl)phenyl]pyridin-2(1H)-one,6.92,11.45
Boldenoneundecylenate,6.92,11.39
"1-(CYCLOHEXYLAMINO)-3-(6-METHYL-3,4-DIHYDRO-1H-CARBAZOL-9(2H)-YL)PROPAN-2-OL",6.92,11.4
3-Phosphono-D-alanine,6.92,10.93
Heptulose-2-Phosphate,6.92,10.49
Avatrombopag,6.91,11.57
Enoxacin,6.91,11.65
"5-QUINOXALIN-6-YLMETHYLENE-THIAZOLIDINE-2,4-DIONE",6.91,11.3
2-(2-Hydroxy-Phenyl)-1h-Indole-5-Carboxamidine,6.91,12.05
MK-0354,6.91,11.44
Voxilaprevir,6.9,10.72
Treprostinil,6.9,10.63
2-(4-CARCOXY-5-ISOPROPYLTHIAZOLYL)BENZOPIPERIDINE,6.9,11.59
5-Hydroxy-N-Propargyl-1(R)-Aminoindan,6.9,11.03
Hexylresorcinol,6.9,11.12
C-(1-Azido-Alpha-D-Glucopyranosyl)Formamide,6.9,10.5
Guanidine-3-propanol,6.9,10.72
Indapamide,6.89,11.24
Nedocromil,6.89,11.3
Allopurinol,6.89,11.77
Ledipasvir,6.88,11.32
Glipizide,6.88,10.98
Mitomycin,6.87,11.11
"5-[(1S)-1-(3-chlorophenyl)ethoxy]quinazoline-2,4-diamine",6.87,11.12
O-(((1R)-((N-(PHENYL-METHOXY-CARBONYL)-ALANYL)-AMINO)METHYL)HYDROXYPHOSPHINYL)3-L-PHENYLLACTATE,6.87,11.21
"N-[4-hydroxymethyl-cyclohexan-6-yl-1,2,3-triol]-4,6-dideoxy-4-aminoglucopyranoside",6.87,10.49
6-Hydroxy-6-Methyl-Heptan-3-One,6.87,11.38
Isatin,6.87,11.46
"4-((3r,4s,5r)-4-Amino-3,5-Dihydroxy-Hex-1-Ynyl)-5-Fluoro-3-[1-(3-Methoxy-1h-Pyrrol-2-Yl)-Meth-(Z)-Ylidene]-1,3-Dihydro-Indol-2-One",6.86,11.35
"3-[(4-AMINO-1-TERT-BUTYL-1H-PYRAZOLO[3,4-D]PYRIMIDIN-3-YL)METHYL]PHENOL",6.86,11.33
"3-[Aminoethylphosphoryl]-[1,2-Di-Palmitoyl]-Sn-Glycerol",6.86,10.67
Alpha-Methyl-N-Acetyl-D-Glucosamine,6.86,10.6
Eslicarbazepine,6.86,10.57
Molsidomine,6.86,11.59
Darapladib,6.85,11.23
[4-(4-PHENYL-PIPERIDIN-1-YL)-BENZENESULFONYLAMINO]-ACETICACID,6.85,11.16
Phenformin,6.85,10.78
Reglitazar,6.84,10.99
2-(5-CHLORO-2-THIENYL)-N-{(3S)-1-[(1S)-1-METHYL-2-MORPHOLIN-4-YL-2-OXOETHYL]-2-OXOPYRROLIDIN-3-YL}ETHENESULFONAMIDE,6.84,10.88
"{4-[3-(6,7-Diethoxy-Quinazolin-4-Ylamino)-Phenyl]-Thiazol-2-Yl}-Methanol",6.84,11.17
"(5Z)-7-{(1R,4S,5R,6R)-6-[(1E)-1-Octen-1-yl]-2,3-diazabicyclo[2.2.1]hept-2-en-5-yl}-5-heptenoicacid",6.84,11.34
Naveglitazar,6.84,11.15
Hymenialdisine,6.84,11.61
AMG-131,6.83,11.09
Candicidin,6.83,11.67
Temazepam,6.83,11.54
4-(4-CHLOROPHENYL)-4-[4-(1H-PYRAZOL-4-YL)PHENYL]PIPERIDINE,6.83,11.5
AngiotensinII,6.82,11.5
Talnetant,6.82,11.63
"GUANOSINE-2',3'-O-METHYLIDENEPHOSPHONATE",6.82,11.18
"N,N-DIETHYL-2-[(2-THIENYLCARBONYL)AMINO]-4,5,6,7-TETRAHYDRO-1-BENZOTHIOPHENE-3-CARBOXAMIDE",6.82,11.44
GM6001,6.81,10.64
Rufinamide,6.81,11.33
Rhodamine6G,6.81,11.25
Grazoprevir,6.81,11.33
4-Deoxy-Alpha-D-Glucose,6.81,11.44
Brexanolone,6.81,11.52
O-Benzylsulfonyl-Serine,6.81,10.57
"Cis-[4,5-Bis-(4-Bromophenyl)-2-(2-Ethoxy-4-Methoxyphenyl)-4,5-Dihydroimidazol-1-Yl]-[4-(2-Hydroxyethyl)Piperazin-1-Yl]Methanone",6.8,11.27
"5-[4-(2-Hydroxyethyl)-1-piperidinyl]-5-phenyl-2,4,6(1H,3H,5H)-pyrimidinetrione",6.8,11.61
trans-4-(7-carbamoyl-1H-benzimidazol-2-yl)-1-propylpiperidinium,6.8,11.47
GlutathionylspermidineDisulfide,6.79,10.66
"4-AMINO-2-OCTYLOXY-6-HYDROXYMETHYL-TETRAHYDRO-PYRAN-3,5-DIOL",6.79,10.6
Sertindole,6.78,11.51
MLN8054,6.78,11.5
"5-[(Z)-(5-Chloro-2-oxo-1,2-dihydro-3H-indol-3-ylidene)methyl]-N,2,4-trimethyl-1H-pyrrole-3-carboxamide",6.78,11.61
3'-Uridinemonophosphate,6.78,10.94
Nitisinone,6.78,11.49
N-(3-chlorobenzyl)-1-(4-methylpentanoyl)-L-prolinamide,6.78,11.04
"(3Z,6S)-6-Chloro-1-(2-{[(5-chloro-1-benzothiophen-3-yl)methyl]amino}ethyl)-3-({2-[(2R)-2-piperidinyl]ethyl}imino)-2-piperazinol",6.78,11.09
ZAPi,6.78,11.23
Antrafenine,6.77,11.33
CoenzymeA,6.77,11
Talinolol,6.77,10.62
"4-{4-[(5-hydroxy-2-methylphenyl)amino]quinolin-7-yl}-1,3-thiazole-2-carbaldehyde",6.77,11.47
Ezetimibe,6.77,11.6
"4-[(5-ISOPROPYL-1,3-THIAZOL-2-YL)AMINO]BENZENESULFONAMIDE",6.76,11.33
1-(5-Tert-Butyl-2-P-Tolyl-2h-Pyrazol-3-Yl)-3-[4-(2-Morpholin-4-Yl-Ethoxy)-Naphthalen-1-Yl]-Urea,6.76,11.44
Ezatiostat,6.76,10.82
Adefovirdipivoxil,6.76,11.26
(2S)-1-{[5-(3-METHYL-1H-INDAZOL-5-YL)PYRIDIN-3-YL]OXY}-3-PHENYLPROPAN-2-AMINE,6.76,12.04
Nalidixicacid,6.76,11.33
(S)-blebbistatin,6.76,11.26
"[4-(5-naphthalen-2-yl-1H-pyrrolo[2,3-b]pyridin-3-yl)phenyl]aceticacid",6.76,11.8
Paritaprevir,6.75,11.25
Lenvatinib,6.75,10.96
"2-[4-({[(3,5-DICHLOROPHENYL)AMINO]CARBONYL}AMINO)PHENOXY]-2-METHYLPROPANOICACID",6.75,11.35
Diosmin,6.75,11.21
O3-Sulfonylgalactose,6.75,10.57
"3-(4-CHLOROPHENYL)-5-(METHYLTHIO)-4H-1,2,4-TRIAZOLE",6.75,11.33
"(4aS,6R,8aS)-11-[8-(1,3-Dioxo-1,3-dihydro-2H-isoindol-2-yl)octyl]-6-hydroxy-3-methoxy-5,6,9,10-tetrahydro-4aH-[1]benzofuro[3a,3,2-ef][2]benzazepin-11-ium",6.74,10.6
Prednisolone,6.74,11.38
Anatibant,6.74,11.37
NicotinamideMononucleotide,6.74,10.9
"6-(3-BROMO-2-NAPHTHYL)-1,3,5-TRIAZINE-2,4-DIAMINE",6.74,11.36
BiliverdineIXAlpha,6.73,11.75
"(7S)-2-(2-aminopyrimidin-4-yl)-7-(2-fluoroethyl)-1,5,6,7-tetrahydro-4H-pyrrolo[3,2-c]pyridin-4-one",6.73,11.55
Tertatolol,6.73,11.19
Cabazitaxel,6.72,10.65
Guanosine-3'-Monophosphate-5'-Diphosphate,6.72,10.96
Robalzotan,6.72,11.32
Norgestrel,6.72,10.71
Prucalopride,6.72,10.9
(3e)-3-[(4-Hydroxyphenyl)Imino]-1h-Indol-2(3h)-One,6.72,11.65
Aprepitant,6.71,11.64
Nandrolonedecanoate,6.71,10.57
Daunorubicin,6.71,11.49
"(5E)-14-CHLORO-15,17-DIHYDROXY-4,7,8,9,10,11-HEXAHYDRO-2-BENZOXACYCLOPENTADECINE-1,12(3H,13H)-DIONE",6.71,11.32
"(3aS)-3a-hydroxy-5-methyl-1-phenyl-1,2,3,3a-tetrahydro-4H-pyrrolo[2,3-b]quinolin-4-one",6.71,11.72
8-azaguanine,6.71,10.62
Ciprofloxacin,6.7,11.52
GIBBERELLINA4,6.7,10.6
"(4R)-4-(3-HYDROXYPHENYL)-N,N,7,8-TETRAMETHYL-3,4-DIHYDROISOQUINOLINE-2(1H)-CARBOXAMIDE",6.7,11.52
Quinestrol,6.7,11.25
Ramosetron,6.7,11.02
2-ACETYLAMINO-4-METHYL-PENTANOICACID(1-FORMYL-2-PHENYL-ETHYL)-AMIDE,6.7,10.81
Aldoxorubicin,6.7,11.4
Formestane,6.7,11.41
"(3AS,4R,9BR)-4-(4-HYDROXYPHENYL)-1,2,3,3A,4,9B-HEXAHYDROCYCLOPENTA[C]CHROMEN-9-OL",6.7,11.66
"6-Hydroxy-5-undecyl-4,7-benzothiazoledione",6.7,11.03
"2-(1,3-thiazol-4-yl)-1H-benzimidazole-5-sulfonamide",6.7,11.48
Acetylcarnitine,6.7,10.82
"N-{2,2-DIFLUORO-2-[(2R)-PIPERIDIN-2-YL]ETHYL}-2-[2-(1H-1,2,4-TRIAZOL-1-YL)BENZYL][1,3]OXAZOLO[4,5-C]PYRIDIN-4-AMINE",6.69,11.57
Indirubin-3'-monoxime,6.69,10.81
N-(2-Flouro-Benzyl)-4-Sulfamoyl-Benzamide,6.69,11.38
Methadone,6.69,11
AceticAcidSalicyloyl-Amino-Ester,6.69,11.27
1-(HYDROXYMETHYLENEAMINO)-8-HYDROXY-OCTANE,6.69,10.9
HM-30181,6.68,10.87
VirginiamycinS1,6.68,11.76
Stanozolol,6.68,11.29
Flumethasone,6.68,11.03
Benzylpenicillin,6.68,11.24
Streptomycin,6.68,10.68
"6-(3,4-DIHYDROXYBENZYL)-3-ETHYL-1-(2,4,6-TRICHLOROPHENYL)-1H-PYRAZOLO[3,4-D]PYRIMIDIN-4(5H)-ONE",6.67,11.37
Motuporin,6.67,11.57
PurineRiboside-5'-Monophosphate,6.67,10.62
"Cyclopropyl-{4-[5-(3,4-Dichlorophenyl)-2-[(1-Methyl)-Piperidin]-4-Yl-3-Propyl-3h-Imidazol-4-Yl]-Pyrimidin-2-Yl}Amine",6.67,11.65
3-Mercuri-4-Aminobenzenesulfonamide,6.67,11.3
Alosetron,6.67,11.48
Testosteroneundecanoate,6.66,10.59
Piclamilast,6.66,11.26
"2,6-Diamino-(S)-9-[2-(Phosphonomethoxy)Propyl]Purine",6.66,11.19
Metiamide,6.66,11.37
N-ACETYLHISTAMINE,6.66,11.36
Idelalisib,6.65,11.11
CRA_9334,6.65,11.56
"7-PYRIDIN-2-YL-N-(3,4,5-TRIMETHOXYPHENYL)-7H-PYRROLO[2,3-D]PYRIMIDIN-2-AMINE",6.65,11.6
"4-[(1S,2S,5S)-5-(HYDROXYMETHYL)-6,8,9-TRIMETHYL-3-OXABICYCLO[3.3.1]NON-7-EN-2-YL]PHENOL",6.65,11.57
Protirelin,6.64,10.92
Plitidepsin,6.64,10.68
AV-412,6.64,11.15
Morniflumate,6.64,11.46
Sarpogrelate,6.64,11.39
Melatonin,6.64,11.4
Goserelin,6.63,10.71
LY249543,6.63,11.43
3'-THIO-THYMIDINE-5'-PHOSPHATE,6.63,10.83
3-(5-{[4-(AMINOMETHYL)PIPERIDIN-1-YL]METHYL}-1H-INDOL-2-YL)QUINOLIN-2(1H)-ONE,6.63,11.59
Vismodegib,6.63,10.94
Cilazaprilat,6.63,10.65
Adenosine-5-Diphosphoribose,6.63,10.81
Phenacemide,6.63,11.35
"1-(5-OXO-2,3,5,9B-TETRAHYDRO-1H-PYRROLO[2,1-A]ISOINDOL-9-YL)-3-(5-PYRROLIDIN-2-YL-1H-PYRAZOL-3-YL)-UREA",6.62,11.13
"4-(4-METHYLPIPERAZIN-1-YL)-N-[5-(2-THIENYLACETYL)-1,5-DIHYDROPYRROLO[3,4-C]PYRAZOL-3-YL]BENZAMIDE",6.62,10.97
Triclabendazole,6.62,11.29
5beta-dihydrotestosterone,6.62,10.83
Brivaracetam,6.62,11.41
Cinitapride,6.62,10.67
"5-(5-CHLORO-2,4-DIHYDROXYPHENYL)-N-ETHYL-4-(4-METHOXYPHENYL)-1H-PYRAZOLE-3-CARBOXAMIDE",6.62,10.84
Zalcitabine,6.62,11.36
METHYL(2-ACETOXY-2-(2-CARBOXY-4-AMINO-PHENYL))ACETATE,6.62,11.29
Loxoprofen,6.62,11.49
Azacitidine,6.62,10.64
Elaidoylamide,6.62,10.69
Tafenoquine,6.61,11.09
Acetyldigitoxin,6.61,10.55
"3-(4-Fluorophenyl)-1-Hydroxy-2-(Pyridin-4-Yl)-1h-Pyrrolo[3,2-B]Pyridine",6.61,11.32
Gliclazide,6.61,11.32
Fedratinib,6.6,11.52
2-(6-methylpyridin-2-yl)-N-pyridin-4-ylquinazolin-4-amine,6.6,11.3
"6-[N-(4-Ethyl-1,2,3,4-Tetrahydro-6-Isoquinolinyl)Carbamyl]-2-Naphthalenecarboxamidine",6.6,10.61
Gefitinib,6.6,11.02
Oxazepam,6.6,10.68
Orciprenaline,6.6,11.2
Pracinostat,6.59,11.52
"{3-[3-(3,4-Dimethoxy-Phenyl)-1-(1-{1-[2-(3,4,5-Trimethoxy-Phenyl)-Butyryl]-Piperidin-2yl}-Vinyloxy)-Propyl]-Phenoxy}-AceticAcid",6.59,11.11
"L-alanyl-N-[(1S,2R)-1-benzyl-2-hydroxypropyl]-L-alaninamide",6.59,10.52
N-(7-CARBAMIMIDOYL-NAPHTHALEN-1-YL)-3-HYDROXY-2-METHYL-BENZAMIDE,6.59,11.43
S-NONYL-CYSTEINE,6.59,10.52
"N-{4-[(Carboxymethyl)carbamoyl]benzoyl}-L-valyl-N-[(3S)-1,1,1-trifluoro-4-methyl-2-oxo-3-pentanyl]-L-prolinamide",6.58,11.47
6-CHLORO-N-{(3S)-1-[(1S)-1-METHYL-2-(4-MORPHOLINYL)-2-OXOETHYL]-2-OXO-3-PYRROLIDINYL}-2-NAPHTHALENESULFONAMIDE,6.58,11.3
Sparfloxacin,6.58,11.27
Myristoyl-Coa,6.58,10.94
Dansyllysine,6.58,10.68
"6-BROMO-13-THIA-2,4,8,12,19-PENTAAZATRICYCLO[12.3.1.1~3,7~]NONADECA-1(18),3(19),4,6,14,16-HEXAENE13,13-DIOXIDE",6.58,10.7
6-[2-(1H-INDOL-6-YL)ETHYL]PYRIDIN-2-AMINE,6.58,11.38
"TERT-BUTYL{2-[(1,3-THIAZOL-2-YLAMINO)CARBONYL]PYRIDIN-3-YL}CARBAMATE",6.58,10.99
(2R)-2-(4-chlorophenyl)-2-[4-(1H-pyrazol-4-yl)phenyl]ethanamine,6.58,11.61
4-guanidinobenzoicacid,6.58,11.59
p-Hydroxymercuribenzoicacid,6.58,11.56
"5-Methoxy-1,2-Dimethyl-3-(4-Nitrophenoxymethyl)Indole-4,7-Dione",6.57,11.33
Lobeglitazone,6.57,10.9
2'-Deoxycytidine,6.57,11.71
Imidafenacin,6.57,11.57
"4-{5-[(Z)-(2-IMINO-4-OXO-1,3-THIAZOLIDIN-5-YLIDENE)METHYL]FURAN-2-YL}BENZENESULFONAMIDE",6.57,10.92
Isatoribine,6.57,11.28
(2E)-N-hydroxy-3-[1-methyl-4-(phenylacetyl)-1H-pyrrol-2-yl]prop-2-enamide,6.56,11.52
"Adenosine-5'-[Beta,Gamma-Methylene]Triphosphate",6.56,10.87
Phosphoramidon,6.56,11.22
IDD552,6.56,10.92
Nicotinamideadeninedinucleotidephosphate,6.56,11.12
"3-(3,5-Dibromo-4-Hydroxy-Benzoyl)-2-Ethyl-Benzofuran-6-SulfonicAcidDimethylamide",6.56,11.38
(2S)-N-[(3E)-5-Cyclopropyl-3H-pyrazol-3-ylidene]-2-[4-(2-oxo-1-imidazolidinyl)phenyl]propanamide,6.56,11.53
L-methionine(S)-S-oxide,6.56,10.65
"N-(2,6-dimethylphenyl)-5-phenylimidazo[1,5-a]pyrazin-8-amine",6.56,11.5
Terazosin,6.56,11.37
(R)-1-Para-Nitro-Phenyl-2-Azido-Ethanol,6.56,11.55
Indinavir,6.55,11
Leuprolide,6.55,10.69
"N-({(2S,3S)-3-[(BENZYLAMINO)CARBONYL]OXIRAN-2-YL}CARBONYL)-L-ISOLEUCYL-L-PROLINE",6.55,11.56
Tamatinib,6.55,11.57
Tazobactam,6.55,10.63
"9-Butyl-8-(2-Chloro-3,4,5-Trimethoxy-Benzyl)-9h-Purin-6-Ylamine",6.55,11.09
Alprostadil,6.55,10.57
Guaifenesin,6.55,10.68
Pioglitazone,6.54,11.36
"2-(methylamino)-N-(4-methyl-1,3-thiazol-2-yl)-5-[(4-methyl-4H-1,2,4-triazol-3-yl)sulfanyl]benzamide",6.54,11.37
AL7089A,6.53,10.96
"N~3~-cyclopropyl-N~4~'-(cyclopropylmethyl)-6-methylbiphenyl-3,4'-dicarboxamide",6.53,10.88
Latanoprostenebunod,6.53,10.76
Nitroarginine,6.53,10.71
Nafarelin,6.52,10.74
"5-[(3R)-3-(5-methoxy-2',6'-dimethylbiphenyl-3-yl)but-1-yn-1-yl]-6-methylpyrimidine-2,4-diamine",6.52,11.62
Hycanthone,6.52,11.76
"(3aS)-3a-hydroxy-7-methyl-1-phenyl-1,2,3,3a-tetrahydro-4H-pyrrolo[2,3-b]quinolin-4-one",6.52,11.3
(3S)-1-{[4-(but-2-yn-1-yloxy)phenyl]sulfonyl}pyrrolidine-3-thiol,6.52,10.79
N-(5-Amino-5-Carboxypentyl)GlutamicAcid,6.52,10.45
Primidone,6.52,10.85
Aclidinium,6.51,11.56
AMG-222,6.51,11.34
Becocalcidiol,6.51,11.29
Dasabuvir,6.51,11.59
Epoprostenol,6.51,11.36
"1-ethyl-N-(phenylmethyl)-4-(tetrahydro-2H-pyran-4-ylamino)-1H-pyrazolo[3,4-b]pyridine-5-carboxamide",6.51,11.31
N-[4-(AMINOSULFONYL)PHENYL]-2-MERCAPTOBENZAMIDE,6.51,11.6
"(1S)-2-oxo-1-phenyl-2-[(1,3,4-trioxo-1,2,3,4-tetrahydroisoquinolin-5-yl)amino]ethylacetate",6.51,10.58
Dimethylcurcumin,6.51,11.5
Clobetasol,6.5,11.33
"2-(4-fluorophenyl)-N-{[3-fluoro-4-(1H-pyrrolo[2,3-b]pyridin-4-yloxy)phenyl]carbamoyl}acetamide",6.5,11.62
"3-[4-(2,4-Dimethyl-Thiazol-5-Yl)-Pyrimidin-2-Ylamino]-Phenol",6.5,11.89
Cinalukast,6.5,11.4
Metoclopramide,6.5,11.69
"4-[(E)-(3,5-DIAMINO-1H-PYRAZOL-4-YL)DIAZENYL]PHENOL",6.5,11.76
Bleomycin,6.49,11.06
"N-(TERT-BUTYL)-3,5-DIMETHYL-N'-[(5-METHYL-2,3-DIHYDRO-1,4-BENZODIOXIN-6-YL)CARBONYL]BENZOHYDRAZIDE",6.49,11.29
4-[(3R)-3-{[2-(4-FLUOROPHENYL)-2-OXOETHYL]AMINO}BUTYL]BENZAMIDE,6.49,10.94
3-Methylphenylalanine,6.49,11.19
"4-(5,11-DIOXO-5H-INDENO[1,2-C]ISOQUINOLIN-6(11H)-YL)BUTANOATE",6.49,10.55
3-[5-(3-nitrophenyl)thiophen-2-yl]propanoicacid,6.49,11.33
2-{4-[4-(4-Chloro-Phenoxy)-Benzenesulfonyl]-Tetrahydro-Pyran-4-Yl}-N-Hydroxy-Acetamide,6.48,11.27
Tucatinib,6.48,11.14
1-[N-4'-NITROBENZYL-N-4'-CARBOXYBUTYLAMINO]METHYLPHOSPHONICACID,6.48,11.4
"N-(2,6-Diflouro-Benzyl)-4-Sulfamoyl-Benzamide",6.48,10.9
cis-tetracosenoylsulfatide,6.48,10.62
Aceprometazine,6.48,11.15
7-methyl-GpppA,6.48,10.69
Amifostine,6.48,11.58
4-[4-(4-Methyl-2-Methylamino-Thiazol-5-Yl)-Pyrimidin-2-Ylamino]-Phenol,6.47,11.74
"N-(5-{4-Chloro-3-[(2-hydroxyethyl)sulfamoyl]phenyl}-4-methyl-1,3-thiazol-2-yl)acetamide",6.47,11.51
"(2S,4R)-1-acetyl-N-[(2S)-1-(1,3-benzothiazol-2-yl)-5-(diaminomethylideneamino)-1-oxopentan-2-yl]-4-hydroxypyrrolidine-2-carboxamide",6.47,11.61
RPR128515,6.47,11.43
Ellagicacid,6.47,11.84
ORG-34517,6.46,11.23
Dihydrotachysterol,6.46,10.74
Micafungin,6.46,11.2
Bardoxolone,6.46,10.79
Cycloleucine,6.46,11.34
"4-({5-[(4-AMINOCYCLOHEXYL)AMINO][1,2,4]TRIAZOLO[1,5-A]PYRIMIDIN-7-YL}AMINO)BENZENESULFONAMIDE",6.45,10.79
Almitrine,6.45,11.6
Bupivacaine,6.45,10.87
"2-Amino-N,3,3-Trimethylbutanamide",6.45,11.58
Pyrazole,6.45,11.32
"(3-{3-[[2-Chloro-3-(Trifluoromethyl)Benzyl](2,2-Diphenylethyl)Amino]Propoxy}Phenyl)AceticAcid",6.44,11.48
"2-(Oxalyl-Amino)-4,5,6,7-Tetrahydro-Thieno[2,3-C]Pyridine-3-CarboxylicAcid",6.44,11.66
Renzapride,6.44,11.4
"N-{[(2S,3S)-3-(ETHOXYCARBONYL)OXIRAN-2-YL]CARBONYL}-L-ISOLEUCYL-L-ISOLEUCINE",6.44,11.47
Lintitript,6.44,11.53
4-{2-[(3-Nitrobenzoyl)Amino]Phenoxy}PhthalicAcid,6.44,11.41
Dexrazoxane,6.44,11.63
"5-[2-(4-hydroxyphenyl)ethyl]benzene-1,3-diol",6.44,11.22
WAY-151693,6.43,11.46
Besifloxacin,6.43,11.08
2-(Carboxymethoxy)-5-[(2s)-2-({(2s)-2-[(3-Carboxypropanoyl)Amino]-3-Phenylpropanoyl}Amino)-3-Oxo-3-(Pentylamino)Propyl]BenzoicAcid,6.43,11.36
Canagliflozin,6.43,11.17
N-[2-(6-AMINO-4-METHYLPYRIDIN-2-YL)ETHYL]-4-CYANOBENZAMIDE,6.43,11.45
MF268,6.43,10.69
2-Deoxy-Glucose-6-Phosphate,6.43,10.98
"4-{5-[(Z)-(2-IMINO-4-OXO-1,3-THIAZOLIDIN-5-YLIDENE)METHYL]FURAN-2-YL}BENZOICACID",6.43,11.34
"5-(dodecylthio)-1H-1,2,3-triazole-4-carboxylicacid",6.43,11.67
Piclidenoson,6.42,10.82
4-(5-BENZENESULFONYLAMINO-1-METHYL-1H-BENZOIMIDAZOL-2-YLMETHYL)-BENZAMIDINE,6.42,11.68
2-chloro-5-nitro-N-phenylbenzamide,6.42,10.85
Di-Stearoyl-3-Sn-Phosphatidylethanolamine,6.42,10.67
Indenolol,6.42,11.33
"2,3-Dihydroxy-BenzoicAcid",6.42,11.58
Relebactam,6.41,11.37
Ethoxzolamide,6.41,10.68
Fluorouracil,6.41,11.65
Encorafenib,6.4,11.17
Benazepril,6.4,10.71
"(3r)-4-(P-Toluenesulfonyl)-1,4-Thiazane-3-Carboxylicacid-L-Leucine",6.4,10.56
(2S)-2-(4-{[3-CHLORO-5-(TRIFLUOROMETHYL)PYRIDIN-2-YL]OXY}PHENOXY)PROPANOICACID,6.4,10.7
"Hydroxy(oxo)(2-{(1S)-2,2,2-trifluoro-1-[2-(trimethylarsonio)ethoxy]ethyl}phenyl)ammonium",6.4,11.08
"N-{3-[5-(1H-1,2,4-triazol-3-yl)-1H-indazol-3-yl]phenyl}furan-2-carboxamide",6.4,10.69
"Inositol2,4,5-trisphosphate",6.4,10.62
Entacapone,6.4,11.4
Dipraglurant,6.39,10.76
Diflunisal,6.39,11.57
Tranexamicacid,6.39,11.67
BafilomycinA1,6.38,11.01
Avanafil,6.38,11.3
5-[(2-methyl-5-{[3-(trifluoromethyl)phenyl]carbamoyl}phenyl)amino]pyridine-3-carboxamide,6.38,11.27
Prasugrel,6.38,10.91
Trifarotene,6.38,11.55
6-Nitroindazole,6.38,11.56
Glasdegib,6.37,11.5
Rocaglamide,6.37,10.86
3-ETHYL-2-(4-HYDROXYPHENYL)-2H-INDAZOL-5-OL,6.37,12.19
N-[N-[1-Hydroxycarboxyethyl-Carbonyl]Leucylamino-Butyl]-Guanidine,6.36,10.51
Uridine-5'-Diphosphate,6.36,10.92
Efaproxiral,6.36,11.41
B-2-Octylglucoside,6.36,10.36
N-Formylmethionine,6.36,10.68
"5-(2-chlorophenyl)-1,3,4-thiadiazole-2-sulfonamide",6.36,11.42
Ganirelix,6.35,11.82
NPS-2143,6.35,11.06
"N-{2-[6-(2,4-DIAMINO-6-ETHYLPYRIMIDIN-5-YL)-2,2-DIMETHYL-3-OXO-2,3-DIHYDRO-4H-1,4-BENZOTHIAZIN-4-YL]ETHYL}ACETAMIDE",6.35,11.63
Ropivacaine,6.35,11.19
3-Hydroxyhippuricacid,6.35,11.72
Para-BromobenzylAlcohol,6.35,11.28
BIA,6.34,11.43
6-bromoindirubin-3'-oxime,6.34,11.32
6-MORPHOLIN-4-YL-9H-PURINE,6.34,11.3
"7-[2-METHOXY-1-(METHOXYMETHYL)ETHYL]-7H-PYRROLO[3,2-F]QUINAZOLINE-1,3-DIAMINE",6.34,11.6
Upadacitinib,6.33,11.58
Udenafil,6.33,11
"2-(6-CHLORO-3-{[2,2-DIFLUORO-2-(2-PYRIDINYL)ETHYL]AMINO}-2-OXO-1(2H)-PYRAZINYL)-N-[(2-FLUORO-6-PYRIDINYL)METHYL]ACETAMIDE",6.33,10.67
Darodipine,6.33,11.37
Didesmethylrocaglamide,6.33,10.8
Milataxel,6.33,10.91
Venlafaxine,6.33,11.14
2-Deoxy-Glucitol-6-Phosphate,6.33,11.11
Tryptophan,6.33,11.35
4-HYDROXYBENZALDEHYDEO-(CYCLOHEXYLCARBONYL)OXIME,6.33,11.43
Cefamandole,6.32,11.34
Copanlisib,6.32,11.96
1-DECYL-3-TRIFLUOROETHYL-SN-GLYCERO-2-PHOSPHOMETHANOL,6.32,10.64
"(3R)-3-(FLUOROMETHYL)-N-(3,3,3-TRIFLUOROPROPYL)-1,2,3,4-TETRAHYDROISOQUINOLINE-7-SULFONAMIDE",6.31,11.61
Cefepime,6.31,11.47
"3-Fluoro-4-{[(2R)-2-hydroxy-2-(5,5,8,8-tetramethyl-5,6,7,8-tetrahydro-2-naphthalenyl)acetyl]amino}benzoicacid",6.31,11.54
1-O-Octyl-2-Heptylphosphonyl-Sn-Glycero-3-Phosphoethanolamine,6.31,10.75
Hydrocortisoneacetate,6.31,10.57
"6,6-DIMETHYL-1-[3-(2,4,5-TRICHLOROPHENOXY)PROPOXY]-1,6-DIHYDRO-1,3,5-TRIAZINE-2,4-DIAMINE",6.31,11.42
Gantacurium,6.31,10.8
"[(3R)-7-NITRO-1,2,3,4-TETRAHYDROISOQUINOLIN-3-YL]METHANOL",6.31,11.16
S-METHYL-GLUTATHIONE,6.31,10.74
Nepafenac,6.31,11.39
Dalfopristin,6.3,10.66
"4-[(1S,2S,5S,9R)-5-(HYDROXYMETHYL)-8,9-DIMETHYL-3-OXABICYCLO[3.3.1]NON-7-EN-2-YL]PHENOL",6.3,10.61
Selisistat,6.3,11.37
4-(1H-IMIDAZOL-1-YL)PHENOL,6.3,11.39
D-phenylalanyl-N-(3-chlorobenzyl)-L-prolinamide,6.29,11.67
N-1H-indazol-5-yl-2-(6-methylpyridin-2-yl)quinazolin-4-amine,6.29,11.32
9-aminocamptothecin,6.29,11.52
Amineptine,6.29,10.69
Cambinol,6.29,11.64
Seratrodast,6.29,11.16
"5,7,2′-trihydroxy-6,8-dimethoxyflavone",6.29,11.49
D-Phenylalanine,6.29,10.5
Cobiprostone,6.28,10.57
Sumanirole,6.28,11.34
PX-12,6.28,11.74
N-Alpha-(2-Naphthylsulfonyl)-N-(3-Amidino-L-Phenylalaninyl)-D-PipecolinicAcid,6.27,11.6
Cinchocaine,6.27,11.2
Levobupivacaine,6.27,10.87
[2(Formyl-Hydroxy-Amino)-Ethyl]-PhosphonicAcid,6.27,11.92
"(20S)-19,20,22,23-TETRAHYDRO-19-OXO-5H,21H-18,20-ETHANO-12,14-ETHENO-6,10-METHENOBENZ[D]IMIDAZO[4,3-L][1,6,9,13]OXATRIAZACYCLONOADECOSINE-9-CARBONITRILE",6.26,11.7
"1-BENZYL-3-(4-METHOXYPHENYLAMINO)-4-PHENYLPYRROLE-2,5-DIONE",6.26,10.68
Telapristoneacetate,6.26,11.23
Triazolam,6.26,11.59
Cilastatin,6.26,10.69
Morphine,6.26,11.47
5'-Deoxy-5'-(Methylthio)-Tubercidin,6.26,11.31
Celecoxib,6.26,11.14
SC-236,6.26,10.7
4-(Aminosulfonyl)-N-[(4-Fluorophenyl)Methyl]-Benzamide,6.26,11.35
Erdosteine,6.26,11.3
Maraviroc,6.25,11.47
"N-cyclopropyl-N-(trans-4-pyridin-3-ylcyclohexyl)-4-[(1S)-2,2,2-trifluoro-1-hydroxy-1-methylethyl]benzamide",6.25,10.79
4-{[1-Methyl-5-(2-Methyl-Benzoimidazol-1-Ylmethyl)-1h-Benzoimidazol-2-Ylmethyl]-Amino}-Benzamidine,6.25,11.68
Phosphatidylethanol,6.25,10.71
N-({(2S)-1-[(3R)-3-amino-4-(3-chlorophenyl)butanoyl]pyrrolidin-2-yl}methyl)-3-(methylsulfonyl)benzamide,6.25,11.3
5-O-phosphono-alpha-D-ribofuranosyldiphosphate,6.25,11.01
Flufenamicacid,6.25,11.56
N-(4-CHLOROPHENYL)-3-(PHOSPHONOOXY)NAPHTHALENE-2-CARBOXAMIDE,6.25,10.82
Riluzole,6.25,11.43
5-beta-D-ribofuranosylnicotinamideadeninedinucleotide,6.25,10.88
2-[3-({Methyl[1-(2-Naphthoyl)Piperidin-4-Yl]Amino}Carbonyl)-2-Naphthyl]-1-(1-Naphthyl)-2-OxoethylphosphonicAcid,6.25,11.39
"D-gluconhydroximo-1,5-lactam",6.25,11.13
"5-methyl-N-[4-(trifluoromethyl)phenyl][1,2,4]triazolo[1,5-a]pyrimidin-7-amine",6.24,11.02
AZD-7325,6.24,11.38
Dovitinib,6.24,10.66
Dicloxacillin,6.24,11.24
Beta(2-Thienyl)Alanine,6.24,10.7
"5-{3-[3-(2,4-DICHLORO-BENZOYL)-UREIDO]-2-METHYL-PHENOXY}-PENTANOICACID",6.24,11.37
"2s,4r-4-Methylglutamate",6.24,10.7
9-CYCLOPENTYL-6-[2-(3-IMIDAZOL-1-YL-PROPOXY)-PHENYLAMINO]-9H-PURINE-2-CARBONITRILE,6.23,11.71
"(2S,3S)-3-{3-[2-chloro-4-(methylsulfonyl)phenyl]-1,2,4-oxadiazol-5-yl}-1-cyclopentylidene-4-cyclopropyl-1-fluorobutan-2-amine",6.23,11.5
Piritrexim,6.23,11.28
"N'-(2s,3r)-3-Amino-4-Cyclohexyl-2-Hydroxy-Butano-N-(4-Methylphenyl)Hydrazide",6.23,11.38
Clonazepam,6.23,11.51
"(2R)-4,4-dihydroxy-5-nitro-2-(phenylmethyl)pentanoicacid",6.23,10.62
"N-(2-Thienylmethyl)-2,5-Thiophenedisulfonamide",6.23,11.24
N-Alpha-(2-Naphthylsulfonyl)-N(3-Amidino-L-Phenylalaninyl)IsopipecolinicAcidMethylEster,6.22,11.54
[PHENYLALANINYL-PROLINYL]-[2-(PYRIDIN-4-YLAMINO)-ETHYL]-AMINE,6.22,11.72
"1-[4-(4-chlorophenyl)-1-(7H-pyrrolo[2,3-d]pyrimidin-4-yl)piperidin-4-yl]methanamine",6.21,11.08
(2R)-3-Methyl-1-phenyl-2-butanyl[(2S)-1-oxo-2-hexanyl]carbamate,6.21,10.69
Piperacillin,6.21,10.74
Adinazolam,6.21,11.59
Oxcarbazepine,6.21,10.4
4-(3-{[5-(trifluoromethyl)pyridin-2-yl]oxy}benzyl)piperidine-1-carboxylicacid,6.21,11.4
Cyclohexyl-pentyl-maltoside,6.21,10.42
Atrasentan,6.21,11.49
Anthralin,6.21,11.67
"5-(2-hydroxyethyl)nonane-1,9-diol",6.21,10.73
Siponimod,6.2,11.62
"(1R)-N,6-DIHYDROXY-7-METHOXY-2-[(4-METHOXYPHENYL)SULFONYL]-1,2,3,4-TETRAHYDROISOQUINOLINE-1-CARBOXAMIDE",6.2,10.81
1-(PHENYLMETHYL)CYCLOPENTYL[(1S)-1-FORMYLPENTYL]CARBAMATE,6.2,11.59
"5-{[1-(2-fluorobenzyl)piperidin-4-yl]methoxy}quinazoline-2,4-diamine",6.2,10.83
Acetoacetyl-CoA,6.2,11.13
"(1R,2R,3R,4S,5R)-4-(BENZYLAMINO)-5-(METHYLTHIO)CYCLOPENTANE-1,2,3-TRIOL",6.2,11.51
"4,6-dideoxy-4-amino-alpha-D-glucose",6.2,10.46
Hydralazine,6.2,11.68
N-beta-D-glucopyranosylacetamide,6.2,10.76
Propylthiouracil,6.2,11.3
"1-{5-[2-(thieno[3,2-d]pyrimidin-4-ylamino)ethyl]-1,3-thiazol-2-yl}-3-[3-(trifluoromethyl)phenyl]urea",6.19,11.52
"9-HYDROXY-6-(3-HYDROXYPROPYL)-4-(2-METHOXYPHENYL)PYRROLO[3,4-C]CARBAZOLE-1,3(2H,6H)-DIONE",6.19,11.69
Vinflunine,6.19,11.45
Fexofenadine,6.19,11.54
Cefacetrile,6.19,11.32
Fluprednisolone,6.19,11.39
Tolterodine,6.19,11.69
Erlotinib,6.19,11.17
Tanespimycin,6.19,11.7
4-(4-STYRYL-PHENYLCARBAMOYL)-BUTYRICACID,6.19,10.67
Bisoprolol,6.19,11.62
SoraphenA,6.18,10.51
Dofequidar,6.18,11.42
"4-(2-amino-1-methyl-1H-imidazo[4,5-b]pyridin-6-yl)phenol",6.18,11.33
Nonivamide,6.18,10.78
B-nonylglucoside,6.18,10.42
Minodronicacid,6.17,10.74
Omapatrilat,6.17,11.61
"[(3,7,11-TRIMETHYL-DODECA-2,6,10-TRIENYLOXYCARBAMOYL)-METHYL]-PHOSPHONICACID",6.17,10.99
Riociguat,6.17,10.97
"BUT-3-ENYL-[5-(4-CHLORO-PHENYL)-3,6-DIHYDRO-[1,3,4]THIADIAZIN-2-YLIDENE]-AMINE",6.17,11.5
"3-AMINO-3-BENZYL-[4.3.0]BICYCLO-1,6-DIAZANONAN-2-ONE",6.17,11.34
"3,6,9,12,15-PENTAOXATRICOSAN-1-OL",6.17,10.79
5-CYANO-FURAN-2-CARBOXYLICACID[5-HYDROXYMETHYL-2-(4-METHYL-PIPERIDIN-1-YL)-PHENYL]-AMIDE,6.16,10.86
"2-Acetamido-2-Deoxy-D-Glucono-1,5-Lactone",6.16,10.81
scyllo-inositol,6.16,11.19
"(R,R)-2,3-Butanediol",6.16,11
Levocabastine,6.15,11.5
Deoxyuridinemonophosphate,6.15,11.03
(2Z)-N-biphenyl-4-yl-2-cyano-3-cyclopropyl-3-hydroxyprop-2-enamide,6.15,10.74
9-Deazaadenine,6.15,11.68
Declopramide,6.15,11.75
PhosphoglycolohydroxamicAcid,6.15,11.05
"METHYL4-{[({[(2R,5S)-5-{[(2S)-2-(AMINOMETHYL)PYRROLIDIN-1-YL]CARBONYL}PYRROLIDIN-2-YL]METHYL}AMINO)CARBONYL]AMINO}BENZOATE",6.14,11.37
Eribulin,6.14,11.45
[2-(3-DIBENZOFURAN-4-YL-PHENYL)-1-HYDROXY-1-PHOSPHONO-ETHYL]-PHOSPHONICACID,6.14,11.31
(R)-Bicalutamide,6.14,11.15
Eprinomectin,6.14,10.6
"5-Methyl-5-(4-Phenoxy-Phenyl)-Pyrimidine-2,4,6-Trione",6.14,11.24
Chlormezanone,6.14,10.44
Lornoxicam,6.13,10.76
Acitretin,6.13,11.67
"N-(3-cyano-4,5,6,7-tetrahydro-1-benzothien-2-yl)-2-fluorobenzamide",6.13,11.09
(R)-Atenolol,6.13,11.17
Pyridoxalphosphate,6.13,11.21
Xanthine,6.13,10.7
Nitrosoethane,6.13,10.82
Pradigastat,6.12,10.9
Deslanoside,6.12,11.12
Diphenidol,6.12,11.81
{4-[3-(4-acetyl-3-hydroxy-2-propylphenoxy)propoxy]phenoxy}aceticacid,6.12,11.37
"TRANS-(1S,2S)-2-AMINO-1,2,3,4-TETRAHYDRONAPHTHALEN-1-OL",6.12,11.52
"N-((1R,2R)-2-(5-CHLORO-1H-INDOLE-2-CARBOXAMIDO)CYCLOHEXYL)-5-METHYL-4,5,6,7-TETRAHYDROTHIAZOLO[5,4-C]PYRIDINE-2-CARBOXAMIDE",6.11,11.59
(2S)-1-{4-[(4-Anilino-5-bromo-2-pyrimidinyl)amino]phenoxy}-3-(dimethylamino)-2-propanol,6.11,11.72
"N~3~-[5-(1H-INDOL-6-YL)-2-(PYRIDIN-2-YLMETHOXY)BENZYL]PYRIDINE-2,3-DIAMINE",6.11,11.37
Tivantinib,6.11,11.57
(2R)-N-HYDROXY-2-[(3S)-3-METHYL-3-{4-[(2-METHYLQUINOLIN-4-YL)METHOXY]PHENYL}-2-OXOPYRROLIDIN-1-YL]PROPANAMIDE,6.1,10.61
Myxothiazol,6.1,11.59
GlycinamideRibonucleotide,6.1,10.91
"N-(2,3-DIFLUORO-BENZYL)-4-SULFAMOYL-BENZAMIDE",6.1,11.35
Etoricoxib,6.1,11.2
"[(4R)-4-(3-HYDROXYPHENYL)-1,6-DIMETHYL-2-THIOXO-1,2,3,4-TETRAHYDROPYRIMIDIN-5-YL](PHENYL)METHANONE",6.1,11.75
Filaminast,6.1,11.4
Grapiprant,6.09,11.29
"METHYLN-({(2S,3S)-3-[(PROPYLAMINO)CARBONYL]OXIRAN-2-YL}CARBONYL)-L-ISOLEUCYL-L-PROLINATE",6.09,11.38
Dronedarone,6.09,11.15
Rescinnamine,6.09,11.37
"3-{5-[AMINO(IMINIO)METHYL]-1H-INDOL-2-YL}-5-METHOXY-1,1'-BIPHENYL-2-OLATE",6.09,11.79
Folicacid,6.09,11.52
Carboxin,6.09,11.3
2-HydroxyethylDisulfide,6.09,10.82
5-Chloro-1h-Indole-2-CarboxylicAcid[1-(4-Fluorobenzyl)-2-(4-Hydroxypiperidin-1yl)-2-Oxoethyl]Amide,6.08,11.52
Rokitamycin,6.08,10.79
Elbasvir,6.07,10.95
Acalabrutinib,6.07,11.27
Prednicarbate,6.07,11.27
"3-(3,5-Dibromo-4-Hydroxy-Benzoyl)-2-Ethyl-Benzofuran-6-SulfonicAcid(4-Sulfamoyl-Phenyl)-Amide",6.07,11.3
Codeine,6.07,11.29
"8-BENZO[1,3]DIOXOL-,5-YLMETHYL-9-BUTYL-9H-",6.07,11.27
(2S)-1-(1H-INDOL-3-YL)-3-{[5-(3-METHYL-1H-INDAZOL-5-YL)PYRIDIN-3-YL]OXY}PROPAN-2-AMINE,6.07,12.21
Cortivazol,6.06,11.29
"2-(3-((4,5,7-trifluorobenzo[d]thiazol-2-yl)methyl)-1H-pyrrolo[2,3-b]pyridin-1-yl)aceticacid",6.06,10.41
"L-709,587",6.06,10.89
Midecamycin,6.06,10.87
AT-7519,6.06,11.64
Anisomycin,6.06,10.84
Fingolimod,6.06,10.8
"2-HYDROXY-3,5-DIIODOBENZOICACID",6.06,11.5
N-(2-AMINOETHYL)-P-CHLOROBENZAMIDE,6.06,10.82
Chromiumgluconate,6.06,11.57
Pravastatin,6.05,10.44
"N-ethyl-4-{[5-(methoxycarbamoyl)-2-methylphenyl]amino}-5-methylpyrrolo[2,1-f][1,2,4]triazine-6-carboxamide",6.05,10.89
Darolutamide,6.05,11.72
Bezafibrate,6.05,11.24
Dextrothyroxine,6.05,10.67
(2R)-3-{[(BENZYLAMINO)CARBONYL]AMINO}-2-HYDROXYPROPANOICACID,6.05,11.31
Nitroxoline,6.05,11.58
Guvacine,6.05,11.62
Atazanavir,6.04,10.81
(1R)-2-[(CYANOMETHYL)AMINO]-1-({[2-(DIFLUOROMETHOXY)BENZYL]SULFONYL}METHYL)-2-OXOETHYLMORPHOLINE-4-CARBOXYLATE,6.04,11.41
Bis(5-Amidino-2-Benzimidazolyl)Methanone,6.04,11.66
3-({4-[(6-CHLORO-1-BENZOTHIEN-2-YL)SULFONYL]-2-OXOPIPERAZIN-1-YL}METHYL)BENZENECARBOXIMIDAMIDE,6.03,11.74
"(2R,3R,4S,5R)-2-[6-amino-8-[(3,4-dichlorophenyl)methylamino]purin-9-yl]-5-(hydroxymethyl)oxolane-3,4-diol",6.03,11.25
Aripiprazole,6.03,11.5
N-[2-(4-BROMOCINNAMYLAMINO)ETHYL]-5-ISOQUINOLINESULFONAMIDE,6.03,11.29
"5-(5-chloro-7H-pyrrolo[2,3-d]pyrimidin-4-yl)-4,5,6,7-tetrahydro-1H-imidazo[4,5-c]pyridine",6.03,11.23
Pamidronicacid,6.03,11.65
Carmustine,6.03,11.54
"3,4-Dihydro-5-Methyl-Isoquinolinone",6.03,11.27
D-Alanine,6.03,10.66
"[2,4,6-Triisopropyl-Phenylsulfonyl-L-[3-Amidino-Phenylalanine]]-Piperazine-N'-Beta-Alanine",6.02,11.67
Cefoperazone,6.02,11.36
Granisetron,6.02,11.23
6-phenyl-4(R)-(7-phenyl-heptanoylamino)-hexanoicacid,6.02,10.74
Nitrofural,6.02,11.33
[(1S)-1-(5-CHLORO-1-BENZOTHIEN-3-YL)-2-(2-NAPHTHYLAMINO)-2-OXOETHYL]PHOSPHONICACID,6.01,11.34
5-AMINO-6-CYCLOHEXYL-4-HYDROXY-2-ISOBUTYL-HEXANOICACID,6.01,10.62
Levomefolicacid,6.01,10.72
"8-(2-Chloro-3,4,5-Trimethoxy-Benzyl)-2-Fluoro-9-Pent-4-Ylnyl-9h-Purin-6-Ylamine",6.01,11.49
"(5R,7R,8S,9S,10R)-7-(hydroxymethyl)-3-phenyl-1,6-dioxa-2-azaspiro[4.5]dec-2-ene-8,9,10-triol",6.01,10.42
"PHENYL-5-(1H-PYRAZOL-3-YL)-1,3-THIAZOLE",6.01,11.69
Cobicistat,6,11.55
Camptothecin,6,11.28
Loxicodegol,6,11.27
Ferrousgluconate,6,11.54
Guanadrel,6,11.44
Dihydrexidine,5.99,11.75
S-Hexylglutathione,5.99,10.6
"DIMETHYL-(4,5,6,7-TETRABROMO-1H-BENZOIMIDAZOL-2-YL)-AMINE",5.99,11.6
"N'-((2S,3R)-3-AMINO-2-HYDROXY-5-(ISOPROPYLSULFANYL)PENTANOYL)-N-3-CHLOROBENZOYLHYDRAZIDE",5.99,10.35
Tetrabromo-2-Benzotriazole,5.99,11.38
"3,4-DihydroxycinnamicAcid",5.99,11.6
Phenylalanylmethylchloride,5.99,11.54
Chlormerodrin,5.99,11.42
Methocarbamol,5.99,10.71
Bivalirudin,5.98,11.15
N-[(1S)-2-[(4-cyano-1-methylpiperidin-4-yl)amino]-1-(cyclohexylmethyl)-2-oxoethyl]morpholine-4-carboxamide,5.98,10.8
5-monophosphate-9-beta-D-ribofuranosylxanthine,5.98,10.89
[N-(BENZYLOXYCARBONYL)AMINO](4-AMIDINOPHENYL)METHANE-PHOSPHONATE,5.98,11.73
Tamsulosin,5.98,10.55
Oxibendazole,5.98,10.85
6-CYCLOHEXYLMETHOXY-2-(3'-CHLOROANILINO)PURINE,5.98,10.64
Tetraferrictricitratedecahydrate,5.98,10.77
Fica,5.98,11.34
Pantoprazole,5.98,11.42
MethylumbelliferylChitotriose,5.98,10.96
"2,3,4,5,6-PentafluorobenzylAlcohol",5.98,10.71
Glycine,5.98,11.81
Montelukast,5.97,11.59
Methyltestosterone,5.97,10.91
Phenoxymethylpenicillin,5.97,10.85
Guanosine,5.97,10.6
Tylosin,5.97,10.82
(4e)-4-Aminohex-4-EnoicAcid,5.97,11.38
Clinafloxacin,5.96,11.16
Delafloxacin,5.96,11.2
Fluphenazine,5.96,11.62
Fisetin,5.96,11.1
"5-ETHYL-3-METHYL-1,5-DIHYDRO-4H-PYRAZOLO[4,3-C]QUINOLIN-4-ONE",5.96,11.23
Travoprost,5.95,11.57
Capravirine,5.95,11.22
"5-(5-CHLORO-2,4-DIHYDROXYPHENYL)-N-ETHYL-4-PIPERAZIN-1-YL-1H-PYRAZOLE-3-CARBOXAMIDE",5.95,11.49
"3-({4-[(5-chloro-1,3-benzodioxol-4-yl)amino]pyrimidin-2-yl}amino)benzenesulfonamide",5.95,10.87
Lysophosphotidylserine,5.95,10.7
AmphotericinB,5.95,11.29
Epanolol,5.95,11.2
Betazole,5.95,10.72
Cariprazine,5.94,11.7
"(1R,2R)-N-(2-Aminoethyl)-2-{[(4-methoxyphenyl)sulfonyl]methyl}cyclohexanecarboxamide",5.94,10.95
"(2S)-1-[4-({4-[(2,5-Dichlorophenyl)amino]-2-pyrimidinyl}amino)phenoxy]-3-(dimethylamino)-2-propanol",5.94,11.66
(S)-N-(4-carbamimidoylbenzyl)-1-(2-(cyclohexylamino)ethanoyl)pyrrolidine-2-carboxamide,5.94,11.49
"2-({4-[(5-CHLORO-1H-INDOL-2-YL)SULFONYL]PIPERAZIN-1-YL}CARBONYL)THIENO[3,2-B]PYRIDINE4-OXIDE",5.94,11.45
Naftopidil,5.94,11.25
"9-Butyl-8-(3,4,5-Trimethoxybenzyl)-9h-Purin-6-Amine",5.94,10.91
Plinabulin,5.94,10.69
N-[2-Chloro-5-(trifluoromethyl)phenyl]imidodicarbonimidicdiamide,5.94,11.56
Ribostamycin,5.94,10.7
6-(Oxalyl-Amino)-1h-Indole-5-CarboxylicAcid,5.94,11.45
Lisinopril,5.93,10.9
Cyanocobalamin,5.93,11.31
"N-[2-(carbamimidamidooxy)ethyl]-2-{6-cyano-3-[(2,2-difluoro-2-pyridin-2-ylethyl)amino]-2-fluorophenyl}acetamide",5.93,10.77
Di-Stearoyl-3-Sn-Phosphatidylcholine,5.93,10.69
4-(BENZHYDRYLOXY)-1-[3-(1H-TETRAAZOL-5-YL)PROPYL]PIPERIDINE,5.93,11.17
"(2Z)-2-cyano-N-(2,2'-dichlorobiphenyl-4-yl)-3-hydroxybut-2-enamide",5.93,11.02
2-(4-hydroxyphenyl)benzo[b]thiophen-6-ol,5.93,11.75
1-METHYL-3-PHENYL-1H-PYRAZOL-5-YLSULFAMICACID,5.93,11.25
Triamterene,5.93,10.68
Asparagine,5.93,10.64
"4-{[(1R,2S)-1,2-dihydroxy-2-methyl-3-(4-nitrophenoxy)propyl]amino}-2-(trifluoromethyl)benzonitrile",5.92,10.75
Naxifylline,5.92,11.66
Prednisone,5.92,11.42
Ajmaline,5.92,11.67
Methysergide,5.92,10.64
Cefixime,5.92,11.47
Tirapazamine,5.92,10.57
"1-Beta-Ribofuranosyl-1,3-Diazepinone",5.92,10.98
Norepinephrine,5.92,11.68
Guaiacol,5.92,11.59
Lopinavir,5.91,11.33
"5-[(3R)-3-(5-methoxy-3',5'-dimethylbiphenyl-3-yl)but-1-yn-1-yl]-6-methylpyrimidine-2,4-diamine",5.91,11.56
"N-[(1S)-2-amino-1-phenylethyl]-5-(1H-pyrrolo[2,3-b]pyridin-4-yl)thiophene-2-carboxamide",5.91,11.81
(S)-N-(4-carbamimidoylbenzyl)-1-(2-(cyclopentylamino)ethanoyl)pyrrolidine-2-carboxamide,5.91,11.43
Sucralfate,5.91,10.85
Bromopride,5.91,11.45
"4-(6-{[(1R)-1-(hydroxymethyl)propyl]amino}imidazo[1,2-b]pyridazin-3-yl)benzoicacid",5.91,10.7
"4-HYDROXYBENZALDEHYDEO-(3,3-DIMETHYLBUTANOYL)OXIME",5.91,11.16
Indecainide,5.91,10.54
"1-(3,5-DICHLOROPHENYL)-5-METHYL-1H-1,2,4-TRIAZOLE-3-CARBOXYLICACID",5.91,11.32
AZD-8330,5.9,11.46
Emricasan,5.9,10.61
"(3S)-4-{[4-(BUT-2-YNYLOXY)PHENYL]SULFONYL}-N-HYDROXY-2,2-DIMETHYLTHIOMORPHOLINE-3-CARBOXAMIDE",5.9,10.82
N-(4-{[(3S)-3-(dimethylamino)pyrrolidin-1-yl]carbonyl}phenyl)-5-fluoro-4-[2-methyl-1-(1-methylethyl)-1H-imidazol-5-yl]pyrimidin-2-amine,5.9,11.59
Fusidicacid,5.9,10.88
N-{2-methyl-5-[(6-phenylpyrimidin-4-yl)amino]phenyl}methanesulfonamide,5.9,11.25
Isosorbide,5.9,10.77
alpha-D-glucopyranosyl-2-carboxylicacidamide,5.9,10.6
Omacetaxinemepesuccinate,5.89,11.14
"(8alpha,10alpha,13alpha,17beta)-17-[(4-hydroxyphenyl)carbonyl]androsta-3,5-diene-3-carboxylicacid",5.89,10.67
Benzquinamide,5.89,11.29
"5-{[(4-AMINO-3-CHLORO-5-FLUOROPHENYL)SULFONYL]AMINO}-1,3,4-THIADIAZOLE-2-SULFONAMIDE",5.89,10.9
Phenylalanine,5.89,10.5
Cyclohexylformamide,5.89,10.89
N-HYDROXY-2(R)-[[(4-METHOXYPHENYL)SULFONYL](3-PICOLYL)AMINO]-3-METHYLBUTANAMIDEHYDROCHLORIDE,5.88,10.85
(2S)-2-ETHOXY-3-{4-[2-(10H-PHENOXAZIN-10-YL)ETHOXY]PHENYL}PROPANOICACID,5.88,11.46
"1,2,3-TRIHYDROXY-1,2,3,4-TETRAHYDROBENZO[A]PYRENE",5.88,11.95
"N~2~-1,3-BENZOXAZOL-2-YL-3-CYCLOHEXYL-N-{2-[(4-METHOXYPHENYL)AMINO]ETHYL}-L-ALANINAMIDE",5.88,10.84
Hydrocortisoneaceponate,5.88,10.65
"2-(2-CHLORO-4-FLUOROPHENOXY)-2-METHYL-N-[(1R,2S,3S,5S,7S)-5-(METHYLSULFONYL)-2-ADAMANTYL]PROPANAMIDE",5.88,11.32
Alprazolam,5.88,11.52
2-amino-6-[2-(1H-indol-6-yl)ethyl]pyrimidin-4(3H)-one,5.88,11.01
2-Amino-3-Oxo-4-Sulfo-ButyricAcid,5.88,11.5
Benzodiazepine,5.88,11.61
4-Methylpiperazin-1-YlCarbonylGroup,5.88,11.14
Midostaurin,5.87,13.23
Gonadorelin,5.87,10.68
Garenoxacin,5.87,11.46
Lumateperone,5.87,11.36
Bromo-Willardiine,5.87,11.65
"(9BETA,11ALPHA,13ALPHA,14BETA,17ALPHA)-11-(METHOXYMETHYL)ESTRA-1(10),2,4-TRIENE-3,17-DIOL",5.87,11.15
Pregnenolone,5.87,11.47
(2Z)-N-biphenyl-4-yl-2-cyano-3-hydroxybut-2-enamide,5.87,10.7
Estazolam,5.87,11.63
Alprenolol,5.87,10.74
Tiaprofenicacid,5.87,10.44
"2-(6-{[(3-chloro-2-methylphenyl)sulfonyl]amino}pyridin-2-yl)-N,N-diethylacetamide",5.86,11.58
Vintafolide,5.86,11.45
Nandrolonephenpropionate,5.86,10.58
Uridylyl-2'-5'-phospho-adenosine,5.86,10.5
Thiamine,5.86,10.83
OLOMOUCINEII,5.86,11.28
PHENYL[1-(N-SUCCINYLAMINO)PENTYL]PHOSPHONATE,5.86,11.41
"N'-(5-CHLORO-1,3-BENZODIOXOL-4-YL)-N-(3,4,5-TRIMETHOXYPHENYL)PYRIMIDINE-2,4-DIAMINE",5.86,10.88
Theophylline,5.86,10.62
Levocarnitine,5.86,11.05
"1-{4-[4-Amino-6-(4-methoxyphenyl)furo[2,3-d]pyrimidin-5-yl]phenyl}-3-[2-fluoro-5-(trifluoromethyl)phenyl]urea",5.85,11.29
Hydroxyprogesteronecaproate,5.85,10.78
3-(2-AMINOQUINAZOLIN-6-YL)-4-METHYL-N-[3-(TRIFLUOROMETHYL)PHENYL]BENZAMIDE,5.85,11.23
(5-CHLORO-2-{[(3-NITROBENZYL)AMINO]CARBONYL}PHENOXY)ACETICACID,5.85,11.32
"(2E,4E)-11-METHOXY-3,7,11-TRIMETHYLDODECA-2,4-DIENOICACID",5.85,10.75
"2,3,-Dihydroxybenzoylserine",5.85,10.67
"5,5-dimethyl-2-morpholin-4-yl-5,6-dihydro-1,3-benzothiazol-7(4H)-one",5.85,10.7
7-HYDROXY-4-METHYL-3-(2-HYDROXY-ETHYL)COUMARIN,5.85,10.68
Eniluracil,5.85,11.35
"UNDECA-3,7-DIENE-1,3,7,11-TETRACARBALDEHYDE",5.85,11.22
5'-Deoxy-5'-Methylthioadenosine,5.84,11.21
Lefradafiban,5.84,10.66
"5-(2-PHENYLPYRAZOLO[1,5-A]PYRIDIN-3-YL)-1H-PYRAZOLO[3,4-C]PYRIDAZIN-3-AMINE",5.84,10.96
alpha-D-mannose6-phosphate,5.84,11.1
"N~4~-methyl-N~4~-(3-methyl-1H-indazol-6-yl)-N~2~-(3,4,5-trimethoxyphenyl)pyrimidine-2,4-diamine",5.84,11.67
Methylprednisolonehemisuccinate,5.84,12.33
5-fluoro-beta-L-gulosylfluoride,5.84,11.2
Ciprofibrate,5.84,11.23
Riboflavin,5.83,11.6
"2-(2,6-DIFLUOROPHENOXY)-N-(2-FLUOROPHENYL)-9-ISOPROPYL-9H-PURIN-8-AMINE",5.83,11.15
2-{5-[3-(6-BENZOYL-1-PROPYLNAPHTHALEN-2-YLOXY)PROPOXY]INDOL-1-YL}ETHANOICACID,5.83,11
"1-{(1R,2S)-2-HYDROXY-1-[2-(2-NAPHTHYLOXY)ETHYL]PROPYL}-1H-IMIDAZONE-4-CARBOXAMIDE",5.83,11.42
"(1S,3R,6S)-4-oxo-6-{4-[(2-phenylquinolin-4-yl)methoxy]phenyl}-5-azaspiro[2.4]heptane-1-carboxylicacid",5.83,11.46
VariolinB,5.83,11.53
3'-Phosphate-Adenosine-5'-PhosphateSulfate,5.83,10.67
Cycrimine,5.83,11.5
Crisaborole,5.83,10.73
beta-Hydroxyasparagine,5.83,10.6
Tazemetostat,5.82,11.44
"N-[5-(1,1-DIOXIDOISOTHIAZOLIDIN-2-YL)-1H-INDAZOL-3-YL]-2-(4-PIPERIDIN-1-YLPHENYL)ACETAMIDE",5.82,11.24
Selenazole-4-carboxyamide-adeninedinucleotide,5.82,11.23
Guanosine-5'-Diphosphate,5.82,10.8
UlapualideA,5.82,10.7
"5-[5,6-BIS(METHYLOXY)-1H-BENZIMIDAZOL-1-YL]-3-{[1-(2-CHLOROPHENYL)ETHYL]OXY}-2-THIOPHENECARBOXAMIDE",5.82,11.29
GC-24,5.82,11.37
S-(4-BROMOBENZYL)CYSTEINE,5.82,10.76
N-(TRANS-4'-NITRO-4-STILBENYL)-N-METHYL-5-AMINO-PENTANOICACID,5.82,11.43
GinsenosideRg1,5.82,11.07
Radotinib,5.81,11.17
N-(3-TERT-BUTYL-1H-PYRAZOL-5-YL)-N'-{4-CHLORO-3-[(PYRIDIN-3-YLOXY)METHYL]PHENYL}UREA,5.81,11.19
"O6-(R)-ROSCOVITINE,R-2-(6-BENZYLOXY-9-ISOPROPYL-9H-PURIN-2-YLAMINO)-BUTAN-1-OL",5.81,11.43
"2,5-Anhydroglucitol-1,6-Biphosphate",5.81,11.02
CRA_1144,5.81,11.81
Moclobemide,5.81,11.21
"4-[4-(2,3-DIHYDRO-1,4-BENZODIOXIN-6-YL)-3-METHYL-1H-PYRAZOL-5-YL]-6-ETHYLBENZENE-1,3-DIOL",5.81,11.61
Clorindione,5.81,10.63
4-(2-aminoethyl)-2-cyclohexylphenol,5.81,10.78
D-Cysteine,5.81,11.4
Cyclohexanol,5.81,10.64
Tolrestat,5.8,11.34
EpothiloneD,5.8,11.38
Podofilox,5.8,10.94
"N~2~-1H-benzimidazol-5-yl-N~4~-(3-cyclopropyl-1H-pyrazol-5-yl)pyrimidine-2,4-diamine",5.8,11.62
Tetrahydrocannabivarin,5.8,11.29
P-AnisicAcid,5.8,11.46
Amsacrine,5.79,11.55
AS-8112,5.79,11.35
Icatibant,5.78,10.79
"(4aS,4bR,10bS,12aS)-12a-methyl-1,3-dioxo-2-(pyridin-3-ylmethyl)-1,2,3,4,4a,4b,5,6,10b,11,12,12a-dodecahydronaphtho[2,1-f]isoquinolin-8-ylsulfamate",5.78,11.27
(2S)-4-(4-fluorobenzyl)-N-(2-sulfanylethyl)piperazine-2-carboxamide,5.78,10.73
"(3r)-4-(P-Toluenesulfonyl)-1,4-Thiazane-3-Carboxylicacid-L-PhenylalanineEthylEster",5.78,11.53
"N-[(1S)-2-AMINO-1-(2,4-DICHLOROBENZYL)ETHYL]-5-[2-(METHYLAMINO)PYRIMIDIN-4-YL]THIOPHENE-2-CARBOXAMIDE",5.78,11.97
Natamycin,5.78,11.49
"1-[(2-Amino-6,9-Dihydro-1h-Purin-6-Yl)Oxy]-3-Methyl-2-Butanol",5.78,11.19
"(2R,3R)-N^1^-[(1S)-2,2-DIMETHYL-1-(METHYLCARBAMOYL)PROPYL]-N^4^-HYDROXY-2-(2-METHYLPROPYL)-3-{[(1,3-THIAZOL-2-YLCARBONYL)AMINO]METHYL}BUTANEDIAMIDE",5.77,11.36
ThreonineDerivative,5.77,10.72
Lumacaftor,5.77,11.27
"5-amino-2,4,6-tribromobenzene-1,3-dicarboxylicacid",5.77,11.42
Arformoterol,5.77,10.77
Bis(5-Amidino-Benzimidazolyl)MethanoneZinc,5.77,11.75
Tecovirimat,5.77,11.3
GLUTATHIONESULFINATE,5.77,11.3
KynurenicAcid,5.77,11.44
Methimazole,5.77,11.21
Etravirine,5.76,10.78
Gibberellicacid,5.76,10.78
Repaglinide,5.76,11.09
"HYDROXY(OXO)(3-{[(2Z)-4-[3-(1H-1,2,4-TRIAZOL-1-YLMETHYL)PHENYL]PYRIMIDIN-2(5H)-YLIDENE]AMINO}PHENYL)AMMONIUM",5.76,11.75
Thiopental,5.76,11.77
3-(2-Benzothiazolylthio)-1-PropanesulfonicAcid,5.76,12.39
3-(5-methoxy-1H-indol-3-yl)propanoicacid,5.76,11.5
2-(3'-Methoxyphenyl)Benzimidazole-4-Carboxamide,5.76,11.28
Arsanilicacid,5.76,12.21
"D-Myo-Inositol-1,4-Bisphosphate",5.76,10.61
SpaglumicAcid,5.76,10.38
AL7099A,5.75,10.96
"2-chloro-4-{[(1R,3Z,7S,7aS)-7-hydroxy-1-(trifluoromethyl)tetrahydro-1H-pyrrolo[1,2-c][1,3]oxazol-3-ylidene]amino}-3-methylbenzonitrile",5.75,10.85
Rosiglitazone,5.75,11.65
Stannsoporfin,5.75,11.1
ALPHA-HYDROXYFARNESYLPHOSPHONICACID,5.75,11.3
Cannabidivarin,5.75,11.68
ISO24,5.75,11.3
"2,2'-{[9-(HYDROXYIMINO)-9H-FLUORENE-2,7-DIYL]BIS(OXY)}DIACETICACID",5.75,11.22
D-phenylalanyl-N-{4-[amino(iminio)methyl]benzyl}-L-prolinamide,5.74,11.66
4R-Fluoro-N6-ethanimidoyl-L-lysine,5.74,10.69
PROGESTERONE-11-ALPHA-OL-HEMISUCCINATE,5.74,11.52
DegradedCephaloridine,5.74,11.57
Betrixaban,5.74,10.97
8-chlorotheophylline,5.74,10.71
PR-104,5.73,10.93
Acrivastine,5.73,10.7
Zolmitriptan,5.73,11.67
H3B-8800,5.73,10.57
"{3-[(5-CHLORO-1,3-BENZOTHIAZOL-2-YL)METHYL]-2,4-DIOXO-3,4-DIHYDROPYRIMIDIN-1(2H)-YL}ACETICACID",5.73,11
"5-BETA-ANDROSTANE-3,17-DIONE",5.73,10.95
"2-(cycloheptylmethyl)-1,1-dioxido-1-benzothiophen-6-ylsulfamate",5.73,11.62
Lobeline,5.73,11.55
"5-[(4-Methylphenyl)Sulfanyl]-2,4-Quinazolinediamine",5.73,11.45
Tetrastearoylcardiolipin,5.73,10.7
Cysteine-S-Acetamide,5.73,10.55
Pimecrolimus,5.72,10.87
PD-0325901,5.72,10.92
Thionicotinamide-Adenine-Dinucleotide,5.72,11.04
Methylergometrine,5.72,10.52
SB220025,5.72,11.35
Captopril,5.72,11.6
Penbutolol,5.72,10.76
3-(HYDROXY-PHENYL-PHOSPHINOYLOXY)-8-METHYL-8-AZA-BICYCLO[3.2.1]OCTANE-2-CARBOXYLICACIDMETHYLESTER,5.72,11.35
Carboxyamidotriazole,5.72,11.48
Indomethacin,5.72,11.01
"4,7-DioxosebacicAcid",5.72,11.37
(R)-minalrestat,5.71,11.42
Gadopenteticacid,5.71,10.83
(2S)-2-(3-Carbamimidamidophenyl)-3-[hydroxy(3-phenylpropyl)phosphoryl]propanoicacid,5.71,11.27
THIO-ATPA,5.71,10.82
P1-(5'-Adenosyl)P5-(5'-(3'azido-3'-Deoxythymidyl))Pentaphosphate,5.71,11.17
"3,8,9,10-tetrahydroxy-7-hydroxymethyl-6-oxa-1,3-diaza-spiro[4.5]decane-2,4-dione",5.71,11.18
Sarafloxacin,5.7,11.56
Avasimibe,5.7,10.63
Irbesartan,5.7,10.9
3-[3-(4-methylpiperazin-1-yl)-7-(trifluoromethyl)quinoxalin-5-yl]phenol,5.7,11.17
"2',3'-dideoxy-3'-fluoro-urididine-5'-diphosphate",5.7,11.33
"3-{[(9-CYANO-9,10-DIHYDRO-10-METHYLACRIDIN-9-YL)CARBONYL]AMINO}PROPANOICACID",5.7,11.21
Levothyroxine,5.7,10.67
Naringenin,5.7,11.6
Rotigotine,5.7,10.77
Chlordiazepoxide,5.7,11.35
Genistein,5.7,10.18
Bitolterol,5.7,11.37
"S-METHYL-4,5,6,7-TETRABROMO-BENZIMIDAZOLE",5.7,11.43
(3-Carboxy-2-(R)-Hydroxy-Propyl)-Trimethyl-Ammonium,5.7,11.22
4-Iodo-L-phenylalanine,5.7,10.59
Bremelanotide,5.69,11
Ixabepilone,5.69,11.52
Paricalcitol,5.69,10.61
Iloprost,5.69,11.27
Ridogrel,5.69,11.32
"4-{5-[(Z)-(2-IMINO-4-OXO-1,3-THIAZOLIDIN-5-YLIDENE)METHYL]FURAN-2-YL}-2-(TRIFLUOROMETHYL)BENZENESULFONAMIDE",5.69,10.83
Morphineglucuronide,5.69,11.21
Sulfanilamide,5.69,10.75
Propranolol,5.69,11.34
3-AMINO-AZACYCLOTRIDECAN-2-ONE,5.69,11.81
Teverelix,5.68,10.65
Desogestrel,5.68,11.03
N-(2-(((5-CHLORO-2-PYRIDINYL)AMINO)SULFONYL)PHENYL)-4-(2-OXO-1(2H)-PYRIDINYL)BENZAMIDE,5.68,11.37
"S-[(1-Hydroxy-2,2,5,5-tetramethyl-2,5-dihydro-1H-pyrrol-3-yl)methyl]methanesulfonothioate",5.68,11.27
Acefylline,5.68,10.52
Diazoxide,5.68,10.98
Pibrentasvir,5.67,11.02
Hydrocortisonevalerate,5.67,10.55
"5-(2-Fluoro-5-{(1E)-3-[3-hydroxy-2-(methoxycarbonyl)phenoxy]-1-propen-1-yl}phenyl)-1,2-oxazole-3-carboxylicacid",5.67,11.4
Lasofoxifene,5.67,11.7
"4-[(1S,2S,5S)-5-(HYDROXYMETHYL)-8-METHYL-3-OXABICYCLO[3.3.1]NON-7-EN-2-YL]PHENOL",5.67,10.86
"4-[3-(1,4-diazepan-1-ylcarbonyl)-4-fluorobenzyl]phthalazin-1(2H)-one",5.67,11.34
"7-(1-ETHYL-PROPYL)-7H-PYRROLO-[3,2-F]QUINAZOLINE-1,3-DIAMINE",5.67,11.58
2-[(5-hex-1-yn-1-ylfuran-2-yl)carbonyl]-N-methylhydrazinecarbothioamide,5.67,11.54
RU81843,5.66,11.34
"3-[3-(3-methyl-6-{[(1S)-1-phenylethyl]amino}-1H-pyrazolo[4,3-c]pyridin-1-yl)phenyl]propanamide",5.66,10.96
"4-[1-allyl-7-(trifluoromethyl)-1H-indazol-3-yl]benzene-1,3-diol",5.66,11.84
Lisuride,5.66,10.6
[4-({4-[(5-cyclopropyl-1H-pyrazol-3-yl)amino]-6-(methylamino)pyrimidin-2-yl}amino)phenyl]acetonitrile,5.66,11.79
"2-({[3-(3,4-dihydroisoquinolin-2(1H)-ylsulfonyl)phenyl]carbonyl}amino)benzoicacid",5.66,11.5
Piretanide,5.66,11.32
4-BROMO-3-(CARBOXYMETHOXY)-5-(4-HYDROXYPHENYL)THIOPHENE-2-CARBOXYLICACID,5.66,11.67
Xamoterol,5.66,11.37
Esatenolol,5.66,11.17
Sphingosine,5.66,11.14
Labradimil,5.65,10.68
"(1S)-1-{[(4'-methoxy-1,1'-biphenyl-4-yl)sulfonyl]amino}-2-methylpropylphosphonicacid",5.65,11.13
Asimadoline,5.65,11.81
Praziquantel,5.65,10.55
Arabinouridine3'-phosphate,5.65,10.94
"1-(4-fluorophenyl)-N-[3-fluoro-4-(1H-pyrrolo[2,3-b]pyridin-4-yloxy)phenyl]-2-oxo-1,2-dihydropyridine-3-carboxamide",5.64,12.64
"N-(2,2,2-TRIFLUOROETHYL)-N-{4-[2,2,2-TRIFLUORO-1-HYDROXY-1-(TRIFLUOROMETHYL)ETHYL]PHENYL}BENZENESULFONAMIDE",5.64,11.35
BalanolAnalog2,5.64,11.9
5-bromo-N-(3-chloro-2-(4-(prop-2-ynyl)piperazin-1-yl)phenyl)furan-2-carboxamide,5.64,11.2
Umeclidinium,5.64,11.59
Remoxipride,5.64,11.35
Zonisamide,5.64,11.36
"(4aS)-5-[(2,4-diaminopteridin-6-yl)methyl]-4a,5-dihydro-2H-dibenzo[b,f]azepin-8-ol",5.63,11.55
Temsirolimus,5.63,10.77
Golotimod,5.63,11.48
CRA_1802,5.63,11.62
"2-(2-{2-[2-(2-{2-[2-(2-Ethoxy-Ethoxy)-Ethoxy]-Ethoxy}-Ethoxy)-Ethoxy]-Ethoxy}-Ethoxy)-Ethanol,PolyethyleneglycolPeg400",5.63,11.35
Finafloxacin,5.62,11.14
Tenapanor,5.62,11.42
Cephaloglycin,5.62,11.44
CR665,5.62,10.77
N-cycloheptylglycyl-N-(4-carbamimidoylbenzyl)-L-prolinamide,5.62,11.49
Minaprine,5.62,10.29
6-O-PhosphorylInosineMonophosphate,5.61,11.13
Sufugolix,5.61,10.77
Tezacaftor,5.61,10.83
5-[3-(BENZYLAMINO)PHENYL]-4-BROMO-3-(CARBOXYMETHOXY)THIOPHENE-2-CARBOXYLICACID,5.61,11.58
Docetaxel,5.61,10.67
"N'-(5-chloro-1,3-benzodioxol-4-yl)-N-(3-methylsulfonylphenyl)pyrimidine-2,4-diamine",5.61,10.75
Clidinium,5.61,11.53
"(5R,6S,8S)-8-[3-(AMINOMETHYL)PHENYL]-6-HYDROXY-5-ISOPROPYL-3-OXO-1-PHENYL-2,7-DIOXA-4-AZA-6-PHOSPHANONAN-9-OICACID6-OXIDE",5.61,11.54
Raltitrexed,5.61,11.28
(2R)-2-({9-(1-methylethyl)-6-[(4-pyridin-2-ylbenzyl)amino]-9H-purin-2-yl}amino)butan-1-ol,5.61,11.43
N-[4-(4-nitrophenylphospho)butanoyl]-L-alanine,5.61,11.14
ONT-093,5.61,11.35
"4-(2,4-dichlorophenyl)-5-phenyldiazenyl-pyrimidin-2-amine",5.61,10.91
Capsaicin,5.61,10.77
O-acetyl-L-serine,5.61,10.56
Fostamatinib,5.6,11.52
Etiprednoldicloacetate,5.6,11.2
"(3R)-3-(aminomethyl)-9-methoxy-1,2,3,4-tetrahydro-5H-[1]benzothieno[3,2-e][1,4]diazepin-5-one",5.6,10.78
Azimilide,5.6,10.95
"4-(1h-Imidazol-4-Yl)-3-(5-Ethyl-2,4-Dihydroxy-Phenyl)-1h-Pyrazole",5.6,11.64
Bufotenine,5.6,12.2
Acetylsulfisoxazole,5.6,11.33
N-[4-(benzyloxy)phenyl]glycinamide,5.6,11.46
Ethotoin,5.6,11.39
Acamprosate,5.6,11.38
Ketotifen,5.59,10.38
N-(tert-butyl)-4-[5-(pyridin-2-ylamino)quinolin-3-yl]benzenesulfonamide,5.59,11.65
"4-(4-methoxy-1H-pyrrolo[2,3-b]pyridin-3-yl)pyrimidin-2-amine",5.59,11.22
Estradiolcypionate,5.59,11.3
2-(4-HYDROXY-PHENYL)BENZOFURAN-5-OL,5.59,11.6
"Hg9a-9,Nonanoyl-N-Hydroxyethylglucamide",5.59,11.31
Sodiumferricgluconatecomplex,5.59,10.59
"N-[1-(AMINOMETHYL)CYCLOPROPYL]-3-(MORPHOLIN-4-YLSULFONYL)-N~2~-[(1S)-2,2,2-TRIFLUORO-1-(4-FLUOROPHENYL)ETHYL]-L-ALANINAMIDE",5.58,11.6
D-leucyl-N-(4-carbamimidoylbenzyl)-L-prolinamide,5.58,11.65
Danazol,5.58,11.29
Etorphine,5.58,10.74
Carfilzomib,5.58,10.67
"(5S)-5-(2-amino-2-oxoethyl)-4-oxo-N-[(3-oxo-3,4-dihydro-2H-1,4-benzoxazin-6-yl)methyl]-3,4,5,6,7,8-hexahydro[1]benzothieno[2,3-d]pyrimidine-2-carboxamide",5.58,11.36
"[5-(5-Amino-1H-pyrrolo[3,2-b]pyridin-2-yl)-6-hydroxy-3'-nitro-3-biphenylyl]aceticacid",5.58,11.67
Chlorthalidone,5.58,11.71
Edeticacid,5.58,11.29
"N~3~-[3-(1H-INDOL-6-YL)BENZYL]PYRIDINE-2,3-DIAMINE",5.58,11.61
Phenindamine,5.58,11.41
4-(4-Chlorophenyl)Imidazole,5.58,11.14
Benzylalcohol,5.58,11.23
Thymectacin,5.57,11.46
"Maltosyl-Alpha(1,4)-D-Gluconhydroximo-1,5-Lactam",5.57,10.51
"Alpha,Beta-Methyleneadenosine-5'-Triphosphate",5.57,10.81
2-[1-(4-chlorobenzoyl)-5-methoxy-2-methyl-1H-indol-3-yl]-n-[(1S)-1-(hydroxymethyl)propyl]acetamide,5.57,11.12
S-(2-oxo)pentadecylcoa,5.57,11
4'-Deoxy-4'-Acetylyamino-Pyridoxal-5'-Phosphate,5.57,11.44
Curcuminsulfate,5.57,11.52
EpiceptNP-1,5.57,11.56
S-propylamine-L-cysteine,5.57,11.54
Inecalcitol,5.56,10.61
"(1R,3R)-5-[(2E)-3-{(1S,3R)-2,2,3-trimethyl-3-[6,6,6-trifluoro-5-hydroxy-5-(trifluoromethyl)hex-3-yn-1-yl]cyclopentyl}prop-2-en-1-ylidene]cyclohexane-1,3-diol",5.56,11.22
"(1S,7S,8S,8AR)-1,2,3,7,8,8A-HEXAHYDRO-7-METHYL-8-[2-[(2R,4R)-TETRAHYDRO-4-HYDROXY-6-OXO-2H-PYRAN-2-YL]ETHYL]-1-NAPHTHALENOL",5.56,10.71
Gemfibrozil,5.56,11.3
Tamibarotene,5.56,11.61
2-[4-(3-METHYL-1H-PYRAZOL-4-YL)PHENYL]ETHANAMINE,5.56,11.16
Rolapitant,5.55,11.59
N-[4-CHLORO-3-(PYRIDIN-3-YLOXYMETHYL)-PHENYL]-3-FLUORO-,5.55,11.51
"2,4-Diamino-6-[N-(3',5'-Dimethoxybenzyl)-N-Methylamino]Pyrido[2,3-D]Pyrimidine",5.55,11.29
Estriol,5.55,11.59
CarboxymycobactinT,5.55,11.12
"(2S,3S,4E,6E,8S,9S)-3-amino-9-methoxy-2,6,8-trimethyl-10-phenyldeca-4,6-dienoicacid",5.55,10.65
"4-[(7R,7AS)-7-HYDROXY-1,3-DIOXOTETRAHYDRO-1H-PYRROLO[1,2-C]IMIDAZOL-2(3H)-YL]-1-NAPHTHONITRILE",5.55,11.64
Valdecoxib,5.55,11.39
Dienestrol,5.55,11.6
"4-(6-HYDROXY-1H-INDAZOL-3-YL)BENZENE-1,3-DIOL",5.55,11.81
Tipranavir,5.54,10.87
Daporinad,5.54,11.4
ProstaglandinG2,5.54,11
(R)-TRANS-4-(1-AMINOETHYL)-N-(4-PYRIDYL)CYCLOHEXANECARBOXAMIDE,5.54,11.39
"(R)-1-(4-(4-(hydroxymethyl)-1,3,2-dioxaborolan-2-yl)benzyl)guanidine",5.54,11.64
"4-{5-[(Z)-(2-IMINO-4-OXO-1,3-THIAZOLIDIN-5-YLIDENE)METHYL]-2-FURYL}-N-METHYLBENZENESULFONAMIDE",5.54,11.25
Cloranolol,5.54,10.5
Pyridoxine,5.54,10.7
Carphenazine,5.53,11.57
[1-(1-Benzyl-3-Hydroxy-2-Oxo-Propylcarbamoyl)-2-Phenyl-Ethyl]-CarbamicAcidBenzylEster,5.53,10.7
S-4-Nitrobutyryl-CoA,5.53,10.79
Palmitoyl-LinoleoylPhosphatidylcholine,5.53,10.87
Halazepam,5.53,11.62
Lucanthone,5.53,12.13
"4-[8-(3-nitrophenyl)-1,7-naphthyridin-6-yl]benzoicacid",5.53,11.43
"5-Alpha-Androstane-3-Beta,17beta-Diol",5.53,10.79
6-[(5-CHLORO-3-METHYL-1-BENZOFURAN-2-YL)SULFONYL]PYRIDAZIN-3(2H)-ONE,5.53,11.3
3-{[4-(but-2-yn-1-yloxy)phenyl]sulfonyl}propane-1-thiol,5.53,11.19
Hydrocortisonebutyrate,5.52,10.63
Tryptophanyl-5'amp,5.52,10.67
Flupentixol,5.52,11.32
"5-(HEXAHYDRO-2-OXO-1H-THIENO[3,4-D]IMIDAZOL-6-YL)PENTANAL",5.52,11.69
"7,8-dihydroinosine",5.52,11.21
Fenoterol,5.52,11.36
Morpholine-4-CarboxylicAcid[1s-(2-Benzyloxy-1r-Cyano-Ethylcarbamoyl)-3-Methyl-Butyl]Amide,5.51,11.17
Enrofloxacin,5.51,11.54
(2R)-1-{4-[(4-Anilino-5-bromo-2-pyrimidinyl)amino]phenoxy}-3-(dimethylamino)-2-propanol,5.51,11.72
Quetiapine,5.51,11.69
2-(4-HYDROXY-5-PHENYL-1H-PYRAZOL-3-YL)-1H-BENZOIMIDAZOLE-5-CARBOXAMIDINE,5.51,11.41
Amuvatinib,5.51,10.73
Sirolimus,5.51,10.86
"2-[4-(2,4-Dichlorophenoxy)Phenoxy]PropanoicAcid",5.51,11.2
"3-[(2,2-DIMETHYLPROPANOYL)AMINO]-N-1,3-THIAZOL-2-YLPYRIDINE-2-CARBOXAMIDE",5.51,10.76
"4-(5-phenyl-1H-pyrrolo[2,3-b]pyridin-3-yl)benzoicacid",5.51,12.02
(3E)-3-[(phenylamino)methylidene]dihydrofuran-2(3H)-one,5.51,11.32
Sulfathiazole,5.51,11.2
Amrinone,5.51,11.56
1-(2-DEOXY-5-O-PHOSPHONO-BETA-D-ERYTHRO-PENTOFURANOSYL)-4-METHYL-1H-INDOLE,5.5,11.54
"(5E,7S)-2-amino-7-(4-fluoro-2-pyridin-3-ylphenyl)-4-methyl-7,8-dihydroquinazolin-5(6H)-oneoxime",5.5,10.82
"4-[(4-Imidazo[1,2-a]Pyridin-3-Ylpyrimidin-2-Yl)Amino]Benzenesulfonamide",5.5,11.47
N-[(1S)-2-{[(1R)-2-(benzyloxy)-1-cyano-1-methylethyl]amino}-1-(cyclohexylmethyl)-2-oxoethyl]morpholine-4-carboxamide,5.5,10.9
"(3R)-METHYLCARBAMOYL-7-SULFOAMINO-3,4-DIHYDRO-1H-ISOQUINOLINE-2-CARBOXYLICACIDBENZYLESTER",5.5,11.32
"(6R)-2-amino-6-[2-(3'-methoxybiphenyl-3-yl)ethyl]-3,6-dimethyl-5,6-dihydropyrimidin-4(3H)-one",5.5,10.64
Flutamide,5.5,10.57
"dimethyl(1R,4S)-5,6-bis(4-hydroxyphenyl)-7-oxabicyclo[2.2.1]hepta-2,5-diene-2,3-dicarboxylate",5.5,10.95
L-Eflornithine,5.5,11.38
"(5E)-2-Amino-5-(2-pyridinylmethylene)-1,3-thiazol-4(5H)-one",5.5,10.81
Clofarabine,5.49,11.56
Ligandrol,5.49,11.36
Oxetacaine,5.49,11.36
P-(2'-Iodo-5'-Thenoyl)HydrotropicAcid,5.49,10.58
N-Carbamoyl-Alanine,5.49,10.61
2-[4-[(Z)-2-Acetamido-3-oxo-3-[[(3S)-2-oxo-1-[(4-phenylphenyl)methyl]azepan-3-yl]amino]prop-1-enyl]-2-formylphenyl]aceticacid,5.48,11.52
BafilomycinB1,5.48,11.36
"4-[3-(2-Chloro-4,5-difluoro-benzoyl)ureido]-3-trifluoromethoxybenzoicacid",5.48,11.48
Amelubant,5.48,11.53
Sarecycline,5.48,11.41
"5-[4-Tert-Butylphenylsulfanyl]-2,4-Quinazolinediamine",5.48,11.57
Ghavamiol,5.48,10.93
N-BENZYL-4-[4-(3-CHLOROPHENYL)-1H-PYRAZOL-3-YL]-1H-PYRROLE-2-CARBOXAMIDE,5.48,11.33
3-[4-(1-formylpiperazin-4-yl)-benzylidenyl]-2-indolinone,5.48,11.53
1-((1R)-1-(HYDROXYMETHYL)-3-{6-[(3-PHENYLPROPANOYL)AMINO]-1H-INDOL-1-YL}PROPYL)-1H-IMIDAZOLE-4-CARBOXAMIDE,5.47,10.71
"3-{[(1R)-1-phenylethyl]amino}-4-(pyridin-4-ylamino)cyclobut-3-ene-1,2-dione",5.47,11.09
Ulipristal,5.47,11.48
dATP,5.47,10.73
"1-[4-(AMINOSULFONYL)PHENYL]-1,6-DIHYDROPYRAZOLO[3,4-E]INDAZOLE-3-CARBOXAMIDE",5.47,11.63
2'-Deoxyguanosine-5'-Triphosphate,5.47,11.44
Astaxanthin,5.47,11.6
2'-Deoxyuridine3'-Monophosphate,5.47,11.36
Aminohippuricacid,5.47,11.74
"(5,6-DIPHENYL-FURO[2,3-D]PYRIMIDIN-4-YLAMINO)-ACETIC",5.47,10.48
gamma-Hydroxybutyricacid,5.47,11.44
LeukotrieneC4,5.46,11.42
Glutathionesulfonicacid,5.46,10.6
CalyculinA,5.46,11.31
RH-1,5.46,10.81
Metahexamide,5.46,11.05
L-Lysine,5.46,10.65
2-(N-Morpholino)-EthanesulfonicAcid,5.46,11.35
Gemifloxacin,5.45,11.21
"2-({[2,3,5,6-TETRAFLUORO-3'-(TRIFLUOROMETHOXY)BIPHENYL-4-YL]AMINO}CARBONYL)CYCLOPENTA-1,3-DIENE-1-CARBOXYLICACID",5.45,11.39
"(3R)-4-[(3R)-3-AMINO-4-(2,4,5-TRIFLUOROPHENYL)BUTANOYL]-3-METHYL-1,4-DIAZEPAN-2-ONE",5.45,11.51
Etynodiol,5.45,10.92
Regadenoson,5.45,11.14
Radicicol,5.45,11.62
Apoptone,5.45,11.19
"6-PHENYL[5H]PYRROLO[2,3-B]PYRAZINE",5.45,11.54
"2',3'-Dehydro-2',3'-Deoxy-Thymidine5'-Diphosphate",5.45,11.39
N-Acetylmethionine,5.45,10.54
Nelfinavir,5.44,11.39
Revefenacin,5.44,10.99
"2-{4-[(4-imidazo[1,2-a]pyridin-3-ylpyrimidin-2-yl)amino]piperidin-1-yl}-N-methylacetamide",5.44,11.19
Lapatinib,5.44,11.13
Alectinib,5.44,10.7
LY374571,5.44,11.11
PhosphoricAcid-2'-[2'-Deoxy-Uridine]Ester-5'-GuanosineEster,5.44,11.4
(S)-N-(4-carbamimidoylbenzyl)-1-(3-cyclopentylpropanoyl)pyrrolidine-2-carboxamide,5.44,11.61
Tibolone,5.44,11.32
"M-(N,N,N-Trimethylammonio)-2,2,2-Trifluoro-1,1-Dihydroxyethylbenzene",5.44,11.53
Nimesulide,5.44,11.41
CysteinesulfonicAcid,5.44,10.72
Acetylsalicylicacid,5.44,11.32
Pralidoxime,5.44,11.51
Imatinib,5.43,11.59
Testosteroneenanthate,5.43,10.59
"3,4-DIHYDRO-4-OXO-3-((5-TRIFLUOROMETHYL-2-BENZOTHIAZOLYL)METHYL)-1-PHTHALAZINEACETICACID",5.43,11.48
N-(P-CYANOPHENYL)-N'-DIPHENYLMETHYL-GUANIDINE-ACETICACID,5.43,11.38
Zeranol,5.43,11.14
Diphenadione,5.43,10.64
Agomelatine,5.43,11.43
Gossypol,5.43,11.71
"4-(2,4-Dimethyl-Thiazol-5-Yl)-Pyrimidin-2-Ylamine",5.43,11.06
"{4-Amino-2-[(4-methoxyphenyl)amino]-1,3-thiazol-5-yl}(4-methoxyphenyl)methanone",5.43,10.76
Olsalazine,5.43,11.12
Ramipril,5.42,11.46
Cabotegravir,5.42,11.32
Quinupristin,5.42,11.64
6-fluoro-2-(2-hydroxy-3-isobutoxy-phenyl)-1H-benzoimidazole-5-carboxamidine,5.42,11.13
6-[(Z)-Amino(Imino)Methyl]-N-[4-(Aminomethyl)Phenyl]-4-(Pyrimidin-2-Ylamino)-2-Naphthamide,5.42,11.43
Stanolone,5.42,10.83
"4-(2-AMINOETHOXY)-3,5-DICHLORO-N-[3-(1-METHYLETHOXY)PHENYL]BENZAMIDE",5.42,11.38
DomoicAcid,5.42,11.18
NADH,5.42,10.78
CA4P,5.42,11.69
"Nalpha-(2-Naphthylsulfonylglycyl)-3-Amidino-D,L-Phenylalanine-Isopropylester",5.42,11.45
3-(INDOL-3-YL)LACTATE,5.42,11.3
"(R)-1-(4-(4-(Hydroxymethyl)-1,3,2-dioxaborolan-2-YL)phenethyl)guanidine",5.42,10.72
(S)-DES-ME-AMPA,5.42,11.18
Phenylpyruvicacid,5.42,11.41
N-[(Furan-2-Yl)Carbonyl]-(S)-Leucyl-(R)-[1-Amino-2(1h-Indol-3-Yl)Ethyl]-PhosphonicAcid,5.41,11.23
Floxuridine,5.41,11.57
Frovatriptan,5.41,11.65
4-HYDROXY-5-IODO-3-NITROPHENYLACETYL-EPSILON-AMINOCAPROICACIDANION,5.41,10.67
Procainamide,5.41,11.98
"(2R,3R,4R,5S)-2-(HYDROXYMETHYL)-1-NONYLPIPERIDINE-3,4,5-TRIOL",5.41,10.54
4-[5-[2-(1-Phenyl-Ethylamino)-Pyrimidin-4-Yl]-1-Methyl-4-(3-Trifluoromethylphenyl)-1h-Imidazol-2-Yl]-Piperidine,5.4,11.73
"2'-deoxycytidine-2'-deoxyadenosine-3',5'-monophosphate",5.4,11.74
S-{2-[Amino(Dihydroxy)-Lambda~4~-Sulfanyl]Ethyl}-D-Cysteine,5.4,10.59
Dacarbazine,5.4,11.53
Uracil,5.4,10.76
CibacronBlue,5.39,10.98
Indacaterol,5.39,11.46
"1-(3-(2,4-DIMETHYLTHIAZOL-5-YL)-4-OXO-2,4-DIHYDROINDENO[1,2-C]PYRAZOL-5-YL)-3-(4-METHYLPIPERAZIN-1-YL)UREA",5.39,10.54
"4-{5-[(Z)-(2,4-DIOXO-1,3-THIAZOLIDIN-5-YLIDENE)METHYL]FURAN-2-YL}BENZENESULFONAMIDE",5.39,11.38
"3-methyl-N-(pyridin-4-ylmethyl)imidazo[1,2-a]pyrazin-8-amine",5.39,10.86
Mersalyl,5.39,10.65
Brigatinib,5.38,11.51
"(5S)-5-(3-AMINOPROPYL)-3-(2,5-DIFLUOROPHENYL)-N-ETHYL-5-PHENYL-4,5-DIHYDRO-1H-PYRAZOLE-1-CARBOXAMIDE",5.38,11.18
Dactinomycin,5.38,11.08
"GUANOSINE-2',3'-O-ETHYLIDENEPHOSPHONATE",5.38,11.25
4-{[5-chloro-4-(1H-indol-3-yl)pyrimidin-2-yl]amino}-N-ethylpiperidine-1-carboxamide,5.38,11.7
Norgestimate,5.38,11.03
(S)-wiskostatin,5.38,11.35
Hypericin,5.38,11.67
"1D-myo-inositol1,4,5-trisphosphate",5.38,10.62
Dodecyl-Alpha-D-Maltoside,5.38,10.35
Phenindione,5.38,10.7
"(1S,5S,7R)-N~7~-(BIPHENYL-4-YLMETHYL)-N~3~-HYDROXY-6,8-DIOXA-3-AZABICYCLO[3.2.1]OCTANE-3,7-DICARBOXAMIDE",5.37,11.31
Alsterpaullone,5.37,11.54
Vilazodone,5.37,11.34
7-Hydroxystaurosporine,5.37,13.31
Cimicoxib,5.37,11.02
N-(5-METHYL-1H-PYRAZOL-3-YL)-2-PHENYLQUINAZOLIN-4-AMINE,5.37,11.65
"4-[(3-CHLORO-4-{[(2R)-3,3,3-TRIFLUORO-2-HYDROXY-2-METHYLPROPANOYL]AMINO}PHENYL)SULFONYL]-N,N-DIMETHYLBENZAMIDE",5.37,10.98
Dacomitinib,5.37,11.15
"2-(Beta-D-Glucopyranosyl)-5-Methyl-1,3,4-Benzothiazole",5.37,11.33
(R)-3-BROMO-2-HYDROXY-2-METHYL-N-[4-NITRO-3-(TRIFLUOROMETHYL)PHENYL]PROPANAMIDE,5.37,10.58
"5,6-dichloro-1-beta-D-ribofuranosyl-1H-benzimidazole",5.37,10.96
4-[3-(1H-BENZIMIDAZOL-2-YL)-1H-INDAZOL-6-YL]-2-METHOXYPHENOL,5.37,11.63
2-(4-Chlorophenyl)-5-Quinoxalinecarboxamide,5.37,11.06
Bupropion,5.37,10.6
METHYLAMINO-PHENYLALANYL-LEUCYL-HYDROXAMICACID,5.36,10.51
Tubocurarine,5.36,10.96
Prednisolonehemisuccinate,5.36,11.67
CRA_10972,5.36,11.3
Brinzolamide,5.36,10.67
"3-(9-HYDROXY-1,3-DIOXO-4-PHENYL-2,3-DIHYDROPYRROLO[3,4-C]CARBAZOL-6(1H)-YL)PROPANOICACID",5.36,12.7
2-(3-GUANIDINOPHENYL)-3-MERCAPTOPROPANOICACID,5.36,11.33
4-BROMO-3-(CARBOXYMETHOXY)-5-[3-(CYCLOHEXYLAMINO)PHENYL]THIOPHENE-2-CARBOXYLICACID,5.36,10.97
"2-(4-CHLOROBENZYLAMINO)-4-(PHENYLAMINO)PYRAZOLO[1,5-A][1,3,5]TRIAZINE-8-CARBONITRILE",5.36,11.18
Progabide,5.36,10.59
Oxybenzone,5.36,11.65
Practolol,5.36,11.26
Gemeprost,5.36,10.99
Nitrofurantoin,5.36,11.2
Dpb-T,5.35,11.7
Regrelor,5.35,11.01
Deutetrabenazine,5.35,10.77
"N-[2-(1,3-BENZODIOXOL-5-YL)ETHYL]-1-[2-(1H-IMIDAZOL-1-YL)-6-METHYLPYRIMIDIN-4-YL]-D-PROLINAMIDE",5.35,11.08
Tauroursodeoxycholicacid,5.35,10.52
S-Hydroxycysteine,5.35,10.93
"Cyclohexyl-{4-[5-(3,4-Dichlorophenyl)-2-Piperidin-4-Yl-3-Propyl-3h-Imidazol-4-Yl]-Pyrimidin-2-Yl}Amine",5.34,11.8
Paclitaxel,5.34,11.51
Uridinediphosphateglucose,5.34,10.77
Nevirapine,5.34,11.61
FR117016,5.34,11.48
(2S)-2-(4-chlorophenyl)-2-[4-(1H-pyrazol-4-yl)phenyl]ethanamine,5.34,11.61
Ketamine,5.34,10.77
Mirodenafil,5.33,10.88
Tariquidar,5.33,11.01
"3-[1-(3-AMINOPROPYL)-1H-INDOL-3-YL]-4-(1H-INDOL-3-YL)-1H-PYRROLE-2,5-DIONE",5.33,11.82
Roflumilast,5.33,11.45
5-PhosphoarabinonicAcid,5.33,10.75
N-Acetyl-Serine,5.33,10.53
Argadin,5.32,11.12
Trandolapril,5.32,11.43
Levorphanol,5.32,10.76
4-{[(2S)-3-(tert-butylamino)-2-hydroxypropyl]oxy}-3H-indole-2-carbonitrile,5.32,11.45
Methylaminolevulinate,5.32,11.39
Cefaclor,5.31,11.31
Iclaprim,5.31,11.43
Flupirtine,5.31,11.19
Arimoclomol,5.31,11.51
Levomenthol,5.31,11.4
S-Mercaptocysteine,5.31,10.69
Sulfadiazine,5.31,11.62
(R)-N-(1-Methyl-Hexyl)-Formamide,5.31,10.59
Gamma-Carboxy-GlutamicAcid,5.31,10.66
Difloxacin,5.3,11.4
Cangrelor,5.3,10.75
Reserpine,5.3,10.82
Cortisone,5.3,10.75
1-Testosterone,5.3,10.42
"4,4'-cyclohexane-1,1-diyldiphenol",5.3,10.79
Remikiren,5.29,11.34
N-HYDROXY-2-[4-(4-PHENOXY-BENZENESULFONYL)-TETRAHYDRO-PYRAN-4-YL]-ACETAMIDE,5.29,11.54
Deoxycholicacid,5.29,10.63
cis-Diamminechlorocholylglycinateplatinum(II),5.29,10.58
Lumichrome,5.29,11.44
5-CHLORO-6-METHYL-N-(2-PHENYLETHYL)-2-PYRIDIN-2-YLPYRIMIDIN-4-AMINE,5.29,10.99
5'-O-(N-Ethyl-Sulfamoyl)Adenosine,5.29,10.55
Elafibranor,5.29,11.25
Adenosine,5.29,10.83
NojirimycineTetrazole,5.29,10.58
L-2-amino-3-butynoicacid,5.29,11.02
Telcagepant,5.28,11.56
"Beta-Dadf,Msa,MultisubstrateAdductInhibitor",5.28,11.39
Cromoglicicacid,5.28,10.71
Porphobilinogen,5.28,11.73
N-Methylleucine,5.28,10.63
Baclofen,5.28,11.67
AL6528,5.27,11.33
Difluprednate,5.27,10.51
Dutogliptin,5.27,11.39
(2S)-3-[(R)-[(1S)-1-amino-3-phenylpropyl](hydroxy)phosphoryl]-2-benzylpropanoicacid,5.27,10.49
Arbutamine,5.27,11.4
Levosimendan,5.27,11.32
Epinephrine,5.27,11.61
"4-({4-[(4-AMINOBUT-2-YNYL)OXY]PHENYL}SULFONYL)-N-HYDROXY-2,2-DIMETHYLTHIOMORPHOLINE-3-CARBOXAMIDE",5.26,11.16
Clazosentan,5.26,11.53
CRA_9076,5.26,11.59
(S)-N-(4-carbamimidoylbenzyl)-1-(2-(cyclohexyloxy)ethanoyl)pyrrolidine-2-carboxamide,5.26,11.4
Raloxifene,5.26,11.74
"6-(5-BROMO-2-HYDROXYPHENYL)-2-OXO-4-PHENYL-1,2-DIHYDROPYRIDINE-3-CARBONITRILE",5.26,11.65
"N-cyclopropyl-4-pyrazolo[1,5-b]pyridazin-3-ylpyrimidin-2-amine",5.26,11.69
N-(3-METHYLBUT-2-EN-1-YL)-9H-PURIN-6-AMINE,5.26,11.39
Sulfamethoxazole,5.26,11.41
Indalpine,5.26,11.62
InhibitorofP38Kinase,5.26,11.31
DL-Methylephedrine,5.26,10.92
Deserpidine,5.25,11.36
"(1R)-2-[(Diaminomethylene)amino]-1-{4-[(4R)-4-(hydroxymethyl)-1,3,2-dioxaborolan-2-yl]phenyl}ethylnicotinate",5.25,11.64
Bedaquiline,5.25,11.48
Thiocitrulline,5.25,10.75
Ephedrine,5.25,11.57
Afamelanotide,5.24,10.72
SP2456,5.24,11.59
"6-ethyl-5-[(2S)-1-(3-methoxypropyl)-2-phenyl-1,2,3,4-tetrahydroquinolin-7-yl]pyrimidine-2,4-diamine",5.24,10.73
Zanamivir,5.24,11.44
Medrogestone,5.24,11.21
"(9aS)-4-bromo-9a-butyl-7-hydroxy-1,2,9,9a-tetrahydro-3H-fluoren-3-one",5.24,11.31
"N-[3-(2-fluoroethoxy)phenyl]-N'-(1,3,4-trioxo-1,2,3,4-tetrahydroisoquinolin-6-yl)butanediamide",5.24,11.51
"R-2-{[4'-Methoxy-(1,1'-Biphenyl)-4-Yl]-Sulfonyl}-Amino-6-Methoxy-Hex-4-YnoicAcid",5.24,11.05
"5-(4-METHOXYBIPHENYL-3-YL)-1,2,5-THIADIAZOLIDIN-3-ONE1,1-DIOXIDE",5.24,10.48
Voxelotor,5.24,10.74
"2-[(5,6-DIPHENYLFURO[2,3-D]PYRIMIDIN-4-YL)AMINO]ETHANOL",5.24,10.65
N-Acetylglucosamine,5.24,11.57
4-Methyl-Histidine,5.24,11.39
RU90395,5.23,10.75
Talazoparib,5.23,11.34
D-phenylalanyl-N-(3-fluorobenzyl)-L-prolinamide,5.23,11.84
6-FLUORO-2-[2-HYDROXY-3-(2-METHYL-CYCLOHEXYLOXY)-PHENYL]-1H-INDOLE-5-CARBOXAMIDINE,5.23,10.72
"4-(2-{[4-{[3-(4-Chlorophenyl)Propyl]Sulfanyl}-6-(1-Piperazinyl)-1,3,5-Triazin-2-Yl]Amino}Ethyl)Phenol",5.23,11.75
Megestrolacetate,5.23,10.97
Bendazac,5.23,11.4
"(2E)-3-(3,4-DIHYDROXYPHENYL)-2-IMINOPROPANOICACID",5.23,11.49
Adenosinephosphate,5.22,10.76
"2-(6-HYDROXY-1,3-BENZOTHIAZOL-2-YL)-1,3-THIAZOL-4(5H)-ONE",5.22,11.76
gamma-Glutamylcysteine,5.22,10.97
"L-erythro-7,8-dihydrobiopterin",5.22,11.66
Hydroxyproline,5.22,10.66
Dexfosfoserine,5.22,11.09
Aminolevulinicacid,5.22,11.77
Quizartinib,5.21,11.49
Ularitide,5.21,11.33
N-{[4-(but-2-yn-1-yloxy)phenyl]sulfonyl}-5-methyl-D-tryptophan,5.21,10.93
5-[(2-AMINOETHYL)AMINO]-6-FLUORO-3-(1H-PYRROL-2-YL)BENZO[CD]INDOL-2(1H)-ONE,5.21,11.61
CRA_23653,5.21,11.52
Nilutamide,5.21,10.78
Alizapride,5.21,10.79
"N-[4-(2-Methylimidazo[1,2-a]Pyridin-3-Yl)-2-Pyrimidinyl]Acetamide",5.21,11.37
"(5E,14E)-11-oxoprosta-5,9,12,14-tetraen-1-oicacid",5.21,11.36
Zileuton,5.21,11.29
Dioxybenzone,5.21,11.9
NU1025,5.21,11.37
Alvimopan,5.2,11.55
"1-(2,6-Dichlorophenyl)-5-(2,4-Difluorophenyl)-7-Piperazin-1-Yl-3,4-Dihydroquinazolin-2(1h)-One",5.2,11.21
Nilotinib,5.2,11.2
Biotin,5.2,11.25
Dofetilide,5.2,11.56
Thymidinemonophosphate,5.2,11.03
BalanolAnalog1,5.2,12.02
2-[2-(2-Cyclohexyl-2-Guanidino-Acetylamino)-Acetylamino]-N-(3-Mercapto-Propyl)-Propionamide,5.2,11.19
Hydroxyfasudil,5.2,11.63
6-(2-HYDROXY-CYCLOPENTYL)-7-OXO-HEPTANAMIDINE,5.2,10.65
alpha-D-glucose6-phosphate,5.2,11.1
Octylphenoxypolyethoxyethanol,5.2,11.61
[1-(3-CHLORO-2-FORMYL-PHENYLCARBAMOYL)-2-METHYL-PROPYL]-CARBAMICACIDTERT-BUTYLESTER,5.2,11.11
4-AMINO-N-[(2-SULFANYLETHYL)CARBAMOYL]BENZENESULFONAMIDE,5.2,11.31
Selamectin,5.2,10.88
Isoprenaline,5.2,11.43
Mometasone,5.19,11.28
"(2S,3S)-3-AMINO-4-[(3S)-3-FLUOROPYRROLIDIN-1-YL]-N,N-DIMETHYL-4-OXO-2-(TRANS-4-[1,2,4]TRIAZOLO[1,5-A]PYRIDIN-5-YLCYCLOHEXYL)BUTANAMIDE",5.19,11.35
Managlinatdialanetil,5.19,10.88
"3-[(1E,7E)-8-(2,6-dioxo-1,2,3,6-tetrahydropyrimidin-4-yl)-3,6-dioxa-2,7-diazaocta-1,7-dien-1-yl]benzoicacid",5.19,11.5
"9-(4-Hydroxyphenyl)-2,7-Phenanthroline",5.19,11.71
Dazoxiben,5.19,11.47
"1-[(2S)-4-(5-BROMO-1H-PYRAZOLO[3,4-B]PYRIDIN-4-YL)MORPHOLIN-2-YL]METHANAMINE",5.19,11.71
Guanfacine,5.19,11
"5-Heptyl-6-hydroxy-1,3-benzothiazole-4,7-dione",5.19,10.61
Vinylglycine,5.19,11.44
5-hydroxyvalericacid,5.19,11.4
Lemborexant,5.18,11.34
(TERT-BUTYLOXYCARBONYL)-ALANYL-AMINOETHYL-FORMAMIDE,5.18,11.16
Rufloxacin,5.18,11.26
"(2S)-2-{[3-(3-aminophenyl)imidazo[1,2-b]pyridazin-6-yl]amino}-3-methylbutan-1-ol",5.18,10.64
2-(2-Hydroxy-Phenyl)-3h-Benzoimidazole-5-Carboxamidine,5.18,11.79
Irosustat,5.18,10.92
Tiapride,5.18,11.39
Carbamazepine,5.18,11.63
Citricacid,5.18,11.5
Abarelix,5.17,10.76
"(2S,3S)-3-FORMYL-2-({[(4-NITROPHENYL)SULFONYL]AMINO}METHYL)PENTANOICACID",5.17,11.17
"3-[(4-fluorophenyl)sulfanyl]-N-(4-methyl-1,3-thiazol-2-yl)-6-[(4-methyl-4H-1,2,4-triazol-3-yl)sulfanyl]pyridine-2-carboxamide",5.17,10.96
LFA703,5.17,11.19
"2-(Beta-D-Glucopyranosyl)-5-Methyl-1,2,3-Benzimidazole",5.17,11.24
Gaboxadol,5.17,11.32
Serine,5.17,10.67
Pyrazinamide,5.17,11.7
N-ACETYL-L-PHENYLALANYL-4-[DIFLUORO(PHOSPHONO)METHYL]-L-PHENYLALANINAMIDE,5.16,10.72
GSHNA,5.16,10.64
"2-MERCAPTO-N-[1,2,3,10-TETRAMETHOXY-9-OXO-5,6,7,9-TETRAHYDRO-BENZO[A]HEPTALEN-7-YL]ACETAMIDE",5.16,10.98
Arzoxifene,5.16,11.65
4-[5-(3-IODO-PHENYL)-2-(4-METHANESULFINYL-PHENYL)-1H-IMIDAZOL-4-YL]-PYRIDINE,5.16,11.26
Metocurineiodide,5.16,10.78
Acetylcysteine,5.16,11.43
Tolcapone,5.16,11.37
"4-methyl-7,8-dihydro-5H-thiopyrano[4,3-d]pyrimidin-2-amine",5.16,11.29
Dithioerythritol,5.16,11.6
Deferiprone,5.16,11.08
(R)-Propyleneglycol,5.16,10.64
"(2S)-1-[4-({6-[(2,6-Difluorophenyl)amino]-4-pyrimidinyl}amino)phenoxy]-3-(dimethylamino)-2-propanol",5.15,11.32
Palbociclib,5.15,11.71
Beta-Alanine,5.15,11.62
N-[(2S)-4-Methyl-1-oxo-1-{[(4S)-3-oxo-1-(2-pyridinylsulfonyl)-4-azepanyl]amino}-2-pentanyl]-1-benzofuran-2-carboxamide,5.14,10.78
7-methyl-guanosine-5'-triphosphate-5'-guanosine,5.14,11.24
Aspartame,5.14,11.01
"5-hydroxymethyl-5,6-dihydrofolicacid",5.14,10.74
"2,5-DICHLORO-N-(5-CHLORO-1,3-BENZOXAZOL-2-YL)BENZENESULFONAMIDE",5.14,11.07
ENMD-1198,5.14,10.9
"4-[4-(4-methoxyphenyl)-5-methyl-1H-pyrazol-3-yl]benzene-1,3-diol",5.14,11.95
Candoxatril,5.13,11.19
"1-[3,3-Dimethyl-2-(2-Methylamino-Propionylamino)-Butyryl]-Pyrrolidine-2-CarboxylicAcid(1,2,3,4-Tetrahydro-Naphthalen-1-Yl)-Amide",5.13,10.88
"[(3S)-3-(Methylcarbamoyl)-2-{[(2-methyl-2-propanyl)oxy]carbonyl}-1,2,3,4-tetrahydro-7-isoquinolinyl]sulfamicacid",5.13,11.3
"3-(1H-indol-3-yl)-4-{1-[2-(1-methylpyrrolidin-2-yl)ethyl]-1H-indol-3-yl}-1H-pyrrole-2,5-dione",5.13,11.46
"2-[5-Methanesulfonylamino-2-(4-Aminophenyl)-6-Oxo-1,6-Dihydro-1-Pyrimidinyl]-N-(3,3,3-Trifluoro-1-Isopropyl-2-Oxopropyl)Acetamide",5.13,11.33
Flurithromycin,5.13,11.54
N-(2-CHLORO-4-FLUOROBENZOYL)-N'-(5-HYDROXY-2-METHOXYPHENYL)UREA,5.13,11.43
Ambroxol,5.13,10.95
(2S)-2-HYDROXYOCTANOICACID,5.13,10.5
OPC-51803,5.12,10.69
3'-deoxy-3'-aminothymidinemonophosphate,5.12,11.43
Thiocolchicoside,5.12,10.76
N-Ethyl-5'-CarboxamidoAdenosine,5.12,11.58
Levofloxacin,5.12,11
N-omega-propyl-L-arginine,5.12,10.63
Lynestrenol,5.12,11.16
Telithromycin,5.12,11.55
"Quinonoid7,8-Tetrahydrobiopterin",5.12,11.34
6-[N-(4-(Aminomethyl)Phenyl)Carbamyl]-2-Naphthalenecarboxamidine,5.12,11.38
Hydroxyzine,5.12,11.56
LeukotrieneB4,5.12,11.42
Eugenol,5.12,11.62
2'-deoxy-N-(naphthalen-1-ylmethyl)guanosine5'-(dihydrogenphosphate),5.11,11.32
"(3-ENDO)-8-METHYL-8-AZABICYCLO[3.2.1]OCT-3-YL1H-PYRROLO[2,3-B]PYRIDINE-3-CARBOXYLATE",5.11,11.69
"1-(5-CHLORO-2,4-DIMETHOXYPHENYL)-3-(5-CYANOPYRAZIN-2-YL)UREA",5.11,11.32
Lifitegrast,5.11,11.55
6-(CYCLOHEXYLMETHOXY)-8-ISOPROPYL-9H-PURIN-2-AMINE,5.11,11.22
4-(5-Bromo-2-Oxo-2h-Indol-3-Ylazo)-Benzenesulfonamide,5.11,11.64
"(5S)-3-ANILINO-5-(2,4-DIFLUOROPHENYL)-5-METHYL-1,3-OXAZOLIDINE-2,4-DIONE",5.11,11.37
"2,3,5,6-Tetrafluoro-4-Methoxy-Benzamide",5.11,11.55
"4-[3-(dibenzylamino)phenyl]-2,4-dioxobutanoicacid",5.11,11.32
Mitiglinide,5.11,10.65
O4-Sulfonylgalactose,5.11,10.62
Sulfadimethoxine,5.11,11.41
Ezogabine,5.11,11.2
Alpha-AminoisobutyricAcid,5.11,11.39
Pentanal,5.11,11.15
"N-(1-CYANOCYCLOPROPYL)-3-({[(2S)-5-OXOPYRROLIDIN-2-YL]METHYL}SULFONYL)-N~2~-[(1S)-2,2,2-TRIFLUORO-1-(4-FLUOROPHENYL)ETHYL]-L-ALANINAMIDE",5.1,11.69
Prulifloxacin,5.1,11.39
Azilsartanmedoxomil,5.1,11.27
Inosine,5.1,10.74
Labetalol,5.1,10.77
"3h-Indole-5,6-Diol",5.1,11.8
"(10R)-10-methyl-3-(6-methylpyridin-3-yl)-9,10,11,12-tetrahydro-8H-[1,4]diazepino[5',6':4,5]thieno[3,2-f]quinolin-8-one",5.09,11.71
PHENYLALANYLAMINODI(ETHYLOXY)ETHYLBENZENESULFONAMIDEAMINOCARBONYLBENZENESULFONAMIDE,5.09,10.81
Isoleucine,5.09,10.65
Hydroquinone,5.09,11.79
Ivosidenib,5.08,11.21
Verdoheme,5.08,11.48
Boceprevir,5.08,10.67
2-((9H-PURIN-6-YLTHIO)METHYL)-5-CHLORO-3-(2-METHOXYPHENYL)QUINAZOLIN-4(3H)-ONE,5.08,11.32
Buprenorphine,5.08,11.48
Flutemetamol(18F),5.08,11.39
"3-[4-AMINO-1-(1-METHYLETHYL)-1H-PYRAZOLO[3,4-D]PYRIMIDIN-3-YL]PHENOL",5.08,12.07
3'-Phosphate-Adenosine-5'-Diphosphate,5.08,10.55
2-deoxy-2-fluoro-α-D-glucose,5.08,10.42
TG100-115,5.08,11.53
Methyldopa,5.08,10.88
SLx-4090,5.07,11.42
Iloperidone,5.07,10.74
Hydroxyprogesterone,5.07,10.94
N-(4-carbamimidoylbenzyl)-1-(3-phenylpropanoyl)-L-prolinamide,5.07,11.35
PatentBlue,5.07,10.9
"2-[({2-[(1Z)-3-(DIMETHYLAMINO)PROP-1-ENYL]-4-FLUOROPHENYL}SULFONYL)AMINO]-5,6,7,8-TETRAHYDRONAPHTHALENE-1-CARBOXYLICACID",5.07,11.54
Cyclothiazide,5.07,11.55
"2-[(2-methoxyethyl)amino]-4-(4-oxo-1,2,3,4-tetrahydro-9H-carbazol-9-yl)benzamide",5.07,11.28
Clenbuterol,5.07,10.85
2-Methyl-2-Propanol,5.07,11.15
Ritonavir,5.06,11.02
Eprotirome,5.06,11.78
Mitoxantrone,5.06,11.44
Dicoumarol,5.06,11.33
(3-Chloro-4-Propoxy-Phenyl)-AceticAcid,5.06,11.37
"(9Z,11E,13S)-13-hydroxyoctadeca-9,11-dienoicacid",5.06,11.12
Phenazopyridine,5.06,11.26
3-Methoxybenzamide,5.06,11.53
Isocarboxazid,5.06,11.56
Pipotiazine,5.05,11.17
Quinagolide,5.05,11.66
Ofloxacin,5.05,11
Asoprisnil,5.05,11.25
2-OXOHEPTYLPHOSPHONICACID,5.05,11.21
CoA-S-trimethylene-acetyl-tryptamine,5.05,10.9
Mepindolol,5.05,11.16
Tulobuterol,5.05,10.56
Phenserine,5.04,11.37
Hemi-Babim,5.04,11.62
"7-(5-DEOXY-BETA-D-RIBOFURANOSYL)-5-IODO-7H-PYRROLO[2,3-D]PYRIMIDIN-4-AMINE",5.04,11.07
Amcinonide,5.04,10.62
Ibudilast,5.04,11.43
"2-[(4-ETHYNYL-2-FLUOROPHENYL)AMINO]-3,4-DIFLUORO-N-(2-HYDROXYETHOXY)BENZAMIDE",5.04,11.46
Esomeprazole,5.04,11.39
Biopterin,5.04,10.81
"3-(3-methoxybenzyl)-1H-pyrrolo[2,3-b]pyridine",5.04,11.76
Roxadustat,5.04,11.17
Levobunolol,5.04,10.62
Anisindione,5.04,10.53
"2',3'-Dideoxyadenosine-5'-Triphosphate",5.04,10.76
L-Myo-Inositol-1-Phosphate,5.04,10.54
Silodosin,5.03,11.04
WX-UK1,5.03,11.58
acetylleucyl-leucyl-norleucinal,5.03,10.65
Flovagatran,5.03,11.24
Lefamulin,5.03,11.45
Becatecarin,5.03,10.43
"1-alpha,25-dihydroxyl-20-epi-22-oxa-24,26,27-trihomovitaminD3",5.03,11.01
"(Z,Z)-4-Hydroxy-N,N,N-Trimethyl-10-Oxo-7-[(1-Oxo-9-Octadecenyl)Oxy]-3,5,9-Trioxa-4-Phosphaheptacos-18-En-1-Aminium-4-Oxide",5.03,10.85
(2S)-1-AMINO-3-[(5-NITROQUINOLIN-8-YL)AMINO]PROPAN-2-OL,5.03,11.65
Mycophenolatemofetil,5.03,11.07
Amylmetacresol,5.03,11.31
"Trencam-3,2-Hopo",5.03,11.46
Imidazole,5.03,11.42
"N-methyl-{4-[2-(7-oxo-6,7-dihydro-8H-[1,3]thiazolo[5,4-e]indol-8-ylidene)hydrazino]phenyl}methanesulfonamide",5.02,12.07
Sitaxentan,5.02,11.23
"N-{[(2S,3S)-3-(ETHOXYCARBONYL)OXIRAN-2-YL]CARBONYL}-L-ISOLEUCYL-L-ALANINE",5.02,11.57
Lonidamine,5.02,11.41
Colforsin,5.02,11.38
N-(5-Cyclopropyl-1h-Pyrazol-3-Yl)Benzamide,5.02,11.6
N-[(4-methoxyphenyl)sulfonyl]-D-alanine,5.02,10.65
Amoxicillin,5.01,11.36
Ceftazidime,5.01,11.02
Immucillin-G,5.01,11.6
"2-AMINO-4-FLUORO-5-[(1-METHYL-1H-IMIDAZOL-2-YL)SULFANYL]-N-(1,3-THIAZOL-2-YL)BENZAMIDE",5.01,11.14
Ironsucrose,5.01,10.8
"(3R)-3-[(1,2,3,4-tetrahydroisoquinolin-7-yloxy)methyl]-2,3-dihydrothieno[2,3-f][1,4]oxazepin-5-amine",5,10.83
Triclocarban,5,11.37
2-Methoxyestradiol,5,10.88
Cefmetazole,5,11.15
Cetirizine,5,11.32
"1,8-Di-Hydroxy-4-Nitro-Anthraquinone",5,12.09
"5-methoxy-N,N-dimethyltryptamine",5,11.78
Glucose-6-Phosphate,5,11.42
Prilocaine,5,10.81
Tiopronin,5,10.85
Lorlatinib,4.99,11.25
"2-[3-(5-Mercapto-[1,3,4]thiadiazol-2yl)-ureido]-N-methyl-3-pentafluorophenyl-propionamide",4.99,11.47
Oxacillin,4.99,11.3
Sulpiride,4.99,11.34
TrifluoroacetonylcoenzymeA,4.99,11.08
Varespladibmethyl,4.99,11.38
Kifunensine,4.99,10.75
"4-[3-Methylsulfanylanilino]-6,7-Dimethoxyquinazoline",4.99,11.19
Guanine,4.99,10.56
[4-({[5-Benzyloxy-1-(3-Carbamimidoyl-Benzyl)-1h-Indole-2-Carbonyl]-Amino}-Methyl)-Phenyl]-Trimethyl-Ammonium,4.98,11.67
"19-(cyclopropylamino)-4,6,7,15-tetrahydro-5H-16,1-(azenometheno)-10,14-(metheno)pyrazolo[4,3-o][1,3,9]triazacyclohexadecin-8(9H)-one",4.98,11.44
Alvocidib,4.98,11.56
"3-({2-[(2-AMINO-6-METHYLPYRIMIDIN-4-YL)ETHYNYL]BENZYL}AMINO)-1,3-OXAZOL-2(3H)-ONE",4.98,11.09
ORE-1001,4.98,11.08
SB-269970,4.98,11.31
7-methyl-guanosine-5'-triphosphate,4.98,11.14
Landiolol,4.98,11.3
3-amino-5-phenylpentane,4.98,11.51
Laquinimod,4.98,11.5
N-(6-Aminohexyl)-5-Chloro-1-Naphthalenesulfonamide,4.98,11.38
(3E)-4-(1-METHYL-1H-INDOL-3-YL)BUT-3-EN-2-ONE,4.98,11.62
Darifenacin,4.97,11.44
Ranirestat,4.97,10.93
"2-(Oxalyl-Amino)-4,7-Dihydro-5h-Thieno[2,3-C]Thiopyran-3-CarboxylicAcid",4.97,11.57
Tetomilast,4.97,10.64
Rimonabant,4.97,11.19
alpha-L-methyl-fucose,4.97,10.76
"6-ETHYL-5-PHENYLPYRIMIDINE-2,4-DIAMINE",4.97,11.41
GlycochenodeoxycholicAcid,4.97,10.54
5-AMINO-NAPHTALENE-2-MONOSULFONATE,4.97,11.55
AMG-510,4.96,11.46
Elacytarabine,4.96,11.02
3-FLUORO-N-[1-(4-FLUOROPHENYL)-3-(2-THIENYL)-1H-PYRAZOL-5-YL]BENZENESULFONAMIDE,4.96,11.48
"N-(3-(8-CYANO-4-(PHENYLAMINO)PYRAZOLO[1,5-A][1,3,5]TRIAZIN-2-YLAMINO)PHENYL)ACETAMIDE",4.96,11.58
D-Eritadenine,4.96,10.89
Dexloxiglumide,4.96,11.82
Cilostazol,4.96,10.61
Trihexyphenidyl,4.96,11.5
3'-Deoxy3'-AminoAdenosine-5'-Diphosphate,4.96,10.85
Sincalide,4.95,11.01
CRA_16847,4.95,11.47
Avibactam,4.95,11.38
"3-({4-[(5-CHLORO-1,3-BENZODIOXOL-4-YL)AMINO]PYRIMIDIN-2-YL}AMINO)BENZAMIDE",4.95,10.98
"5-(3-HYDROXYPHENYL)ISOTHIAZOL-3(2H)-ONE1,1-DIOXIDE",4.95,11.71
5-[2-(1H-pyrrol-1-yl)ethoxy]-1H-indole,4.95,11.45
Rutin,4.95,11.04
Isoniazid,4.95,11.42
AcetoaceticAcid,4.95,11.36
Triptorelin,4.94,10.64
Rifampicin,4.94,11.41
Cenisertib,4.94,12.62
Testosteronepropionate,4.94,10.79
Hydrocortisone,4.94,10.8
Nafcillin,4.94,11.67
Bedoradrine,4.94,11.28
Levallorphan,4.94,11.35
"(5S,8R,9S,10S,13R,14S,17S)-13-{2-[(3,5-DIFLUOROBENZYL)OXY]ETHYL}-17-HYDROXY-10-METHYLHEXADECAHYDRO-3H-CYCLOPENTA[A]PHENANTHREN-3-ONE",4.94,11.57
L-1-(4-chlorophenyl)-2-(acetamido)ethaneboronicacid,4.94,11.04
"2-deoxy-2,3-dehydro-N-acetylneuraminicacid",4.94,10.66
2-(2-Hydroxy-5-Methoxy-Phenyl)-1h-Benzoimidazole-5-Carboxamidine,4.94,11.83
(4-ETHYLPHENYL)SULFAMICACID,4.94,11
Budesonide,4.93,11.27
Acidyellow54freeacid,4.93,11.14
(2S)-2-[3-(AMINOMETHYL)PHENYL]-3-{(R)-HYDROXY[(1R)-2-METHYL-1-{[(3-PHENYLPROPYL)SULFONYL]AMINO}PROPYL]PHOSPHORYL}PROPANOICACID,4.93,11.06
Tandutinib,4.93,10.85
3-(6-HYDROXY-NAPHTHALEN-2-YL)-BENZO[D]ISOOXAZOL-6-OL,4.93,11.16
"Imino[2-(2-oxo-1,2-dihydro-3-pyridinyl)-1H-benzimidazol-5-yl]methanaminium",4.93,11.72
Albendazole,4.93,11.01
S-octylglutathione,4.93,10.55
"1-[(2S)-4-(5-phenyl-1H-pyrazolo[3,4-b]pyridin-4-yl)morpholin-2-yl]methanamine",4.92,11.7
"4-{[5-(CYCLOHEXYLAMINO)[1,2,4]TRIAZOLO[1,5-A]PYRIMIDIN-7-YL]AMINO}BENZENESULFONAMIDE",4.92,10.62
Oxyphencyclimine,4.92,11.22
Eprosartan,4.92,11.09
Vinblastine,4.92,11.68
Nonoxynol-9,4.92,11.39
Dihydralazine,4.92,11.3
Amiloride,4.92,11.46
Batimastat,4.91,10.68
AR-9281,4.91,11.59
Eravacycline,4.91,11.54
Phosphomethylphosphonicacidguanosylester,4.91,11.05
Oseltamivir,4.91,11.51
Dexmedetomidine,4.91,10.8
Diacerein,4.91,10.87
4-(acetylamino)-N-(4-fluorophenyl)-1H-pyrazole-3-carboxamide,4.91,11.54
"4-[3-(4-chlorophenyl)-2,1-benzisoxazol-5-yl]pyrimidin-2-amine",4.91,11.09
N-METHYL-1-[4-(9H-PURIN-6-YL)PHENYL]METHANAMINE,4.91,10.48
Monobenzone,4.91,11.38
S-Acetyl-Cysteine,4.91,10.61
SP4160,4.9,11.44
"(9R,10R)-9-(S-glutathionyl)-10-hydroxy-9,10-dihydrophenanthrene",4.9,10.67
3-({2-[(4-{[6-(CYCLOHEXYLMETHOXY)-9H-PURIN-2-YL]AMINO}PHENYL)SULFONYL]ETHYL}AMINO)PROPAN-1-OL,4.9,10.54
"2,4-Diamino-6-[N-(2',5'-Dimethoxybenzyl)-N-Methylamino]Quinazoline",4.9,10.79
Felodipine,4.9,11.29
"5-Carbamoyl-1,1':4',1''-terphenyl-3-carboxylicacid",4.9,10.48
Biphenylalanine,4.9,10.51
Salmeterol,4.9,10.71
1-Hydroxy-2-Amino-3-Cyclohexylpropane,4.9,11.61
"1,3,2-Dioxaborolan-2-Ol",4.9,10.91
3-FLUORO-5-MORPHOLIN-4-YL-N-[1-(2-PYRIDIN-4-YLETHYL)-1H-INDOL-6-YL]BENZAMIDE,4.89,11.15
N-(1-ISOPROPYLPIPERIDIN-4-YL)-1-(3-METHOXYBENZYL)-1H-INDOLE-2-CARBOXAMIDE,4.89,11.6
"{[(2,6-difluorophenyl)carbonyl]amino}-N-(4-fluorophenyl)-1H-pyrazole-3-carboxamide",4.89,11.63
Dihydro-alpha-ergocryptine,4.89,11.43
Gavestinel,4.89,11.62
Warfarin,4.89,11.3
"1,1,1-TRIFLUORO-3-ACETAMIDO-4-PHENYLBUTAN-2-ONE(N-ACETYL-L-PHENYLALANYLTRIFLUOROMETHYLKETONE)",4.89,11.15
octyl3-deoxy-2-O-(6-deoxy-alpha-L-galactopyranosyl)-beta-D-xylo-hexopyranoside,4.89,10.55
Topiroxostat,4.89,10.87
"5-{4-[(3,5-DIFLUOROBENZYL)AMINO]PHENYL}-6-ETHYLPYRIMIDINE-2,4-DIAMINE",4.88,11.48
LY-517717,4.88,11.62
"(9ALPHA,13BETA,17BETA)-2-[(1Z)-BUT-1-EN-1-YL]ESTRA-1,3,5(10)-TRIENE-3,17-DIOL",4.88,11.34
Aminosalicylicacid,4.88,11.36
"(3AS,4R,9BR)-2,2-DIFLUORO-4-(4-HYDROXYPHENYL)-1,2,3,3A,4,9B-HEXAHYDROCYCLOPENTA[C]CHROMEN-8-OL",4.87,11.25
MMI-175,4.87,11.07
Tolvaptan,4.87,11.43
N-[4-(3-BROMO-PHENYLAMINO)-QUINAZOLIN-6-YL]-ACRYLAMIDE,4.87,11.18
"2-[4-(DIMETHYLAMINO)PHENYL]-6-HYDROXY-3-METHYL-1,3-BENZOTHIAZOL-3-IUM",4.87,11.65
Estrone,4.87,11.36
CRA_8696,4.87,11.67
5-Chloro-1h-Indole-2-CarboxylicAcid{[Cyclopentyl-(2-Hydroxy-Ethyl)-Carbamoyl]-Methyl}-Amide,4.87,10.73
Thiamylal,4.87,11.37
3'-deoxyguanosine,4.87,11.91
"[2-(5-Mercapto-[1,3,4]thiadiazol-2-ylcarbamoyl)-1-phenyl-ethyl]-carbamicacidbenzylester",4.87,11.55
Baricitinib,4.86,11.57
Atorvastatin,4.86,11.38
Hydrocortisoneprobutate,4.86,10.94
Ombitasvir,4.86,11.34
N-butyl-3-{[6-(9H-purin-6-ylamino)hexanoyl]amino}benzamide,4.86,11.03
"(R)-1-(4-(4-(Hydroxymethyl)-1,3,2-dioxaborolan-2-YL)phenyl)guanidine",4.86,11.23
AmidoPhenylPyruvicAcid,4.86,11.49
"2-fluoro-6-{[2-({2-methoxy-4-[(methylsulfonyl)methyl]phenyl}amino)-7H-pyrrolo[2,3-d]pyrimidin-4-yl]amino}benzamide",4.85,11.76
"[(3R)-3-(Methylcarbamoyl)-2-{[(2-methyl-2-propanyl)oxy]carbonyl}-1,2,3,4-tetrahydro-7-isoquinolinyl]sulfamicacid",4.85,11.3
N-cyclooctylglycyl-N-(4-carbamimidoylbenzyl)-L-prolinamide,4.85,11.49
CordycepinTriphosphate,4.85,10.75
1-[4-(2-oxo-2-phenylethyl)phenyl]guanidine,4.85,11.41
Zopiclone,4.85,10.7
"3,6-dihydroxy-xanthene-9-propionicacid",4.85,11.26
Somatostatin,4.84,10.65
Eribaxaban,4.84,10.7
Fulvestrant,4.84,10.67
Testosteronecypionate,4.84,10.75
"1-Tert-Butyl-3-(4-Chloro-Phenyl)-1h-Pyrazolo[3,4-D]Pyrimidin-4-Ylamine",4.84,11.19
Beta-D-GlucopyranoseSpirohydantoin,4.84,10.4
"(3Z)-1-[(6-fluoro-4H-1,3-benzodioxin-8-yl)methyl]-4-phenyl-1H-indole-2,3-dione3-oxime",4.84,11.1
Cefuroxime,4.84,11.61
NGX267,4.84,11.53
Estradiolacetate,4.84,10.77
"2-methyl-3,5,7,8-tetrahydro-4H-thiopyrano[4,3-d]pyrimidin-4-one",4.84,11.52
Phosphatidylethanolamine,4.84,10.92
"(3aS,4R,9bR)-2,2-difluoro-4-(4-hydroxyphenyl)-6-(methoxymethyl)-1,2,3,3a,4,9b-hexahydrocyclopenta[c]chromen-8-ol",4.83,10.82
Methyl(2S)-2-[[2-[(3R)-1-carbamimidoylpiperidin-3-yl]acetyl]amino]-3-[4-(2-phenylethynyl)phenyl]propanoate,4.83,11.2
"4-Amino-2-[(3-chlorophenyl)amino]-5-(4-fluorobenzoyl)-1,3-thiazol-3-ium",4.83,10.79
Seletracetam,4.83,11.7
"(2S)-1,3-benzothiazol-2-yl{2-[(2-pyridin-3-ylethyl)amino]pyrimidin-4-yl}ethanenitrile",4.83,10.73
Fidarestat,4.83,10.93
"2-(1,1-DIMETHYLETHYL)9-FLUORO-3,6-DIHYDRO-7H-BENZ[H]-IMIDAZ[4,5-F]ISOQUINOLIN-7-ONE",4.83,12
Cysteamine,4.83,11.71
"PhosphoricAcidMono-[3-Fluoro-5-(5-Methyl-2,4-Dioxo-3,4-Dihydro-2h-Pyrimidin-1-Yl)-Tetrahyro-Furan-2-Ylmethyl]Ester",4.82,11.31
"(5R)-2-[(2-Fluorophenyl)amino]-5-isopropyl-1,3-thiazol-4(5H)-one",4.82,11.3
Tirofiban,4.82,10.64
Fesoterodine,4.82,11.14
Ganciclovir,4.82,11.55
LeucinePhosphonicAcid,4.82,10.62
1-CHLORO-6-(4-HYDROXYPHENYL)-2-NAPHTHOL,4.82,11.69
"(2S,3S)-3-AMINO-4-(3,3-DIFLUOROPYRROLIDIN-1-YL)-N,N-DIMETHYL-4-OXO-2-(TRANS-4-[1,2,4]TRIAZOLO[1,5-A]PYRIDIN-6-YLCYCLOHEXYL)BUTANAMIDE",4.81,10.93
VX-702,4.81,11.31
Alclometasone,4.81,11.45
Bictegravir,4.81,11.14
Scopolamine,4.81,11.17
Lidoflazine,4.81,10.85
Etonogestrel,4.81,11.1
"3-Carboxy-N,N,N-Trimethyl-2-(Octanoyloxy)Propan-1-Aminium",4.81,10.74
"8-ethyl-3,10,10-trimethyl-4,5,6,8,10,12-hexahydropyrazolo[4',3':6,7]cyclohepta[1,2-b]pyrrolo[2,3-f]indol-9(1H)-one",4.8,11.36
Liothyronine,4.8,10.83
"3-(CARBOXYMETHOXY)THIENO[2,3-B]PYRIDINE-2-CARBOXYLICACID",4.8,11.16
4-(METHYLSULFONYL)BENZENECARBOXIMIDAMIDE,4.8,11.5
"N-(2-chloro-6-methylphenyl)-8-[(3S)-3-methylpiperazin-1-yl]imidazo[1,5-a]quinoxalin-4-amine",4.79,11.19
Naldemedine,4.79,11.27
"N6-(2,5-Dimethoxy-Benzyl)-N6-Methyl-Pyrido[2,3-D]Pyrimidine-2,4,6-Triamine",4.79,11.18
3-OXO-N-[(3S)-2-OXOPYRROLIDIN-3-YL]DODECANAMIDE,4.79,11.45
Flurandrenolide,4.79,11.21
"(2Z,3E)-2,3'-biindole-2',3(1H,1'H)-dione3-{O-[(3R)-3,4-dihydroxybutyl]oxime}",4.79,11.42
PARA-NITROBENZYLGLUTARYLGLYCINICACID,4.79,11.29
Pirbuterol,4.79,11.58
4-(2-aminoethyl)-2-ethylphenol,4.79,11.2
"5-Amino-1h-Pyrimidine-2,4-Dione",4.79,11.73
Sparsentan,4.78,10.68
"1,1,1-TRIFLUORO-3-((N-ACETYL)-L-LEUCYLAMIDO)-4-PHENYL-BUTAN-2-ONE(N-ACETYL-L-LEUCYL-L-PHENYLALANYLTRIFLUOROMETHYLKETONE)",4.78,10.71
Droperidol,4.78,11.39
"5-(2-ETHOXYETHYL)-5-[4-(4-FLUOROPHENOXY)PHENOXY]PYRIMIDINE-2,4,6(1H,3H,5H)-TRIONE",4.78,10.92
Norelgestromin,4.78,11.23
"4-Oxo-2-Phenylmethanesulfonyl-Octahydro-Pyrrolo[1,2-a]Pyrazine-6-CarboxylicAcid[1-(N-Hydroxycarbamimidoyl)-Piperidin-4-Ylmethyl]-Amide",4.78,11.52
D-1-(4-chlorophenyl)-2-(acetamido)ethaneboronicacid,4.78,11.04
Pardoprunox,4.78,11.53
"N-[2-methyl-5-(methylcarbamoyl)phenyl]-2-{[(1R)-1-methylpropyl]amino}-1,3-thiazole-5-carboxamide",4.78,10.88
"N'-(3-CHLORO-4-METHOXY-PHENYL)-N-(3,4,5-TRIMETHOXYPHENYL)-1,3,5-TRIAZINE-2,4-DIAMINE",4.78,11.81
Penicillamine,4.78,11.47
S-PALMITOYL-L-CYSTEINE,4.78,10.59
"6-chloro-N-pyrimidin-5-yl-3-{[3-(trifluoromethyl)phenyl]amino}-1,2-benzisoxazole-7-carboxamide",4.77,11.26
Bucindolol,4.77,10.8
Gabapentinenacarbil,4.77,11.01
Isosorbidemononitrate,4.77,10.66
Eplivanserin,4.77,11.47
DihydrolipoicAcid,4.77,11.56
DADLE,4.76,10.43
Afatinib,4.76,11.1
"N-(3-chlorophenyl)-N-methyl-2-oxo-3-[(3,4,5-trimethyl-1H-pyrrol-2-yl)methyl]-2H-indole-5-sulfonamide",4.76,11.35
3-Hydroxybutyryl-CoenzymeA,4.76,11.03
AL4623,4.76,10.71
N-({(2S)-1-[(3R)-3-AMINO-4-(2-FLUOROPHENYL)BUTANOYL]PYRROLIDIN-2-YL}METHYL)BENZAMIDE,4.76,11.33
Y-700,4.76,11.22
Bupranolol,4.76,11.16
Myricetin,4.76,11.09
PASBN,4.76,11.47
Naratriptan,4.75,11.55
"CYCLOHEXYLMETHYL-2,3-DIHYDROXY-5-METHYL-HEXYLAMIDE",4.75,11.03
Temocapril,4.74,11.33
"1-((1R,2S)-1-{2-[2-(4-CHLOROPHENYL)-1,3-BENZOXAZOL-7-YL]ETHYL}-2-HYDROXYPROPYL)-1H-IMIDAZOLE-4-CARBOXAMIDE",4.74,11.49
R-1487,4.74,11.33
(Hydroxyethyloxy)Tri(Ethyloxy)Octane,4.74,10.79
P-Nitrophenol,4.74,11.43
Degarelix,4.73,10.68
2-[2-ETHANESULFONYLAMINO-3-(5-PROPOXY-1H-INDOL-3-YL)-PROPIONYLAMINO]-PENTANEDIOICACID5-AMIDE1-(4-CARBAMIMIDOYL-BENZYLAMIDE),4.73,11.55
"2-(6-CHLORO-3-{[2,2-DIFLUORO-2-(2-PYRIDINYL)ETHYL]AMINO}-2-OXO-1(2H)-PYRAZINYL)-N-[(2-FLUORO-3-METHYL-6-PYRIDINYL)METHYL]ACETAMIDE",4.73,11.42
Anisodamine,4.73,10.85
Nintedanib,4.73,11.6
Semaxanib,4.73,11.72
"1-BENZYL-4-[(5,6-DIMETHOXY-1-INDANON-2-YL)METHYL]PIPERIDINE",4.73,10.75
Naloxone,4.73,11.34
"4-{[5-(CYCLOHEXYLOXY)[1,2,4]TRIAZOLO[1,5-A]PYRIMIDIN-7-YL]AMINO}BENZENESULFONAMIDE",4.73,10.66
"4-[(3R)-3-Amino-4-(2,4,5-trifluorophenyl)butanoyl]-3-(2,2,2-trifluoroethyl)-1,4-diazepan-2-one",4.73,11.37
"5,8-Di-Amino-1,4-Dihydroxy-Anthraquinone",4.73,11.79
Geneticin,4.73,11.58
Mesalazine,4.73,11.19
2-Amino-6-Chloropyrazine,4.73,11.46
Fluocinoloneacetonide,4.72,10.56
"5-CHLORO-N-((1R,2S)-2-(4-(2-OXOPYRIDIN-1(2H)-YL)BENZAMIDO)CYCLOPENTYL)THIOPHENE-2-CARBOXAMIDE",4.72,11.69
Tesaglitazar,4.72,11.42
Sapropterin,4.72,11.32
Ritodrine,4.72,11.41
Forasartan,4.71,10.68
D-phenylalanyl-N-[(1S)-4-{[amino(iminio)methyl]amino}-1-(chloroacetyl)butyl]-L-prolinamide,4.71,10.75
"4-[(10s,14s,18s)-18-(2-Amino-2-Oxoethyl)-14-(1-Naphthylmethyl)-8,17,20-Trioxo-7,16,19-Triazaspiro[5.14]Icos-11-En-10-Yl]BenzylphosphonicAcid",4.71,11.55
Telaprevir,4.71,11.52
"3-[(5s)-1-Acetyl-3-(2-Chlorophenyl)-4,5-Dihydro-1h-Pyrazol-5-Yl]Phenol",4.71,11.38
"2,4,6-Triaminoquinazoline",4.71,10.67
S-2-(Boronoethyl)-L-Cysteine,4.71,10.46
Alpha-Hydroxy-Beta-Phenyl-PropionicAcid,4.71,10.65
Enalaprilat,4.7,10.6
"4-(4-chlorobenzyl)-1-(7H-pyrrolo[2,3-d]pyrimidin-4-yl)piperidin-4-aminium",4.7,11.06
TG-100801,4.7,11.48
"2-[3-chloro-6-[2,2-difluoro-2-(1-oxidopyridin-1-ium-2-yl)ethyl]imino-1-hydroxypyridin-2-yl]-N-[(1R)-1-(3-chlorophenyl)ethyl]acetamide",4.7,11.56
"Adenosine-5'-diphosphate-2',3'-vanadate",4.7,11.16
Tridihexethyl,4.7,11.66
Nystatin,4.7,11.49
Dinoprosttromethamine,4.7,11.03
2-deoxy-2-fluoro-alpha-D-mannosylfluoride,4.7,10.62
Candoxatrilat,4.69,10.67
"N-1,2,3,4-Tetrahydronaphth-1-Yl-2'-[3,5-Dimethoxybenzamido]-2'-Deoxy-Adenosine",4.69,11.05
Uridine,4.69,10.58
ReidispongiolideC,4.69,11.76
Hesperetin,4.69,11.68
"4,6-Dideoxy-4-{[4,5,6-Trihydroxy-3-(Hydroxymethyl)Cyclohex-2-En-1-Yl]Amino}-Alpha-D-Lyxo-Hexopyranosyl-(1->4)-Alpha-D-Threo-Hexopyranosyl-(1->6)-Alpha-L-Threo-Hexopyranose",4.69,10.66
"{[5-(5-nitro-2-furyl)-1,3,4-oxadiazol-2-yl]thio}aceticacid",4.69,11.42
"3,5-Dimethyl-1h-Pyrazole-4-CarboxylicAcidEthylEster",4.69,11.55
"(2S,3S)-4-cyclopropyl-3-{(3R,5R)-3-[2-fluoro-4-(methylsulfonyl)phenyl]-1,2,4-oxadiazolidin-5-yl}-1-[(3S)-3-fluoropyrrolidin-1-yl]-1-oxobutan-2-amine",4.68,10.76
N-[1-Hydroxycarboxyethyl-Carbonyl]Leucylamino-2-Methyl-Butane,4.68,10.75
"(5E)-12-CHLORO-13,15-DIHYDROXY-4,7,8,9-TETRAHYDRO-2-BENZOXACYCLOTRIDECINE-1,10(3H,11H)-DIONE",4.68,11.35
"(2R,3R,4S,5R)-2-acetamido-3,4-dihydroxy-5-hydroxymethyl-piperidine",4.68,10.93
Lithiumcitrate,4.68,10.94
4-[(6-chloropyrazin-2-yl)amino]benzenesulfonamide,4.67,11.03
Oxybutynin,4.67,11.37
Opicapone,4.67,10.67
(Z)-3-BENZYL-5-(2-HYDROXY-3-NITROBENZYLIDENE)-2-THIOXOTHIAZOLIDIN-4-ONE,4.67,12.06
Bopindolol,4.67,10.63
"4-(2,5-DIAMINO-5-HYDROXY-PENTYL)-PHENOL",4.67,11.71
ETHYL(1E)-2-PHENYL-N-(SULFOOXY)ETHANIMIDOTHIOATE,4.67,11.35
Cytidine,4.67,10.66
"1,2,3,4-Tetrahydro-Isoquinoline-7-SulfonicAcidAmide",4.67,11.39
"1,4-Dideoxy-5-Dehydro-O2-Sulfo-GlucuronicAcid",4.67,10.6
2-Cyclopropylmethylenepropanal,4.67,10.83
"(1S)-1-(1H-INDOL-3-YLMETHYL)-2-(2-PYRIDIN-4-YL-[1,7]NAPHTYRIDIN-5-YLOXY)-EHYLAMINE",4.66,11.77
N-[1-(4-CARBAMIMIDOYL-BENZYLCARBAMOYL)-3-METHYLSULFANYL-PROPYL]-3-HYDROXY-2-PROPOXYAMINO-BUTYRAMID,4.66,11.38
Velusetrag,4.66,11.46
Clorazepicacid,4.66,10.57
"Compound5,2-(Naphthalen-1-Yl-Oxalyl-Amino)-Benzoicacid",4.66,11.49
"3-Hydroxymethyl-5-Aziridinyl-1methyl-2-[1h-Indole-4,7-Dione]-Propanol",4.66,11.58
5-phospho-D-arabinohydroxamicacid,4.66,11.41
5-Bromonicotinamide,4.66,11.65
3-Oxiran-2ylalanine,4.66,10.76
"N-anthracen-2-yl-5-methyl[1,2,4]triazolo[1,5-a]pyrimidin-7-amine",4.65,11.44
CTS-1027,4.65,11.26
"(S)-2-CHLORO-N-(1-(2-(2-HYDROXYETHYLAMINO)-2-OXOETHYL)-2-OXO-1,2,3,4-TETRAHYDROQUINOLIN-3-YL)-6H-THIENO[2,3-B]PYRROLE-5-CARBOXAMIDE",4.65,10.81
Gimatecan,4.65,11.41
"Cp-166572,2-Hydroxymethyl-4-(4-N,N-Dimethylaminosulfonyl-1-Piperazino)-Pyrimidine",4.65,11.68
Puromycin,4.64,11.14
"2-[(2,4-DICHLOROBENZOYL)AMINO]-5-(PYRIMIDIN-2-YLOXY)BENZOICACID",4.64,11.08
BrefeldinA,4.64,11.03
"N-{5-[4-(4-METHYLPIPERAZIN-1-YL)PHENYL]-1H-PYRROLO[2,3-B]PYRIDIN-3-YL}NICOTINAMIDE",4.64,11.56
Esmolol,4.64,11.27
3-phenyl-5-(1H-pyrazol-3-yl)isoxazole,4.64,11.64
Zaltoprofen,4.63,10.45
4-(4-hydroxy-3-methylphenyl)-6-phenylpyrimidin-2(5H)-one,4.63,11.69
7-ethyl-10-hydroxycamptothecin,4.63,11.41
4-[(5-CHLOROINDOL-2-YL)SULFONYL]-2-(2-METHYLPROPYL)-1-[[5-(PYRIDIN-4-YL)PYRIMIDIN-2-YL]CARBONYL]PIPERAZINE,4.63,11.23
"N-[(2R,3S)-3-AMINO-2-HYDROXY-4-PHENYLBUTYL]NAPHTHALENE-2-SULFONAMIDE",4.63,11.54
1-Hydroxyamine-2-IsobutylmalonicAcid,4.63,10.61
Meclofenamicacid,4.63,11.62
Triamcinolone,4.62,10.88
Testosterone,4.62,10.5
"(2R)-1-[4-({4-[(2,5-Dichlorophenyl)amino]-2-pyrimidinyl}amino)phenoxy]-3-(dimethylamino)-2-propanol",4.62,11.66
Ketanserin,4.62,11.54
"5-(4-Morpholin-4-Yl-Phenylsulfanyl)-2,4-Quinazolinediamine",4.62,11.32
Iopodicacid,4.62,11.38
Dexlansoprazole,4.62,11.36
N-[3-(1H-BENZIMIDAZOL-2-YL)-1H-PYRAZOL-4-YL]BENZAMIDE,4.62,11.35
LJP1082,4.62,10.55
Selenocysteine,4.62,10.59
5'-O-(L-Cysteinylsulfamoyl)adenosine,4.61,10.99
Vindesine,4.61,11.63
"5-chloro-N-{4-[(1R)-1,2-dihydroxyethyl]phenyl}-1H-indole-2-carboxamide",4.61,11.52
Glyceraldehyde-3-Phosphate,4.61,11.2
Methylalpha-D-mannoside,4.61,10.59
Lacticacid,4.61,10.69
ConcanamycinA,4.6,11.4
DPDPE,4.6,11.59
LGD2941,4.6,10.69
Carbenoxolone,4.6,11.3
"(5Z)-13-CHLORO-14,16-DIHYDROXY-3,4,7,8,9,10-HEXAHYDRO-1H-2-BENZOXACYCLOTETRADECINE-1,11(12H)-DIONE",4.6,11.31
6-{[(CYCLOHEXYLAMINO)CARBONYL]AMINO}HEXANOICACID,4.6,10.46
Ciclopirox,4.6,11.29
4-[Hydroxy-[Methyl-Phosphinoyl]]-3-Oxo-ButanoicAcid,4.6,11.53
NitrilotriaceticAcid,4.6,12.15
"(3Z)-N,N-DIMETHYL-2-OXO-3-(4,5,6,7-TETRAHYDRO-1H-INDOL-2-YLMETHYLIDENE)-2,3-DIHYDRO-1H-INDOLE-5-SULFONAMIDE",4.59,11.82
"2-(4-ETHYLPIPERAZIN-1-YL)-4-(PHENYLAMINO)PYRAZOLO[1,5-A][1,3,5]TRIAZINE-8-CARBONITRILE",4.59,10.9
Encainide,4.59,11.19
Tenoxicam,4.59,10.36
Levonordefrin,4.59,11.59
"1-[4-(4-chlorobenzyl)-1-(7H-pyrrolo[2,3-d]pyrimidin-4-yl)piperidin-4-yl]methanamine",4.58,11.29
Exemestane,4.58,11.31
2-[(7-HYDROXY-NAPHTHALEN-1-YL)-OXALYL-AMINO]-BENZOICACID,4.58,11.74
"9-DEAZAINOSINE-2',3'-O-ETHYLIDENEPHOSPHONATE",4.57,11.2
N~2~-(biphenyl-4-ylsulfonyl)-N-hydroxy-N~2~-(2-hydroxyethyl)glycinamide,4.57,10.64
EM-1745,4.57,11.06
2'-O-AcetylAdenosine-5-Diphosphoribose,4.57,10.8
Benzoyl-tyrosine-alanine-fluoro-methylketone,4.57,10.67
4-[(1S)-1-(3-fluoro-4-methoxyphenyl)-2-(2-methoxy-5-nitrophenyl)ethyl]-1H-imidazol-2-amine,4.57,11.64
"4-[3-Hydroxyanilino]-6,7-Dimethoxyquinazoline",4.57,11.21
RU78262,4.57,11.51
N-methylnicotinamide,4.57,11.72
"3-AMINO-3-BENZYL-9-CARBOXAMIDE[4.3.0]BICYCLO-1,6-DIAZANONAN-2-ONE",4.56,10.8
"4-{3-CHLORO-4-[3-(2,4-DICHLORO-BENZOYL)-UREIDO]-PHENOXY}-BUTYRICACID",4.56,11.24
Tyropanoicacid,4.56,10.76
"N-[5-(ETHYLSULFONYL)-2-METHOXYPHENYL]-5-[3-(2-PYRIDINYL)PHENYL]-1,3-OXAZOL-2-AMINE",4.56,11.42
"(5BETA)-PREGNANE-3,20-DIONE",4.56,11.57
Fosphenytoin,4.56,11.48
Benserazide,4.56,10.88
Isavuconazole,4.55,11.39
Betamethasone,4.55,11
beta-phenyl-D-phenylalanyl-N-propyl-L-prolinamide,4.55,11.42
(Z)-2-[2-(4-methylpiperazin-1-yl)benzyl]diazenecarbothioamide,4.55,11.18
N-[(1S)-1-(aminocarbonyl)-4-(ethanimidoylamino)butyl]benzamide,4.55,11.29
Alanine,4.55,10.66
Calcipotriol,4.54,10.75
"6-(2,6-DICHLOROPHENYL)-2-{[3-(HYDROXYMETHYL)PHENYL]AMINO}-8-METHYLPYRIDO[2,3-D]PYRIMIDIN-7(8H)-ONE",4.54,11.82
6-DeoxyerythronolideB,4.54,11.6
N-[(2-AMINO-6-METHYLPYRIMIDIN-4-YL)METHYL]-3-{[(E)-(2-OXODIHYDROFURAN-3(2H)-YLIDENE)METHYL]AMINO}BENZENESULFONAMIDE,4.54,11.08
4-Hydroxy-3-[(1s)-3-Oxo-1-Phenylbutyl]-2h-Chromen-2-One,4.54,11.3
3-FLUORO-4-HYDROXYBENZALDEHYDEO-(CYCLOHEXYLCARBONYL)OXIME,4.54,10.64
"4-(2,5-Dichloro-Thiophen-3-Yl)-Pyrimidin-2-Ylamine",4.54,10.74
Neratinib,4.53,10.95
1-(5-Tert-Butyl-2-Methyl-2h-Pyrazol-3-Yl)-3-(4-Chloro-Phenyl)-Urea,4.53,10.87
Armodafinil,4.53,10.67
Sulfaphenazole,4.53,11.31
3-[5-(2-nitropent-1-en-1-yl)furan-2-yl]benzoicacid,4.53,11.16
Beta-(2-Naphthyl)-Alanine,4.53,11.35
"4-Hydroxy-1,2,5-oxadiazole-3-carboxylicacid",4.53,11.51
Bis(5-Amidino-Benzimidazolyl)MethaneZinc,4.52,10.98
Boldenone,4.52,10.8
"3-(2-CHLOROPHENYL)-1-(2-{[(1S)-2-HYDROXY-1,2-DIMETHYLPROPYL]AMINO}PYRIMIDIN-4-YL)-1-(4-METHOXYPHENYL)UREA",4.52,11.25
"4-{4-[2-(1A,7A-DIMETHYL-4-OXY-OCTAHYDRO-1-OXA-4-AZA-CYCLOPROPA[A]NAPHTHALEN-4-YL)-ACETYLAMINO]-PHENYLCARBAMOYL}-BUTYRICACID",4.52,11.19
(2E)-N-{4-[(3-bromophenyl)amino]quinazolin-6-yl}-4-(dimethylamino)but-2-enamide,4.52,10.92
1-Amino-6-Cyclohex-3-Enylmethyloxypurine,4.52,10.63
Atracuriumbesylate,4.52,10.77
2-fluoro-4-[4-(4-fluorophenyl)-1H-pyrazol-3-yl]pyridine,4.52,11.32
Acetazolamide,4.52,11.63
Bromfenac,4.52,11.27
4-AminoHexanoicAcid,4.52,11.3
Saredutant,4.51,11.67
Telmisartan,4.51,11.62
Fosinopril,4.51,10.57
"N-(3,5-dimethoxyphenyl)imidodicarbonimidicdiamide",4.51,11.55
9-deazainosine,4.51,11.09
Taurochenodeoxycholicacid,4.51,10.52
4-hydroxycoumarin,4.51,11.46
Synephrine,4.51,11.65
9-Methylguanine,4.51,10.59
Diltiazem,4.5,11.49
"4-[(1E,7E)-8-(2,6-DIOXO-1,2,3,6-TETRAHYDROPYRIMIDIN-4-YL)-3,6-DIOXA-2,7-DIAZAOCTA-1,7-DIEN-1-YL]BENZOICACID",4.5,11.46
N-(PARA-GLUTARAMIDOPHENYL-ETHYL)-PIPERIDINIUM-N-OXIDE,4.5,10.99
2-[1-(4-chlorobenzoyl)-5-methoxy-2-methyl-1H-indol-3-yl]-n-[(1R)-1-(hydroxymethyl)propyl]acetamide,4.5,11.12
Inositol,4.5,11.19
Isavuconazonium,4.49,10.69
ProstaglandinD2,4.49,10.78
3-{[(3-FLUORO-3'-METHOXYBIPHENYL-4-YL)AMINO]CARBONYL}THIOPHENE-2-CARBOXYLICACID,4.49,11.31
"2-Hexyloxy-6-Hydroxymethyl-Tetrahydro-Pyran-3,4,5-Triol",4.49,10.42
"6-HYDROXY-1,3-BENZOTHIAZOLE-2-SULFONAMIDE",4.49,11.73
"3H-pyrazolo[4,3-d]pyrimidin-7-ol",4.49,11.51
Niguldipine,4.48,11.55
Cyclicadenosinemonophosphate,4.48,11.66
"N-{[(2S,3S)-3-(ETHOXYCARBONYL)OXIRAN-2-YL]CARBONYL}-L-ISOLEUCINE",4.48,11.65
Hydrocodone,4.48,11.35
Edrophonium,4.48,11.59
Paliperidone,4.47,10.82
Erteberel,4.47,11.56
"(3Z)-6-(4-HYDROXY-3-METHOXYPHENYL)-3-(1H-PYRROL-2-YLMETHYLENE)-1,3-DIHYDRO-2H-INDOL-2-ONE",4.47,10.47
"2-HYDROXYMETHYL-6-OCTYLSULFANYL-TETRAHYDRO-PYRAN-3,4,5-TRIOL",4.47,10.56
Tanaproget,4.47,11.35
Furoyl-Leucine,4.47,10.7
"2-CHLORO-N-[(3R)-2-OXO-1,2,3,4-TETRAHYDROQUINOLIN-3-YL]-6H-THIENO[2,3-B]PYRROLE-5-CARBOXAMIDE",4.46,11.05
Belinostat,4.46,11.68
Dopamine,4.46,11.41
Valspodar,4.45,11.47
"1-(5-{2-[(1-methyl-1H-pyrazolo[4,3-d]pyrimidin-7-yl)amino]ethyl}-1,3-thiazol-2-yl)-3-[3-(trifluoromethyl)phenyl]urea",4.45,11.38
D-1-naphthyl-2-acetamido-ethaneboronicacid,4.45,11.32
Otilonium,4.45,11.37
Mefloquine,4.45,11.06
9-Deazaguanine,4.45,10.76
Ospemifene,4.45,11.6
ISOQUINOLINE-5-SULFONICACID(2-(2-(4-CHLOROBENZYLOXY)ETHYLAMINO)ETHYL)AMIDE,4.45,11.25
Ornithine,4.45,10.65
D-glucose,4.45,11.31
Propyleneglycol,4.45,10.64
5'-deoxy-5'-piperidin-1-ylthymidine,4.44,11.38
Desoximetasone,4.44,11.29
Flibanserin,4.44,11.58
Tiagabine,4.44,11.53
Selinexor,4.44,11.73
N-1-methylheptylformamide,4.44,10.59
RU78299,4.44,11.55
Glycolsalicylate,4.44,11.52
Voacamine,4.43,11.46
Spirapril,4.43,11.14
Posaconazole,4.43,10.73
Sulindac,4.43,11.22
Amodiaquine,4.42,10.65
Hydromorphone,4.42,11.31
Dimercaprol,4.42,11.62
LatrunculinA,4.41,11.51
(2S)-N-(4-cyano-3-iodophenyl)-3-(4-cyanophenoxy)-2-hydroxy-2-methylpropanamide,4.41,10.75
"N-[2-(5-methyl-4H-1,2,4-triazol-3-yl)phenyl]-7H-pyrrolo[2,3-d]pyrimidin-4-amine",4.41,11.47
"N-[2-({[amino(imino)methyl]amino}oxy)ethyl]-2-{6-chloro-3-[(2,2-difluoro-2-phenylethyl)amino]-2-fluorophenyl}acetamide",4.4,11.31
Segesteroneacetate,4.4,10.76
"[5-AMINO-1-(4-FLUOROPHENYL)-1H-PYRAZOL-4-YL](3-{[(2R)-2,3-DIHYDROXYPROPYL]OXY}PHENYL)METHANONE",4.4,10.67
6-Chloro-2-(2-Hydroxy-Biphenyl-3-Yl)-1h-Indole-5-Carboxamidine,4.4,11.89
"5-(5-CHLORO-2,4-DIHYDROXYPHENYL)-N-ETHYL-4-(4-METHOXYPHENYL)ISOXAZOLE-3-CARBOXAMIDE",4.4,11.37
"N,N-dimethylarginine",4.4,10.64
"CIS-(1R,2S)-2-AMINO-1,2,3,4-TETRAHYDRONAPHTHALEN-1-OL",4.4,11.52
Phosphorylcolamine,4.4,11.64
Zofenoprilat,4.39,10.98
"6-[N-(1-Isopropyl-1,2,3,4-Tetrahydro-7-Isoquinolinyl)Carbamyl]-2-Naphthalenecarboxamidine",4.39,11.32
"1,1,1-TRIFLUORO-3-(OCTYLTHIO)ACETONE",4.39,10.58
Ketoprofen,4.39,10.65
Muscimol,4.39,11.71
PNU177836,4.38,10.58
7-thionicotinamide-adenine-dinucleotidephosphate,4.38,11.12
Bacitracin,4.38,11.48
Tianeptine,4.38,10.57
Mivacurium,4.38,11.12
(2Z)-2-cyano-N-(3'-ethoxybiphenyl-4-yl)-3-hydroxybut-2-enamide,4.38,11.13
"8-bromo-4-(2-chlorophenyl)-N-(2-hydroxyethyl)-6-methyl-1,3-dioxo-1,2,3,6-tetrahydropyrrolo[3,4-e]indole-7-carboxamide",4.38,11.71
L-homoarginine,4.38,10.61
HOMOPHENYLALANINYLMETHANE,4.38,10.44
Dihydroxyacetonephosphate,4.38,11.36
12-HydroxydodecanoicAcid,4.38,11.44
Meprednisone,4.37,11.34
"({[(3E)-2'-OXO-2',7'-DIHYDRO-2,3'-BIINDOL-3(7H)-YLIDENE]AMINO}OXY)ACETICACID",4.37,11.54
"(S,R)-fidarestat",4.37,10.93
Lysergicaciddiethylamide,4.37,11.41
ZincSubstitutedHemeC,4.37,11.41
Staurosporine,4.37,14.23
N'-(5-CHLOROBENZOFURAN-2-CARBONYL)-2-(TRIFLUOROMETHYL)BENZENESULFONOHYDRAZIDE,4.37,11.6
N-Cyclohexyl-N'-(Propyl)PhenylUrea,4.37,10.41
PropylGallate,4.37,11.13
Calcitriol,4.36,10.71
Firocoxib,4.36,10.92
Rimiducid,4.36,10.82
Adenosinemonotungstate,4.36,10.5
Fludarabine,4.36,10.67
Rimexolone,4.35,11.36
"5-{[1-(2,3-dichlorobenzyl)piperidin-4-yl]methoxy}quinazoline-2,4-diamine",4.35,10.81
Topotecan,4.35,11.6
Glibornuride,4.35,10.87
Testolactone,4.35,11.25
"4-[(3-BROMO-4-O-SULFAMOYLBENZYL)(4-CYANOPHENYL)AMINO]-4H-[1,2,4]-TRIAZOLE",4.35,11.61
Methylecgonine,4.35,11.26
"2-(3-AMINO-2,5,6-TRIMETHOXYPHENYL)ETHYL5-CHLORO-2,4-DIHYDROXYBENZOATE",4.35,11.5
6-O-CyclohexylmethylGuanine,4.35,10.52
"2-({[3,5-DIFLUORO-3'-(TRIFLUOROMETHOXY)BIPHENYL-4-YL]AMINO}CARBONYL)CYCLOPENT-1-ENE-1-CARBOXYLICACID",4.34,11.46
Parachlorophenol,4.34,11.56
3-hydroxyglutaricacid,4.34,11.39
"{[2-(1h-1,2,3-Benzotriazol-1-Yl)-2-(3,4-Difluorophenyl)Propane-1,3-Diyl]Bis[4,1-Phenylene(Difluoromethylene)]}Bis(PhosphonicAcid)",4.33,11.56
"3-(HYDROXYMETHYL)-1-METHYL-5-(2-METHYLAZIRIDIN-1-YL)-2-PHENYL-1H-INDOLE-4,7-DIONE",4.33,11.8
N1-(1-Dimethylcarbamoyl-2-Phenyl-Ethyl)-2-Oxo-N4-(2-Pyridin-2-Yl-Ethyl)-Succinamide,4.33,11.32
Aurothioglucose,4.33,10.69
Iproniazid,4.33,11.38
Mangafodipir,4.32,11.49
Sacubitril,4.32,11.09
Veliparib,4.32,11.31
"4-{[(2-Oxo-1,2-dihydro-3H-indol-3-ylidene)methyl]amino}-N-(1,3-thiazol-2-yl)benzenesulfonamide",4.32,12.07
Homatropinemethylbromide,4.31,11.5
Tadalafil,4.31,11.28
Famciclovir,4.31,11.07
Olopatadine,4.31,10.74
Mimosine,4.31,11.16
Willardiine,4.31,10.48
Citrulline,4.31,10.6
"5-(4-METHYL-BENZOYLAMINO)-BIPHENYL-3,4'-DICARBOXYLICACID3-DIMETHYLAMIDE-4'-HYDROXYAMIDE",4.3,11.35
"3-(3-aminophenyl)-N-(3-chlorophenyl)pyrazolo[1,5-a]pyrimidin-5-amine",4.3,11.32
3-CHLORO-2-(4-HYDROXYPHENYL)-2H-INDAZOL-5-OL,4.3,11.09
Dezocine,4.3,11.34
"1-[3-({[(4-AMINO-5-FLUORO-2-METHYLQUINOLIN-3-YL)METHYL]THIO}METHYL)PHENYL]-2,2,2-TRIFLUOROETHANE-1,1-DIOL",4.3,11.42
"Heptane-1,2,3-Triol",4.3,10.67
Lidocaine,4.3,11.14
CalciumCitrate,4.3,10.8
Dabrafenib,4.29,11.4
Lonafarnib,4.29,10.84
"3-({[(3S)-3,4-dihydroxybutyl]oxy}amino)-1H,2'H-2,3'-biindol-2'-one",4.29,11.3
Rosoxacin,4.29,11.38
Ziprasidone,4.29,11.55
Procaterol,4.29,11.57
Probucol,4.29,11.55
Telotristatethyl,4.28,11.4
Halofuginone,4.28,11
"2-[(1S)-1-BENZYL-2-SULFANYLETHYL]-1H-IMIDAZO[4,5-C]PYRIDIN-5-IUM",4.28,11.52
Leflunomide,4.28,11.17
Adenosine5'-[γ-thio]triphosphate,4.28,10.76
Ketorolac,4.28,10.94
Sulfasalazine,4.28,11.61
Enprofylline,4.28,10.75
Fluocortolone,4.27,11.38
"(13R,15S)-13-METHYL-16-OXA-8,9,12,22,24-PENTAAZAHEXACYCLO[15.6.2.16,9.1,12,15.0,2,7.0,21,25]HEPTACOSA-1(24),2,4,6,17(25),18,20-HEPTAENE-23,26-DIONE",4.27,11.99
Mometasonefuroate,4.27,11.3
Fluspirilene,4.27,11.47
Alrestatin,4.27,10.81
Cholinealfoscerate,4.27,11.08
Pralnacasan,4.26,10.94
SC-74020,4.26,11.03
5-N-Allyl-Arginine,4.26,10.59
Levodopa,4.26,11.29
4-amino-N-[4-(benzyloxy)phenyl]butanamide,4.26,11.02
Mepivacaine,4.26,10.91
(2S)-2-[3-(AMINOMETHYL)PHENYL]-3-[(R)-[(1R)-1-{[(BENZYLOXY)CARBONYL]AMINO}-2-METHYLPROPYL](HYDROXY)PHOSPHORYL]PROPANOICACID,4.25,11.46
Deflazacort,4.25,11.38
O-(((1R)-((N-PHENYLMETHOXYCARBONYL-L-ALANYL)AMINO)ETHYL)HYDROXYPHOSPHONO)-L-BENZYLACETICACID,4.25,11.4
4-(3-Pyridin-2-Yl-1h-Pyrazol-4-Yl)Quinoline,4.25,11.74
Compound4-D,4.25,11.77
Hydroxychloroquine,4.25,10.7
Ragaglitazar,4.25,11.46
"2,3-DIMETHOXY-12H-[1,3]DIOXOLO[5,6]INDENO[1,2-C]ISOQUINOLIN-6-IUM",4.25,10.91
"5-benzyl-1,3-thiazol-2-amine",4.25,11.5
S-oxy-L-cysteine,4.25,10.62
3-cyclohexyl-D-alanyl-N-(3-chlorobenzyl)-L-prolinamide,4.24,11.69
Prednisolonephosphate,4.24,11.34
Promegestone,4.24,10.71
"(4R,2S)-5'-(4-(4-CHLOROBENZYLOXY)PYRROLIDIN-2-YLMETHANESULFONYL)ISOQUINOLINE",4.24,11.32
Vorinostat,4.24,10.66
Obeticholicacid,4.24,10.71
Dantrolene,4.24,11.17
"(8R,9Z,12Z)-8-hydroxy-6-oxooctadeca-9,12-dienoicacid",4.24,11.08
"3-Phenyl-1,2-Propandiol",4.24,11.46
Cycloserine,4.24,11.79
AplyronineA,4.23,11.43
"(7R,12R,13R)-13-formyl-12,14-dihydroxy-3,5,7-trimethyltetradeca-2,4-dienoicacid",4.23,10.66
N-Benzyl-4-Sulfamoyl-Benzamide,4.23,11.43
"1,8-Di-Hydroxy-4-Nitro-Xanthen-9-One",4.23,11.39
Curcumin,4.23,11.46
Mercaptopurine,4.23,10.63
4-Hydroxybutan-1-Aminium,4.23,11.34
"N-{2'-[(4-FLUOROPHENYL)AMINO]-4,4'-BIPYRIDIN-2-YL}-4-METHOXYCYCLOHEXANECARBOXAMIDE",4.22,11.25
Dabigatranetexilate,4.22,11.65
Tofacitinib,4.22,11.53
"(4R)-7-chloro-9-methyl-1-oxo-1,2,4,9-tetrahydrospiro[beta-carboline-3,4'-piperidine]-4-carbonitrile",4.22,11.2
Metoprine,4.22,11.31
"9-ACETYL-2,3,4,9-TETRAHYDRO-1H-CARBAZOL-1-ONE",4.22,11.24
Zomepirac,4.22,10.83
4-[3-(4-FLUOROPHENYL)-1H-PYRAZOL-4-YL]PYRIDINE,4.22,11.37
PRX-07034,4.21,10.82
"N-cyclopropyl-3-{[1-(2,4-difluorophenyl)-7-methyl-6-oxo-6,7-dihydro-1H-pyrazolo[3,4-b]pyridin-4-yl]amino}-4-methylbenzamide",4.21,11.1
"N-(5-chloro-1,3-benzodioxol-4-yl)-6-methoxy-7-(3-piperidin-1-ylpropoxy)quinazolin-4-amine",4.21,10.91
Histrelin,4.21,11.45
Dydrogesterone,4.21,11.55
"4-(2-chlorophenyl)-8-(2-hydroxyethyl)-6-methylpyrrolo[3,4-e]indole-1,3(2H,6H)-dione",4.21,11.89
GPI-1485,4.21,10.76
7-Nitroindazole,4.21,12.26
Fructose,4.21,10.59
"1,2,4-Triazole",4.21,10.6
Gatifloxacin,4.2,11.14
"2-[4-(4-Hydroxy-3-Isopropyl-Phenoxy)-3,5-Dimethyl-Phenyl]-2h-[1,2,4]Triazine-3,5-Dione",4.2,11.62
"(5S)-2-{[(1S)-1-(2-fluorophenyl)ethyl]amino}-5-methyl-5-(trifluoromethyl)-1,3-thiazol-4(5H)-one",4.2,10.7
Valganciclovir,4.2,11.15
Pyridoxamine-5'-Phosphate,4.2,11.12
Oxprenolol,4.2,10.79
4-Methylimidazole,4.2,11.39
Clobetasone,4.19,11.1
"5-(5-chloro-2,4-dihydroxyphenyl)-N-ethyl-4-[4-(morpholin-4-ylmethyl)phenyl]isoxazole-3-carboxamide",4.19,11.36
Equilin,4.19,11.41
Barbituricacidderivative,4.19,11.31
VitaminA,4.19,11.55
Pyridoxal,4.19,10.69
OxamicAcid,4.19,10.93
2-(2f-Benzothiazolyl)-5-Styryl-3-(4f-Phthalhydrazidyl)TetrazoliumChloride,4.18,11.52
"4-bromo-6-(6-hydroxy-1,2-benzisoxazol-3-yl)benzene-1,3-diol",4.18,11.35
4-METHYL-PENTANOICACID{1-[4-GUANIDINO-1-(THIAZOLE-2-CARBONYL)-BUTYLCARBAMOYL]-2-METHYL-PROPYL}-AMIDE,4.18,11.25
3-(4-HYDROXY-PHENYL)PYRUVICACID,4.18,11.64
4-(dimethylamino)-N-[7-(hydroxyamino)-7-oxoheptyl]benzamide,4.17,11.44
Guanosine-5'-Diphosphate-Rhamnose,4.17,11.19
Ambenonium,4.17,11.51
(R)-warfarin,4.17,11.3
Zucapsaicin,4.17,10.77
4-Hydroxy-AconitateIon,4.17,11.52
"4-(N,N-Dimethylamino)cinnamoyl-CoA",4.16,11.13
Oxyphenonium,4.16,11.38
"1,6-DI-O-PHOSPHONO-D-MANNITOL",4.16,11.44
"3,5-Dinitrocatechol",4.16,11.17
Dasatinib,4.15,10.92
"3-(1H-indol-3-yl)-4-(1-{2-[(2S)-1-methylpyrrolidinyl]ethyl}-1H-indol-3-yl)-1H-pyrrole-2,5-dione",4.15,11.46
Mizolastine,4.15,11.47
Pranlukast,4.15,11.39
4-BROMO-3-(CARBOXYMETHOXY)-5-PHENYLTHIOPHENE-2-CARBOXYLICACID,4.15,10.7
Tioguanine,4.15,11.1
Potassiumgluconate,4.15,11.57
L-Glutamine,4.15,10.55
"4-(2-(1H-IMIDAZOL-4-YL)ETHYLAMINO)-2-(PHENYLAMINO)PYRAZOLO[1,5-A][1,3,5]TRIAZINE-8-CARBONITRILE",4.14,10.88
4-Morpholin-4-Yl-Piperidine-1-CarboxylicAcid[1-(3-Benzenesulfonyl-1-Propyl-Allylcarbamoyl)-2-Phenylethyl]-Amide,4.14,11.45
"{[2-Amino-4-oxo-6,7-di(sulfanyl-κS)-3,5,5a,8,9a,10-hexahydro-4H-pyrano[3,2-g]pteridin-8-yl]methyldihydrogenato(2-)phosphate}(dioxo)sulfanylmolybdenum",4.14,10.94
"1-(2,5-dideoxy-5-pyrrolidin-1-yl-beta-L-erythro-pentofuranosyl)-5-methylpyrimidine-2,4(1H,3H)-dione",4.14,11.39
Ethylbiscoumacetate,4.14,11.43
Nitrazepam,4.14,11.52
TechnetiumTc-99msestamibi,4.14,10.77
Zanubrutinib,4.13,11.53
Elacestrant,4.13,10.86
[1-(4-Fluorobenzyl)Cyclobutyl]Methyl(1s)-1-[Oxo(1h-Pyrazol-5-Ylamino)Acetyl]Pentylcarbamate,4.13,11.44
N-acetylserotonin,4.13,11.59
CoenzymeM,4.13,11.83
4-[[2-[[4-chloro-3-(trifluoromethyl)phenyl]amino]-3H-benzimidazol-5-yl]oxy]-N-methyl-pyridine-2-carboxamide,4.12,11.38
(Diaminomethyl-Methyl-Amino)-AceticAcid,4.12,12.38
"4-[5-(Trans-4-Aminocyclohexylamino)-3-Isopropylpyrazolo[1,5-a]Pyrimidin-7-Ylamino]-N,N-Dimethylbenzenesulfonamide",4.11,11.69
"1-Methyl-3-Oxo-1,3-Dihydro-Benzo[C]Isothiazole-5-SulfonicAcidAmide",4.11,11.13
"6-CHLORO-9-HYDROXY-1,3-DIMETHYL-1,9-DIHYDRO-4H-PYRAZOLO[3,4-B]QUINOLIN-4-ONE",4.11,11.29
Sulfamethizole,4.11,11.4
N-[(2R)-2-benzyl-4-(hydroxyamino)-4-oxobutanoyl]-L-alanine,4.1,10.5
ISOTHIAZOLIDINONEANALOG,4.1,11.58
Pinaverium,4.1,10.88
CoA-S-acetyl5-bromotryptamine,4.1,10.84
4-(quinolin-3-ylmethyl)piperidine-1-carboxylicacid,4.1,11.46
4-(2-methoxyethoxy)-6-methylpyrimidin-2-amine,4.1,11.33
Ulimorelin,4.09,11.4
Indocyaninegreenacidform,4.09,11.44
(2R)-2-(5-CHLORO-2-THIENYL)-N-{(3S)-1-[(1S)-1-METHYL-2-MORPHOLIN-4-YL-2-OXOETHYL]-2-OXOPYRROLIDIN-3-YL}PROPENE-1-SULFONAMIDE,4.09,11.45
Vernakalant,4.09,11.22
Benzbromarone,4.09,11.31
Nabiximols,4.09,11.31
Raclopride,4.09,11.33
S-(Dimethylarsenic)Cysteine,4.09,10.76
Forodesine,4.09,10.65
DEHYDRO-2(S)-AMINO-6-BORONOHEXANOICACID,4.09,10.75
Cefadroxil,4.08,11.52
N-Alpha-(2-Naphthylsulfonyl)-N(3-Amidino-L-Phenylalaninyl)-4-Acetyl-Piperazine,4.08,11.55
1-(4-IODOBENZOYL)-5-METHOXY-2-METHYLINDOLE-3-ACETICACID,4.08,11.3
CD564,4.08,11.45
Thiorphan,4.08,11.5
"METHYL3-CHLORO-2-{3-[(2,5-DIHYDROXY-4-METHOXYPHENYL)AMINO]-3-OXOPROPYL}-4,6-DIHYDROXYBENZOATE",4.08,10.77
Tilmicosin,4.08,10.52
2-HYDROXY-5-(2-MERCAPTO-ETHYLSULFAMOYL)-BENZOICACID,4.08,11.6
[3-(Dodecanoylamino)Propyl](Hydroxy)Dimethylammonium,4.08,11.93
"S-(2,4-dinitrophenyl)glutathione",4.07,11.42
"(S)-2-Amino-3-(1,3,5,7-Pentahydro-2,4-Dioxo-Cyclopenta[E]Pyrimidin-1-Yl)ProionicAcid",4.07,10.55
Nomegestrolacetate,4.07,10.98
"5,7-DIHYDROXY-2-(3,4,5-TRIHYDROXYPHENYL)-4H-CHROMEN-4-ONE",4.07,11.19
2-Thiomethyl-3-PhenylpropanoicAcid,4.07,11.19
"(2s,3r)-3-Amino-2-Hydroxy-5-(Ethylsulfanyl)Pentanoyl-((S)-(-)-(1-Naphthyl)Ethyl)Amide",4.06,10.67
4-[4-(1-Amino-1-Methylethyl)Phenyl]-5-Chloro-N-[4-(2-Morpholin-4-Ylethyl)Phenyl]Pyrimidin-2-Amine,4.06,11.6
Prednisoneacetate,4.06,10.86
PurvalanolA,4.06,10.71
"5-[1-(4-methoxyphenyl)-1H-benzimidazol-6-yl]-1,3,4-oxadiazole-2(3H)-thione",4.06,11.35
Zardaverine,4.06,11.15
CholicAcid,4.06,10.49
HeparinDisaccharideIii-S,4.06,10.64
Tert-Butyl(1s)-1-Cyclohexyl-2-Oxoethylcarbamate,4.06,11.18
5-Iodouracil,4.06,11.41
"N,N'-DIPHENYLPYRAZOLO[1,5-A][1,3,5]TRIAZINE-2,4-DIAMINE",4.05,11.64
3-(4-{2-[2-(2-bromo-acetylamino)-ethyldisulfanyl]-ethylcarbamoyl}-cyclohexylcarbamoyl)-pyrazine-2-carboxylicacid,4.05,11.08
Ubenimex,4.05,10.52
Adenosine-5'-Ditungstate,4.05,10.55
Hydrocortisonesuccinate,4.04,11.15
Cloxacillin,4.04,11.27
1-GUANIDINO-4-(N-NITRO-BENZOYLAMINO-L-LEUCYL-L-PROLYLAMINO)BUTANE,4.04,10.98
(1S)-2-(1H-INDOL-3-YL)-1-[({5-[(E)-2-PYRIDIN-4-YLVINYL]PYRIDIN-3-YL}OXY)METHYL]ETHYLAMINE,4.04,11.31
Rizatriptan,4.04,11.68
Glyburide,4.04,10.73
Magnesiumsalicylate,4.04,10.6
Primaquine,4.04,10.6
"7-{2,6-DICHLORO-4-[3-(2-CHLORO-BENZOYL)-UREIDO]-PHENOXY}-HEPTANOICACID",4.03,11.42
Bromocriptine,4.03,10.57
Plazomicin,4.03,11.22
Etelcalcetide,4.03,10.45
Amisulpride,4.03,11.18
"(5-Chloropyrazolo[1,5-a]Pyrimidin-7-Yl)-(4-Methanesulfonylphenyl)Amine",4.03,10.68
Purvalanol,4.02,10.44
"(2R)-2-AMINO-3,3,3-TRIFLUORO-N-HYDROXY-2-{[(4-PHENOXYPHENYL)SULFONYL]METHYL}PROPANAMIDE",4.02,10.96
Tafluprost,4.02,10.91
"N7-BUTYL-N2-(5-CHLORO-2-METHYLPHENYL)-5-METHYL[1,2,4]TRIAZOLO[1,5-A]PYRIMIDINE-2,7-DIAMINE",4.02,10.85
"(2R)-1-[4-({6-[(2,6-Difluorophenyl)amino]-4-pyrimidinyl}amino)phenoxy]-3-(dimethylamino)-2-propanol",4.02,11.32
"3-CARBOXAMIDO-1,3,5(10)-ESTRATRIEN-17(R)-SPIRO-2'(5',5'-DIMETHYL-6'OXO)TETRAHYDROPYRAN",4.01,11.35
TERT-BUTYL4-({[4-(BUT-2-YN-1-YLAMINO)PHENYL]SULFONYL}METHYL)-4-[(HYDROXYAMINO)CARBONYL]PIPERIDINE-1-CARBOXYLATE,4.01,11.32
Teriflunomide,4.01,11.21
"(5S)-5-Iododihydro-2,4(1H,3H)-pyrimidinedione",4.01,11.26
N-Cyclohexyl-N'-Decylurea,4.01,10.36
N-acetyl-N'-beta-D-glucopyranosylurea,4.01,10.87
D-norleucine,4.01,10.77
Moexipril,4,10.62
AC-(D)PHE-PRO-BOROHOMOLYS-OH,4,11.63
RAF-265,4,11.36
Beclomethasonedipropionate,4,10.7
Ticagrelor,4,11.45
"1-cyclopentyl-3-(1H-pyrrolo[2,3-b]pyridin-5-yl)-1H-pyrazolo[3,4-d]pyrimidin-4-amine",4,12.18
Eplerenone,4,11.12
Oxytetracycline,4,11.58
Ovalicin,4,10.69
N-[2-(2-iodo-5-methoxy-1H-indol-3-yl)ethyl]acetamide,4,11.44
4-[5-(2-CARBOXY-1-FORMYL-ETHYLCARBAMOYL)-PYRIDIN-3-YL]-BENZOICACID,4,11.52
Framycetin,4,10.79
Amrubicin,3.99,11.12
"N-[1-(AMINOMETHYL)CYCLOPROPYL]-3-(BENZYLSULFONYL)-N~2~-[(1S)-2,2,2-TRIFLUORO-1-(4-HYDROXYPHENYL)ETHYL]-L-ALANINAMIDE",3.99,11.8
Levonorgestrel,3.99,10.71
alpha-Fluoro-carboxymethyldethiacoenzymeAcomplex,3.99,10.78
"1,4-dithio-alpha-D-glucopyranose",3.99,10.56
Gluconolactone,3.99,10.55
AdenosinePhosphonoaceticAcid,3.98,10.76
Hydroxy-Phenyl-AceticAcid8-Methyl-8-Aza-Bicyclo[3.2.1]Oct-3-YlEster,3.98,11.47
Mesoridazine,3.98,11.24
"2-Amino-3-(3-Hydroxy-7,8-Dihydro-6h-Cyclohepta[D]-4-Isoxazolyl)PropionicAcid",3.98,10.63
Bumetanide,3.98,11.47
N-cyclohexyltaurine,3.98,10.73
Seocalcitol,3.97,11.05
"N-(2-AMINOETHYL)-N~2~-{(1S)-1-[4'-(AMINOSULFONYL)BIPHENYL-4-YL]-2,2,2-TRIFLUOROETHYL}-L-LEUCINAMIDE",3.97,11.69
2'-Monophosphoadenosine-5'-Diphosphate,3.97,10.7
6-{4-[4-(4-CHLOROPHENYL)PIPERIDIN-4-YL]PHENYL}-9H-PURINE,3.97,10.79
Ifenprodil,3.97,11.48
5-HYDROXY-2-(4-HYDROXYPHENYL)-1-BENZOFURAN-7-CARBONITRILE,3.97,11.63
4-(2-AMINOETHYL)BENZENESULFONAMIDE,3.97,10.84
AL5424,3.96,10.64
N-[2-(1-Formyl-2-Methyl-Propyl)-1-(4-Piperidin-1-Yl-but-2-Enoyl)-Pyrrolidin-3-Yl]-Methanesulfonamide,3.96,11.33
"9-Butyl-8-(2,5-Dimethoxy-Benzyl)-9h-Purin-6-Ylamine",3.96,10.86
Dihydroergocristine,3.96,11.6
Losartan,3.96,10.8
2-Amino-3-Hydroxy-3-Phosphonooxy-PropionicAcid,3.96,11.59
Oxybuprocaine,3.96,11.37
Cyclophosphamide,3.96,11.44
Trametinib,3.95,11.38
"D-Gluco-2,5-Anhydro-1-Deoxy-1-Phosphonohexitol-6-Phosphate",3.95,10.89
KB-141,3.95,11.52
Clocortolone,3.95,10.67
L-thioproline,3.95,10.56
Oxypurinol,3.95,11.23
Salicylicacid,3.95,11.57
undecan-2-one,3.95,10.56
WRR-112,3.94,10.7
Deferoxamine,3.94,11.58
Leucine,3.94,10.62
Methyprylon,3.94,10.79
"1,4-Butanediol",3.94,11.42
"4-{[1-METHYL-2,4-DIOXO-6-(3-PHENYLPROP-1-YN-1-YL)-1,4-DIHYDROQUINAZOLIN-3(2H)-YL]METHYL}BENZOICACID",3.93,11.53
Rivoglitazone,3.93,11.35
Mifepristone,3.93,11.35
"(3R)-N-(4-CHLOROPHENYL)-3-(HYDROXYMETHYL)-1,2,3,4-TETRAHYDROISOQUINOLINE-7-SULFONAMIDE",3.93,11.18
Moricizine,3.93,11.6
Phenacetin,3.93,11.24
Metoprolol,3.93,11.35
(2S)-2-[3-(AMINOMETHYL)PHENYL]-3-[(R)-HYDROXY{(1R)-2-METHYL-1-[(PHENYLSULFONYL)AMINO]PROPYL}PHOSPHORYL]PROPANOICACID,3.92,11.56
Medrysone,3.92,11.4
"3-Carbamimidamido-1,1-diphenylurea",3.92,11.37
Azidocillin,3.91,10.78
"17-HYDROXY-18A-HOMO-19-NOR-17ALPHA-PREGNA-4,9,11-TRIEN-3-ONE",3.91,11.66
"6-ETHYL-5-[9-(3-METHOXYPROPYL)-9H-CARBAZOL-2-YL]PYRIMIDINE-2,4-DIAMINE",3.91,11.43
Fospropofol,3.91,10.91
1h-Benoximidazole-2-CarboxylicAcid,3.91,11.53
Apalutamide,3.9,11.58
Troglitazone,3.9,11.11
"2-(6-CHLORO-3-{[2,2-DIFLUORO-2-(1-OXIDO-2-PYRIDINYL)ETHYL]AMINO}-2-OXO-1(2H)-PYRAZINYL)-N-[(2-FLUOROPHENYL)METHYL]ACETAMIDE",3.9,10.75
"(3R)-3-cyclopentyl-7-[(4-methylpiperazin-1-yl)sulfonyl]-3,4-dihydro-2H-1,2-benzothiazine1,1-dioxide",3.9,11.38
"4-(Aminosulfonyl)-N-[(2,4-Difluorophenyl)Methyl]-Benzamide",3.9,10.82
PPI-2458,3.9,10.53
"(3E)-5-fluoro-1-[(6-fluoro-4H-1,3-benzodioxin-8-yl)methyl]-1H-indole-2,3-dione3-oxime",3.9,10.89
"5-(4-CHLORO-5-PHENYL-3-THIENYL)-1,2,5-THIADIAZOLIDIN-3-ONE1,1-DIOXIDE",3.9,10.5
Prasterone,3.9,10.95
"4-AMINO-2-HEXYLOXY-6-HYDROXYMETHYL-TETRAHYDRO-PYRAN-3,5-DIOL",3.9,10.6
Naproxen,3.9,11.41
Tienilicacid,3.9,11.39
"Uridine-2',3'-vanadate",3.89,11.51
"(1aR,8S,13S,14S,15aR)-5,13,14-trihydroxy-3-methoxy-8-methyl-8,9,13,14,15,15a-hexahydro-6H-oxireno[k][2]benzoxacyclotetradecine-6,12(1aH)-dione",3.89,11.01
Resatorvid,3.89,10.69
(S)-5-(4-Benzyloxy-Phenyl)-4-(7-Phenyl-Heptanoylamino)-PentanoicAcid,3.89,11.27
Propiomazine,3.88,10.8
Bufuralol,3.88,11.59
3-sulfino-L-alanine,3.88,10.93
RPR131247,3.87,11.07
"2',5'-DIDEOXY-ADENOSINE3'-MONOPHOSPHATE",3.87,11.55
"4-[(7-OXO-7H-THIAZOLO[5,4-E]INDOL-8-YLMETHYL)-AMINO]-N-PYRIDIN-2-YL-BENZENESULFONAMIDE",3.87,12.3
"2-CHLORO-N-[(1R,2R)-1-HYDROXY-2,3-DIHYDRO-1H-INDEN-2-YL]-6H-THIENO[2,3-B]PYRROLE-5-CARBOXAMIDE",3.87,11.25
"Cp403700,(S)-1-{2-[(5-Chloro-1h-Indole-2-Carbonyl)-Amino]-3-Phenyl-Propionyl}-Azetidine-3-Carboxylate",3.87,11.53
Pirenzepine,3.87,10.68
"Carboxymethylthio-3-(3-Chlorophenyl)-1,2,4-Oxadiazol",3.87,10.79
Atovaquone,3.86,11.42
"Mdl101,146",3.86,11.57
Sonidegib,3.86,10.77
Rocuronium,3.86,10.75
2-Deoxy-D-Glucitol6-(E)-Vinylhomophosphonate,3.86,11.29
D-arginine,3.86,10.69
DAS869,3.85,11.38
(2R)-2-(3-Biphenylyl)-N-{(2R)-2-hydroxy-3-[(2-pyridinylsulfonyl)amino]propyl}-4-methylpentanamide,3.85,10.8
Fluprednidene,3.85,11.22
5-CHLORO-N-{(3S)-1-[(1S)-1-METHYL-2-MORPHOLIN-4-YL-2-OXOETHYL]-2-OXOPYRROLIDIN-3-YL}-1-BENZOTHIOPHENE-2-SULFONAMIDE,3.85,10.9
FR233623,3.85,11
13-Acetylphorbol,3.85,11.21
Mitemcinal,3.85,11.14
"N-(2-hydroxybenzyl)-2,5-dimethoxy-4-cyanophenylethylamine",3.85,10.82
Miglustat,3.85,10.6
Saquinavir,3.84,11.66
Morpholine-4-CarboxylicAcid(1-(3-Benzenesulfonyl-1-Phenethylallylcarbamoyl)-3-Methylbutyl)-Amide,3.84,11.06
"5-AMINO-3-{[4-(AMINOSULFONYL)PHENYL]AMINO}-N-(2,6-DIFLUOROPHENYL)-1H-1,2,4-TRIAZOLE-1-CARBOTHIOAMIDE",3.84,11.8
Pipemidicacid,3.84,11.7
9-Butyl-8-(4-Methoxybenzyl)-9h-Purin-6-Amine,3.84,10.94
Candesartancilexetil,3.84,11.25
N-(carboxycarbonyl)-D-phenylalanine,3.84,11.39
"4-(2-amino-1,3-thiazol-4-yl)phenol",3.84,11.46
[5-HYDROXY-2-(4-HYDROXYPHENYL)-1-BENZOFURAN-7-YL]ACETONITRILE,3.84,11.67
"1-[2-DEOXYRIBOFURANOSYL]-2,4-DIFLUORO-5-METHYL-BENZENE-5'MONOPHOSPHATE",3.83,11.27
Verubecestat,3.83,11.18
Vildagliptin,3.83,11.21
Adenylate-3'-phosphate-[[2'-deoxy-uridine-5'-phosphate]-3'-phosphate],3.83,10.71
(S)-N-(1-(3-CHLORO-4-FLUOROPHENYL)-2-HYDROXYETHYL)-4-(4-(3-CHLOROPHENYL)-1H-PYRAZOL-3-YL)-1H-PYRROLE-2-CARBOXAMIDE,3.83,11.55
"BIS-1,2-{[(Z)-2CARBOXY-2-METHYL-1,3-DIOXANE]-5-YLOXYCARBONYL}-PIPERAZINE",3.83,11.32
Etoposide,3.83,11.27
UDP-alpha-D-glucuronicacid,3.83,11.09
3-Hydroxy-MyristicAcid,3.83,10.83
"N-[3-[[4-[(5-CHLORO-1,3-BENZODIOXOL-4-YL)AMINO]PYRIMIDIN-2-YL]AMINO]PHENYL]METHANESULFONAMIDE",3.82,10.8
1-(4-Tert-Butylcarbamoyl-Piperazine-1-Carbonyl)-3-(3-Guanidino-Propyl)-4-Oxo-Azetidine-2-CarboxylicAcid,3.82,11.22
KabiramideC,3.82,10.69
Homatropine,3.81,11.47
Rubitecan,3.81,11.42
Ribose-1-Phosphate,3.81,10.61
"(3ASR,4RS,8ASR,8BRS)-4-(2-(4-FLUOROBENZYL)-1,3-DIOXODEACAHYDROPYRROLO[3,4-A]PYRROLIZIN-4-YL)BENZAMIDINE",3.8,11.56
Ambroxolacefyllinate,3.8,10.68
"6-(2-fluorophenyl)-N-(pyridin-3-ylmethyl)imidazo[1,2-a]pyrazin-8-amine",3.8,10.44
"4-{5-[(1Z)-1-(2-IMINO-4-OXO-1,3-THIAZOLIDIN-5-YLIDENE)ETHYL]-2-FURYL}BENZENESULFONAMIDE",3.8,10.76
1-(adamantan-1-yl)-2-(1H-imidazol-1-yl)ethanone,3.8,11.2
1-Phenylsulfonamide-3-Trifluoromethyl-5-Parabromophenylpyrazole,3.79,10.89
Grepafloxacin,3.79,11.45
(S)-tacrine(10)-hupyridone,3.78,11.36
Canertinib,3.78,11.16
Epirubicin,3.78,11.31
"N-Alpha-Acetyl-3,5-Diiodotyrosylglycine",3.78,10.67
(S)-(+)-2-[4-(FLUOROBENZYLOXY-BENZYLAMINO)PROPIONAMIDE],3.78,11.01
Latanoprost,3.78,10.67
Hyperforin,3.78,11.26
Tetracosactide,3.77,10.7
"(2E,3S)-3-hydroxy-5'-[(4-hydroxypiperidin-1-yl)sulfonyl]-3-methyl-1,3-dihydro-2,3'-biindol-2'(1'H)-one",3.77,11.32
Omadacycline,3.77,11.48
Valrubicin,3.77,11.08
"2-(4-(AMINOMETHYL)PIPERIDIN-1-YL)-N-(3_CYCLOHEXYL-4-OXO-2,4-DIHYDROINDENO[1,2-C]PYRAZOL-5-YL)ACETAMIDE",3.77,11.26
PhosphoaminophosphonicAcid-AdenylateEster,3.77,10.81
"N-((1R,2S)-2-(5-CHLORO-1H-INDOLE-2-CARBOXAMIDO)CYCLOHEXYL)-5-METHYL-4,5,6,7-TETRAHYDROTHIAZOLO[5,4-C]PYRIDINE-2-CARBOXAMIDE",3.76,11.59
Zafirlukast,3.76,10.86
"9-HYDROXY-4-PHENYL-6H-PYRROLO[3,4-C]CARBAZOLE-1,3-DIONE",3.76,11.56
Olodaterol,3.76,11.11
FeruloylCoenzymeA,3.76,11.1
"N-(4-AMINO-5-CYANO-6-ETHOXYPYRIDIN-2-YL)-2-(4-BROMO-2,5-DIMETHOXYPHENYL)ACETAMIDE",3.75,11.26
"2-(3,4-DIHYDROXYPHENYL)-8-(1,1-DIOXIDOISOTHIAZOLIDIN-2-YL)-3-HYDROXY-6-METHYL-4H-CHROMEN-4-ONE",3.75,11.24
Atropine,3.75,11.31
Cobimetinib,3.75,11.47
4-(1-Benzyl-3-Carbamoylmethyl-2-Methyl-1h-Indol-5-Yloxy)-ButyricAcid,3.75,11.29
Cytidine-5'-Triphosphate,3.75,11.3
4-OxosebacicAcid,3.75,11.23
Sunitinib,3.74,12.71
Pazufloxacin,3.74,11.11
"4-{2,4-Bis[(3-Nitrobenzoyl)Amino]Phenoxy}PhthalicAcid",3.74,11.48
"(2S,3S,4R,5S)-2-(4-Amino-4,5-dihydro-1H-pyrrolo[3,2-d]pyrimidin-7-yl)-5-[(methylsulfanyl)methyl]-3,4-pyrrolidinediol",3.74,11.68
Loteprednoletabonate,3.73,11.27
CRA_9785,3.73,11.58
Metocurine,3.73,10.87
4'-Hydroxyflavanone,3.73,11.4
Nemonoxacin,3.72,11.41
Simvastatin,3.72,10.46
3-({1-[3-CARBAMIMIDOYL-1-(4-CARBAMIMIDOYL-BENZYLCARBAMOYL)-PROPYLCARBAMOYL]-2-METHYL-BUTYLSULFAMOYL}-METHYL)-BENZOICACID,3.72,11.43
Enasidenib,3.72,11.38
Amibegron,3.72,11.07
Andrographolide,3.72,10.75
"N-(1-BENZYL-3,3,3-TRIFLUORO-2,2-DIHYDROXY-PROPYL)-ACETAMIDE",3.72,11.62
Magnesiumlevulinate,3.72,10.73
D-Methionine,3.72,10.76
Fluticasone,3.71,11.35
N-({(1R)-1-carboxy-2-[(4-fluorobenzyl)sulfanyl]ethyl}carbamoyl)-L-glutamicacid,3.71,11.17
2-[(3-Hydroxy-2-Methyl-5-Phosphonooxymethyl-Pyridin-4-Ylmethyl)-Imino]-5-Phosphono-Pent-3-EnoicAcid,3.71,11.52
"{4-[2,2-BIS(5-METHYL-1,2,4-OXADIAZOL-3-YL)-3-PHENYLPROPYL]PHENYL}SULFAMICACID",3.71,11.28
Uridine-Diphosphate-N-Acetylglucosamine,3.71,11.12
Cytidine3'-monophosphate,3.71,11.33
Adenine,3.71,10.8
Cetrorelix,3.7,10.69
Metergoline,3.7,11.55
2-Amino-3-(5-Tert-Butyl-3-(Phosphonomethoxy)-4-Isoxazolyl)PropionicAcid,3.7,10.78
(4s)-5-Fluoro-L-Leucine,3.7,10.67
CZEN002,3.69,10.75
Rifabutin,3.69,11.16
Lesinurad,3.69,11.36
"(3,4,5-Trihydroxy-6-Hydroxymethyl-Tetrahydro-Pyran-2-Yl)-PhosphoramidicAcidDimethylEster",3.69,10.81
Fenofibricacid,3.69,10.96
Elagolix,3.68,11.03
Terlipressin,3.68,11.7
MethylN-{[(1R)-1-({1-[(benzyloxy)carbonyl]-L-prolyl-6-ammonio-L-norleucyl}amino)-2-phenylethyl](hydroxy)phosphoryl}-L-alanyl-L-prolinate,3.68,11.12
Paramethasone,3.68,11.47
"N-{2,4-difluoro-3-[(5-pyridin-3-yl-1H-pyrrolo[2,3-b]pyridin-3-yl)carbonyl]phenyl}ethanesulfonamide",3.68,11.38
AICAribonucleotide,3.68,11.23
L-2-amino-4-methoxy-cis-but-3-enoicacid,3.68,10.8
Acetohydroxamicacid,3.68,11.17
"(2S)-6-(2,4-DIAMINO-6-ETHYLPYRIMIDIN-5-YL)-2-(3,5-DIFLUOROPHENYL)-4-(3-METHOXYPROPYL)-2H-1,4-BENZOXAZIN-3(4H)-ONE",3.67,11.34
"(S)-2-((S)-3-isobutyl-2,5-dioxo-4-quinolin-3-ylmethyl-[1,4]diazepan-1yl)-N-methyl-3-naphtalen-2-yl-propionamide",3.67,11.52
"2-{2-[(3,5-dimethylphenyl)amino]pyrimidin-4-yl}-N-[(1S)-2-hydroxy-1-methylethyl]-4-methyl-1,3-thiazole-5-carboxamide",3.67,11.63
2-[2-ETHANESULFONYLAMINO-3-(1H-INDOL-3-YL)-PROPIONYLAMINO]-PENTANEDIOICACID5-AMIDE1-(4-CARBAMIMIDOYL-BENZYLAMIDE),3.67,11.65
Tetrabenazine,3.67,11.23
Misoprostol,3.67,10.73
4-(2-HYDROXYBENZYLAMINO)-N-(3-(4-FLUOROPHENOXY)PHENYL)PIPERIDINE-1-SULFONAMIDE,3.66,10.7
"N-({4-[(1R)-4-[(2R,4S,5S)-2,4-diamino-6-oxohexahydropyrimidin-5-yl]-1-(2,2,2-trifluoro-1,1-dihydroxyethyl)butyl]phenyl}carbonyl)-L-glutamicacid",3.66,11.54
4-[(6-Amino-4-Pyrimidinyl)Amino]Benzenesulfonamide,3.66,11.09
"2-[2-(2-FLUOROPHENYL)PYRIDIN-4-YL]-1,5,6,7-TETRAHYDRO-4H-PYRROLO[3,2-C]PYRIDIN-4-ONE",3.66,11.38
Cefotaxime,3.66,11.44
Oxycodone,3.66,11.39
L-tartaricacid,3.66,10.61
1-butanoyl-N-(4-carbamimidoylbenzyl)-L-prolinamide,3.65,11.53
Tolmetin,3.65,11.56
"2,4-Dihydroxy-TransCinnamicAcid",3.65,11.64
1-DODECANOL,3.65,11.09
Relacatib,3.64,10.62
"4-O-(4,6-Dideoxy-4-{[4-[(4-O-Hexopyranosylhexopyranosyl)Oxy]-5,6-Dihydroxy-3-(Hydroxymethyl)Cyclohex-2-En-1-Yl]Amino}Hexopyranosyl)Hexopyranose",3.64,10.59
Rifaximin,3.63,10.85
"[2(R,S)-2-Sulfanylheptanoyl]-Phe-Ala",3.63,10.5
SNS-032,3.63,10.57
N-acetyl-D-glucosamine-6-phosphate,3.63,11
Etheno-Nadp,3.62,10.84
LGD-2226,3.62,10.61
2-(2-METHYLPHENYL)-1H-INDOLE-5-CARBOXIMIDAMIDE,3.62,11
Aminoglutethimide,3.62,11.67
4-{[(CYCLOHEXYLAMINO)CARBONYL]AMINO}BUTANOICACID,3.62,10.53
Vigabatrin,3.62,11.21
1-Benzyl-3-(4-Methoxy-Benzenesulfonyl)-6-Oxo-Hexahydro-Pyrimidine-4-CarboxylicAcidHydroxyamide,3.61,11.42
Doripenem,3.61,11.63
5-fluorouridine,3.61,10.6
Eslicarbazepineacetate,3.61,10.44
Cortisoneacetate,3.61,10.59
Phosphonothreonine,3.61,10.64
Clofazimine,3.6,10.56
"2,5-DICHLORO-N-[5-METHOXY-7-(6-METHOXYPYRIDIN-3-YL)-1,3-BENZOXAZOL-2-YL]BENZENESULFONAMIDE",3.6,11.32
"8-(2-Chloro-3,4,5-Trimethoxy-Benzyl)-9-Pent-4-Ylnyl-9h-Purin-6-Ylamine",3.6,11.14
6-CHLORO-3-(3-METHYLISOXAZOL-5-YL)-4-PHENYLQUINOLIN-2(1H)-ONE,3.6,11.19
Cilomilast,3.59,11.12
Argifin,3.59,11.42
1-(5-CHLORO-2-METHOXYPHENYL)-3-{6-[2-(DIMETHYLAMINO)-1-METHYLETHOXY]PYRAZIN-2-YL}UREA,3.59,11.57
'5'-O-(N-(L-Prolyl)-Sulfamoyl)Adenosine,3.59,10.73
Ethinylestradiol,3.59,11.39
Propentofylline,3.59,10.58
alpha-D-glucose-1-phosphate,3.59,10.67
Trimetrexate,3.58,11.25
Hyoscyamine,3.58,11.31
CP-271485,3.58,11.38
Tyramine,3.58,11.77
CarboxymycobactinS,3.57,11.6
FR221647,3.57,10.62
D-tartaricacid,3.57,10.61
Guanosine-5'-Triphosphate,3.56,10.75
Fluorescein,3.56,10.72
"2,4-Diamino-5-Methyl-6-[(3,4,5-Trimethoxy-N-Methylanilino)Methyl]Pyrido[2,3-D]Pyrimidine",3.56,11.17
Chloramphenicol,3.56,11.39
Iniparib,3.56,11.67
Gabapentin,3.56,11.15
[[1-[N-HYDROXY-ACETAMIDYL]-3-METHYL-BUTYL]-CARBONYL-LEUCINYL]-ALANINEETHYLESTER,3.55,10.5
[4-({5-(AMINOCARBONYL)-4-[(3-METHYLPHENYL)AMINO]PYRIMIDIN-2-YL}AMINO)PHENYL]ACETICACID,3.55,11.65
Silibinin,3.55,10.59
Eritoran,3.55,10.96
Flavinadeninedinucleotide,3.55,11.41
Iodo-Willardiine,3.55,10.56
"(6S)-2-amino-6-(3'-methoxybiphenyl-3-yl)-3,6-dimethyl-5,6-dihydropyrimidin-4(3H)-one",3.55,10.94
L-[(N-Hydroxyamino)Carbonyl]Phenylalanine,3.55,11.51
"N-phenyl-1H-pyrrolo[2,3-b]pyridin-3-amine",3.55,11.58
(2s)-Hydroxy(4-Hydroxyphenyl)Ethanenitrile,3.54,11.61
2-Deoxy-2-Aminogalactose,3.54,10.55
Diethylpropion,3.54,11.57
CPI-1205,3.53,11.44
gamma-Glutamyl[S-(2-iodobenzyl)cysteinyl]glycine,3.53,10.61
Danoprevir,3.53,10.92
Trabectedin,3.53,11.04
"9-Butyl-8-(2,5-Dimethoxy-Benzyl)-2-Fluoro-9h-Purin-6-Ylamine",3.53,11.44
N-sulfo-flavinmononucleotide,3.53,11.49
"2-Hexyloxy-6-Hydroxymethyl-Tetrahydro-Pyran-3,5-Diol",3.53,10.59
Chenodeoxycholicacid,3.53,10.48
5-hydroxynaphthalene-1-sulfonamide,3.53,11.39
"5-[(phenylsulfonyl)amino]-1,3,4-thiadiazole-2-sulfonamide",3.52,11.68
Tylvalosin,3.52,11.02
IC261,3.52,11.43
Procarbazine,3.52,11.37
Indirubin,3.51,11.51
Vatalanib,3.5,11.18
Doxazosin,3.5,11.33
"methyl(1R,2S)-2-(hydroxycarbamoyl)-1-{4-[(2-methylquinolin-4-yl)methoxy]benzyl}cyclopropanecarboxylate",3.49,11.39
Voriconazole,3.49,10.83
"3''-(Beta-Chloroethyl)-2'',4''-Dioxo-3,5''-Spiro-Oxazolidino-4-Deacetoxy-Vinblastine",3.49,11.57
Sildenafil,3.49,10.73
5-androstenedione,3.49,11.11
Cloprednol,3.49,11.12
Streptozocin,3.49,11.17
Omeprazole,3.49,11.34
CRA_17693,3.48,10.83
Torasemide,3.48,11.61
Quinapril,3.47,10.66
"N-((2-aminopyrimidin-5-yl)methyl)-5-(2,6-difluorophenyl)-3-ethylpyrazolo[1,5-a]pyrimidin-7-amine",3.47,11.45
Tosedostat,3.46,10.59
Bosutinib,3.46,11.01
Temafloxacin,3.46,11.33
"4-[(4-O-SULFAMOYLBENZYL)(4-CYANOPHENYL)AMINO]-4H-[1,2,4]-TRIAZOLE",3.46,11.59
"3-[3-(2,3-Dihydroxy-Propylamino)-Phenyl]-4-(5-Fluoro-1-Methyl-1h-Indol-3-Yl)-Pyrrole-2,5-Dione",3.46,10.83
Acepromazine,3.46,11.66
(R)-3-hydroxydecanoyl-CoA,3.45,10.83
"N-[4-(2-CHLOROPHENYL)-1,3-DIOXO-1,2,3,6-TETRAHYDROPYRROLO[3,4-C]CARBAZOL-9-YL]FORMAMIDE",3.45,12.62
2-[N'-(4-AMINO-BUTYL)-HYDRAZINOCARBONYL]-PYRROLIDINE-1-CARBOXYLICACIDBENZYLESTER,3.45,11.37
Meta-Nitro-Tyrosine,3.45,11.72
"N,4-Dihydroxy-N-Oxo-3-(Sulfooxy)Benzenaminium",3.45,11.05
Propylalcohol,3.45,11.3
Ursodeoxycholicacid,3.44,10.48
6-phospho-D-gluconicacid,3.44,10.74
Ribociclib,3.43,11.89
Ganstigmine,3.43,10.87
5'-{[4-(aminooxy)butyl](methyl)amino}-5'-deoxy-8-ethenyladenosine,3.43,11.76
2-(5-CHLORO-2-THIENYL)-N-{(3S)-1-[(1S)-1-METHYL-2-MORPHOLIN-4-YL-2-OXOETHYL]-2-OXOPYRROLIDIN-3-YL}ETHANESULFONAMIDE,3.43,11.24
"2-[2-(1,3-Dioxo-1,3-Dihydro-2h-Isoindol-2-Yl)Ethyl]-4-(4'-Ethoxy-1,1'-Biphenyl-4-Yl)-4-OxobutanoicAcid",3.43,10.64
Guanidinoethylmercaptosuccinicacid,3.43,11.3
6-(Hydroxyethyldithio)-8-(Aminomethylthio)OctanoicAcid,3.43,11.69
N-{[(2-Methyl-2-propanyl)oxy]carbonyl}-L-alanyl-L-alaninamide,3.43,11.12
(R)-N-(3-Indol-1-Yl-2-Methyl-Propyl)-4-Sulfamoyl-Benzamide,3.42,10.99
SB-409513,3.42,10.74
(S)-1-PHENYL-1-[4-(9H-PURIN-6-YL)PHENYL]METHANAMINE,3.42,11.51
Macitentan,3.42,11.38
Rucaparib,3.42,11.25
Galantamine,3.42,10.73
Glycerin,3.42,11.05
Alpelisib,3.41,11.46
N2-[(Benzyloxy)carbonyl]-N-[(3R)-1-{N-[(benzyloxy)carbonyl]-L-leucyl}-4-oxo-3-pyrrolidinyl]-L-leucinamide,3.41,10.76
(2-CARBAMOYLMETHYL-5-PROPYL-OCTAHYDRO-INDOL-7-YL)ACETICACID,3.41,11.55
Levobetaxolol,3.41,11.33
Tafamidis,3.41,11.21
(3R)-3-HYDROXYDODECANOICACID,3.41,10.83
(R)-tacrine(10)-hupyridone,3.4,11.36
3-[5-(1H-IMIDAZOL-1-YL)-7-METHYL-1H-BENZIMIDAZOL-2-YL]-4-[(PYRIDIN-2-YLMETHYL)AMINO]PYRIDIN-2(1H)-ONE,3.4,11.19
Bambuterol,3.4,10.81
Tretazicar,3.4,11.72
"2,5-DI-(TERT-BUTYL)-1,4,BENZOHYDROQUINONE",3.4,11.55
"(3R)-8-(dioxidosulfanyl)-3-methyl-1,2,3,4-tetrahydroquinoline",3.4,11.38
C-(1-hydrogyl-beta-D-glucopyranosyl)formamide,3.4,10.84
Enzalutamide,3.39,10.88
Dilmapimod,3.39,10.85
"[4-(4-ACETYLAMINO-PHENYL)-3,5-DIOXO-4-AZA-TRICYCLO[5.2.2.02,6]UNDEC-1-YLCARBAMOYLOXY]-ACETICACID",3.39,11.79
8-Bromo-Adenosine-5'-Monophosphate,3.39,10.99
"8-(2,5-Dimethoxy-Benzyl)-2-Fluoro-9h-Purin-6-Ylamine",3.39,11.13
Pyrimethamine,3.39,11.45
Enzastaurin,3.38,11.37
4-(6-CYCLOHEXYLMETHOXY-9H-PURIN-2-YLAMINO)--BENZAMIDE,3.38,11.06
4-(3-amino-1H-indazol-5-yl)-N-tert-butylbenzenesulfonamide,3.38,11.38
S-benzylglutathione,3.37,10.73
Vorapaxar,3.37,10.51
Chlorzoxazone,3.37,11.25
Protoporphyrin,3.36,11.53
Moxidectin,3.36,10.81
"4-{[(2,6-difluorophenyl)carbonyl]amino}-N-[(3S)-piperidin-3-yl]-1H-pyrazole-3-carboxamide",3.36,11.3
Ulixertinib,3.36,11.57
Pentazocine,3.35,11.51
Bis(Adenosine)-5'-Pentaphosphate,3.35,10.68
Alendronicacid,3.35,11.68
1-3SugarRingofPentamannosyl6-Phosphate,3.35,10.84
Glycocyamine,3.35,11.27
Eldecalcitol,3.34,10.65
Tecadenoson,3.34,10.7
2-[Trans-(4-Aminocyclohexyl)Amino]-6-(Benzyl-Amino)-9-Cyclopentylpurine,3.34,11.74
PPL-100,3.34,10.6
Flucloxacillin,3.34,11.23
"3-(2-aminoquinazolin-6-yl)-1-(3,3-dimethylindolin-6-yl)-4-methylpyridin-2(1H)-one",3.34,11.56
CRA_1801,3.34,11.08
Ceftizoxime,3.34,11.26
"3-PYRIDIN-4-YL-2,4-DIHYDRO-INDENO[1,2-.C.]PYRAZOLE",3.34,12.14
"(4-{4-[(TERT-BUTOXYCARBONYL)AMINO]-2,2-BIS(ETHOXYCARBONYL)BUTYL}PHENYL)SULFAMICACID",3.34,10.93
Edetatedisodiumanhydrous,3.34,11.11
N-(1-benzylpiperidin-4-yl)-4-sulfanylbutanamide,3.34,11.59
Hypoxanthine,3.34,10.6
"(4-AMINO-2-{[1-(METHYLSULFONYL)PIPERIDIN-4-YL]AMINO}PYRIMIDIN-5-YL)(2,3-DIFLUORO-6-METHOXYPHENYL)METHANONE",3.33,10.86
Dienogest,3.33,10.83
"N-(2-hydroxy-1,1-dimethylethyl)-1-methyl-3-(1H-pyrrolo[2,3-b]pyridin-2-yl)-1H-indole-5-carboxamide",3.33,11.27
Fumagillin,3.33,11.19
Pyridoxinephosphate,3.33,10.81
Suprofen,3.33,11.09
"5-METHYL-3-(9-OXO-1,8-DIAZA-TRICYCLO[10.6.1.013,18]NONADECA-12(19),13,15,17-TETRAEN-10-YLCARBAMOYL)-HEXANOICACID",3.32,11.61
Estradiolvalerate,3.32,11.07
N-(Bromoacetyl)-beta-alanyl-N-(2-{4-[(carboxycarbonyl)amino]phenyl}ethyl)-L-serinamide,3.32,11.3
N-(3-cyclopropyl-1H-pyrazol-5-yl)-2-(2-naphthyl)acetamide,3.32,11.11
"N-(4-ACETYLPHENYL)-5-(5-CHLORO-2,4-DIHYDROXYPHENYL)-1H-PYRAZOLE-4-CARBOXAMIDE",3.32,11.57
Migalastat,3.32,10.72
Clobetasolpropionate,3.31,11.29
Foretinib,3.31,10.84
1-(2-Fluorobenzyl)-3-Butyl-8-(N-Acetyl-4-Aminobenzyl)-Xanthine,3.31,11.34
"1-(2-{[(6-amino-2-methylpyridin-3-yl)methyl]amino}ethyl)-6-chloro-3-[(2,2-difluoro-2-pyridin-2-ylethyl)amino]-1,4-dihydropyrazin-2-ol",3.31,10.64
"3,4-Dihydroxy-1-Methylquinolin-2(1h)-One",3.31,11.6
Ethanolamine,3.31,11.47
Diflorasone,3.3,11.03
(S)-Hmg-Coa,3.3,11.14
4-NITRO-BENZYLPHOSPHONOBUTANOYL-GLYCINE,3.3,11.24
PARA-(BENZOYL)-PHENYLALANINE,3.3,10.59
Histamine,3.3,11.48
Voclosporin,3.29,11.64
Manitimus,3.29,11.35
Dihydroergocornine,3.29,11.38
17-METHYL-17-ALPHA-DIHYDROEQUILENIN,3.29,11.66
(S)-N-(4-carbamimidoylbenzyl)-1-(2-(cyclopentyloxy)ethanoyl)pyrrolidine-2-carboxamide,3.29,11.41
3'-Oxo-Adenosine,3.29,11.6
Ketazolam,3.29,11.15
Almotriptan,3.29,11.6
Peldesine,3.29,11.04
Dobutamine,3.29,10.77
Heptaethyleneglycol,3.29,11.57
1-deoxymannojirimycin,3.29,10.72
"1-[4-(AMINOMETHYL)BENZOYL]-5'-FLUORO-1'H-SPIRO[PIPERIDINE-4,2'-QUINAZOLIN]-4'-AMINE",3.28,11.41
Epitestosterone,3.28,10.5
"4-{[(E)-(5-Oxo-2-phenyl-1,3-oxazol-4(5H)-ylidene)methyl]amino}butanoicacid",3.28,11.55
(2R)-({4-[AMINO(IMINO)METHYL]PHENYL}AMINO){5-ETHOXY-2-FLUORO-3-[(3R)-TETRAHYDROFURAN-3-YLOXY]PHENYL}ACETICACID,3.27,11.21
Pasireotide,3.27,11.37
"[N-[N-(4-Methoxy-2,3,6-trimethylphenylsulfonyl)-L-aspartyl]-D-(4-amidino-phenylalanyl)]-piperidine",3.27,10.98
(2S)-2-hydroxy-2-methyl-N-[4-nitro-3-(trifluoromethyl)phenyl]-3-(pentafluorophenoxy)propanamide,3.27,10.63
Kitasamycin,3.27,10.6
LATRUNCULINB,3.27,11.46
Brequinar,3.27,11.5
Melphalan,3.27,11.4
"(3AR,6R,6AS)-6-((S)-((S)-CYCLOHEX-2-ENYL)(HYDROXY)METHYL)-6A-METHYL-4-OXO-HEXAHYDRO-2H-FURO[3,2-C]PYRROLE-6-CARBALDEHYDE",3.26,11.39
"(2R)-1-[(5,6-DIPHENYL-7H-PYRROLO[2,3-D]PYRIMIDIN-4-YL)AMINO]PROPAN-2-OL",3.26,11.18
(2S)N-acetyl-L-alanyl-αL-phenylalanyl-chloroethylketone,3.26,11.31
KX-01,3.26,11.6
Indeglitazar,3.26,11.08
N-(Phosphonoacetyl)-L-Ornithine,3.26,10.55
Vinorelbine,3.26,11.79
Nicotinamide8-Bromo-AdenineDinucleotidePhosphate,3.26,11.24
Deoxyuridine-5'-Diphosphate,3.26,10.87
Dyphylline,3.26,11.23
EdotreotidegalliumGa-68,3.25,10.83
"(1S,3R,4S,5S,7S)-4-{[2-(4-METHOXYPHENOXY)-2-METHYLPROPANOYL]AMINO}ADAMANTANE-1-CARBOXAMIDE",3.25,11.04
(2-{[(4-BROMO-2-FLUOROBENZYL)AMINO]CARBONYL}-5-CHLOROPHENOXY)ACETICACID,3.25,10.75
Metolazone,3.25,11.71
"5-(Aminomethyl)-6-(2,4-Dichlorophenyl)-2-(3,5-Dimethoxyphenyl)Pyrimidin-4-Amine",3.25,11.35
PARA-NITROPHENYLPHOSPHONOBUTANOYL-GLYCINE,3.25,11.39
4-Sulfonamide-[1-(4-Aminobutane)]Benzamide,3.25,10.87
SNS-314,3.24,11.61
N-[O-Phosphono-Pyridoxyl]-Isoleucine,3.24,10.94
Timolol,3.24,10.81
Alpha-Benzyl-Aminobenzyl-PhosphonicAcid,3.23,11.64
Mycophenolicacid,3.23,10.85
FR239087,3.22,11.41
Fluticasonepropionate,3.22,11.32
"beta-D-fructofuranose1,6-bisphosphate",3.22,10.88
Loperamide,3.22,11.46
"4-CHLORO-6-(4-PIPERAZIN-1-YL-1H-PYRAZOL-5-YL)BENZENE-1,3-DIOL",3.22,11.69
Cholesterol,3.22,10.42
GinsenosideRb1,3.22,10.74
D-Tyrosine,3.22,11.51
Adenylosuccinicacid,3.21,10.54
Ciglitazone,3.21,10.69
(4R)-4-(3-butoxy-4-methoxybenzyl)imidazolidin-2-one,3.21,11.33
"N-naphthalen-1-ylmethyl-2'-[3,5-dimethoxybenzamido]-2'-deoxy-adenosine",3.21,11.35
Trilostane,3.21,10.77
Itopride,3.21,11.36
N-(1-adamantyl)-N'-(4-guanidinobenzyl)urea,3.2,11.5
"2-(Beta-D-Glucopyranosyl)-5-Methyl-1,3,4-Oxadiazole",3.2,11.18
Flumequine,3.2,11.33
Pindolol,3.2,10.77
"2,6-Dihydroanthra/1,9-Cd/Pyrazol-6-One",3.2,12.07
"N-cyclopropyl-6-[(6,7-dimethoxyquinolin-4-yl)oxy]naphthalene-1-carboxamide",3.19,11.22
[[CYCLOHEXANESULFONYL-GLYCYL]-3[PYRIDIN-4-YL-AMINOMETHYL]ALANYL]PIPERIDINE,3.19,11.55
"(3aS)-3a-hydroxy-1-phenyl-1,2,3,3a-tetrahydro-4H-pyrrolo[2,3-b]quinolin-4-one",3.19,11.62
N-(4-PHENYLAMINO-QUINAZOLIN-6-YL)-ACRYLAMIDE,3.19,11.16
"methyl4-(2,3-dihydroxy-5-methylphenoxy)-2-hydroxy-6-methylbenzoate",3.19,11.53
Bromazepam,3.19,11.39
RU78300,3.19,11.55
Glutaminet-butylester,3.19,10.63
Mannitol,3.19,10.75
Capecitabine,3.18,10.64
Cardarine,3.18,11.26
Afimoxifene,3.18,11.71
4-methoxybenzenesulfinate,3.18,10.71
N-[[2-METHYL-4-HYDROXYCARBAMOYL]BUT-4-YL-N]-BENZYL-P-[PHENYL]-P-[METHYL]PHOSPHINAMID,3.17,11.53
N-(4-phenoxyphenyl)-2-[(pyridin-4-ylmethyl)amino]nicotinamide,3.17,11.05
Valsartan,3.17,10.75
BrequinarAnalog,3.17,11.51
"3-{[(2,2-dioxido-1,3-dihydro-2-benzothien-5-yl)amino]methylene}-5-(1,3-oxazol-5-yl)-1,3-dihydro-2H-indol-2-one",3.17,11.77
Safinamide,3.17,11.16
2'-fluoro-2'-deoxyuridine3'-monophosphate,3.17,11.31
N-Trimethyllysine,3.16,10.67
Zenarestat,3.15,10.95
"4-{4-[3-(2,4-DICHLORO-BENZOYL)-UREIDO]-2,3-DIMETHYL-PHENOXY}-BUTYRICACID",3.15,11.37
Voglibose,3.15,11.57
Esketamine,3.15,10.77
Leucovorin,3.14,10.76
CRA_10991,3.14,11.64
"1,3-CYCLOHEXANEDIOL,4-METHYLENE-5-[(2E)-[(1S,3AS,7AS)-OCTAHYDRO-1-(5-HYDROXY-5-METHYL-1,3-HEXADIYNYL)-7A-METHYL-4H-INDEN-4-YLIDENE]ETHYLIDENE]-,(1R,3S,5Z)",3.14,10.65
Tasosartan,3.14,10.75
5-iodotubercidin,3.14,11.24
"(2S,3R)-3-(6-amino-9H-purin-9-yl)nonan-2-ol",3.14,11.04
N-[4-(5-fluoro-6-methylpyridin-2-yl)-5-quinoxalin-6-yl-1H-imidazol-2-yl]acetamide,3.14,11.11
Fusicoccin,3.14,11.3
Cyclandelate,3.14,11.35
Lisofylline,3.14,10.58
"2,4-Diamino-6-Phenyl-5,6,7,8,-Tetrahydropteridine",3.14,11.35
Sitafloxacin,3.13,11.27
"N-Hydroxy1n(4-Methoxyphenyl)Sulfonyl-4-(Z,E-N-Methoxyimino)Pyrrolidine-2r-Carboxamide",3.13,11.05
Solabegron,3.13,10.74
Fluciclovine(18F),3.13,11.41
Metipranolol,3.13,10.72
1-(4-HEXYLPHENYL)PROP-2-EN-1-ONE,3.13,11.16
[N-(3-dibenzylcarbamoyl-oxiranecarbonyl)-hydrazino]-aceticacid,3.12,12.03
"7-(1,1-Dioxo-1h-Benzo[D]Isothiazol-3-Yloxymethyl)-2-(Oxalyl-Amino)-4,7-Dihydro-5h-Thieno[2,3-C]Pyran-3-CarboxylicAcid",3.12,10.74
"2',3'-Dideoxythymidine-5'-Monophosphate",3.12,10.95
"2-[3-(2-Hydroxy-1,1-Dihydroxymethyl-Ethylamino)-Propylamino]-2-Hydroxymethyl-Propane-1,3-Diol",3.12,10.7
Lestaurtinib,3.11,13.17
"(3AS,4R,9BR)-4-(4-HYDROXYPHENYL)-6-(METHOXYMETHYL)-1,2,3,3A,4,9B-HEXAHYDROCYCLOPENTA[C]CHROMEN-8-OL",3.11,11.26
"(S)-2-[(R)-3-amino-4-(2-fluorophenyl)butyryl]-1,2,3,4-tetrahydroisoquinoline-3-carboxamide",3.11,10.61
"N-[4-(AMINOSULFONYL)BENZYL]-5-(5-CHLORO-2,4-DIHYDROXYPHENYL)-1H-PYRAZOLE-4-CARBOXAMIDE",3.11,11.31
4-PHENOXY-N-(PYRIDIN-2-YLMETHYL)BENZAMIDE,3.11,11.39
"4-[4-(2,5-DIOXO-PYRROLIDIN-1-YL)-PHENYLAMINO]-4-HYDROXY-BUTYRICACID",3.11,11.49
Acetohexamide,3.11,10.71
Rofecoxib,3.1,10.72
"3-Mercapto-1-(1,3,4,9-Tetrahydro-B-Carbolin-2-Yl)-Propan-1-One",3.1,11.43
Mebendazole,3.1,11.25
7-METHOXY-1-METHYL-9H-BETA-CARBOLINE,3.1,10.21
"(3R)-3-cyclopentyl-6-methyl-7-[(4-methylpiperazin-1-yl)sulfonyl]-3,4-dihydro-2H-1,2-benzothiazine1,1-dioxide",3.09,11.39
Morpholine-4-CarboxylicAcid[1-(2-Benzylsulfanyl-1-Formyl-Ethylcarbamoyl)-2-Phenyl-Ethyl]-Amide,3.09,11.32
Hexestrol,3.09,11.73
N-(4-chlorophenyl)-2-[(pyridin-4-ylmethyl)amino]benzamide,3.09,11.16
(S)-Warfarin,3.09,11.3
alpha-D-quinovopyranose,3.09,10.6
3-(4-DIETHYLAMINO-2-HYDROXY-PHENYL)-2-METHYL-PROPIONICACID,3.09,10.99
Ergotamine,3.08,11.26
"8-Benzo[1,3]Dioxol-,5-Ylmethyl-9-Butyl-2-Fluoro-9h-Purin-6-Ylamine",3.08,11.38
Risedronicacid,3.08,10.9
Roxithromycin,3.08,11.4
Minocycline,3.08,11.49
Methionine,3.08,10.76
Nicorandil,3.08,11.52
"(1-HYDROXYHEPTANE-1,1-DIYL)BIS(PHOSPHONICACID)",3.07,11.32
Z-Pro-Prolinal,3.07,11.48
Ramelteon,3.07,11.18
Fluoro-Willardiine,3.07,11.59
Quercetin,3.07,11.12
4-Sulfonamide-[4-(Thiomethylaminobutane)]Benzamide,3.07,10.9
Chlorambucil,3.07,11.19
Desonide,3.06,11.43
Fosamprenavir,3.06,11.51
S-adenosyl-L-homocysteine,3.06,11.36
"2,2,2-TRIFLUORO-1-{5-[(3-PHENYL-5,6-DIHYDROIMIDAZO[1,2-A]PYRAZIN-7(8H)-YL)CARBONYL]THIOPHEN-2-YL}ETHANE-1,1-DIOL",3.06,10.74
Clarithromycin,3.06,11.61
Phosphocreatine,3.06,10.78
(4E)-N-(4-fluorophenyl)-4-[(phenylcarbonyl)imino]-4H-pyrazole-3-carboxamide,3.06,11.56
N-{[2-({[1-(4-CARBOXYBUTANOYL)AMINO]-2-PHENYLETHYL}-HYDROXYPHOSPHINYL)OXY]ACETYL}-2-PHENYLETHYLAMINE,3.06,11.31
Methoxamine,3.06,11.46
2H-Benzimidazol-2-amine,3.06,11.74
N-(5-{[(2S)-4-amino-2-(3-chlorophenyl)butanoyl]amino}-1H-indazol-3-yl)benzamide,3.05,11.7
PX-478,3.05,11.69
Fluticasonefuroate,3.05,11.37
"(3AALPHA,4ALPHA,7ALPHA,7AALPHA)-3A,4,7,7A-TETRAHYDRO-2-(4-NITRO-1-NAPHTHALENYL)-4,7-ETHANO-1H-ISOINDOLE-1,3(2H)-DIONE",3.05,11.76
Niraparib,3.05,11.22
Phenolphthalein,3.05,10.57
Ribavirin,3.05,10.5
Eluxadoline,3.04,10.89
N-Benzoyl-N'-Beta-D-GlucopyranosylUrea,3.04,10.53
Apremilast,3.04,11.15
S-(N-hydroxy-N-iodophenylcarbamoyl)glutathione,3.04,10.74
Halometasone,3.03,10.61
"1-[4-(Octahydro-Pyrido[1,2-a]Pyrazin-2-Yl)-Phenyl]-2-Phenyl-1,2,3,4-Tetrahydro-Isoquinolin-6-Ol",3.03,11.36
N-cyclopropyl-4-methyl-3-{2-[(2-morpholin-4-ylethyl)amino]quinazolin-6-yl}benzamide,3.03,11.46
Daxalipram,3.03,11.31
GALACTOSEGREASE,3.03,10.35
2-[METHYL-(5-GERANYL-4-METHYL-PENT-3-ENYL)-AMINO]-ETHYL-DIPHOSPHATE,3.03,11.44
Monothioglycerol,3.03,11.38
N2-({[(4-Bromophenyl)Methyl]Oxy}Carbonyl)-N1-[(1s)-1-Formylpentyl]-L-Leucinamide,3.02,10.89
"(6S)-1-chloro-3-[(4-fluorobenzyl)oxy]-6-(pyrrolidin-1-ylcarbonyl)pyrrolo[1,2-a]pyrazin-4(6H)-one",3.02,11.44
Carba-nicotinamide-adenine-dinucleotide,3.02,11.06
Fluorometholone,3.02,10.93
ReidispongiolideA,3.02,11.62
FR230513,3.02,10.73
Olaparib,3.02,11.32
"1-Azepan-1-Yl-2-Phenyl-2-(4-Thioxo-1,4-Dihydro-Pyrazolo[3,4-D]Pyrimidin-5-Yl)EthanoneAdduct",3.02,11.06
beta-L-methyl-fucose,3.02,10.76
"2,3-DifluorobenzylAlcohol",3.02,10.71
Pregabalin,3.02,11.14
Metronidazole,3.02,11.15
PRX-08066,3.01,11.16
O6-CYCLOHEXYLMETHOXY-2-(4'-SULPHAMOYLANILINO)PURINE,3.01,10.44
RU79072,3.01,10.92
N-phenyl-1H-pyrazole-3-carboxamide,3.01,11.38
Octreotide,3,10.91
Talniflumate,3,11.34
Gentamicin,3,11.7
Chlorothiazide,3,11.55
3-(Oxalyl-Amino)-Naphthalene-2-CarboxylicAcid,3,11.78
Creatine,3,11.65
WRR-99,2.99,10.7
Ulobetasol,2.99,11.26
"5-(4-PHENOXYPHENYL)-5-(4-PYRIMIDIN-2-YLPIPERAZIN-1-YL)PYRIMIDINE-2,4,6(2H,3H)-TRIONE",2.99,11.48
Ticalopride,2.99,11.26
"1-((2-HYDROXYETHOXY)METHYL)-5-BENZYLPYRIMIDINE-2,4(1H,3H)-DIONE",2.99,11.5
Bufylline,2.99,10.53
"3-Decyl-2,5-Dioxo-4-Hydroxy-3-Pyrroline",2.99,10.57
2-(Oxalyl-Amino)-BenzoicAcid,2.99,11.6
Lovastatin,2.98,10.41
"5-Chloro-thiophene-2-carboxylicacid((3S,4S)-1-{[2-fluoro-4-(2-oxo-2H-pyridin-1-yl)-phenylcarbamoyl]-methyl}-4-hydroxy-pyrrolidin-3-yl)-amide",2.98,11.08
Orlistat,2.98,10.42
Cyclopentolate,2.98,11.66
"(5R)-N,N-DIETHYL-5-METHYL-2-[(THIOPHEN-2-YLCARBONYL)AMINO]-4,5,6,7-TETRAHYDRO-1-BENZOTHIOPHENE-3-CARBOXAMIDE",2.98,11.5
"N4-HYDROXY-2-ISOBUTYL-N1-(9-OXO-1,8-DIAZA-TRICYCLO[10.6.1.013,18]NONADECA-12(19),13,15,17-TETRAEN-10-YL)-SUCCINAMIDE",2.97,11.51
Phosphatidylserine,2.97,10.8
Seliciclib,2.97,11.38
Levamlodipine,2.97,11.58
OroticAcid,2.97,10.62
N-(Chlorophenyl)-N'-Hydroxyguanidine,2.97,10.7
Fludrocortisone,2.96,10.81
Conivaptan,2.96,11.52
Radezolid,2.96,11.51
Novobiocin,2.96,10.74
Amlodipine,2.96,11.58
FG-2216,2.96,11.42
2-(methylsulfanyl)-5-(thiophen-2-ylmethyl)-1H-imidazol-4-ol,2.96,11.28
Methsuximide,2.96,10.5
Menadione,2.96,11.54
Cediranib,2.95,11.01
"N-{3-[5-(6-Amino-Purin-9-Yl)-3,4-Dihydroxy-Tetrahydro-Furan-2-Yl]-Allyl}-2,3-Dihydroxy-5-Nitro-Benzamide",2.95,11.37
"3,5-Diiodotyrosine",2.95,10.6
Uricacid,2.95,11.51
"(3,4-DIHYDROXY-2-NITROPHENYL)(PHENYL)METHANONE",2.95,11.31
Dehydroascorbicacid,2.95,10.66
D-leucyl-N-(3-chlorobenzyl)-L-prolinamide,2.94,11.6
Caspofungin,2.94,10.77
"(2R)-2-{[4-(benzylamino)-8-(1-methylethyl)pyrazolo[1,5-a][1,3,5]triazin-2-yl]amino}butan-1-ol",2.94,11.47
"(1'R,2'S)-9-(2-Hydroxy-3'-Keto-Cyclopenten-1-yl)Adenine",2.94,11.35
"Hexane-1,6-Diol",2.94,11.49
Abemaciclib,2.93,11.48
Haloperidol,2.93,11.29
Phentolamine,2.93,11.74
4-[3-(4-CHLOROPHENYL)-1H-PYRAZOL-5-YL]PIPERIDINE,2.93,11.51
Entrectinib,2.92,11.79
Butylscopolamine,2.92,10.69
6-CARBAMIMIDOYL-2-[2-HYDROXY-6-(4-HYDROXY-PHENYL)-INDAN-1-YL]-HEXANOICACID,2.92,10.64
1-Deoxy-1-Methoxycarbamido-Beta-D-Gluco-2-Heptulopyranosonamide,2.92,10.62
Thalidomide,2.92,11.02
4-PIPERIDIN-4-YLBUTANAL,2.92,11.33
Alfacalcidol,2.91,10.55
Cefaloridine,2.91,11.08
N-{3-[(4-{[3-(TRIFLUOROMETHYL)PHENYL]AMINO}PYRIMIDIN-2-YL)AMINO]PHENYL}CYCLOPROPANECARBOXAMIDE,2.91,11.46
Phenprocoumon,2.91,11.33
PorphyrinFe(III),2.91,11.43
Bromotheophylline,2.91,11.42
Salsalate,2.91,10.76
Glycopyrronium,2.9,11.16
Hydrocortisonecypionate,2.9,10.88
CP-526423,2.9,10.77
Trichlormethiazide,2.9,11.78
Everolimus,2.9,10.78
"(2S)-1-(6H-INDOL-3-YL)-3-{[5-(7H-PYRAZOLO[3,4-C]PYRIDIN-5-YL)PYRIDIN-3-YL]OXY}PROPAN-2-AMINE",2.9,11.84
Enalkiren,2.89,11.3
N'-Pyridoxyl-Lysine-5'-Monophosphate,2.89,10.82
"(3R,4S)-1-{6-[3-(METHYLSULFONYL)PHENYL]PYRIMIDIN-4-YL}-4-(2,4,5-TRIFLUOROPHENYL)PYRROLIDIN-3-AMINE",2.88,11.45
Ixazomib,2.88,10.76
Glutathione,2.88,11.12
Anagrelide,2.88,11.33
Griseofulvin,2.88,11.12
2-{[Formyl(Hydroxy)Amino]Methyl}-4-MethylpentanoicAcid,2.88,10.66
Aminodi(Ethyloxy)Ethylaminocarbonylbenzenesulfonamide,2.88,11.4
Clobazam,2.88,11.12
"4-Carboxy-5-(1-Pentyl)Hexylsulfanyl-1,2,3-Triazole",2.88,11.64
N-[2-(2-methyl-1H-indol-3-yl)ethyl]thiophene-2-carboxamide,2.88,11.33
"S,S-(2-Hydroxyethyl)Thiocysteine",2.88,10.65
AC-(D)PHE-PRO-BOROHOMOORNITHINE-OH,2.87,11.65
Uridinemonophosphate,2.87,10.95
"8-(2-CHLOROPHENYLAMINO)-2-(2,6-DIFLUOROPHENYLAMINO)-9-ETHYL-9H-PURINE-1,7-DIIUM",2.87,11.57
Benzthiazide,2.86,11.35
"{3-[(4,5,7-TRIFLUORO-1,3-BENZOTHIAZOL-2-YL)METHYL]-1H-INDOL-1-YL}ACETICACID",2.86,10.64
"Alpha-D-Glucose1,6-Bisphosphate",2.86,10.91
"5,7-Dichlorokynurenicacid",2.86,11.57
"2-(2-Hydroxy-1,1-Dihydroxymethyl-Ethylamino)-EthanesulfonicAcid",2.86,10.69
Stiripentol,2.86,11.55
CRA_11092,2.85,11.11
"METHYL1-(4-{[(2,4-DIAMINOPTERIDIN-6-YL)METHYL]AMINO}BENZOYL)PIPERIDINE-4-CARBOXYLATE",2.85,11.36
Linsitinib,2.85,11.28
Lomefloxacin,2.85,11.31
"8-(2,5-Dimethoxy-Benzyl)-2-Fluoro-9-Pent-9h-Purin-6-Ylamine",2.85,11.48
Melengestrolacetate,2.85,11.29
Tildipirosin,2.85,10.56
Proxyphylline,2.85,11.16
Drostanolone,2.85,10.53
"N-cyclopropyl-2',6-dimethyl-4'-(5-methyl-1,3,4-oxadiazol-2-yl)biphenyl-3-carboxamide",2.85,10.83
"2,4-Diamino-5-(3,4,5-Trimethoxy-Benzyl)-Pyrimidin-1-Ium",2.85,11.1
Trans-O-Hydroxy-Alpha-MethylCinnamate,2.85,10.52
Pentostatin,2.84,11.67
Ferricpyrophosphatecitrate,2.84,10.96
3-Tyrosine,2.84,11.36
D-Serine,2.84,10.67
1-(3-Mercapto-2-Methyl-Propionyl)-Pyrrolidine-2-CarboxylicAcid,2.83,11.6
"2-[(2-chloro-4-iodophenyl)amino]-N-{[(2R)-2,3-dihydroxypropyl]oxy}-3,4-difluorobenzamide",2.83,11.06
3-(1h-Indol-3-Yl)-2-[4-(4-Phenyl-Piperidin-1-Yl)-Benzenesulfonylamino]-PropionicAcid,2.83,11.05
Norethynodrel,2.83,11.46
Troleandomycin,2.83,11.64
Ropinirole,2.83,11.38
Ethanol,2.83,10.7
PolymyxinB,2.82,10.62
1-[1-(3-aminophenyl)-3-tert-butyl-1H-pyrazol-5-yl]-3-phenylurea,2.82,11.58
Osimertinib,2.81,11.66
Rolipram,2.81,11.25
"(2R,3R,4S,5R,6E)-3,4,5-Trihydroxy-N-[(3S,6R)-6-hydroxy-2-oxo-3-azepanyl]-2-methoxy-8,8-dimethyl-6-nonenamide",2.81,11.29
Theobromine,2.81,10.63
"(2R)-3-{[{[(2S)-2,3-DIHYDROXYPROPYL]OXY}(HYDROXY)PHOSPHORYL]OXY}-2-[(9E)-HEXADEC-9-ENOYLOXY]PROPYL(9E)-OCTADEC-9-ENOATE",2.81,10.75
Aminooxyaceticacid,2.81,10.75
2-Ethoxyethanol,2.81,11.48
Imipenem,2.8,11.62
Fleroxacin,2.8,11.27
Vadimezan,2.8,11.26
"4-{4-[4-(3-AMINOPROPOXY)PHENYL]-1H-PYRAZOL-5-YL}-6-CHLOROBENZENE-1,3-DIOL",2.8,10.89
Melperone,2.8,11.34
Rivaroxaban,2.79,11.52
Mant-Adp,2.79,11.41
Glycocholicacid,2.79,10.58
"2-(1H-pyrrol-1-ylcarbonyl)benzene-1,3,5-triol",2.79,12.55
Oxtriphylline,2.79,11.46
ETHYL3-[4-(AMINOSULFONYL)PHENYL]PROPANOATE,2.79,11.24
Sulfisoxazole,2.79,11.62
"4-(2,2,2-TRIFLUOROETHYL)-L-PHENYLALANINE",2.79,10.66
"Methyl4,6-O-[(1R)-1-carboxyethylidene]-beta-D-galactopyranoside",2.79,10.75
Isoetharine,2.78,11.59
CARBOBENZYLOXY-(L)-LEUCINYL-(L)LEUCINYLMETHOXYMETHYLKETONE,2.77,10.8
Hexanoyl-CoA,2.77,10.99
N-Pyridoxyl-Glycine-5-Monophosphate,2.77,11.47
2-{[4-(4-pyridin-4-yl-1H-pyrazol-3-yl)phenoxy]methyl}quinoline,2.77,11.48
"1-methyl-3-naphthalen-2-yl-1H-pyrazolo[3,4-d]pyrimidin-4-amine",2.77,11.54
Pitavastatin,2.76,11.32
Rifamycin,2.76,10.7
Hexocyclium,2.76,11.44
Irofulven,2.76,10.87
6-Carboxymethyluracil,2.76,11.38
Imino-Tryptophan,2.76,11.54
Indigotindisulfonicacid,2.75,11.57
Banoxantrone,2.75,11.7
PARA-NITROPHENYL1-THIO-BETA-D-GLUCOPYRANOSIDE,2.75,11.12
Motexafingadolinium,2.75,10.96
(2S)-1-{[5-(1H-Indazol-5-yl)-3-pyridinyl]oxy}-3-(7aH-indol-3-yl)-2-propanamine,2.75,12.89
"4-(1,3-Benzodioxol-5-Yl)-5-(5-Ethyl-2,4-Dihydroxyphenyl)-2h-Pyrazole-3-CarboxylicAcid",2.75,11.38
(2S)-3-[4-(acetylamino)phenoxy]-2-hydroxy-2-methyl-N-[4-nitro-3-(trifluoromethyl)phenyl]propanamide,2.74,10.62
7-methyl-5'-guanylicacid,2.74,11.17
Arhalofenate,2.74,11.48
N-Hydroxy-4-Phosphono-Butanamide,2.74,11.08
CRA_10656,2.73,11.4
Cpad,2.73,10.88
Quinethazone,2.73,12.12
Quingestanol,2.73,11.25
Niludipine,2.73,11.41
D-Tryptophan,2.73,11.35
Apixaban,2.72,11.43
Bamifylline,2.72,11.27
Daclatasvir,2.72,11.14
Aranidipine,2.72,11.24
FLUORESCIN,2.72,10.65
Quazepam,2.72,11.55
PlateletActivatingFactor,2.72,10.69
3-[(1s)-1-(Dimethylamino)Ethyl]Phenol,2.72,11.7
Ibrutinib,2.71,11.43
Argatroban,2.71,10.72
Asunaprevir,2.71,11.53
Asparticacid,2.71,10.72
"5-[(4-AMINOCYCLOHEXYL)AMINO]-7-(PROPAN-2-YLAMINO)PYRAZOLO[1,5-A]PYRIMIDINE-3-CARBONITRILE",2.7,11.59
Gilteritinib,2.7,11.55
Methotrexate,2.7,11.38
IMIDAZOPYRIDAZIN1,2.7,11.27
Stavudine,2.7,11.42
"N-(4-Methoxybenzyl)-N'-(5-Nitro-1,3-Thiazol-2-Yl)Urea",2.7,11.25
Propantheline,2.7,11.33
Levosalbutamol,2.7,10.62
Pazopanib,2.69,11.74
4-[(4-METHYL-1-PIPERAZINYL)METHYL]-N-[3-[[4-(3-PYRIDINYL)-2-PYRIMIDINYL]AMINO]PHENYL]-BENZAMIDE,2.69,11.54
4-[5-(4-FLUORO-PHENYL)-2-(4-METHANESULFINYL-PHENYL)-3H-IMIDAZOL-4-YL]-PYRIDINE,2.69,11.24
2'-cytidylicacid,2.69,11.37
{4-[(2S)-2-Acetamido-3-({(1S)-1-[3-carbamoyl-4-(cyclohexylmethoxy)phenyl]ethyl}amino)-3-oxopropyl]-2-phosphonophenoxy}aceticacid,2.68,11.52
"1-methyl-8-(phenylamino)-4,5-dihydro-1H-pyrazolo[4,3-h]quinazoline-3-carboxylicacid",2.68,11.21
3-(6-CYCLOHEXYLMETHOXY-9H-PURIN-2-YLAMINO)-BENZENESULFONAMIDE,2.68,10.66
2-[2-(4-Chloro-Phenylsulfanyl)-Acetylamino]-3-(4-Guanidino-Phenyl)-Propionamide,2.68,11.25
Phosphonotyrosine,2.68,11.59
N-Methylphenylalanyl-N-[(trans-4-aminocyclohexyl)methyl]-L-prolinamide,2.67,11.7
"(1S)-1-(3-chlorophenyl)-2-oxo-2-[(1,3,4-trioxo-1,2,3,4-tetrahydroisoquinolin-5-yl)amino]ethylacetate",2.67,11.01
5-[4-(1-Carboxymethyl-2-Oxo-Propylcarbamoyl)-Benzylsulfamoyl]-2-Hydroxy-BenzoicAcid,2.67,10.78
(S)-AMPA,2.67,10.95
4-Iodopyrazole,2.67,11.52
"5-CHLORO-THIOPHENE-2-CARBOXYLICACID((3S,4S)-4-FLUORO-1-{[2-FLUORO-4-(2-OXO-2H-PYRIDIN-1-YL)-PHENYLCARBAMOYL]-METHYL}-PYRROLIDIN-3-YL)-AMIDE",2.66,10.78
4-{[4-(1-CYCLOPROPYL-2-METHYL-1H-IMIDAZOL-5-YL)PYRIMIDIN-2-YL]AMINO}-N-METHYLBENZENESULFONAMIDE,2.66,11.69
(S)-Rolipram,2.66,11.25
1-Anilino-8-NaphthaleneSulfonate,2.66,11.59
Fradafiban,2.65,10.6
Enoximone,2.65,11.22
Naronapride,2.64,11.44
"N'-(Pyrrolidino[2,1-B]Isoindolin-4-On-8-Yl)-N-(Pyridin-2-Yl)Urea",2.64,11.12
Cefalotin,2.64,11.47
L-tyrosinamide,2.64,11.23
Threonine,2.64,10.69
Delta-AminoValericAcid,2.64,11.23
"(2S,3S)-3-FORMYL-2-({[(4-METHYLPHENYL)SULFONYL]AMINO}METHYL)PENTANOICACID",2.63,11.55
Barnidipine,2.63,11.19
Disopyramide,2.63,11.55
"N'-(6-aminopyridin-3-yl)-N-(2-cyclopentylethyl)-4-methyl-benzene-1,3-dicarboxamide",2.63,10.86
Desflurane,2.63,11.65
8-(Pyrimidin-2-Ylamino)Naphthalene-2-Carboximidamide,2.62,11.67
L-Alpha-Glycerophosphorylserine,2.62,10.69
Etacrynicacid,2.62,11.17
"3-(4-HYDROXYPHENYL)-4,5-DIHYDRO-5-ISOXAZOLE-ACETICACIDMETHYLESTER",2.62,10.72
Dibromotyrosine,2.62,11.12
Carbutamide,2.62,11.23
SGS-742,2.62,11.51
Terfenadine,2.61,11.76
"4-(4-propoxy-1H-pyrrolo[2,3-b]pyridin-3-yl)pyrimidin-2-amine",2.61,11.1
"2,4-Dihydroxy-7-(Methyloxy)-2h-1,4-Benzoxazin-3(4h)-One",2.61,11.12
"N-{[(2S,3S)-3-(ETHOXYCARBONYL)OXIRAN-2-YL]CARBONYL}-",2.61,10.5
"6-(3-METHYL-1,4-DIOXO-1,4-DIHYDRONAPHTHALEN-2-YL)HEXANOICACID",2.6,10.46
1-PHENYL-1H-PYRAZOLE-4-CARBOXYLICACID,2.6,11.6
Dichlorobenzylalcohol,2.6,11.35
"2-amino-4-[2,4-dichloro-5-(2-pyrrolidin-1-ylethoxy)phenyl]-N-ethylthieno[2,3-d]pyrimidine-6-carboxamide",2.59,11.39
Ouabain,2.59,11.35
Furosemide,2.59,10.95
Lenalidomide,2.59,10.68
Thymidine-5'-Triphosphate,2.59,11.19
Remacemide,2.59,11.65
Urea,2.59,10.69
Pimobendan,2.58,11.35
1-GUANIDINO-4-(N-PHENYLMETHANESULFONYL-L-LEUCYL-L-PROLYLAMINO)BUTANE,2.57,11.7
Ciclesonide,2.57,10.76
Indirubin-5-sulphonate,2.57,11.18
S-3-(4-FLUOROPHENOXY)-2-HYDROXY-2-METHYL-N-[4-NITRO-3-(TRIFLUOROMETHYL)PHENYL]PROPANAMIDE,2.57,10.52
Progesterone,2.56,10.79
Dinoprost,2.56,11.44
AcarboseDerivedHexasaccharide,2.56,10.68
S-(D-Carboxybutyl)-L-Homocysteine,2.55,10.66
Velpatasvir,2.53,11.63
TNP-470,2.53,10.8
Prednisoloneacetate,2.53,10.85
(4-{(2S)-2-[(tert-butoxycarbonyl)amino]-3-methoxy-3-oxopropyl}phenyl)methaneseleninicacid,2.53,11.3
2'-Deoxyguanosine-5'-Diphosphate,2.53,11.5
Flucytosine,2.53,10.86
"(3S)-3-cyclopentyl-6-methyl-7-[(4-methylpiperazin-1-yl)sulfonyl]-3,4-dihydro-2H-1,2,4-benzothiadiazine1,1-dioxide",2.52,11.43
Tenofovir,2.52,12
Fluprednideneacetate,2.52,10.81
"3,8-DIBROMO-7-HYDROXY-4-METHYL-2H-CHROMEN-2-ONE",2.52,11.18
Ifosfamide,2.52,11.48
Elexacaftor,2.51,11.67
"PHENYLAMINOIMIDAZO(1,2-ALPHA)PYRIDINE",2.51,11.38
Vincristine,2.51,11.76
"3,5,3',5'-Tetrachloro-Biphenyl-4,4'-Diol",2.51,11.35
Adenosine-3'-5'-Diphosphate,2.51,10.6
(1R)-2-amino-1-[3-(trifluoromethyl)phenyl]ethanol,2.51,11.62
SanglifehrinA,2.5,11.45
NitromethyldethiaCoenzymeA,2.5,10.54
FR236913,2.5,11.62
Thiodigalactoside,2.5,10.62
Phenylalanine-N-Sulfonamide,2.5,10.73
Glycolicacid,2.5,11.48
Enrasentan,2.49,10.91
Hesperidin,2.49,11.15
Clocortoloneacetate,2.49,10.62
Pinacidil,2.49,11.51
TechnetiumTc-99mmebrofenin,2.48,11.89
Abexinostat,2.48,11.29
Artesunate,2.48,10.85
Erythose-4-Phosphate,2.48,11.39
"9-(5,5-Difluoro-5-Phosphonopentyl)Guanine",2.47,11.27
Pipamperone,2.47,11.61
2-PHENYL-4H-BENZO[H]CHROMEN-4-ONE,2.47,12.15
Uridine5'-triphosphate,2.46,10.83
Vidarabine,2.46,10.83
Tartronate,2.46,11.5
Mercaptoethanol,2.46,11.69
SinapoylcoenzymeA,2.45,11.15
TetrazolylHistidine,2.45,11.62
BMS184394,2.44,11.48
PF-00356231,2.44,11.47
Hydroxyaminovaline,2.44,10.77
"4-(2-aminoethoxy)-N-(3-chloro-5-piperidin-1-ylphenyl)-3,5-dimethylbenzamide",2.44,10.97
Limaprost,2.44,10.52
RU82209,2.43,11.56
"N-[(2R)-5-(aminosulfonyl)-2,3-dihydro-1H-inden-2-yl]-2-propylpentanamide",2.43,11.56
CVT-6883,2.43,11.52
BenzylN-[(2S)-5-(diaminomethylamino)-1-[[(2S)-4-fluoro-3-oxobutan-2-yl]amino]-1-oxopentan-2-yl]carbamate,2.42,10.74
5-HYDROXY-3-[(1R)-1-(1H-PYRROL-2-YL)ETHYL]-2H-INDOL-2-ONE,2.42,11.94
beta-D-Ribose-5-phosphate,2.42,10.96
Equilenin,2.42,11.94
"(2S)-1-(2,5-dimethylphenoxy)-3-morpholin-4-ylpropan-2-ol",2.42,11.22
RicinoleicAcid,2.42,10.69
Gadoxeticacid,2.41,11.97
PUROMYCINAMINONUCLEOSIDE-5'-MONOPHOSPHATE,2.41,11.38
"2,3-Dicarboxy-4-(2-Chloro-Phenyl)-1-Ethyl-5-Isopropoxycarbonyl-6-Methyl-Pyridinium",2.41,11.26
Fosaprepitant,2.4,11.66
Ceftriaxone,2.4,11.25
"4-[3-Oxo-3-(5,5,8,8-Tetramethyl-5,6,7,8-Tetrahydro-Naphthalen-2-Yl)-Propenyl]-BenzoicAcid",2.4,11.35
3-(2-Aminoethyl)-4-(Aminomethyl)HeptanedioicAcid,2.4,10.68
"(4s-Trans)-4-(Methylamino)-5,6-Dihydro-6-Methyl-4h-Thieno(2,3-B)Thiopyran-2-Sulfonamide-7,7-Dioxide",2.39,10.58
"6-CHLORO-3-(DICHLOROMETHYL)-3,4-DIHYDRO-2H-1,2,4-BENZOTHIADIAZINE-7-SULFONAMIDE1,1-DIOXIDE",2.39,11.78
Sri-9662,2.39,10.79
Mepenzolate,2.39,11.46
2-({4-[4-(pyridin-4-ylmethyl)-1H-pyrazol-3-yl]phenoxy}methyl)quinoline,2.38,11.57
ArbaclofenPlacarbil,2.38,11.31
Clinofibrate,2.38,10.63
"[N-(2,4-DIAMINOPTERIDIN-6-YL)-METHYL]-DIBENZ[B,F]AZEPINE",2.38,11.41
"(8E,10S,12Z)-10-hydroxy-6-oxooctadeca-8,12-dienoicacid",2.38,11.59
"N-(CYCLOPROPYLMETHYL)-4-(METHYLOXY)-3-({5-[3-(3-PYRIDINYL)PHENYL]-1,3-OXAZOL-2-YL}AMINO)BENZENESULFONAMIDE",2.37,10.88
Lisdexamfetamine,2.37,10.54
(1n)-4-N-Butoxyphenylsulfonyl-(2r)-N-Hydroxycarboxamido-(4s)-Methanesulfonylamino-Pyrrolidine,2.36,11.48
Ronacaleret,2.36,10.81
Zoledronicacid,2.36,11.38
Ractopamine,2.36,10.85
Olmutinib,2.35,11.33
KD3010,2.35,10.81
D-phenylalanyl-N-(3-methylbenzyl)-L-prolinamide,2.35,11.53
Cethromycin,2.35,11.53
"(2S,3S)-3-{3-[4-(METHYLSULFONYL)PHENYL]-1,2,4-OXADIAZOL-5-YL}-1-OXO-1-PYRROLIDIN-1-YLBUTAN-2-AMINE",2.34,11.08
"N-Butyl-11-[(7r,8r,9s,13s,14s,17s)-3,17-Dihydroxy-13-Methyl-7,8,9,11,12,13,14,15,16,17-Decahydro-6h-Cyclopenta[a]Phenanthren-7-Yl]-N-Methylundecanamide",2.34,10.7
Octanoyl-CoenzymeA,2.34,10.94
4-[[(1E)-2-(4-CHLOROPHENYL)ETHENYL]SULFONYL]-1-[[1-(4-PYRIDINYL)-4-PIPERIDINYL]METHYL]PIPERAZINONE,2.34,11.27
Cabergoline,2.34,11.71
"N-{2-[6-(2,4-DIAMINO-6-ETHYLPYRIMIDIN-5-YL)-2,2-DIMETHYL-3-OXO-2,3-DIHYDRO-4H-1,4-BENZOXAZIN-4-YL]ETHYL}ACETAMIDE",2.34,11.39
Ataluren,2.34,11.48
para-CoumaricAcid,2.34,11.54
Encenicline,2.33,11.58
"4-(6-HYDROXY-BENZO[D]ISOXAZOL-3-YL)BENZENE-1,3-DIOL",2.33,11.29
(4-sulfamoyl-phenyl)-thiocarbamicacidO-(2-thiophen-3-yl-ethyl)ester,2.33,10.85
N-(2-Aminoethyl)-5-Chloroisoquinoline-8-Sulfonamide,2.33,11.44
1-{[1-(2-AMINO-3-PHENYL-PROPIONYL)-PYRROLIDINE-2-CARBONYL]-AMINO}-2-(3-CYANO-PHENYL)-ETHANEBORONICACID,2.32,11.74
"2-(2-QUINOLIN-3-YLPYRIDIN-4-YL)-1,5,6,7-TETRAHYDRO-4H-PYRROLO[3,2-C]PYRIDIN-4-ONE",2.32,11.69
Harmaline,2.32,11.51
Ceftibuten,2.31,11.24
Ertugliflozin,2.31,10.85
Kaempherol,2.31,11.13
Ganaxolone,2.3,11.44
Roxatidineacetate,2.29,11.38
Monoisopropylphosphorylserine,2.29,10.98
3-Nitro-4-(2-Oxo-Pyrrolidin-1-Yl)-Benzenesulfonamide,2.29,11.61
"1-(6-CYANO-3-PYRIDYLCARBONYL)-5',8'-DIFLUOROSPIRO[PIPERIDINE-4,2'(1'H)-QUINAZOLINE]-4'-AMINE",2.28,11.18
2-chloro-5-[(1S)-1-hydroxy-3-oxo-2H-isoindol-1-yl]benzenesulfonamide,2.28,11.71
"N'-(5-CHLORO-1,3-BENZODIOXOL-4-YL)-N-(3-MORPHOLIN-4-YLPHENYL)PYRIMIDINE-2,4-DIAMINE",2.28,10.83
Ademetionine,2.27,11.04
3-fluoro-N-1H-indol-5-yl-5-morpholin-4-ylbenzamide,2.27,11.32
Hydrochlorothiazide,2.27,11.35
"4-{[4-(4-fluoro-3-methylphenyl)-1,3-thiazol-2-yl]amino}-2-hydroxybenzoicacid",2.26,11.34
Edotecarin,2.26,10.49
Dapagliflozin,2.26,11.37
Dinoprostone,2.26,11.31
"6-[N-(1-Isopropyl-3,4-Dihydro-7-Isoquinolinyl)Carbamyl]-2-Naphthalenecarboxamidine",2.25,10.69
Methantheline,2.25,11.53
N-(4-sulfamoylphenyl)-1H-indazole-3-carboxamide,2.25,11.51
Pomalidomide,2.25,10.7
"1,6-FructoseDiphosphate(LinearForm)",2.25,11.4
Acyclovir,2.25,11.35
"(5S)-4,5-difluoro-6-[(2-fluoro-4-iodophenyl)imino]-N-(2-hydroxyethoxy)cyclohexa-1,3-diene-1-carboxamide",2.24,11.56
"6S-5,6,7,8-Tetrahydrobiopterin",2.24,11.58
BOS172722,2.24,11.79
Methazolamide,2.24,11.51
InhibitorIdd384,2.23,11.46
"(5S)-2-(Cyclooctylamino)-5-methyl-5-propyl-1,3-thiazol-4(5H)-one",2.23,11.64
Triflusal,2.23,11.38
GalliumcitrateGa67,2.23,10.96
Fosnetupitant,2.22,10.79
Dexanabinol,2.22,10.76
Sulfamoxole,2.22,11.34
(2S)-4-METHYL-2-(3-PHENYLTHIOUREIDO)-N-((3S)-TETRAHYDRO-2-HYDROXY-3-FURANYL)PENTANAMIDE,2.21,10.68
Freselestat,2.21,11.36
Arbaclofen,2.21,11.67
Acetaminophen,2.21,11.68
CRA_10433,2.2,11.52
"2,4-DifluorobenzylAlcohol2,4-Difluoro-1-(Hydroxymethyl)Benzene",2.2,10.69
N-[(benzyloxy)carbonyl]-L-leucyl-N-[(1S)-3-fluoro-1-(4-hydroxybenzyl)-2-oxopropyl]-L-leucinamide,2.19,10.77
"1,4-Dideoxy-O2-Sulfo-GlucuronicAcid",2.19,10.49
Cariporide,2.19,11.29
Droxidopa,2.19,11.47
Prednylidene,2.18,11.4
Oxyphenbutazone,2.18,10.6
"2-[4-[4-[(5-cyclopropyl-1H-pyrazol-3-yl)amino]quinazolin-2-yl]iminocyclohexa-2,5-dien-1-yl]acetonitrile",2.17,11.65
Tegaserod,2.15,11.12
K-252a,2.14,13.22
gamma-Aminobutyricacid,2.14,11.45
Ethchlorvynol,2.13,11.36
Rhein,2.12,11.98
PHOSPHONICACID2-DODECANOYLAMINO-HEXYLESTERPROPYLESTER,2.12,10.89
1-(3-HYDROXYPROPYL)-2-[(3-NITROBENZOYL)AMINO]-1H-BENZIMIDAZOL-5-YLPIVALATE,2.11,11.25
N-Heptylformamide,2.11,10.64
Binodenoson,2.1,10.67
"2-METHYL-2-(4-{[({4-METHYL-2-[4-(TRIFLUOROMETHYL)PHENYL]-1,3-THIAZOL-5-YL}CARBONYL)AMINO]METHYL}PHENOXY)PROPANOICACID",2.1,11.25
Cinolazepam,2.1,11.61
"7-[4-(Dimethylamino)Phenyl]-N-Hydroxy-4,6-Dimethyl-7-Oxo-2,4-Heptadienamide",2.1,11.56
"5,6-Cyclic-Tetrahydropteridine",2.1,10.75
Mocetinostat,2.09,10.44
"9-Hydroxy-8-Methoxy-6-Nitro-Phenanthrol[3,4-D][1,3]Dioxole-5-CarboxylicAcid",2.08,11.14
3-[(4'-cyanobiphenyl-4-yl)oxy]-N-hydroxypropanamide,2.08,11.25
3-[(3-(2-CARBOXYETHYL)-4-METHYLPYRROL-2-YL)METHYLENE]-2-INDOLINONE,2.07,11.77
N-[2-(1h-Indol-5-Yl)-Butyl]-4-Sulfamoyl-Benzamide,2.07,11.32
N-Benzylformamide,2.07,11.36
N6-ISOPENTENYL-ADENOSINE-5'-MONOPHOSPHATE,2.05,10.79
Methylprednisolone,2.05,11.37
Trimethoprim,2.04,11.16
"N-(dibenzo[b,d]thiophen-3-ylsulfonyl)-L-valine",2.03,10.74
Balanol,2.03,13.04
2-Methyl-3-(2-Aminothiazolo)Propanal,2,11.34
Sulfapyridine,2,11.7
Magnesiumgluconate,2,10.73
"2-{[(1R,2S)-2-aminocyclohexyl]amino}-4-[(3-methylphenyl)amino]pyrimidine-5-carboxamide",1.99,11.85
MalateIon,1.98,10.66
Bis(5-Amidino-2-Benzimidazolyl)MethaneKetoneHydrate,1.97,11.51
Tyrosinal,1.97,11.75
Letermovir,1.96,11.55
Bosentan,1.96,11.53
"1-[(4S)-4-amino-5-(1,3-benzothiazol-2-yl)-5-oxopentyl]guanidine",1.95,10.7
Dinor-N(Omega)-Hydroxy-L-Arginine,1.95,10.68
"1,1,1,3,3,3-HEXAFLUORO-2-{4-[(2,2,2-TRIFLUOROETHYL)AMINO]PHENYL}PROPAN-2-OL",1.94,11.63
"4-{[(2R)-2-(2-methylphenyl)pyrrolidin-1-yl]carbonyl}benzene-1,3-diol",1.93,11.53
N-Acetylalanine,1.92,10.67
2-{4-[5-(4-chlorophenyl)-4-pyrimidin-4-yl-1H-pyrazol-3-yl]piperidin-1-yl}-2-oxoethanol,1.91,11.22
ABT-510,1.9,11.44
Alpha-AminobutyricAcid,1.89,10.63
Calciumlevulinate,1.88,10.8
N-[4-Methyl-3-[[4-(3-Pyridinyl)-2-Pyrimidinyl]Amino]Phenyl]-3-Pyridinecarboxamide,1.87,11.13
Taurocholicacid,1.87,10.53
N-{3-METHYL-5-[2-(PYRIDIN-4-YLAMINO)-ETHOXY]-PHENYL}-BENZENESULFONAMIDE,1.85,11.36
Tromethamine,1.84,11.47
"[2'-HYDROXY-3'-(1H-PYRROLO[3,2-C]PYRIDIN-2-YL)-BIPHENYL-3-YLMETHYL]-UREA",1.83,11.21
Cholinesalicylate,1.82,11.22
Pyruvicacid,1.77,11.52
Glyoxylicacid,1.76,11.38
5-(DIMETHYLAMINO)-1-NAPHTHALENESULFONICACID(DANSYLACID),1.71,11.36
Bradanicline,1.67,10.86
4-methyl-umbelliferyl-N-acetyl-chitobiose,1.67,11.13
MesobiliverdinIValpha,1.66,11.54
Methscopolaminebromide,1.65,11.36
"(17beta)-17-(cyanomethyl)-2-methoxyestra-1(10),2,4-trien-3-ylsulfamate",1.6,10.91
"6-Aminohexyl-uridine-C1,5'-diphosphate",1.59,10.88
"N-[(1S)-1-{1-[(1R,3E)-1-ACETYLPENT-3-EN-1-YL]-1H-1,2,3-TRIAZOL-4-YL}-1,2-DIMETHYLPROPYL]BENZAMIDE",1.54,11.53
Desoxycorticosteronepivalate,1.53,10.64
Glycinamid,1.4,11.88
Nα-[(2S)-2-{[(S)-[(1S)-1-{[(Benzyloxy)carbonyl]amino}-2-phenylethyl](hydroxy)phosphoryl]methyl}-5-phenylpentanoyl]-L-tryptophanamide,1.29,10.62
alpha-D-Xylopyranose,1.22,10.65
5-Hydroxymethyl-Chonduritol,1.2,11.21
GS0573,1.11,11.43
ATP,0.92,10.67
trifluoro-[hydroxy-[hydroxy-[2-(N-methyl-2-nitro-anilino)ethoxy]phosphoryl]oxy-phosphoryl]oxy-beryllium(1-),,10.64
"5-Chloryl-2,4,6-Quinazolinetriamine",,10.64
AspartateBerylliumTrifluoride,,10.64
