Drug_Name,Morgan_AAC_BindingDB_IC50,Morgan_CNN_BindingDB_IC50
"4-{2-[(7-amino-2-furan-2-yl[1,2,4]triazolo[1,5-a][1,3,5]triazin-5-yl)amino]ethyl}phenol",9.02,9.06
"(9ALPHA,13BETA,17BETA)-2-[(1Z)-BUT-1-EN-1-YL]ESTRA-1,3,5(10)-TRIENE-3,17-DIOL",8.89,8.93
"(4s-Trans)-4-(Methylamino)-5,6-Dihydro-6-Methyl-4h-Thieno(2,3-B)Thiopyran-2-Sulfonamide-7,7-Dioxide",8.86,8.8
Dorzolamide,8.85,8.88
AL6528,8.82,8.74
Zolmitriptan,8.82,8.64
Brinzolamide,8.8,9
AL5424,8.73,8.68
Boldenone,8.72,8.76
Anatibant,8.64,8.66
AL7182,8.56,8.71
5beta-dihydrotestosterone,8.49,8.91
Mometasonefuroate,8.49,9.23
Stanolone,8.49,8.91
2-Methoxyestradiol,8.48,8.61
Penbutolol,8.44,8.25
Forodesine,8.43,9.25
AL5300,8.41,8.77
Darunavir,8.41,9.04
AL4623,8.4,8.69
"5-(5-chloro-2,4-dihydroxyphenyl)-N-ethyl-4-[4-(morpholin-4-ylmethyl)phenyl]isoxazole-3-carboxamide",8.35,8.94
Tertatolol,8.34,7.99
Lopinavir,8.26,8.94
Veliparib,8.26,7.97
1-Testosterone,8.22,8.1
Tamsulosin,8.2,8.6
Tacrolimus,8.18,7.92
Resiniferatoxin,8.16,8.73
Epitestosterone,8.09,8.28
Testosterone,8.09,8.28
Clobetasolpropionate,8.08,8.64
(2S)-1-(9H-Carbazol-4-yloxy)-3-(isopropylamino)propan-2-ol,8.07,7.8
Calusterone,8.04,8.44
Carvedilol,8.04,7.67
2-({2-[(3-HYDROXYPHENYL)AMINO]PYRIMIDIN-4-YL}AMINO)BENZAMIDE,7.98,7.41
Bupranolol,7.98,7.62
Dexanabinol,7.97,8.42
Norelgestromin,7.97,8.04
Mometasone,7.93,8.51
Ponatinib,7.93,8
Cardarine,7.92,8.11
Estradiol,7.9,8.39
Ethoxzolamide,7.9,8.41
Levonorgestrel,7.9,8.12
Norgestrel,7.9,8.12
Lenvatinib,7.88,8.88
MK-1775,7.87,7.61
PH-797804,7.87,7.18
"N-(2,3-DIFLUORO-BENZYL)-4-SULFAMOYL-BENZAMIDE",7.84,7.57
Nadolol,7.84,6.6
Pimecrolimus,7.83,7.65
Liothyronine,7.81,8.14
Equilenin,7.8,8.05
AL7089A,7.79,7.61
AL7099A,7.79,7.61
ORG-34517,7.77,7.84
"Al-6619,[2h-Thieno[3,2-E]-1,2-Thiazine-6-Sulfonamide,2-(3-Hydroxyphenyl)-3-(4-Morpholinyl)-,1,1-Dioxide]",7.76,7.54
Beclomethasonedipropionate,7.75,8.32
Ibrutinib,7.75,7.44
"(3aS)-3a-hydroxy-5-methyl-1-phenyl-1,2,3,3a-tetrahydro-4H-pyrrolo[2,3-b]quinolin-4-one",7.73,7.29
N-Benzyl-4-Sulfamoyl-Benzamide,7.73,7.68
Timolol,7.73,6.59
"5-[(4-AMINOCYCLOHEXYL)AMINO]-7-(PROPAN-2-YLAMINO)PYRAZOLO[1,5-A]PYRIMIDINE-3-CARBONITRILE",7.72,7.91
AL5927,7.72,7.99
Gimatecan,7.72,8.27
Mifepristone,7.72,7.34
"5-Alpha-Androstane-3-Beta,17beta-Diol",7.71,8.09
"6-[1-(3,5,5,8,8-Pentamethyl-5,6,7,8-Tetrahydronaphthalen-2-Yl)Cyclopropyl]Pyridine-3-CarboxylicAcid",7.71,8.03
Ticalopride,7.71,8.67
Clobetasol,7.7,8.26
Cositecan,7.7,7.59
trans-4-(7-carbamoyl-1H-benzimidazol-2-yl)-1-propylpiperidinium,7.7,7.25
4-{[(2S)-3-(tert-butylamino)-2-hydroxypropyl]oxy}-3H-indole-2-carbonitrile,7.68,6.71
"2-[4-(2,4-Dichlorophenoxy)Phenoxy]PropanoicAcid",7.67,8.18
Doxercalciferol,7.67,8.91
Abemaciclib,7.65,7.41
"Al-6629,[2h-Thieno[3,2-E]-1,2-Thiazine-6-Sulfonamide,2-(3-Methoxyphenyl)-3-(4-Morpholinyl)-,1,1-Dioxide]",7.65,7.35
Gestodene,7.64,8.29
Naronapride,7.63,8.3
Apoptone,7.62,7.75
Methscopolaminebromide,7.62,8.06
"L-709,587",7.61,7.44
Remoxipride,7.6,8.18
"4-(Aminosulfonyl)-N-[(2,5-Difluorophenyl)Methyl]-Benzamide",7.59,7.67
Triamcinolone,7.58,8.33
Velusetrag,7.58,6.51
Nabilone,7.56,7.77
Seocalcitol,7.56,8.55
Topotecan,7.56,7.47
Cloranolol,7.55,6.76
Sulpiride,7.55,7.98
Fulvestrant,7.54,7.84
Navitoclax,7.54,5.14
Alprenolol,7.53,7.01
"N-(2,6-Diflouro-Benzyl)-4-Sulfamoyl-Benzamide",7.53,7.18
"THIENO[3,2-B]PYRIDINE-2-SULFONICACID[1-(1-AMINO-ISOQUINOLIN-7-YLMETHYL)-2-OXO-PYRROLDIN-3-YL]-AMIDE",7.53,7.59
"4-(Aminosulfonyl)-N-[(2,3,4-Trifluorophenyl)Methyl]-Benzamide",7.52,7.33
"5-(5-CHLORO-2,4-DIHYDROXYPHENYL)-N-ETHYL-4-(4-METHOXYPHENYL)ISOXAZOLE-3-CARBOXAMIDE",7.52,8.42
Indacaterol,7.52,7.22
N-(2-Flouro-Benzyl)-4-Sulfamoyl-Benzamide,7.52,7.13
"3-({4-[(5-CHLORO-1,3-BENZODIOXOL-4-YL)AMINO]PYRIMIDIN-2-YL}AMINO)BENZAMIDE",7.49,6.84
"1,3-CYCLOHEXANEDIOL,4-METHYLENE-5-[(2E)-[(1S,3AS,7AS)-OCTAHYDRO-1-(5-HYDROXY-5-METHYL-1,3-HEXADIYNYL)-7A-METHYL-4H-INDEN-4-YLIDENE]ETHYLIDENE]-,(1R,3S,5Z)",7.48,7.99
"7-[4-(Dimethylamino)Phenyl]-N-Hydroxy-4,6-Dimethyl-7-Oxo-2,4-Heptadienamide",7.48,7.02
Amprenavir,7.48,8.47
Bremelanotide,7.48,8.13
Drostanolone,7.48,7.29
Etizolam,7.48,8.52
Zosuquidar,7.48,7.15
Elocalcitol,7.47,8.15
SoraphenA,7.47,7.52
13-Acetylphorbol,7.46,7.85
Propranolol,7.46,4.5
Staurosporine,7.46,7.58
Prucalopride,7.45,7.86
"(1S,2S,5S)2-(4-GLUTARIDYLBENZYL)-5-PHENYL-1-CYCLOHEXANOL",7.43,7.86
Clobetasone,7.43,8.24
"5-Bromo-N-[(2S)-2,3-dihydroxypropoxy]-3,4-difluoro-2-[(2-fluoro-4-iodophenyl)amino]benzamide",7.42,7.09
Fluoxymesterone,7.42,7.54
Triazolam,7.42,8.8
"4-(Aminosulfonyl)-N-[(2,4-Difluorophenyl)Methyl]-Benzamide",7.41,7.31
N-[(1S)-2-{[(1R)-2-(benzyloxy)-1-cyano-1-methylethyl]amino}-1-(cyclohexylmethyl)-2-oxoethyl]morpholine-4-carboxamide,7.41,7.97
Olaparib,7.41,7.84
Phentolamine,7.41,7.19
DPDPE,7.4,7.85
Granisetron,7.4,7.86
"3-(3-aminophenyl)-N-(3-chlorophenyl)pyrazolo[1,5-a]pyrimidin-5-amine",7.39,7.62
Mibolerone,7.39,8.19
N-(4-{[(3S)-3-(dimethylamino)pyrrolidin-1-yl]carbonyl}phenyl)-5-fluoro-4-[2-methyl-1-(1-methylethyl)-1H-imidazol-5-yl]pyrimidin-2-amine,7.39,6.38
"2-(2-CHLORO-4-FLUOROPHENOXY)-2-METHYL-N-[(1R,2S,3S,5S,7S)-5-(METHYLSULFONYL)-2-ADAMANTYL]PROPANAMIDE",7.38,7.85
7-ethyl-10-hydroxycamptothecin,7.38,7.58
"N-(3-(8-CYANO-4-(PHENYLAMINO)PYRAZOLO[1,5-A][1,3,5]TRIAZIN-2-YLAMINO)PHENYL)ACETAMIDE",7.38,7.43
Propafenone,7.38,5.81
R-1487,7.38,7.15
Difluprednate,7.37,7.77
Levobunolol,7.36,7.26
Raclopride,7.35,7.86
Rolofylline,7.34,8.49
Trimethoprim,7.34,8.07
Almotriptan,7.33,5.54
Calcipotriol,7.33,8.46
Equilin,7.33,6.37
Estradiolvalerate,7.33,7.65
Mepindolol,7.33,5.94
Promegestone,7.33,7.28
Acrivastine,7.32,7.33
Brotizolam,7.32,8.13
Methyltestosterone,7.32,7.69
1-[4-(2-oxo-2-phenylethyl)phenyl]guanidine,7.31,6.9
Carteolol,7.31,6.61
17-METHYL-17-ALPHA-DIHYDROEQUILENIN,7.3,7.51
"2-(4-ETHYLPIPERAZIN-1-YL)-4-(PHENYLAMINO)PYRAZOLO[1,5-A][1,3,5]TRIAZINE-8-CARBONITRILE",7.3,6.92
4-Sulfonamide-[4-(Thiomethylaminobutane)]Benzamide,7.3,6.59
ENMD-1198,7.3,7.46
4-(Aminosulfonyl)-N-[(4-Fluorophenyl)Methyl]-Benzamide,7.29,7.69
Dextrothyroxine,7.29,6.68
Febuxostat,7.29,7.17
Levothyroxine,7.29,6.68
Lumiracoxib,7.29,6.79
"N~2~-1H-benzimidazol-5-yl-N~4~-(3-cyclopropyl-1H-pyrazol-5-yl)pyrimidine-2,4-diamine",7.29,6.67
"2,4-Diamino-5-(3,4,5-Trimethoxy-Benzyl)-Pyrimidin-1-Ium",7.28,7.22
Pindolol,7.28,7.23
"N-(5-{3,4-difluoro-2-[(2-fluoro-4-iodophenyl)amino]phenyl}-1,3,4-oxadiazol-2-yl)ethane-1,2-diamine",7.26,6.99
"(17beta)-17-(cyanomethyl)-2-methoxyestra-1(10),2,4-trien-3-ylsulfamate",7.25,7.14
"4-(Aminosulfonyl)-N-[(3,4,5-Trifluorophenyl)Methyl]-Benzamide",7.25,6.98
Alvimopan,7.25,8.12
Estradiolacetate,7.25,6.47
Fosamprenavir,7.25,7.66
Norethisterone,7.25,7.69
"(1S,3S,5S)-2-{(2S)-2-amino-2-[(1R,3S,5R,7S)-3-hydroxytricyclo[3.3.1.1~3,7~]dec-1-yl]acetyl}-2-azabicyclo[3.1.0]hexane-3-carbonitrile",7.24,7.3
Candesartan,7.24,7.47
Saprisartan,7.24,6.67
Saxagliptin,7.24,7.3
Tibolone,7.24,7.46
Camptothecin,7.23,7.32
Enasidenib,7.23,6.05
Phosphatidylethanolamine,7.23,7.29
RPR131247,7.23,6.67
"(5S,8R,9S,10S,13R,14S,17S)-13-{2-[(3,5-DIFLUOROBENZYL)OXY]ETHYL}-17-HYDROXY-10-METHYLHEXADECAHYDRO-3H-CYCLOPENTA[A]PHENANTHREN-3-ONE",7.22,8.18
"1-cyclopentyl-3-(1H-pyrrolo[2,3-b]pyridin-5-yl)-1H-pyrazolo[3,4-d]pyrimidin-4-amine",7.22,6.74
"3,8-DIBROMO-7-HYDROXY-4-METHYL-2H-CHROMEN-2-ONE",7.22,7.56
Etodolac,7.22,7.6
"N-(2,3,4,5,6-Pentaflouro-Benzyl)-4-Sulfamoyl-Benzamide",7.22,7.2
Emodin,7.21,7.39
Fluspirilene,7.21,7.37
Nelfinavir,7.21,7.2
Pramipexole,7.21,7.94
Tecadenoson,7.21,7.62
"19-(cyclopropylamino)-4,6,7,15-tetrahydro-5H-16,1-(azenometheno)-10,14-(metheno)pyrazolo[4,3-o][1,3,9]triazacyclohexadecin-8(9H)-one",7.2,6.9
Alprazolam,7.2,8.23
Ceritinib,7.2,6.75
Danazol,7.2,7.58
Etiprednoldicloacetate,7.2,6.35
Ketanserin,7.2,7.44
Ulobetasol,7.2,7.49
"2-[4-[4-[(5-cyclopropyl-1H-pyrazol-3-yl)amino]quinazolin-2-yl]iminocyclohexa-2,5-dien-1-yl]acetonitrile",7.19,5.91
EM-1745,7.19,7.3
Phenindamine,7.19,7.44
SB220025,7.19,6.22
(2S)-2-(4-{[3-CHLORO-5-(TRIFLUOROMETHYL)PYRIDIN-2-YL]OXY}PHENOXY)PROPANOICACID,7.18,7.17
Betamethasone,7.18,8.13
Bopindolol,7.18,7.18
Dalfopristin,7.18,5.74
Dexamethasone,7.18,8.13
Erdosteine,7.18,6.88
Norgestimate,7.18,7.36
N-{3-[(4-{[3-(TRIFLUOROMETHYL)PHENYL]AMINO}PYRIMIDIN-2-YL)AMINO]PHENYL}CYCLOPROPANECARBOXAMIDE,7.17,6.8
PD-0325901,7.17,6.45
"4-{5-[(Z)-(2-IMINO-4-OXO-1,3-THIAZOLIDIN-5-YLIDENE)METHYL]FURAN-2-YL}BENZENESULFONAMIDE",7.16,5.89
AS-8112,7.16,7.07
Ergocalciferol,7.16,7.68
Fluticasonefuroate,7.16,7.52
Paricalcitol,7.16,7.53
"3-({4-[(5-chloro-1,3-benzodioxol-4-yl)amino]pyrimidin-2-yl}amino)benzenesulfonamide",7.15,6.94
Aclidinium,7.15,7.56
Anthralin,7.15,7.22
Gestrinone,7.15,7.79
"THIENO[3,2-B]PYRIDINE-2-SULFONICACID[2-OXO-1-(1H-PYRROLO[2,3-C]PYRIDIN-2-YLMETHYL)-PYRROLIDIN-3-YL]-AMIDE",7.15,7.04
Alclometasone,7.14,7.66
Danoprevir,7.14,7.31
Estradiolbenzoate,7.14,7.03
Rizatriptan,7.14,7.1
"(3aS)-3a-hydroxy-7-methyl-1-phenyl-1,2,3,3a-tetrahydro-4H-pyrrolo[2,3-b]quinolin-4-one",7.13,6.95
"(9BETA,13ALPHA,14BETA,17ALPHA)-2-METHOXYESTRA-1,3,5(10)-TRIENE-3,17-DIYLDISULFAMATE",7.13,7.87
1-O-Octyl-2-Heptylphosphonyl-Sn-Glycero-3-Phosphoethanolamine,7.13,7.24
9-aminocamptothecin,7.13,7.2
Darifenacin,7.13,6.08
Latanoprost,7.13,7.32
"2-METHYL-2-(4-{[({4-METHYL-2-[4-(TRIFLUOROMETHYL)PHENYL]-1,3-THIAZOL-5-YL}CARBONYL)AMINO]METHYL}PHENOXY)PROPANOICACID",7.12,6.52
AZD-8330,7.12,5.73
Metipranolol,7.12,6.73
Sobetirome,7.12,8.07
"(9BETA,11ALPHA,13ALPHA,14BETA,17ALPHA)-11-(METHOXYMETHYL)ESTRA-1(10),2,4-TRIENE-3,17-DIOL",7.11,7.29
"4-{5-[(1Z)-1-(2-IMINO-4-OXO-1,3-THIAZOLIDIN-5-YLIDENE)ETHYL]-2-FURYL}BENZENESULFONAMIDE",7.11,5.32
Befunolol,7.11,5.7
Cobimetinib,7.11,7
Retapamulin,7.11,6.73
"(2R,3R,4S,5R,6E)-3,4,5-Trihydroxy-N-[(3S,6R)-6-hydroxy-2-oxo-3-azepanyl]-2-methoxy-8,8-dimethyl-6-nonenamide",7.1,6.95
"(3aS,4R,9bR)-2,2-difluoro-4-(4-hydroxyphenyl)-6-(methoxymethyl)-1,2,3,3a,4,9b-hexahydrocyclopenta[c]chromen-8-ol",7.1,7.84
Amisulpride,7.1,7.73
Latanoprostenebunod,7.1,6.35
Leflunomide,7.1,7.26
"N-[3-[[4-[(5-CHLORO-1,3-BENZODIOXOL-4-YL)AMINO]PYRIMIDIN-2-YL]AMINO]PHENYL]METHANESULFONAMIDE",7.1,7.21
Tolfenamicacid,7.1,6.67
VirginiamycinS1,7.1,6.74
[4-({4-[(5-cyclopropyl-1H-pyrazol-3-yl)amino]-6-(methylamino)pyrimidin-2-yl}amino)phenyl]acetonitrile,7.1,7.02
Ticagrelor,7.09,7.45
ZAPi,7.09,7.26
1-(2-Fluorobenzyl)-3-Butyl-8-(N-Acetyl-4-Aminobenzyl)-Xanthine,7.08,7.07
5-CHLORO-N-{(3S)-1-[(1S)-1-METHYL-2-MORPHOLIN-4-YL-2-OXOETHYL]-2-OXOPYRROLIDIN-3-YL}-1-BENZOTHIOPHENE-2-SULFONAMIDE,7.08,6.96
"N-(2-Thienylmethyl)-2,5-Thiophenedisulfonamide",7.08,7.54
"N-METHYLALANYL-3-METHYLVALYL-4-PHENOXY-N-(1,2,3,4-TETRAHYDRONAPHTHALEN-1-YL)PROLINAMIDE",7.08,7.62
Plitidepsin,7.08,6.19
(2S)-4-METHYL-2-(3-PHENYLTHIOUREIDO)-N-((3S)-TETRAHYDRO-2-HYDROXY-3-FURANYL)PENTANAMIDE,7.07,7.65
"2,3-Dicarboxy-4-(2-Chloro-Phenyl)-1-Ethyl-5-Isopropoxycarbonyl-6-Methyl-Pyridinium",7.07,7.26
"3-{[4-([amino(imino)methyl]aminosulfonyl)anilino]methylene}-2-oxo-2,3-dihydro-1H-indole",7.07,6.38
Atropine,7.07,7.69
Hyoscyamine,7.07,7.69
Roxatidineacetate,7.07,6.91
Testolactone,7.07,7.24
2-[2-(4-Chloro-Phenylsulfanyl)-Acetylamino]-3-(4-Guanidino-Phenyl)-Propionamide,7.06,6.64
"3-(1H-indol-3-yl)-4-(1-{2-[(2S)-1-methylpyrrolidinyl]ethyl}-1H-indol-3-yl)-1H-pyrrole-2,5-dione",7.06,6.03
"3-(1H-indol-3-yl)-4-{1-[2-(1-methylpyrrolidin-2-yl)ethyl]-1H-indol-3-yl}-1H-pyrrole-2,5-dione",7.06,6.03
Cenisertib,7.06,7.39
Doxazosin,7.06,6.51
Levallorphan,7.06,7.49
N-HYDROXY-2(R)-[[(4-METHOXYPHENYL)SULFONYL](3-PICOLYL)AMINO]-3-METHYLBUTANAMIDEHYDROCHLORIDE,7.06,7.41
Stanozolol,7.06,7
Telapristoneacetate,7.06,6.71
"6-(2,6-DICHLOROPHENYL)-2-{[3-(HYDROXYMETHYL)PHENYL]AMINO}-8-METHYLPYRIDO[2,3-D]PYRIMIDIN-7(8H)-ONE",7.05,7.59
Oxprenolol,7.05,6.17
"4-chloro-6-{5-[(2-morpholin-4-ylethyl)amino]-1,2-benzisoxazol-3-yl}benzene-1,3-diol",7.04,6.58
Eletriptan,7.04,6.96
Oxymetholone,7.04,7.14
Patupilone,7.04,7.16
Procaterol,7.04,7.48
"(3aS)-3a-hydroxy-1-phenyl-1,2,3,3a-tetrahydro-4H-pyrrolo[2,3-b]quinolin-4-one",7.03,6.89
4-Sulfonamide-[1-(4-Aminobutane)]Benzamide,7.03,6.48
Delavirdine,7.03,7.01
Fluticasonepropionate,7.03,7.13
Indenolol,7.03,6.57
Quingestanol,7.03,7.05
Rosiglitazone,7.03,4.62
Scopolamine,7.03,7.42
2-{4-[4-({4-[2-methyl-1-(1-methylethyl)-1H-imidazol-5-yl]pyrimidin-2-yl}amino)phenyl]piperazin-1-yl}-2-oxoethanol,7.02,6.49
"4-(2-aminoethoxy)-N-(2,5-diethoxyphenyl)-3,5-dimethylbenzamide",7.02,7.1
"6-HYDROXY-1,3-BENZOTHIAZOLE-2-SULFONAMIDE",7.02,7.58
Acetazolamide,7.02,6.14
Betamethasonephosphate,7.02,8.04
Bucindolol,7.02,6.09
Di-Stearoyl-3-Sn-Phosphatidylcholine,7.02,7.28
"1-cyclobutyl-3-(3,4-dimethoxyphenyl)-1H-pyrazolo[3,4-d]pyrimidin-4-amine",7.01,6.1
Moxidectin,7.01,7.66
"N-[4-(AMINOSULFONYL)BENZYL]-5-(5-CHLORO-2,4-DIHYDROXYPHENYL)-1H-PYRAZOLE-4-CARBOXAMIDE",7.01,6.4
S-adenosyl-L-homocysteine,7.01,5.15
"SulfamicAcid2,3-O-(1-Methylethylidene)-4,5-O-Sulfonyl-Beta-FructopyranoseEster",7.01,6.82
Tetrastearoylcardiolipin,7.01,6.72
"(2S)-1-(2,5-dimethylphenoxy)-3-morpholin-4-ylpropan-2-ol",7,6.25
(R)-minalrestat,7,7.85
"4-(Aminosulfonyl)-N-[(2,4,6-Trifluorophenyl)Methyl]-Benzamide",7,6.72
4-[4-(1-Amino-1-Methylethyl)Phenyl]-5-Chloro-N-[4-(2-Morpholin-4-Ylethyl)Phenyl]Pyrimidin-2-Amine,7,7.19
Anisodamine,7,7.49
Morpholine-4-CarboxylicAcid[1s-(2-Benzyloxy-1r-Cyano-Ethylcarbamoyl)-3-Methyl-Butyl]Amide,7,8.18
"N-(1-BENZYL-3,3,3-TRIFLUORO-2,2-DIHYDROXY-PROPYL)-ACETAMIDE",7,6.85
Nebivolol,7,6.83
RU90395,7,6.62
Vorapaxar,7,7.03
"4-[3-(1,4-diazepan-1-ylcarbonyl)-4-fluorobenzyl]phthalazin-1(2H)-one",6.99,7.69
Cisapride,6.99,7.91
"1-[4-(Octahydro-Pyrido[1,2-a]Pyrazin-2-Yl)-Phenyl]-2-Phenyl-1,2,3,4-Tetrahydro-Isoquinolin-6-Ol",6.98,6.8
Avasimibe,6.98,6.19
Irinotecan,6.98,5.68
Metribolone,6.98,8.46
Adapalene,6.96,6.81
Ambroxol,6.96,5.97
Diflorasone,6.96,7.69
Diprenorphine,6.96,8.25
Eluxadoline,6.96,6.65
Flumethasone,6.96,7.69
Ipratropium,6.96,6.93
Mexazolam,6.96,7.15
"N-methyl-{4-[2-(7-oxo-6,7-dihydro-8H-[1,3]thiazolo[5,4-e]indol-8-ylidene)hydrazino]phenyl}methanesulfonamide",6.96,6.46
PHENYLALANYLAMINODI(ETHYLOXY)ETHYLBENZENESULFONAMIDEAMINOCARBONYLBENZENESULFONAMIDE,6.96,6.35
Pavinetant,6.96,7.42
TRANS-4-(GUANIDINOMETHYL)-CYCLOHEXANE-L-YL-D-3-CYCLOHEXYLALANYL-L-AZETIDINE-2-YL-D-TYROSINYL-L-HOMOARGININAMIDE,6.96,7.89
Tosedostat,6.96,6.28
(1R)-2-[(CYANOMETHYL)AMINO]-1-({[2-(DIFLUOROMETHOXY)BENZYL]SULFONYL}METHYL)-2-OXOETHYLMORPHOLINE-4-CARBOXYLATE,6.95,7.1
"(20S)-19,20,21,22-TETRAHYDRO-19-OXO-5H-18,20-ETHANO-12,14-ETHENO-6,10-METHENO-18H-BENZ[D]IMIDAZO[4,3-K][1,6,9,12]OXATRIAZA-CYCLOOCTADECOSINE-9-CARBONITRILE",6.95,7.24
Cephalexin,6.95,6.3
Etonogestrel,6.95,7.31
[1-(6-{6-[(1-methylethyl)amino]-1H-indazol-1-yl}pyrazin-2-yl)-1H-pyrrol-3-yl]aceticacid,6.95,7.09
"(3AS,4R,9BR)-4-(4-HYDROXYPHENYL)-1,2,3,3A,4,9B-HEXAHYDROCYCLOPENTA[C]CHROMEN-9-OL",6.94,6.99
"2-(4-CHLOROBENZYLAMINO)-4-(PHENYLAMINO)PYRAZOLO[1,5-A][1,3,5]TRIAZINE-8-CARBONITRILE",6.94,7.23
Adinazolam,6.94,7.62
Dexamethasoneisonicotinate,6.94,7.91
Lefamulin,6.94,5.91
N-[2-(1h-Indol-5-Yl)-Butyl]-4-Sulfamoyl-Benzamide,6.94,6.15
Pipradrol,6.94,7.45
Rokitamycin,6.94,6.21
Valsartan,6.94,7.05
Fenoldopam,6.93,7.19
ProstaglandinG2,6.93,6.66
"(3AS,4R,9BR)-2,2-DIFLUORO-4-(4-HYDROXYPHENYL)-1,2,3,3A,4,9B-HEXAHYDROCYCLOPENTA[C]CHROMEN-8-OL",6.92,8.02
"1-alpha,25-dihydroxyl-20-epi-22-oxa-24,26,27-trihomovitaminD3",6.92,8.15
Griseofulvin,6.92,7.2
N-(1-adamantyl)-N'-(4-guanidinobenzyl)urea,6.92,7.39
Procarbazine,6.92,6.44
Tiratricol,6.92,7.43
VitaminA,6.92,7.32
4-{[5-chloro-4-(1H-indol-3-yl)pyrimidin-2-yl]amino}-N-ethylpiperidine-1-carboxamide,6.91,5.75
Diclofenac,6.91,6.68
"[4-(5-naphthalen-2-yl-1H-pyrrolo[2,3-b]pyridin-3-yl)phenyl]aceticacid",6.91,4.39
"2-{2-[(3,5-dimethylphenyl)amino]pyrimidin-4-yl}-N-[(1S)-2-hydroxy-1-methylethyl]-4-methyl-1,3-thiazole-5-carboxamide",6.9,5.75
Aminodi(Ethyloxy)Ethylaminocarbonylbenzenesulfonamide,6.9,6.14
Avatrombopag,6.9,7.17
Gemfibrozil,6.9,5.86
Telcagepant,6.9,6.19
"(3E)-5-fluoro-1-[(6-fluoro-4H-1,3-benzodioxin-8-yl)methyl]-1H-indole-2,3-dione3-oxime",6.89,6.89
"1,2,5,8-tetrahydroxyanthracene-9,10-dione",6.89,6.98
"2-(3-AMINO-2,5,6-TRIMETHOXYPHENYL)ETHYL5-CHLORO-2,4-DIHYDROXYBENZOATE",6.89,6.91
"5-methoxy-N,N-dimethyltryptamine",6.89,6.35
Acetylcysteine,6.89,4.95
Diflunisal,6.89,6.05
Immucillin-G,6.89,6.92
Naftopidil,6.89,6.55
"4-{5-[(Z)-(2-IMINO-4-OXO-1,3-THIAZOLIDIN-5-YLIDENE)METHYL]-2-FURYL}-N-METHYLBENZENESULFONAMIDE",6.88,5.18
Afimoxifene,6.88,6.76
Astaxanthin,6.88,7.61
Estramustine,6.88,5.84
Paclitaxeldocosahexaenoicacid,6.88,6.75
Pentazocine,6.88,7.62
Prasugrel,6.88,6.63
Ranolazine,6.88,6.04
Saquinavir,6.88,5.82
"Sar9,Met(O2)11-SubstanceP",6.88,6.58
Tryptophanyl-5'amp,6.88,5.58
"4-[(5-ISOPROPYL-1,3-THIAZOL-2-YL)AMINO]BENZENESULFONAMIDE",6.87,6.57
Calcitriol,6.87,7.42
Candesartancilexetil,6.87,7.5
KB-141,6.87,7.78
"N-{3-[5-(6-Amino-Purin-9-Yl)-3,4-Dihydroxy-Tetrahydro-Furan-2-Yl]-Allyl}-2,3-Dihydroxy-5-Nitro-Benzamide",6.87,5.62
(R)-N-(3-Indol-1-Yl-2-Methyl-Propyl)-4-Sulfamoyl-Benzamide,6.86,6.58
(S)-N-(3-Indol-1-Yl-2-Methyl-Propyl)-4-Sulfamoyl-Benzamide,6.86,6.58
Ixabepilone,6.86,6.11
"N-[4-(2,4-DIMETHYL-THIAZOL-5-YL)-PYRIMIDIN-2-YL]-N',N'-DIMETHYL-BENZENE-1,4-DIAMINE",6.86,6.4
[4-({4-[(5-cyclopropyl-1H-pyrazol-3-yl)amino]quinazolin-2-yl}amino)phenyl]acetonitrile,6.86,6.49
2'-Monophosphoadenosine-5'-Diphosphate,6.85,5.76
2-Thiomethyl-3-PhenylpropanoicAcid,6.85,7.26
Clozapine,6.85,5.99
Lumateperone,6.85,5.83
"N'-(5-CHLORO-1,3-BENZODIOXOL-4-YL)-N-(3,4,5-TRIMETHOXYPHENYL)PYRIMIDINE-2,4-DIAMINE",6.85,7.21
"N-((2-aminopyrimidin-5-yl)methyl)-5-(2,6-difluorophenyl)-3-ethylpyrazolo[1,5-a]pyrimidin-7-amine",6.85,7.36
Novobiocin,6.85,7.21
(2S)-2-(3-Carbamimidamidophenyl)-3-[hydroxy(3-phenylpropyl)phosphoryl]propanoicacid,6.84,7.56
"(3AS,4R,9BR)-4-(4-HYDROXYPHENYL)-6-(METHOXYMETHYL)-1,2,3,3A,4,9B-HEXAHYDROCYCLOPENTA[C]CHROMEN-8-OL",6.84,7.78
"8-(2-CHLOROPHENYLAMINO)-2-(2,6-DIFLUOROPHENYLAMINO)-9-ETHYL-9H-PURINE-1,7-DIIUM",6.84,5.09
Dactinomycin,6.84,6.84
Imidacloprid,6.84,5.69
Omacetaxinemepesuccinate,6.84,7.06
"(5E)-12-CHLORO-13,15-DIHYDROXY-4,7,8,9-TETRAHYDRO-2-BENZOXACYCLOTRIDECINE-1,10(3H,11H)-DIONE",6.83,6.59
"(5Z)-12-CHLORO-13,15-DIHYDROXY-4,7,8,9-TETRAHYDRO-2-BENZOXACYCLOTRIDECINE-1,10(3H,11H)-DIONE",6.83,6.59
"3-[Aminoethylphosphoryl]-[1,2-Di-Palmitoyl]-Sn-Glycerol",6.83,7.21
"3-{[(2,2-dioxido-1,3-dihydro-2-benzothien-5-yl)amino]methylene}-5-(1,3-oxazol-5-yl)-1,3-dihydro-2H-indol-2-one",6.83,5.24
"4-{[(2-Oxo-1,2-dihydro-3H-indol-3-ylidene)methyl]amino}-N-(1,3-thiazol-2-yl)benzenesulfonamide",6.83,5.94
"4-{[(2R)-2-(2-methylphenyl)pyrrolidin-1-yl]carbonyl}benzene-1,3-diol",6.83,7.23
Asoprisnil,6.83,6.48
Boldenoneundecylenate,6.83,7.21
Di-Stearoyl-3-Sn-Phosphatidylethanolamine,6.83,7.21
EpothiloneD,6.83,6.89
Iclaprim,6.83,6.76
Olmesartan,6.83,6.99
Silodosin,6.83,7.42
"2-(2,6-DIFLUOROPHENOXY)-N-(2-FLUOROPHENYL)-9-ISOPROPYL-9H-PURIN-8-AMINE",6.82,6.72
Orlistat,6.82,6.88
Paramethasone,6.82,6.77
Prednicarbate,6.82,6.37
Uridylyl-2'-5'-phospho-adenosine,6.82,6.72
(5-CHLORO-2-{[(3-NITROBENZYL)AMINO]CARBONYL}PHENOXY)ACETICACID,6.81,7.66
"3-[4-(2,4-Dimethyl-Thiazol-5-Yl)-Pyrimidin-2-Ylamino]-Phenol",6.81,6.69
Atorvastatin,6.81,7.25
Capsaicin,6.81,6.79
Misoprostol,6.81,4.58
"N-Methyl-4-{[(2-oxo-1,2-dihydro-3H-indol-3-ylidene)methyl]amino}benzenesulfonamide",6.81,5.93
N-[4-(AMINOSULFONYL)PHENYL]-2-MERCAPTOBENZAMIDE,6.81,5.69
Nafarelin,6.81,6.66
Nandrolonephenpropionate,6.81,6.83
Niraparib,6.81,6.06
"PHENYLAMINOIMIDAZO(1,2-ALPHA)PYRIDINE",6.81,6.22
PRX-08066,6.81,6.71
Phosphatidylserine,6.81,5.91
Sagopilone,6.81,7.06
Trilostane,6.81,5.18
Zucapsaicin,6.81,6.79
"5-BETA-ANDROSTANE-3,17-DIONE",6.8,7.32
Androstanedione,6.8,7.32
Tolrestat,6.8,6.78
"4-[(4-Imidazo[1,2-a]Pyridin-3-Ylpyrimidin-2-Yl)Amino]Benzenesulfonamide",6.79,6.28
"5-(2-PHENYLPYRAZOLO[1,5-A]PYRIDIN-3-YL)-1H-PYRAZOLO[3,4-C]PYRIDAZIN-3-AMINE",6.79,5.94
Buprenorphine,6.79,8.22
Indomethacin,6.78,5.67
Naratriptan,6.78,5.06
Terazosin,6.78,6.13
Ulixertinib,6.78,6.7
Lestaurtinib,6.77,6.67
Zenarestat,6.77,7.35
(4-sulfamoyl-phenyl)-thiocarbamicacidO-(2-thiophen-3-yl-ethyl)ester,6.76,6.17
4-(Fluorophenyl)-1-Cyclopropylmethyl-5-(2-Amino-4-Pyrimidinyl)Imidazole,6.76,5.9
5-fluorotryptophan,6.76,4.65
Elvitegravir,6.76,6.75
Erteberel,6.76,7.74
Etynodiol,6.76,7.03
Flumequine,6.76,6.57
Methysergide,6.76,5.81
"N-(cyclopropylmethyl)-2'-methyl-5'-(5-methyl-1,3,4-oxadiazol-2-yl)biphenyl-4-carboxamide",6.76,6.68
Parecoxib,6.76,6.05
Pyrimethamine,6.76,7.94
Ribociclib,6.76,6.38
"(3Z)-1-[(6-fluoro-4H-1,3-benzodioxin-8-yl)methyl]-4-phenyl-1H-indole-2,3-dione3-oxime",6.75,6.91
"(5E)-14-CHLORO-15,17-DIHYDROXY-4,7,8,9,10,11-HEXAHYDRO-2-BENZOXACYCLOPENTADECINE-1,12(3H,13H)-DIONE",6.75,6.84
"1-{2-[3-(2-Chloro-4,5-difluoro-benzoyl)-ureido]-4-fluoro-phenyl}-piperidine-4-carboxylicacid",6.75,6.24
2-(hydrazinocarbonyl)-3-phenyl-1H-indole-5-sulfonamide,6.75,4.59
Declopramide,6.75,6.26
Mepenzolate,6.75,7.22
(2S)-2-(BUTYRYLOXY)-3-HYDROXYPROPYLNONANOATE,6.74,5.25
"(3R,4R)-1-{6-[3-(METHYLSULFONYL)PHENYL]PYRIMIDIN-4-YL}-4-(2,4,5-TRIFLUOROPHENYL)PIPERIDIN-3-AMINE",6.74,6.96
4-({[(4-METHYLPIPERAZIN-1-YL)AMINO]CARBONOTHIOYL}AMINO)BENZENESULFONAMIDE,6.74,6.88
"4-[(10s,14s,18s)-18-(2-Amino-2-Oxoethyl)-14-(1-Naphthylmethyl)-8,17,20-Trioxo-7,16,19-Triazaspiro[5.14]Icos-11-En-10-Yl]BenzylphosphonicAcid",6.74,6.57
Budesonide,6.74,5.96
Letermovir,6.74,5.86
Methocarbamol,6.74,5.34
Tetracycline,6.74,6.13
Thiorphan,6.74,7.29
"(5Z)-13-CHLORO-14,16-DIHYDROXY-3,4,7,8,9,10-HEXAHYDRO-1H-2-BENZOXACYCLOTETRADECINE-1,11(12H)-DIONE",6.73,6.82
"4-[5-(Trans-4-Aminocyclohexylamino)-3-Isopropylpyrazolo[1,5-a]Pyrimidin-7-Ylamino]-N,N-Dimethylbenzenesulfonamide",6.73,6.47
Halcinonide,6.73,6.95
Propylthiouracil,6.73,4.92
Topiramate,6.73,6.92
Valrubicin,6.73,5.8
Vildagliptin,6.73,7.36
(S)-blebbistatin,6.72,6.21
"17-HYDROXY-18A-HOMO-19-NOR-17ALPHA-PREGNA-4,9,11-TRIEN-3-ONE",6.72,7.04
"6-[N-(1-Isopropyl-3,4-Dihydro-7-Isoquinolinyl)Carbamyl]-2-Naphthalenecarboxamidine",6.72,6.3
GSHNA,6.72,3.7
Metoclopramide,6.72,7.33
Mitiglinide,6.72,6.46
NPS-2143,6.72,6.12
Pentostatin,6.72,6.75
"(S)-2-CHLORO-N-(1-(2-(2-HYDROXYETHYLAMINO)-2-OXOETHYL)-2-OXO-1,2,3,4-TETRAHYDROQUINOLIN-3-YL)-6H-THIENO[2,3-B]PYRROLE-5-CARBOXAMIDE",6.71,7.32
"3-Carboxy-N,N,N-Trimethyl-2-(Octanoyloxy)Propan-1-Aminium",6.71,5.05
Alisertib,6.71,6.57
Brigatinib,6.71,6.34
Forasartan,6.71,6.81
IMIDAZOPYRIDAZIN1,6.71,6.66
"N-Butyl-11-[(7r,8r,9s,13s,14s,17s)-3,17-Dihydroxy-13-Methyl-7,8,9,11,12,13,14,15,16,17-Decahydro-6h-Cyclopenta[a]Phenanthren-7-Yl]-N-Methylundecanamide",6.71,7.6
"N-{5-[4-(4-METHYLPIPERAZIN-1-YL)PHENYL]-1H-PYRROLO[2,3-B]PYRIDIN-3-YL}NICOTINAMIDE",6.71,5.99
"1-[3,3-Dimethyl-2-(2-Methylamino-Propionylamino)-Butyryl]-Pyrrolidine-2-CarboxylicAcid(1,2,3,4-Tetrahydro-Naphthalen-1-Yl)-Amide",6.7,7.34
"4-(2,4-Dimethyl-1,3-thiazol-5-yl)-N-[4-(trifluoromethyl)phenyl]-2-pyrimidinamine",6.7,6.27
Morniflumate,6.7,5.1
"N-cyclopropyl-N-(trans-4-pyridin-3-ylcyclohexyl)-4-[(1S)-2,2,2-trifluoro-1-hydroxy-1-methylethyl]benzamide",6.7,6.11
SLx-4090,6.7,7.05
[4-({5-(AMINOCARBONYL)-4-[(3-METHYLPHENYL)AMINO]PYRIMIDIN-2-YL}AMINO)PHENYL]ACETICACID,6.7,6.38
{(2S)-1-[N-(tert-butoxycarbonyl)glycyl]pyrrolidin-2-yl}methyl(3-chlorophenyl)acetate,6.7,6.61
(2S)-2-{3-[({[2-fluoro-4-(trifluoromethyl)phenyl]carbonyl}amino)methyl]-4-methoxybenzyl}butanoicacid,6.69,7.09
4-Iodo-L-phenylalanine,6.69,5.95
"4-[3-(2-Chloro-4,5-difluoro-benzoyl)ureido]-3-trifluoromethoxybenzoicacid",6.69,6.33
Deflazacort,6.69,7.65
Doripenem,6.69,6.87
Geldanamycin,6.69,6.35
Omapatrilat,6.69,6.68
Pagoclone,6.69,5.98
Pergolide,6.69,6.35
Prasterone,6.69,7.13
RU82209,6.69,6.78
Valdecoxib,6.69,6.6
"6-(1,1-Dimethylallyl)-2-(1-Hydroxy-1-Methylethyl)-2,3-Dihydro-7h-Furo[3,2-G]Chromen-7-One",6.68,7.18
Bimatoprost,6.68,6.21
Gemifloxacin,6.68,7.18
Hexylresorcinol,6.68,7.05
Mefenamicacid,6.68,6.19
Niflumicacid,6.68,5.46
Nonivamide,6.68,6.3
"[2,4,6-Triisopropyl-Phenylsulfonyl-L-[3-Amidino-Phenylalanine]]-Piperazine-N'-Beta-Alanine",6.68,6.06
Abiraterone,6.67,6.82
Clidinium,6.67,6.18
Eprinomectin,6.67,6.54
Lifitegrast,6.67,7.08
Naloxegol,6.67,7.33
Voclosporin,6.67,6.7
Voxelotor,6.67,5.84
"(S,R)-fidarestat",6.66,7.57
"(Z,Z)-4-Hydroxy-N,N,N-Trimethyl-10-Oxo-7-[(1-Oxo-9-Octadecenyl)Oxy]-3,5,9-Trioxa-4-Phosphaheptacos-18-En-1-Aminium-4-Oxide",6.66,6.84
CRA_10972,6.66,5.29
Fidarestat,6.66,7.57
Galantamine,6.66,6.85
N-Ethyl-5'-CarboxamidoAdenosine,6.66,7.02
Propiomazine,6.66,5.8
Rimonabant,6.66,7.48
"1-[(2S)-4-(5-BROMO-1H-PYRAZOLO[3,4-B]PYRIDIN-4-YL)MORPHOLIN-2-YL]METHANAMINE",6.65,5.32
"2-{[(6-OXO-1,6-DIHYDROPYRIDIN-3-YL)METHYL]AMINO}-N-[4-PROPYL-3-(TRIFLUOROMETHYL)PHENYL]BENZAMIDE",6.65,6.08
Asunaprevir,6.65,6.59
Bradanicline,6.65,7.54
Guaifenesin,6.65,6.04
Implitapide,6.65,7.4
Prednisolonephosphate,6.65,7.2
Sunitinib,6.65,5.55
[4-(2-Amino-4-Methyl-Thiazol-5-Yl)-Pyrimidin-2-Yl]-(3-Nitro-Phenyl)-Amine,6.65,6.01
"[N-(2,4-DIAMINOPTERIDIN-6-YL)-METHYL]-DIBENZ[B,F]AZEPINE",6.65,7.31
2-[Trans-(4-Aminocyclohexyl)Amino]-6-(Benzyl-Amino)-9-Cyclopentylpurine,6.64,5.3
Halometasone,6.64,6.97
Lemborexant,6.64,7.08
Nalbuphine,6.64,8.06
Rubitecan,6.64,5.73
Talnetant,6.64,7.14
(2R)-2-(5-CHLORO-2-THIENYL)-N-{(3S)-1-[(1S)-1-METHYL-2-MORPHOLIN-4-YL-2-OXOETHYL]-2-OXOPYRROLIDIN-3-YL}PROPENE-1-SULFONAMIDE,6.63,5.99
"2-{[(1R,2S)-2-aminocyclohexyl]amino}-4-[(3-methylphenyl)amino]pyrimidine-5-carboxamide",6.63,6.68
K-252a,6.63,6.48
Lumacaftor,6.63,6.3
RU83876,6.63,6.69
"(1E)-5-(1-piperidin-4-yl-3-pyridin-4-yl-1H-pyrazol-4-yl)-2,3-dihydro-1H-inden-1-oneoxime",6.62,6.24
"2-amino-5-[3-(1-ethyl-1H-pyrazol-5-yl)-1H-pyrrolo[2,3-b]pyridin-5-yl]-N,N-dimethylbenzamide",6.62,5.85
Amcinonide,6.62,7.92
CD564,6.62,6.69
Methylergometrine,6.62,5.69
Piroxicam,6.62,6.19
"(1S,5S,7R)-N~7~-(BIPHENYL-4-YLMETHYL)-N~3~-HYDROXY-6,8-DIOXA-3-AZABICYCLO[3.2.1]OCTANE-3,7-DICARBOXAMIDE",6.61,5.25
"(2S)-N-[(3S)-1-(2-AMINO-2-OXOETHYL)-2-OXO-1,2,3,4-TETRAHYDROQUINOLIN-3-YL]-2-CHLORO-2H-THIENO[2,3-B]PYRROLE-5-CARBOXAMIDE",6.61,7.38
"(4aS,4bR,10bS,12aS)-12a-methyl-1,3-dioxo-2-(pyridin-3-ylmethyl)-1,2,3,4,4a,4b,5,6,10b,11,12,12a-dodecahydronaphtho[2,1-f]isoquinolin-8-ylsulfamate",6.61,7.1
"2-(CYCLOHEXYLMETHYLAMINO)-4-(PHENYLAMINO)PYRAZOLO[1,5-A][1,3,5]TRIAZINE-8-CARBONITRILE",6.61,7
"2-MERCAPTO-N-[1,2,3,10-TETRAMETHOXY-9-OXO-5,6,7,9-TETRAHYDRO-BENZO[A]HEPTALEN-7-YL]ACETAMIDE",6.61,5.83
3-(5-methoxy-1H-indol-3-yl)propanoicacid,6.61,5.63
Cinolazepam,6.61,6.17
"N'-(5-CHLORO-1,3-BENZODIOXOL-4-YL)-N-(3-MORPHOLIN-4-YLPHENYL)PYRIMIDINE-2,4-DIAMINE",6.61,6.25
Rosebengal,6.61,5.9
"6-[N-(1-Isopropyl-1,2,3,4-Tetrahydro-7-Isoquinolinyl)Carbamyl]-2-Naphthalenecarboxamidine",6.6,6.22
Cannabidiol,6.6,7.14
Kitasamycin,6.6,5.96
Meprednisone,6.6,7.24
N-[(1S)-2-[(4-cyano-1-methylpiperidin-4-yl)amino]-1-(cyclohexylmethyl)-2-oxoethyl]morpholine-4-carboxamide,6.6,7.55
"N~6~-cyclohexyl-N~2~-(4-morpholin-4-ylphenyl)-9H-purine-2,6-diamine",6.6,6.16
Tazemetostat,6.6,5.79
Ulimorelin,6.6,6.66
"4-{5-[(Z)-(2,4-DIOXO-1,3-THIAZOLIDIN-5-YLIDENE)METHYL]FURAN-2-YL}BENZENESULFONAMIDE",6.59,3.97
"5-ACETAMIDO-5,6-DIHYDRO-4-HYDROXY-6-ISOBUTOXY-4H-PYRAN-2-CARBOXYLICACID",6.59,5.98
"6-CHLORO-3-(DICHLOROMETHYL)-3,4-DIHYDRO-2H-1,2,4-BENZOTHIADIAZINE-7-SULFONAMIDE1,1-DIOXIDE",6.59,5.69
7-thionicotinamide-adenine-dinucleotidephosphate,6.59,6.03
Balanol,6.59,6.41
Doxycycline,6.59,6.34
Naltrexone,6.59,7.89
Octreotide,6.59,6.41
Trichlormethiazide,6.59,5.69
(2R)-2-Acetamido-3-(octadecyloxy)propyl2-(methylsulfanyl)ethylhydrogenphosphate,6.58,6.78
"5-(5-CHLORO-2,4-DIHYDROXYPHENYL)-N-ETHYL-4-(4-METHOXYPHENYL)-1H-PYRAZOLE-3-CARBOXAMIDE",6.58,7.33
6-CHLORO-N-{(3S)-1-[(1S)-1-METHYL-2-MORPHOLIN-4-YL-2-OXOETHYL]-2-OXOPYRROLIDIN-3-YL}-1-BENZOTHIOPHENE-2-SULFONAMIDE,6.58,5.62
AMG-510,6.58,5.09
Efaproxiral,6.58,4.35
Fluprednisolone,6.58,5.7
Garenoxacin,6.58,7.19
Lasofoxifene,6.58,6.29
Nabiximols,6.58,7.1
1-[(2R)-2-aminobutanoyl]-N-(4-carbamimidoylbenzyl)-L-prolinamide,6.57,6.35
"9-Butyl-8-(3,4,5-Trimethoxybenzyl)-9h-Purin-6-Amine",6.57,6.72
Aliskiren,6.57,5.78
Encorafenib,6.57,6.28
Ivosidenib,6.57,6.69
Zanubrutinib,6.57,5.94
"4-{5-[(Z)-(2-IMINO-4-OXO-1,3-THIAZOLIDIN-5-YLIDENE)METHYL]FURAN-2-YL}-2-(TRIFLUOROMETHYL)BENZENESULFONAMIDE",6.56,6.29
5-Chloro-1h-Indole-2-CarboxylicAcid[1-(4-Fluorobenzyl)-2-(4-Hydroxypiperidin-1yl)-2-Oxoethyl]Amide,6.56,7.24
"8-(2-Chloro-3,4,5-Trimethoxy-Benzyl)-2-Fluoro-9-Pent-4-Ylnyl-9h-Purin-6-Ylamine",6.56,6.44
CalanolideA,6.56,6.86
Furoyl-Leucine,6.56,5.34
"HYDROXY(OXO)(3-{[(2Z)-4-[3-(1H-1,2,4-TRIAZOL-1-YLMETHYL)PHENYL]PYRIMIDIN-2(5H)-YLIDENE]AMINO}PHENYL)AMMONIUM",6.56,7.03
Nandrolonedecanoate,6.56,6.81
Paliperidone,6.56,5.7
Seletracetam,6.56,5.81
"[N-[N-(4-Methoxy-2,3,6-trimethylphenylsulfonyl)-L-aspartyl]-D-(4-amidino-phenylalanyl)]-piperidine",6.56,6.24
"6-(3,4-DIHYDROXYBENZYL)-3-ETHYL-1-(2,4,6-TRICHLOROPHENYL)-1H-PYRAZOLO[3,4-D]PYRIMIDIN-4(5H)-ONE",6.55,6.7
Selexipag,6.55,5.98
Talniflumate,6.55,5.52
Tolperisone,6.55,6.6
"(2R,3R)-N^1^-[(1S)-2,2-DIMETHYL-1-(METHYLCARBAMOYL)PROPYL]-N^4^-HYDROXY-2-(2-METHYLPROPYL)-3-{[(1,3-THIAZOL-2-YLCARBONYL)AMINO]METHYL}BUTANEDIAMIDE",6.54,6.73
(4R)-4-(3-butoxy-4-methoxybenzyl)imidazolidin-2-one,6.54,6.21
"(4R,2S)-5'-(4-(4-CHLOROBENZYLOXY)PYRROLIDIN-2-YLMETHANESULFONYL)ISOQUINOLINE",6.54,7.28
1-[(2R)-2-aminobutanoyl]-N-(3-chlorobenzyl)-L-prolinamide,6.54,6.44
Dichlorobenzylalcohol,6.54,5.17
Etorphine,6.54,7.19
Lorlatinib,6.54,6.91
N-(5-CHLORO-BENZO[B]THIOPHEN-3-YLMETHYL)-2-[6-CHLORO-OXO-3-(2-PYRIDIN-2-YL-ETHYLAMINO)-2H-PYRAZIN-1-YL]-ACETAMIDE,6.54,5.79
"N-{2'-[(4-FLUOROPHENYL)AMINO]-4,4'-BIPYRIDIN-2-YL}-4-METHOXYCYCLOHEXANECARBOXAMIDE",6.54,6.11
Pasireotide,6.54,5.42
Protokylol,6.54,5.85
Repaglinide,6.54,6.51
Ronacaleret,6.54,6.42
SanglifehrinA,6.54,7.04
Sulindac,6.54,5.49
Tapinarof,6.54,5.94
Vadimezan,6.54,6.64
(2S)-3-[(R)-[(1S)-1-amino-3-phenylpropyl](hydroxy)phosphoryl]-2-benzylpropanoicacid,6.53,7.3
"8-(2-Chloro-3,4,5-Trimethoxy-Benzyl)-9-Pent-4-Ylnyl-9h-Purin-6-Ylamine",6.53,6.07
Aminoglutethimide,6.53,7.2
Lanreotide,6.53,6.37
Minocycline,6.53,6.23
SR11254,6.53,6.33
"(2R,3R)-7-(methylsulfonyl)-3-(2,4,5-trifluorophenyl)-1,2,3,4-tetrahydropyrido[1,2-a]benzimidazol-2-amine",6.52,6.13
"(3R,4S)-1-{6-[3-(METHYLSULFONYL)PHENYL]PYRIMIDIN-4-YL}-4-(2,4,5-TRIFLUOROPHENYL)PYRROLIDIN-3-AMINE",6.52,6.48
1-(4-IODOBENZOYL)-5-METHOXY-2-METHYLINDOLE-3-ACETICACID,6.52,5.87
"4-(2-{[4-{[3-(4-Chlorophenyl)Propyl]Sulfanyl}-6-(1-Piperazinyl)-1,3,5-Triazin-2-Yl]Amino}Ethyl)Phenol",6.52,5.66
"5-(2-chlorophenyl)-1,3,4-thiadiazole-2-sulfonamide",6.52,6.26
Ertiprotafib,6.52,5.69
Fluticasone,6.52,6.6
Methylprednisolonehemisuccinate,6.52,5.22
Pinacidil,6.52,6.48
4-(4-Chlorophenyl)Imidazole,6.51,7.22
Alosetron,6.51,5.49
Dofequidar,6.51,5.88
Estradiolcypionate,6.51,6.5
N-cyclopropyl-4-methyl-3-{2-[(2-morpholin-4-ylethyl)amino]quinazolin-6-yl}benzamide,6.51,4.9
Tyropanoicacid,6.51,6.19
2-(4-CARCOXY-5-ISOPROPYLTHIAZOLYL)BENZOPIPERIDINE,6.5,6.69
"5-[(phenylsulfonyl)amino]-1,3,4-thiadiazole-2-sulfonamide",6.5,5.48
7-Hydroxystaurosporine,6.5,5.77
AUROVERTINB,6.5,5.81
Adefovirdipivoxil,6.5,7.02
Entacapone,6.5,6.23
Isoetharine,6.5,6.01
Loteprednoletabonate,6.5,5.76
Meloxicam,6.5,6.06
Mibefradil,6.5,6.96
N-(2-METHOXYETHYL)-4-({4-[2-METHYL-1-(1-METHYLETHYL)-1H-IMIDAZOL-5-YL]PYRIMIDIN-2-YL}AMINO)BENZENESULFONAMIDE,6.5,5.79
"N-cyclopropyl-6-[(6,7-dimethoxyquinolin-4-yl)oxy]naphthalene-1-carboxamide",6.5,6.16
"(2S)-2-{[3-(3-aminophenyl)imidazo[1,2-b]pyridazin-6-yl]amino}-3-methylbutan-1-ol",6.49,6.91
Cangrelor,6.49,7.34
Colchicine,6.49,5.62
Deserpidine,6.49,6.93
Epicriptine,6.49,6.09
Managlinatdialanetil,6.49,6.83
N-(3-cyclopropyl-1H-pyrazol-5-yl)-2-(2-naphthyl)acetamide,6.49,5.59
Purvalanol,6.49,5.52
Tasosartan,6.49,7.05
"2,2,2-TRIFLUORO-1-{5-[(3-PHENYL-5,6-DIHYDROIMIDAZO[1,2-A]PYRAZIN-7(8H)-YL)CARBONYL]THIOPHEN-2-YL}ETHANE-1,1-DIOL",6.48,5.67
4-BROMO-3-(CARBOXYMETHOXY)-5-[3-(CYCLOHEXYLAMINO)PHENYL]THIOPHENE-2-CARBOXYLICACID,6.48,6.77
"4-[(3R)-3-Amino-4-(2,4,5-trifluorophenyl)butanoyl]-3-(2,2,2-trifluoroethyl)-1,4-diazepan-2-one",6.48,7.02
"4-{[4-(4-fluoro-3-methylphenyl)-1,3-thiazol-2-yl]amino}-2-hydroxybenzoicacid",6.48,6.65
5-CHLORO-6-METHYL-N-(2-PHENYLETHYL)-2-PYRIDIN-2-YLPYRIMIDIN-4-AMINE,6.48,7.14
Labetalol,6.48,6.72
Mevastatin,6.48,5.86
Myxothiazol,6.48,5.57
N-[(2S)-4-Methyl-1-oxo-1-{[(4S)-3-oxo-1-(2-pyridinylsulfonyl)-4-azepanyl]amino}-2-pentanyl]-1-benzofuran-2-carboxamide,6.48,5.72
Testosteroneenanthate,6.48,6.18
Testosteroneundecanoate,6.48,6.18
1-DECYL-3-TRIFLUOROETHYL-SN-GLYCERO-2-PHOSPHOMETHANOL,6.47,7.31
"2-AMINO-4-(2,4-DICHLOROPHENYL)-N-ETHYLTHIENO[2,3-D]PYRIMIDINE-6-CARBOXAMIDE",6.47,5.87
Demegestone,6.47,6.17
Equol,6.47,6.35
Fluprednidene,6.47,7.24
N-Methylphenylalanyl-N-[(trans-4-aminocyclohexyl)methyl]-L-prolinamide,6.47,7
Rilapladib,6.47,5.68
Trametinib,6.47,6.7
Travoprost,6.47,6.35
"1-methyl-8-(phenylamino)-4,5-dihydro-1H-pyrazolo[4,3-h]quinazoline-3-carboxylicacid",6.46,6.2
2-(2f-Benzothiazolyl)-5-Styryl-3-(4f-Phthalhydrazidyl)TetrazoliumChloride,6.46,7.37
2-(6-methylpyridin-2-yl)-N-pyridin-4-ylquinazolin-4-amine,6.46,6.14
"2-Hexyloxy-6-Hydroxymethyl-Tetrahydro-Pyran-3,5-Diol",6.46,7.65
5-androstenedione,6.46,6.74
Ambroxolacefyllinate,6.46,6.7
Voacamine,6.46,7.4
"(2R)-2-{[4-(benzylamino)-8-(1-methylethyl)pyrazolo[1,5-a][1,3,5]triazin-2-yl]amino}butan-1-ol",6.45,5.07
"(3Z,6S)-6-Chloro-1-(2-{[(5-chloro-1-benzothiophen-3-yl)methyl]amino}ethyl)-3-({2-[(2R)-2-piperidinyl]ethyl}imino)-2-piperazinol",6.45,6.84
"(5R)-N,N-DIETHYL-5-METHYL-2-[(THIOPHEN-2-YLCARBONYL)AMINO]-4,5,6,7-TETRAHYDRO-1-BENZOTHIOPHENE-3-CARBOXAMIDE",6.45,7.26
"5-METHYL-3-(9-OXO-1,8-DIAZA-TRICYCLO[10.6.1.013,18]NONADECA-12(19),13,15,17-TETRAEN-10-YLCARBAMOYL)-HEXANOICACID",6.45,6.39
Fimasartan,6.45,7.07
Halazepam,6.45,5.08
Lysergicaciddiethylamide,6.45,5.42
Roflumilast,6.45,6.56
WX-UK1,6.45,6.44
(R)-Rolipram,6.44,5.45
(S)-Rolipram,6.44,5.45
2-{4-[5-(4-chlorophenyl)-4-pyrimidin-4-yl-1H-pyrazol-3-yl]piperidin-1-yl}-2-oxoethanol,6.44,6.4
ADisubstitutedSuccinylCaprolactamHydroxymateMmp3inhibitor,6.44,5.59
"N-hydroxy-5-[(3-phenyl-5,6-dihydroimidazo[1,2-a]pyrazin-7(8H)-yl)carbonyl]thiophene-2-carboxamide",6.44,5.65
"N~4~-(3-methyl-1H-indazol-6-yl)-N~2~-(3,4,5-trimethoxyphenyl)pyrimidine-2,4-diamine",6.44,6.75
Rolipram,6.44,5.45
"2-Hexyloxy-6-Hydroxymethyl-Tetrahydro-Pyran-3,4,5-Triol",6.43,7.51
3-[4-(1-formylpiperazin-4-yl)-benzylidenyl]-2-indolinone,6.43,5.52
4-[(2-{4-[(CYCLOPROPYLCARBAMOYL)AMINO]-1H-PYRAZOL-3-YL}-1H-BENZIMIDAZOL-6-YL)METHYL]MORPHOLIN-4-IUM,6.43,5.24
B-nonylglucoside,6.43,7.51
Cinalukast,6.43,6.82
Dihydrotachysterol,6.43,5.75
Fludrocortisone,6.43,6.06
Goserelin,6.43,6.39
Heptyl-Beta-D-Glucopyranoside,6.43,7.51
"N-[(1S)-2-amino-1-phenylethyl]-5-(1H-pyrrolo[2,3-b]pyridin-4-yl)thiophene-2-carboxamide",6.43,6.84
N-[[2-METHYL-4-HYDROXYCARBAMOYL]BUT-4-YL-N]-BENZYL-P-[PHENYL]-P-[METHYL]PHOSPHINAMID,6.43,6.13
"N-cyclopropyl-2',6-dimethyl-4'-(5-methyl-1,3,4-oxadiazol-2-yl)biphenyl-3-carboxamide",6.43,6.82
"PHENYL-5-(1H-PYRAZOL-3-YL)-1,3-THIAZOLE",6.43,6.93
Prednisolonehemisuccinate,6.43,5.8
RH-1,6.43,5.8
S-(N-hydroxy-N-iodophenylcarbamoyl)glutathione,6.43,6.26
SNX-5422,6.43,6.62
Tanespimycin,6.43,5.26
"(2S)-1,3-benzothiazol-2-yl{2-[(2-pyridin-3-ylethyl)amino]pyrimidin-4-yl}ethanenitrile",6.42,6.7
"2,3-DIMETHOXY-12H-[1,3]DIOXOLO[5,6]INDENO[1,2-C]ISOQUINOLIN-6-IUM",6.42,6.53
AZD-7325,6.42,6.7
CoA-S-acetyl5-bromotryptamine,6.42,5.26
Gatifloxacin,6.42,6.13
Methylnaltrexone,6.42,6.77
Ovalicin,6.42,6.55
Trospium,6.42,7.17
"4-bromo-6-(6-hydroxy-1,2-benzisoxazol-3-yl)benzene-1,3-diol",6.41,6.05
"5-ethoxy-4-(1-methyl-7-oxo-3-propyl-6,7-dihydro-1H-pyrazolo[4,3-d]pyrimidin-5-yl)thiophene-2-sulfonamide",6.41,7.07
"5-{3-[3-(2,4-DICHLORO-BENZOYL)-UREIDO]-2-METHYL-PHENOXY}-PENTANOICACID",6.41,5.13
Di-Linoleoyl-3-Sn-Phosphatidylcholine,6.41,5.85
Dronabinol,6.41,7
Itopride,6.41,6.12
Palmitoyl-LinoleoylPhosphatidylcholine,6.41,5.85
TRIAZOLOPYRIMIDINE,6.41,6.04
Valspodar,6.41,6.42
"2,4-Diamino-6-[N-(3',4',5'-Trimethoxybenzyl)-N-Methylamino]Pyrido[2,3-D]Pyrimidine",6.4,6.21
3-[(3-(2-CARBOXYETHYL)-4-METHYLPYRROL-2-YL)METHYLENE]-2-INDOLINONE,6.4,5.72
"5-(4-CHLORO-5-PHENYL-3-THIENYL)-1,2,5-THIADIAZOLIDIN-3-ONE1,1-DIOXIDE",6.4,6.39
Amylmetacresol,6.4,7.07
Clocortolone,6.4,7.09
Fusicoccin,6.4,6.84
Nafcillin,6.4,6.2
Naloxone,6.4,7.48
Oxytetracycline,6.4,5.64
"(2R)-3-{[(4Z)-5,6-DIPHENYL-6,7-DIHYDRO-4H-PYRROLO[2,3-D]PYRIMIDIN-4-YLIDENE]AMINO}PROPANE-1,2-DIOL",6.39,6.43
"5-[(E)-(5-CHLORO-2-OXO-1,2-DIHYDRO-3H-INDOL-3-YLIDENE)METHYL]-N-[2-(DIETHYLAMINO)ETHYL]-2,4-DIMETHYL-1H-PYRROLE-3-CARBOXAMIDE",6.39,5.56
9-deazainosine,6.39,7.23
Alfacalcidol,6.39,6.45
Butorphanol,6.39,7.29
Enoxacin,6.39,6.69
Gonadorelin,6.39,6.48
Ibandronate,6.39,6.77
Ketazolam,6.39,6.32
"N'-(5-chloro-1,3-benzodioxol-4-yl)-N-(3-methylsulfonylphenyl)pyrimidine-2,4-diamine",6.39,6.64
OPC-51803,6.39,6.25
"S,S-(2-Hydroxyethyl)Thiocysteine",6.39,6.27
"9-Butyl-8-(2-Chloro-3,4,5-Trimethoxy-Benzyl)-9h-Purin-6-Ylamine",6.38,6.49
Apomorphine,6.38,6.5
Hydroxyproline,6.38,6.36
"N,N-DIETHYL-2-[(2-THIENYLCARBONYL)AMINO]-4,5,6,7-TETRAHYDRO-1-BENZOTHIOPHENE-3-CARBOXAMIDE",6.38,7.41
Pexidartinib,6.38,6.92
"6-BROMO-13-THIA-2,4,8,12,19-PENTAAZATRICYCLO[12.3.1.1~3,7~]NONADECA-1(18),3(19),4,6,14,16-HEXAENE13,13-DIOXIDE",6.37,5.69
Inecalcitol,6.37,5.18
"N(2)-carbamimidoyl-N-{2-[4-(3-{4-[(5-carboxyfuran-2-yl)methoxy]-2,3-dichlorophenyl}-1-methyl-1H-pyrazol-5-yl)piperidin-1-yl]-2-oxoethyl}-D-leucinamide",6.37,6.47
"N-(2-hydroxybenzyl)-2,5-dimethoxy-4-cyanophenylethylamine",6.37,5.75
Protoporphyrin,6.37,5.51
"(1-HYDROXYHEPTANE-1,1-DIYL)BIS(PHOSPHONICACID)",6.36,6.75
"(1-HYDROXYNONANE-1,1-DIYL)BIS(PHOSPHONICACID)",6.36,6.75
(R)-3-BROMO-2-HYDROXY-2-METHYL-N-[4-NITRO-3-(TRIFLUOROMETHYL)PHENYL]PROPANAMIDE,6.36,5.72
"3-[(2,2-DIMETHYLPROPANOYL)AMINO]-N-1,3-THIAZOL-2-YLPYRIDINE-2-CARBOXAMIDE",6.36,7.07
CordycepinTriphosphate,6.36,5.05
D-Eritadenine,6.36,4.84
L-thioproline,6.36,6.65
Larotrectinib,6.36,6.49
Laurylalcoholdiphosphonicacid,6.36,6.75
Pibrentasvir,6.36,4.93
Testosteronecypionate,6.36,7.08
Tmr,6.36,6.98
Triflusal,6.36,5.73
2-({5-CHLORO-2-[(2-METHOXY-4-MORPHOLIN-4-YLPHENYL)AMINO]PYRIMIDIN-4-YL}AMINO)-N-METHYLBENZAMIDE,6.35,6.35
"4-(1h-Imidazol-4-Yl)-3-(5-Ethyl-2,4-Dihydroxy-Phenyl)-1h-Pyrazole",6.35,5.43
Rufloxacin,6.35,4.52
(2E)-N-hydroxy-3-[1-methyl-4-(phenylacetyl)-1H-pyrrol-2-yl]prop-2-enamide,6.34,4.93
(R)-tacrine(10)-hupyridone,6.34,7.04
(S)-tacrine(10)-hupyridone,6.34,7.04
"2-(4-fluorophenyl)-N-{[3-fluoro-4-(1H-pyrrolo[2,3-b]pyridin-4-yloxy)phenyl]carbamoyl}acetamide",6.34,6.73
"2-(Oxalyl-Amino)-4,7-Dihydro-5h-Thieno[2,3-C]Pyran-3-CarboxylicAcid",6.34,5.58
Aceprometazine,6.34,5.24
Aluminiummonostearate,6.34,4.55
Epanolol,6.34,5.4
Hydrocortisonevalerate,6.34,5.73
"N'-[4-(2,4-Dimethyl-1,3-thiazol-5-yl)-2-pyrimidinyl]-N-hydroxyimidoformamide",6.34,5.92
Noscapine,6.34,7.11
"N~3~-cyclopropyl-N~4~'-(cyclopropylmethyl)-6-methylbiphenyl-3,4'-dicarboxamide",6.34,6.07
Pioglitazone,6.34,4.36
"1,1,1-TRIFLUORO-3-(OCTYLTHIO)ACETONE",6.33,6.58
3-[5-(2-nitropent-1-en-1-yl)furan-2-yl]benzoicacid,6.33,5.62
"4-(2-aminoethoxy)-N-(3-chloro-5-piperidin-1-ylphenyl)-3,5-dimethylbenzamide",6.33,6.11
"4-(2-chlorophenyl)-8-(2-hydroxyethyl)-6-methylpyrrolo[3,4-e]indole-1,3(2H,6H)-dione",6.33,6.37
4-[4-(4-Methyl-2-Methylamino-Thiazol-5-Yl)-Pyrimidin-2-Ylamino]-Phenol,6.33,5.63
"6-CHLORO-9-HYDROXY-1,3-DIMETHYL-1,9-DIHYDRO-4H-PYRAZOLO[3,4-B]QUINOLIN-4-ONE",6.33,4.58
Dipraglurant,6.33,5.61
Glutethimide,6.33,6.97
Homatropinemethylbromide,6.33,5.35
PolymyxinB,6.33,4.61
SP4160,6.33,6.35
Treprostinil,6.33,5.29
"5-[1-(3,4-Dimethoxy-Benzoyl)-1,2,3,4-Tetrahydro-Quinolin-6-Yl]-6-Methyl-3,6-Dihydro-[1,3,4]Thiadiazin-2-One",6.32,6.46
AngiotensinII,6.32,6.63
Apadenoson,6.32,6.63
Atovaquone,6.32,6.16
Finafloxacin,6.32,5
Iloperidone,6.32,5.57
Olcegepant,6.32,6.77
Ritonavir,6.32,5.45
Rotigotine,6.32,6.56
S-(4-BROMOBENZYL)CYSTEINE,6.32,4.57
UlapualideA,6.32,5.83
"(S)-2-((S)-3-isobutyl-2,5-dioxo-4-quinolin-3-ylmethyl-[1,4]diazepan-1yl)-N-methyl-3-naphtalen-2-yl-propionamide",6.31,6.65
"1-Ter-Butyl-3-P-Tolyl-1h-Pyrazolo[3,4-D]Pyrimidin-4-Ylamine",6.31,5.11
2-(5-CHLORO-2-THIENYL)-N-{(3S)-1-[(1S)-1-METHYL-2-MORPHOLIN-4-YL-2-OXOETHYL]-2-OXOPYRROLIDIN-3-YL}ETHENESULFONAMIDE,6.31,5.75
3-(2-AMINOQUINAZOLIN-6-YL)-4-METHYL-N-[3-(TRIFLUOROMETHYL)PHENYL]BENZAMIDE,6.31,4.98
"4-{4-[4-(3-AMINOPROPOXY)PHENYL]-1H-PYRAZOL-5-YL}-6-CHLOROBENZENE-1,3-DIOL",6.31,6.19
5-[(2-methyl-5-{[3-(trifluoromethyl)phenyl]carbamoyl}phenyl)amino]pyridine-3-carboxamide,6.31,5.52
Acalabrutinib,6.31,5.62
Ceftriaxone,6.31,5.63
N-(1-ISOPROPYLPIPERIDIN-4-YL)-1-(3-METHOXYBENZYL)-1H-INDOLE-2-CARBOXAMIDE,6.31,5.41
(1-Benzyl-5-methoxy-2-methyl-1H-indol-3-yl)aceticacid,6.3,5.19
"1-methyl-3-naphthalen-2-yl-1H-pyrazolo[3,4-d]pyrimidin-4-amine",6.3,6.01
"18-CHLORO-11,12,13,14-TETRAHYDRO-1H,10H-8,4-(AZENO)-9,15,1,3,6-BENZODIOXATRIAZACYCLOHEPTADECIN-2-ONE",6.3,5.67
"4-[4-(2,5-DIOXO-PYRROLIDIN-1-YL)-PHENYLAMINO]-4-HYDROXY-BUTYRICACID",6.3,5.41
Azimilide,6.3,4.61
CVT-6883,6.3,6.61
Dienogest,6.3,6.55
Lomefloxacin,6.3,4.54
Motuporin,6.3,6.18
"N-(4-ACETYLPHENYL)-5-(5-CHLORO-2,4-DIHYDROXYPHENYL)-1H-PYRAZOLE-4-CARBOXAMIDE",6.3,5.04
"N-[(1S)-1-{1-[(1R,3E)-1-ACETYLPENT-3-EN-1-YL]-1H-1,2,3-TRIAZOL-4-YL}-1,2-DIMETHYLPROPYL]BENZAMIDE",6.3,5.34
"N4-HYDROXY-2-ISOBUTYL-N1-(9-OXO-1,8-DIAZA-TRICYCLO[10.6.1.013,18]NONADECA-12(19),13,15,17-TETRAEN-10-YL)-SUCCINAMIDE",6.3,6.75
Pradigastat,6.3,6.41
cis-tetracosenoylsulfatide,6.3,6.57
"(3Z)-1-[(6-fluoro-4H-1,3-benzodioxin-8-yl)methyl]-4-[(E)-2-phenylethenyl]-1H-indole-2,3-dione3-oxime",6.29,6.46
"5-(5-CHLORO-2,4-DIHYDROXYPHENYL)-N-ETHYL-4-PIPERAZIN-1-YL-1H-PYRAZOLE-3-CARBOXAMIDE",6.29,5.74
Entrectinib,6.29,6.01
Linsitinib,6.29,4.95
Molindone,6.29,6.77
Periciazine,6.29,6.32
Tonapofylline,6.29,6.94
"2-(3-((4,5,7-trifluorobenzo[d]thiazol-2-yl)methyl)-1H-pyrrolo[2,3-b]pyridin-1-yl)aceticacid",6.28,5.98
Grepafloxacin,6.28,6.41
Irosustat,6.28,6.16
Nilutamide,6.28,6.01
Pinaverium,6.28,5.96
Testosteronepropionate,6.28,7.18
[5-HYDROXY-2-(4-HYDROXYPHENYL)-1-BENZOFURAN-7-YL]ACETONITRILE,6.28,6.57
"{[2-(1h-1,2,3-Benzotriazol-1-Yl)-2-(3,4-Difluorophenyl)Propane-1,3-Diyl]Bis[4,1-Phenylene(Difluoromethylene)]}Bis(PhosphonicAcid)",6.28,6.68
4-{[4-(1-CYCLOPROPYL-2-METHYL-1H-IMIDAZOL-5-YL)PYRIMIDIN-2-YL]AMINO}-N-METHYLBENZENESULFONAMIDE,6.27,5.73
Hydrocortisoneprobutate,6.27,5.45
"N-(2,2,2-TRIFLUOROETHYL)-N-{4-[2,2,2-TRIFLUORO-1-HYDROXY-1-(TRIFLUOROMETHYL)ETHYL]PHENYL}BENZENESULFONAMIDE",6.27,6.58
Radicicol,6.27,6.98
SB-269970,6.27,6.58
"(2R)-3-{[{[(2S)-2,3-DIHYDROXYPROPYL]OXY}(HYDROXY)PHOSPHORYL]OXY}-2-[(9E)-HEXADEC-9-ENOYLOXY]PROPYL(9E)-OCTADEC-9-ENOATE",6.26,5.15
"5-[(4-Methylphenyl)Sulfanyl]-2,4-Quinazolinediamine",6.26,5.09
Abacavir,6.26,7.16
Flucloxacillin,6.26,6.36
Flunisolide,6.26,6.41
N-Formylmethionine,6.26,7.22
Salmeterol,6.26,6.16
"1-(2,6-Dichlorophenyl)-5-(2,4-Difluorophenyl)-7-Piperidin-4-Yl-3,4-Dihydroquinolin-2(1h)-One",6.25,7.14
"4-(6-{[(1R)-1-(hydroxymethyl)propyl]amino}imidazo[1,2-b]pyridazin-3-yl)benzoicacid",6.25,5.89
"5-(4-METHOXYBIPHENYL-3-YL)-1,2,5-THIADIAZOLIDIN-3-ONE1,1-DIOXIDE",6.25,6.22
Alfuzosin,6.25,5.31
Benzthiazide,6.25,5.53
Benzylcysteine,6.25,5.49
Fostamatinib,6.25,6.47
GIBBERELLINA4,6.25,5.91
Hydrocortisonebutyrate,6.25,5.76
Moxifloxacin,6.25,6.45
N-{[4-(but-2-yn-1-yloxy)phenyl]sulfonyl}-5-methyl-D-tryptophan,6.25,4.64
Nicotinamide8-Bromo-AdenineDinucleotidePhosphate,6.25,5.71
Norethynodrel,6.25,6.05
Rilpivirine,6.25,6.36
1-[2-AMINO-2-CYCLOHEXYL-ACETYL]-PYRROLIDINE-3-CARBOXYLICACID5-CHLORO-2-(2-ETHYLCARBAMOYL-ETHOXY)-BENZYLAMIDE,6.24,4.57
3-OXO-N-[(3S)-2-OXOPYRROLIDIN-3-YL]DODECANAMIDE,6.24,6.1
Amlexanox,6.24,4.82
Arotinolol,6.24,5.82
BMS-564929,6.24,5.49
CRA_9076,6.24,6.09
Carbenicillin,6.24,4.59
Flecainide,6.24,6.46
Fluprednisoloneacetate,6.24,5.13
GALACTOSEGREASE,6.24,6.22
Hycanthone,6.24,5.73
Levorphanol,6.24,7.14
Tamatinib,6.24,6.4
Ziprasidone,6.24,5.06
"1-(1-methylethyl)-3-quinolin-6-yl-1H-pyrazolo[3,4-d]pyrimidin-4-amine",6.23,5.46
"1-[(2S)-4-(5-phenyl-1H-pyrazolo[3,4-b]pyridin-4-yl)morpholin-2-yl]methanamine",6.23,5.72
Gantacurium,6.23,5.27
Methotrexate,6.23,7.36
Methylprednisolone,6.23,5.61
N-[2-(2-methyl-1H-indol-3-yl)ethyl]thiophene-2-carboxamide,6.23,6.14
Nintedanib,6.23,5.28
NovoNordiska/SCompound,6.23,6.22
Otilonium,6.23,6.2
Oxycodone,6.23,6.1
PNU177836,6.23,6.8
PRX-07034,6.23,5.8
SR12813,6.23,6.57
2-(3-GUANIDINOPHENYL)-3-MERCAPTOPROPANOICACID,6.22,6.73
3-({4-[(6-CHLORO-1-BENZOTHIEN-2-YL)SULFONYL]-2-OXOPIPERAZIN-1-YL}METHYL)BENZENECARBOXIMIDAMIDE,6.22,5.51
3-[(3-sec-butyl-4-hydroxybenzoyl)amino]azepan-4-yl4-(2-hydroxy-5-methoxybenzoyl)benzoate,6.22,6.75
"4-CHLORO-6-(4-{4-[4-(METHYLSULFONYL)BENZYL]PIPERAZIN-1-YL}-1H-PYRAZOL-5-YL)BENZENE-1,3-DIOL",6.22,5.92
Elacytarabine,6.22,6.11
Fosinopril,6.22,6.9
Tafamidis,6.22,7.02
(2-CARBAMOYLMETHYL-5-PROPYL-OCTAHYDRO-INDOL-7-YL)ACETICACID,6.21,5.48
"(2E,4E)-11-METHOXY-3,7,11-TRIMETHYLDODECA-2,4-DIENOICACID",6.21,6.58
"2-[5-Methanesulfonylamino-2-(4-Aminophenyl)-6-Oxo-1,6-Dihydro-1-Pyrimidinyl]-N-(3,3,3-Trifluoro-1-Isopropyl-2-Oxopropyl)Acetamide",6.21,5.75
"4-{4-[2-(1A,7A-DIMETHYL-4-OXY-OCTAHYDRO-1-OXA-4-AZA-CYCLOPROPA[A]NAPHTHALEN-4-YL)-ACETYLAMINO]-PHENYLCARBAMOYL}-BUTYRICACID",6.21,5.1
B-2-Octylglucoside,6.21,7.01
Becatecarin,6.21,6.13
PPL-100,6.21,4.9
Thiocolchicoside,6.21,3.79
(2R)-N-HYDROXY-2-[(3S)-3-METHYL-3-{4-[(2-METHYLQUINOLIN-4-YL)METHOXY]PHENYL}-2-OXOPYRROLIDIN-1-YL]PROPANAMIDE,6.2,6.77
"(3-ENDO)-8-METHYL-8-AZABICYCLO[3.2.1]OCT-3-YL1H-PYRROLO[2,3-B]PYRIDINE-3-CARBOXYLATE",6.2,5.32
"1-BENZYL-3-(4-METHOXYPHENYLAMINO)-4-PHENYLPYRROLE-2,5-DIONE",6.2,6.38
BalanolAnalog1,6.2,6.43
Diphenidol,6.2,4.81
Fluprednideneacetate,6.2,7.03
InhibitorofP38Kinase,6.2,5.48
Nalidixicacid,6.2,6.11
Orbifloxacin,6.2,5.94
Pimavanserin,6.2,6.05
SB-409513,6.2,6.03
"1,1,1,3,3,3-HEXAFLUORO-2-{4-[(2,2,2-TRIFLUOROETHYL)AMINO]PHENYL}PROPAN-2-OL",6.19,5.64
"1-Tert-Butyl-3-(4-Chloro-Phenyl)-1h-Pyrazolo[3,4-D]Pyrimidin-4-Ylamine",6.19,6.88
4-(quinolin-3-ylmethyl)piperidine-1-carboxylicacid,6.19,4.35
Becocalcidiol,6.19,5.17
Cariporide,6.19,6.02
Diethylpropion,6.19,6.05
EdotreotidegalliumGa-68,6.19,5
Nialamide,6.19,5.04
Olopatadine,6.19,3.29
Selisistat,6.19,5.4
Verubecestat,6.19,4.41
"(2R)-1-[(5,6-DIPHENYL-7H-PYRROLO[2,3-D]PYRIMIDIN-4-YL)AMINO]PROPAN-2-OL",6.18,5.72
"6-Hydroxy-5-undecyl-4,7-benzothiazoledione",6.18,5.76
Argatroban,6.18,5.94
Atazanavir,6.18,5.81
Famciclovir,6.18,6.38
Lpc-Ether,6.18,6.37
Nicotinamideadeninedinucleotidephosphate,6.18,6.04
Phosphatidylethanol,6.18,6.68
Pravastatin,6.18,4.22
"R-2-{[4'-Methoxy-(1,1'-Biphenyl)-4-Yl]-Sulfonyl}-Amino-6-Methoxy-Hex-4-YnoicAcid",6.18,5.38
Remikiren,6.18,6.64
Rimexolone,6.18,6.76
Sorbinil,6.18,5.4
"(13R,15S)-13-METHYL-16-OXA-8,9,12,22,24-PENTAAZAHEXACYCLO[15.6.2.16,9.1,12,15.0,2,7.0,21,25]HEPTACOSA-1(24),2,4,6,17(25),18,20-HEPTAENE-23,26-DIONE",6.17,6.25
"(1S,7S,8S,8AR)-1,2,3,7,8,8A-HEXAHYDRO-7-METHYL-8-[2-[(2R,4R)-TETRAHYDRO-4-HYDROXY-6-OXO-2H-PYRAN-2-YL]ETHYL]-1-NAPHTHALENOL",6.17,5.5
"(3R)-3-[(1,2,3,4-tetrahydroisoquinolin-7-yloxy)methyl]-2,3-dihydrothieno[2,3-f][1,4]oxazepin-5-amine",6.17,5.53
"1-(3,5-DICHLOROPHENYL)-5-METHYL-1H-1,2,4-TRIAZOLE-3-CARBOXYLICACID",6.17,5.67
1-[1-(3-aminophenyl)-3-tert-butyl-1H-pyrazol-5-yl]-3-naphthalen-1-ylurea,6.17,5.53
"3-(4-Fluorophenyl)-1-Hydroxy-2-(Pyridin-4-Yl)-1h-Pyrrolo[3,2-B]Pyridine",6.17,6.06
Aprepitant,6.17,4.46
Avanafil,6.17,6.59
Hexocyclium,6.17,4.85
PlateletActivatingFactor,6.17,6.51
RU84687,6.17,5.78
TAS-108,6.17,5.56
Vindesine,6.17,7.3
"(1S,3R,4S,5S,7S)-4-{[2-(4-METHOXYPHENOXY)-2-METHYLPROPANOYL]AMINO}ADAMANTANE-1-CARBOXAMIDE",6.16,6.16
"7-PYRIDIN-2-YL-N-(3,4,5-TRIMETHOXYPHENYL)-7H-PYRROLO[2,3-D]PYRIMIDIN-2-AMINE",6.16,6.28
Ciclopirox,6.16,7.44
Disopyramide,6.16,5.17
Fedratinib,6.16,5.94
Ganirelix,6.16,5.89
KOS-1584,6.16,5.39
Morphineglucuronide,6.16,7.67
"PYRIMIDINE-4,6-DICARBOXYLICACIDBIS-(3-METHYL-BENZYLAMIDE)",6.16,6.76
PhosphoricAcid-2'-[2'-Deoxy-Uridine]Ester-5'-GuanosineEster,6.16,6.18
Tulobuterol,6.16,6.1
Vorinostat,6.16,6.23
"[4-amino-2-(tert-butylamino)-1,3-thiazol-5-yl](phenyl)methanone",6.16,5.08
octyl3-deoxy-2-O-(6-deoxy-alpha-L-galactopyranosyl)-beta-D-xylo-hexopyranoside,6.16,7.68
"(R)-1-(4-(4-(Hydroxymethyl)-1,3,2-dioxaborolan-2-YL)phenyl)guanidine",6.15,6.61
(S)-Hmg-Coa,6.15,4.97
1-(4-Tert-Butylcarbamoyl-Piperazine-1-Carbonyl)-3-(3-Guanidino-Propyl)-4-Oxo-Azetidine-2-CarboxylicAcid,6.15,5.32
Aeruginosin98-B,6.15,5.22
Alectinib,6.15,6.15
Bilastine,6.15,6.59
Cefdinir,6.15,5.84
Ciprofibrate,6.15,4.01
DomoicAcid,6.15,6.15
Oxacillin,6.15,5.71
Posaconazole,6.15,5.24
PyrithiaminePyrophosphate,6.15,5.98
"2,3,-Dihydroxybenzoylserine",6.14,6.67
"3-(HYDROXYMETHYL)-1-METHYL-5-(2-METHYLAZIRIDIN-1-YL)-2-PHENYL-1H-INDOLE-4,7-DIONE",6.14,5.45
3-{[(3-FLUORO-3'-METHOXYBIPHENYL-4-YL)AMINO]CARBONYL}THIOPHENE-2-CARBOXYLICACID,6.14,6.4
"3-{[(9-CYANO-9,10-DIHYDRO-10-METHYLACRIDIN-9-YL)CARBONYL]AMINO}PROPANOICACID",6.14,5.62
6-CARBAMIMIDOYL-2-[2-HYDROXY-5-(3-METHOXY-PHENYL)-INDAN-1-YL]-HEXANOICACID,6.14,4.34
Acitretin,6.14,7.05
D-leucyl-N-(4-carbamimidoylbenzyl)-L-prolinamide,6.14,5.52
Edonerpic,6.14,5.62
LFA703,6.14,5.55
Riboflavin,6.14,7.26
Ulipristal,6.14,5.76
[2(Formyl-Hydroxy-Amino)-Ethyl]-PhosphonicAcid,6.14,6.44
"(5S)-2-{[(1S)-1-(2-fluorophenyl)ethyl]amino}-5-methyl-5-(trifluoromethyl)-1,3-thiazol-4(5H)-one",6.13,5.76
4-Iodopyrazole,6.13,5.93
Acemetacin,6.13,4.66
Bamifylline,6.13,4.63
Cannabidivarin,6.13,6.7
Mesoridazine,6.13,5.41
Minaprine,6.13,5.14
"N-[3-(2-fluoroethoxy)phenyl]-N'-(1,3,4-trioxo-1,2,3,4-tetrahydroisoquinolin-6-yl)butanediamide",6.13,4.67
Rociverine,6.13,6.41
Spironolactone,6.13,5.21
VX-702,6.13,6.17
Vintafolide,6.13,5.63
(4-{(2S)-2-[(tert-butoxycarbonyl)amino]-3-methoxy-3-oxopropyl}phenyl)methaneseleninicacid,6.12,6.31
(R)-warfarin,6.12,5.3
(S)-Warfarin,6.12,5.3
3-Methylphenylalanine,6.12,4.13
3-[3-(4-methylpiperazin-1-yl)-7-(trifluoromethyl)quinoxalin-5-yl]phenol,6.12,5.93
4-Hydroxy-3-[(1s)-3-Oxo-1-Phenylbutyl]-2h-Chromen-2-One,6.12,5.3
4-[3-(4-CHLOROPHENYL)-1H-PYRAZOL-5-YL]PIPERIDINE,6.12,6.3
"9,10-Deepithio-9,10-Didehydroacanthifolicin",6.12,6.18
Bezafibrate,6.12,4.92
Cariprazine,6.12,6.75
Ethinylestradiol,6.12,6.01
Ethosuximide,6.12,6.3
Irbesartan,6.12,6.27
Leuprolide,6.12,6.75
Lusutrombopag,6.12,6.17
N-Hydroxy-4-Phosphono-Butanamide,6.12,6.76
Nalmefene,6.12,7.69
Sincalide,6.12,6.86
Sirolimus,6.12,6.93
Temsirolimus,6.12,6.8
Warfarin,6.12,5.3
Benzylpenicillin,6.11,5.77
CEP-1347,6.11,6.14
Clinafloxacin,6.11,5.16
Eprotirome,6.11,7.85
Imipenem,6.11,6.06
Isoprenaline,6.11,5.96
Oxymorphone,6.11,6.6
Paclitaxel,6.11,4.93
Pregnenolone,6.11,6.75
"REL-(9R,12S)-9,10,11,12-TETRAHYDRO-9,12-EPOXY-1H-DIINDOLO[1,2,3-FG:3',2',1'-KL]PYRROLO[3,4-I][1,6]BENZODIAZOCINE-1,3(2H)-DIONE",6.11,5.53
Tadalafil,6.11,6.65
Tafluprost,6.11,6.88
Temazepam,6.11,5.93
Tolvaptan,6.11,7.19
"(1R,2R)-N-(2-Aminoethyl)-2-{[(4-methoxyphenyl)sulfonyl]methyl}cyclohexanecarboxamide",6.1,4.43
(R)-Bicalutamide,6.1,5.84
3-Thiaoctanoyl-CoenzymeA,6.1,6.07
4-({4-[(6-CHLORO-1-BENZOTHIEN-2-YL)SULFONYL]-2-OXOPIPERAZIN-1-YL}METHYL)BENZENECARBOXIMIDAMIDE,6.1,4.53
"4-CHLORO-6-(4-PIPERAZIN-1-YL-1H-PYRAZOL-5-YL)BENZENE-1,3-DIOL",6.1,5.26
"4-[(3AS,4R,7R,8AS,8BR)-2-(1,3-BENZODIOXOL-5-YLMETHYL)-7-HYDROXY-1,3-DIOXODECAHYDROPYRROLO[3,4-A]PYRROLIZIN-4-YL]BENZENECARBOXIMIDAMIDE",6.1,6
4-methoxybenzenesulfinate,6.1,4.77
Afamelanotide,6.1,5.23
Bicalutamide,6.1,5.84
Cenobamate,6.1,5.34
Deferoxamine,6.1,5.8
Elacridar,6.1,5.05
Lormetazepam,6.1,6.47
Meclofenamicacid,6.1,4.77
N-ISOBUTYL-N-[4-METHOXYPHENYLSULFONYL]GLYCYLHYDROXAMICACID,6.1,6.29
Naxifylline,6.1,5.63
Rosoxacin,6.1,3.34
Sucralfate,6.1,5.19
Zoledronicacid,6.1,7
"(5R)-2-[(2-Fluorophenyl)amino]-5-isopropyl-1,3-thiazol-4(5H)-one",6.09,5.25
"(5S)-4,5-difluoro-6-[(2-fluoro-4-iodophenyl)imino]-N-(2-hydroxyethoxy)cyclohexa-1,3-diene-1-carboxamide",6.09,6.96
"1-(6-CYANO-3-PYRIDYLCARBONYL)-5',8'-DIFLUOROSPIRO[PIPERIDINE-4,2'(1'H)-QUINAZOLINE]-4'-AMINE",6.09,6.84
"12-(2-hydroxyethyl)-2-(1-methylethoxy)-13,14-dihydronaphtho[2,1-a]pyrrolo[3,4-c]carbazol-5(12H)-one",6.09,5.98
"3-({[3,5-DIFLUORO-3'-(TRIFLUOROMETHOXY)BIPHENYL-4-YL]AMINO}CARBONYL)THIOPHENE-2-CARBOXYLICACID",6.09,5.35
"3-[3-chloro-5-(5-{[(1S)-1-phenylethyl]amino}isoxazolo[5,4-c]pyridin-3-yl)phenyl]propan-1-ol",6.09,5.01
"3-{[(1R)-1-phenylethyl]amino}-4-(pyridin-4-ylamino)cyclobut-3-ene-1,2-dione",6.09,5.68
"5-[3-(2-METHOXYPHENYL)-1H-PYRROLO[2,3-B]PYRIDIN-5-YL]-N,N-DIMETHYLPYRIDINE-3-CARBOXAMIDE",6.09,4.63
Ataluren,6.09,5.29
Bacitracin,6.09,5.87
Losartan,6.09,6.54
Methyl(2S)-2-[[2-[(3R)-1-carbamimidoylpiperidin-3-yl]acetyl]amino]-3-[4-(2-phenylethynyl)phenyl]propanoate,6.09,6.02
S-{3-[(4-ANILINOQUINAZOLIN-6-YL)AMINO]-3-OXOPROPYL}-L-CYSTEINE,6.09,5
Selamectin,6.09,6.8
TrifluoroacetonylcoenzymeA,6.09,5.25
gamma-Glutamylcysteine,6.09,4.53
"5,8-Di-Amino-1,4-Dihydroxy-Anthraquinone",6.08,6.54
Aceclofenac,6.08,4.83
Conivaptan,6.08,5.53
D-leucyl-N-(3-chlorobenzyl)-L-prolinamide,6.08,6.26
Deutetrabenazine,6.08,7.4
ISOTHIAZOLIDINONEANALOG,6.08,6.52
"METHYL1-(4-{[(2,4-DIAMINOPTERIDIN-6-YL)METHYL]AMINO}BENZOYL)PIPERIDINE-4-CARBOXYLATE",6.08,4.94
N-Alpha-(2-Naphthylsulfonyl)-N(3-Amidino-L-Phenylalaninyl)IsopipecolinicAcidMethylEster,6.08,5.3
N-[(1R)-3-(4-HYDROXYPHENYL)-1-METHYLPROPYL]-2-(2-PHENYL-1H-INDOL-3-YL)ACETAMIDE,6.08,6.51
Ridaforolimus,6.08,6.96
Zileuton,6.08,4.09
"1-((1R,2S)-1-{2-[2-(4-CHLOROPHENYL)-1,3-BENZOXAZOL-7-YL]ETHYL}-2-HYDROXYPROPYL)-1H-IMIDAZOLE-4-CARBOXAMIDE",6.07,5.18
"6-[4-(2-fluorophenyl)-1,3-oxazol-5-yl]-N-(1-methylethyl)-1,3-benzothiazol-2-amine",6.07,5.76
Amuvatinib,6.07,5.53
Ergometrine,6.07,5.89
Grapiprant,6.07,5.14
Ibudilast,6.07,5.91
Midecamycin,6.07,5.76
"N-(2,6-dimethylphenyl)-5-phenylimidazo[1,5-a]pyrazin-8-amine",6.07,5.43
Norepinephrine,6.07,5.6
Tenofovirdisoproxil,6.07,4.59
[3-(Dodecanoylamino)Propyl](Hydroxy)Dimethylammonium,6.07,4.25
(2S)-2-hydroxy-2-methyl-N-[4-nitro-3-(trifluoromethyl)phenyl]-3-(pentafluorophenoxy)propanamide,6.06,5.62
"(3r)-4-(P-Toluenesulfonyl)-1,4-Thiazane-3-Carboxylicacid-L-Leucine",6.06,5.87
"4-(2-(1H-IMIDAZOL-4-YL)ETHYLAMINO)-2-(PHENYLAMINO)PYRAZOLO[1,5-A][1,3,5]TRIAZINE-8-CARBONITRILE",6.06,6.88
"4-({(2R,5S)-2,5-DIMETHYL-4-[(2R)-3,3,3-TRIFLUORO-2-HYDROXY-2-METHYLPROPANOYL]PIPERAZIN-1-YL}CARBONYL)BENZONITRILE",6.06,5.46
4-[(5-CHLOROINDOL-2-YL)SULFONYL]-2-(2-METHYLPROPYL)-1-[[5-(PYRIDIN-4-YL)PYRIMIDIN-2-YL]CARBONYL]PIPERAZINE,6.06,6.67
"5-Phenylsulfanyl-2,4-Quinazolinediamine",6.06,5.04
Alvespimycin,6.06,4.85
Carboxyatractyloside,6.06,5.53
Clocortoloneacetate,6.06,6.55
Crisaborole,6.06,6.65
Encainide,6.06,4.93
Montelukast,6.06,6.57
"N-(TERT-BUTYL)-3,5-DIMETHYL-N'-[(5-METHYL-2,3-DIHYDRO-1,4-BENZODIOXIN-6-YL)CARBONYL]BENZOHYDRAZIDE",6.06,4.69
PARA-NITROPHENYLPHOSPHONOBUTANOYL-GLYCINE,6.06,6.04
"1,2-diacyl-sn-glycero-3-phosphoinositol",6.05,5.06
Amelubant,6.05,5.24
Carphenazine,6.05,5.41
Cephaloglycin,6.05,4.94
Mifamurtide,6.05,4.66
Mitemcinal,6.05,6.41
"N-[1-(AMINOMETHYL)CYCLOPROPYL]-3-(MORPHOLIN-4-YLSULFONYL)-N~2~-[(1S)-2,2,2-TRIFLUORO-1-(4-FLUOROPHENYL)ETHYL]-L-ALANINAMIDE",6.05,6.36
1-METHYL-3-PHENYL-1H-PYRAZOL-5-YLSULFAMICACID,6.04,3.62
"2-(Oxalyl-Amino)-4,5,6,7-Tetrahydro-Thieno[2,3-C]Pyridine-3-CarboxylicAcid",6.04,5.95
9-CYCLOPENTYL-6-[2-(3-IMIDAZOL-1-YL-PROPOXY)-PHENYLAMINO]-9H-PURINE-2-CARBONITRILE,6.04,6.06
Alpha-D-Glucose-1-Phosphate-6-Vanadate,6.04,5.43
Cholesterol,6.04,4.89
Fluocinoloneacetonide,6.04,6.68
GS0573,6.04,5.99
Gadoxeticacid,6.04,6.19
Marimastat,6.04,5.73
Mersalyl,6.04,6.1
N-(2-AMINOETHYL)-P-CHLOROBENZAMIDE,6.04,6.04
"N-[4-(2-CHLOROPHENYL)-1,3-DIOXO-1,2,3,6-TETRAHYDROPYRROLO[3,4-C]CARBAZOL-9-YL]FORMAMIDE",6.04,6.56
Phenylsalicylate,6.04,6.01
Ramelteon,6.04,6.25
[3-(1-Benzyl-3-Carbamoylmethyl-2-Methyl-1h-Indol-5-Yloxy)-Propyl-]-PhosphonicAcid,6.04,6.42
"(20S)-19,20,22,23-TETRAHYDRO-19-OXO-5H,21H-18,20-ETHANO-12,14-ETHENO-6,10-METHENOBENZ[D]IMIDAZO[4,3-L][1,6,9,13]OXATRIAZACYCLONOADECOSINE-9-CARBONITRILE",6.03,6.86
"(5E)-2-Amino-5-(2-pyridinylmethylene)-1,3-thiazol-4(5H)-one",6.03,5.04
1-((1R)-1-(HYDROXYMETHYL)-3-{6-[(3-PHENYLPROPANOYL)AMINO]-1H-INDOL-1-YL}PROPYL)-1H-IMIDAZOLE-4-CARBOXAMIDE,6.03,7.25
"1-Methyl-3-Oxo-1,3-Dihydro-Benzo[C]Isothiazole-5-SulfonicAcidAmide",6.03,5.45
2-Chlorodideoxyadenosine,6.03,5.18
4-(5-Bromo-2-Oxo-2h-Indol-3-Ylazo)-Benzenesulfonamide,6.03,4.37
Cobicistat,6.03,5.42
CoproporphyrinI,6.03,5.22
DEHYDRO-2(S)-AMINO-6-BORONOHEXANOICACID,6.03,5.32
EpiceptNP-1,6.03,4.34
Flufenamicacid,6.03,5.34
IDD552,6.03,6.23
N-{[2-({[1-(4-CARBOXYBUTANOYL)AMINO]-2-PHENYLETHYL}-HYDROXYPHOSPHINYL)OXY]ACETYL}-2-PHENYLETHYLAMINE,6.03,6.42
PASBN,6.03,6.48
Phosphoramidon,6.03,5.62
Relacatib,6.03,6.26
Topiroxostat,6.03,5.04
Zardaverine,6.03,6.26
"2-({[2,3,5,6-TETRAFLUORO-3'-(TRIFLUOROMETHOXY)BIPHENYL-4-YL]AMINO}CARBONYL)CYCLOPENTA-1,3-DIENE-1-CARBOXYLICACID",6.02,6.02
2-{5-[3-(7-PROPYL-3-TRIFLUOROMETHYLBENZO[D]ISOXAZOL-6-YLOXY)PROPOXY]INDOL-1-YL}ETHANOICACID,6.02,6.73
4-(dimethylamino)-N-[7-(hydroxyamino)-7-oxoheptyl]benzamide,6.02,6.32
"4-{5-[(Z)-(2-IMINO-4-OXO-1,3-THIAZOLIDIN-5-YLIDENE)METHYL]FURAN-2-YL}BENZOICACID",6.02,4.55
"8-(6-BROMO-BENZO[1,3]DIOXOL-5-YLSULFANYL)-9-(3-ISOPROPYLAMINO-PROPYL)-ADENINE",6.02,5.66
Bortezomib,6.02,5.93
CR665,6.02,7.15
Cycrimine,6.02,5.93
Ingenolmebutate,6.02,4.59
Maraviroc,6.02,6.46
"N~3~-[5-(1H-INDOL-6-YL)-2-(PYRIDIN-2-YLMETHOXY)BENZYL]PYRIDINE-2,3-DIAMINE",6.02,5.37
Peldesine,6.02,5.27
Procyclidine,6.02,5.93
"Trencam-3,2-Hopo",6.02,5.49
Trihexyphenidyl,6.02,5.93
Zuclopenthixol,6.02,3.47
2-(Thiomethylene)-4-MethylpentanoicAcid,6.01,6.08
2-Methoxy-6-{(E)-[(4-methylphenyl)imino]methyl}phenol,6.01,5.53
"4-[(3-BROMO-4-O-SULFAMOYLBENZYL)(4-CYANOPHENYL)AMINO]-4H-[1,2,4]-TRIAZOLE",6.01,4.67
Daxalipram,6.01,5.3
Desoximetasone,6.01,7.38
Dodecyl-Alpha-D-Maltoside,6.01,7.02
Fleroxacin,6.01,4.57
Ivacaftor,6.01,5.84
LY-294002,6.01,5.34
Levodopa,6.01,5.3
N-({(1R)-1-carboxy-2-[(4-fluorobenzyl)sulfanyl]ethyl}carbamoyl)-L-glutamicacid,6.01,5.59
Tetrabenazine,6.01,7.38
"(3R)-3-cyclopentyl-6-methyl-7-[(4-methylpiperazin-1-yl)sulfonyl]-3,4-dihydro-2H-1,2-benzothiazine1,1-dioxide",6,5.71
"(3S)-4-{[4-(BUT-2-YNYLOXY)PHENYL]SULFONYL}-N-HYDROXY-2,2-DIMETHYLTHIOMORPHOLINE-3-CARBOXAMIDE",6,5.32
4-NITRO-BENZYLPHOSPHONOBUTANOYL-GLYCINE,6,6.18
"4-Oxo-2-Phenylmethanesulfonyl-Octahydro-Pyrrolo[1,2-a]Pyrazine-6-CarboxylicAcid[1-(N-Hydroxycarbamimidoyl)-Piperidin-4-Ylmethyl]-Amide",6,6.54
6-(cyclohexylamino)-9-[2-(4-methylpiperazin-1-yl)-ethyl]-9H-purine-2-carbonitrile,6,7.23
Baricitinib,6,5.1
CZEN002,6,4.69
Dicloxacillin,6,6.6
Enrofloxacin,6,4.49
Eprosartan,6,4.64
Felypressin,6,6.01
Lintitript,6,6.79
O-Benzylsulfonyl-Serine,6,4.05
Oxolinicacid,6,3.88
Primaquine,6,6.87
Suprofen,6,5.81
Tienilicacid,6,5.8
"(5-{3-[5-(PIPERIDIN-1-YLMETHYL)-1H-INDOL-2-YL]-1H-INDAZOL-6-YL}-2H-1,2,3-TRIAZOL-4-YL)METHANOL",5.99,5.42
3-(6-CYCLOHEXYLMETHOXY-9H-PURIN-2-YLAMINO)-BENZENESULFONAMIDE,5.99,4.68
"6-ETHYL-5-PHENYLPYRIMIDINE-2,4-DIAMINE",5.99,7.44
Batimastat,5.99,5.19
Cimetidine,5.99,5.85
Lidoflazine,5.99,5.37
Mestranol,5.99,5.63
"N-(2-hydroxy-1,1-dimethylethyl)-1-methyl-3-(1H-pyrrolo[2,3-b]pyridin-2-yl)-1H-indole-5-carboxamide",5.99,5.86
"N-({(2S,3S)-3-[(BENZYLAMINO)CARBONYL]OXIRAN-2-YL}CARBONYL)-L-ISOLEUCYL-L-PROLINE",5.99,7.17
Nelotanserin,5.99,5.72
Pidolicacid,5.99,5.6
Quinupristin,5.99,5.91
"2-[4-(4-Chlorophenyl)Cyclohexylidene]-3,4-Dihydroxy-1(2h)-Naphthalenone",5.98,5.84
"2-fluoro-6-{[2-({2-methoxy-4-[(methylsulfonyl)methyl]phenyl}amino)-7H-pyrrolo[2,3-d]pyrimidin-4-yl]amino}benzamide",5.98,5.13
3-FLUORO-5-MORPHOLIN-4-YL-N-[3-(2-PYRIDIN-4-YLETHYL)-1H-INDOL-5-YL]BENZAMIDE,5.98,5.47
4-[Hydroxy-[Methyl-Phosphinoyl]]-3-Oxo-ButanoicAcid,5.98,6.78
"8-bromo-4-(2-chlorophenyl)-N-(2-hydroxyethyl)-6-methyl-1,3-dioxo-1,2,3,6-tetrahydropyrrolo[3,4-e]indole-7-carboxamide",5.98,5.88
Arbutamine,5.98,5.34
Bivalirudin,5.98,5.33
Candicidin,5.98,5.5
Cetrorelix,5.98,6.01
Cystine,5.98,4.84
Flupentixol,5.98,4.57
Mirodenafil,5.98,5.61
Natamycin,5.98,6.78
Piretanide,5.98,6.01
R-348,5.98,5.46
Temocapril,5.98,4.76
Varespladibmethyl,5.98,6.05
Zaltoprofen,5.98,5.44
"(2S,3R)-3-(6-amino-9H-purin-9-yl)nonan-2-ol",5.97,5.15
"1-BENZYL-4-[(5,6-DIMETHOXY-1-INDANON-2-YL)METHYL]PIPERIDINE",5.97,5.53
"4-AMINO-2-HEXYLOXY-6-HYDROXYMETHYL-TETRAHYDRO-PYRAN-3,5-DIOL",5.97,7.18
"4-AMINO-2-OCTYLOXY-6-HYDROXYMETHYL-TETRAHYDRO-PYRAN-3,5-DIOL",5.97,7.18
"4-[(1S,2R,5S)-4,4,8-TRIMETHYL-3-OXABICYCLO[3.3.1]NON-7-EN-2-YL]PHENOL",5.97,7.05
"4-[(7-OXO-7H-THIAZOLO[5,4-E]INDOL-8-YLMETHYL)-AMINO]-N-PYRIDIN-2-YL-BENZENESULFONAMIDE",5.97,4.19
"5-Methoxy-1,2-Dimethyl-3-(4-Nitrophenoxymethyl)Indole-4,7-Dione",5.97,6.11
Besifloxacin,5.97,4.53
Bosutinib,5.97,4.99
Copanlisib,5.97,5.19
Donepezil,5.97,5.53
Mazindol,5.97,5.2
"N-({4-[(1R)-4-[(2R,4S,5S)-2,4-diamino-6-oxohexahydropyrimidin-5-yl]-1-(2,2,2-trifluoro-1,1-dihydroxyethyl)butyl]phenyl}carbonyl)-L-glutamicacid",5.97,5.59
Phosphocreatine,5.97,4.39
Resiquimod,5.97,5.51
(3e)-3-[(4-Hydroxyphenyl)Imino]-1h-Indol-2(3h)-One,5.96,5.37
"(5E)-5-[(2,2-DIFLUORO-1,3-BENZODIOXOL-5-YL)METHYLENE]-1,3-THIAZOLIDINE-2,4-DIONE",5.96,6.07
"3-(3,5-Dibromo-4-Hydroxy-Benzoyl)-2-Ethyl-Benzofuran-6-SulfonicAcid[4-(Thiazol-2-Ylsulfamoyl)-Phenyl]-Amide",5.96,4.71
Bis-NapthylBeta-KetophosphonicAcid,5.96,4.81
Dexlansoprazole,5.96,6.55
Lansoprazole,5.96,6.55
LatrunculinA,5.96,6.02
ONT-093,5.96,5.98
Oxymetazoline,5.96,5.05
Oxypurinol,5.96,5.85
Pazufloxacin,5.96,5.7
SR-9011,5.96,6.44
Sapropterin,5.96,5.54
Serotonin,5.96,6.63
Telaprevir,5.96,5.55
Udenafil,5.96,5.97
(2S)-2-(4-chlorophenoxy)-3-phenylpropanoicacid,5.95,5.89
1-GUANIDINO-4-(N-NITRO-BENZOYLAMINO-L-LEUCYL-L-PROLYLAMINO)BUTANE,5.95,5.09
"2-AMINO-4-FLUORO-5-[(1-METHYL-1H-IMIDAZOL-2-YL)SULFANYL]-N-(1,3-THIAZOL-2-YL)BENZAMIDE",5.95,7.19
"3-AMINO-3-BENZYL-[4.3.0]BICYCLO-1,6-DIAZANONAN-2-ONE",5.95,6.06
"5,7-Dichlorokynurenicacid",5.95,4.77
"5-(4-Morpholin-4-Yl-Phenylsulfanyl)-2,4-Quinazolinediamine",5.95,5.1
"8-Benzo[1,3]Dioxol-,5-Ylmethyl-9-Butyl-2-Fluoro-9h-Purin-6-Ylamine",5.95,6.31
Aplaviroc,5.95,6.88
Arbaclofen,5.95,5.48
Baclofen,5.95,5.48
Cefmetazole,5.95,4.74
Clobazam,5.95,5.45
Eribaxaban,5.95,6.64
Formebolone,5.95,6.13
Hesperetin,5.95,5.81
Histrelin,5.95,6.23
KX-01,5.95,4.93
Moexipril,5.95,6.46
N-Heptylformamide,5.95,4.62
Paritaprevir,5.95,6.67
Salsalate,5.95,5.22
(1S)-2-(1H-INDOL-3-YL)-1-[({5-[(E)-2-PYRIDIN-4-YLVINYL]PYRIDIN-3-YL}OXY)METHYL]ETHYLAMINE,5.94,5.5
2-((9H-PURIN-6-YLTHIO)METHYL)-5-CHLORO-3-(2-METHOXYPHENYL)QUINAZOLIN-4(3H)-ONE,5.94,5.26
2-Nonyl-4-quinolinol1-oxide,5.94,6.12
"3-(2-CHLOROPHENYL)-1-(2-{[(1S)-2-HYDROXY-1,2-DIMETHYLPROPYL]AMINO}PYRIMIDIN-4-YL)-1-(4-METHOXYPHENYL)UREA",5.94,6.74
4-[(6-Amino-4-Pyrimidinyl)Amino]Benzenesulfonamide,5.94,6.02
"4-{3-CHLORO-4-[3-(2,4-DICHLORO-BENZOYL)-UREIDO]-PHENOXY}-BUTYRICACID",5.94,4.47
Azathioprine,5.94,6.39
Azithromycin,5.94,5.8
Desonide,5.94,5.71
Melperone,5.94,6.04
N-[2-(4-BROMOCINNAMYLAMINO)ETHYL]-5-ISOQUINOLINESULFONAMIDE,5.94,6.7
Thionicotinamide-Adenine-Dinucleotide,5.94,5.25
"(2R)-N~4~-hydroxy-2-(3-hydroxybenzyl)-N~1~-[(1S,2R)-2-hydroxy-2,3-dihydro-1H-inden-1-yl]butanediamide",5.93,6.22
"(2Z,3E)-2,3'-biindole-2',3(1H,1'H)-dione3-{O-[(3R)-3,4-dihydroxybutyl]oxime}",5.93,5.76
"(3r)-4-(P-Toluenesulfonyl)-1,4-Thiazane-3-Carboxylicacid-L-PhenylalanineEthylEster",5.93,4.39
1-GUANIDINO-4-(N-PHENYLMETHANESULFONYL-L-LEUCYL-L-PROLYLAMINO)BUTANE,5.93,6.5
"3-[(5s)-1-Acetyl-3-(2-Chlorophenyl)-4,5-Dihydro-1h-Pyrazol-5-Yl]Phenol",5.93,6.15
"5-(5-CHLORO-2-THIENYL)-N-{(3S)-1-[(1S)-1-METHYL-2-MORPHOLIN-4-YL-2-OXOETHYL]-2-OXOPYRROLIDIN-3-YL}-1H-1,2,4-TRIAZOLE-3-SULFONAMIDE",5.93,6.18
"5-Heptyl-6-hydroxy-1,3-benzothiazole-4,7-dione",5.93,5.46
CalyculinA,5.93,6.46
Cilansetron,5.93,5.78
Compound18,5.93,6.33
Compound19,5.93,6.33
"Cp403700,(S)-1-{2-[(5-Chloro-1h-Indole-2-Carbonyl)-Amino]-3-Phenyl-Propionyl}-Azetidine-3-Carboxylate",5.93,6.73
Cromoglicicacid,5.93,5.72
DegradedCephaloridine,5.93,5.54
Dihydrexidine,5.93,6.21
Fesoterodine,5.93,4.77
Flavinadeninedinucleotide,5.93,4.8
Ketobemidone,5.93,6.46
Ketotifen,5.93,5.31
"N-phenyl-1H-pyrrolo[2,3-b]pyridin-3-amine",5.93,5.47
P-(2'-Iodo-5'-Thenoyl)HydrotropicAcid,5.93,5.35
"1-TERT-BUTYL-3-(2,5-DIMETHYLBENZYL)-1H-PYRAZOLO[3,4-D]PYRIMIDIN-4-AMINE",5.92,4.59
2-{[Formyl(Hydroxy)Amino]Methyl}-4-MethylpentanoicAcid,5.92,5.18
Acetophenazine,5.92,4.79
Anagrelide,5.92,4.03
Cinchocaine,5.92,6.1
Diacerein,5.92,4.12
Edoxaban,5.92,4.29
Etheno-NAD,5.92,5.97
Furosemide,5.92,5.62
Lisuride,5.92,5.13
N-butyl-3-{[6-(9H-purin-6-ylamino)hexanoyl]amino}benzamide,5.92,6.11
Prulifloxacin,5.92,5.77
Quazepam,5.92,5.61
Sildenafil,5.92,5.73
4-({[4-(3-METHYLBENZOYL)PYRIDIN-2-YL]AMINO}METHYL)BENZENECARBOXIMIDAMIDE,5.91,5.03
AplyronineA,5.91,5
CRA_10991,5.91,5.98
Fluocinonide,5.91,6.58
Hypoxanthine,5.91,5.41
Limaprost,5.91,5.04
Prednisolone,5.91,5.93
Prednylidene,5.91,5.56
Quinestrol,5.91,6.63
alpha-Tocopherolsuccinate,5.91,5.51
"{4-Amino-2-[(4-methoxyphenyl)amino]-1,3-thiazol-5-yl}(4-methoxyphenyl)methanone",5.91,4.82
"1-METHYL-3-TRIFLUOROMETHYL-1H-THIENO[2,3-C]PYRAZOLE-5-CARBOXYLICACID(2-MERCAPTO-ETHYL)-AMIDE",5.9,5.68
"7-(1,1-Dioxo-1h-Benzo[D]Isothiazol-3-Yloxymethyl)-2-(Oxalyl-Amino)-4,7-Dihydro-5h-Thieno[2,3-C]Pyran-3-CarboxylicAcid",5.9,4.28
Andrographolide,5.9,6.39
Apalutamide,5.9,6.41
Brivaracetam,5.9,5.16
Clavulanicacid,5.9,5.29
Cloxacillin,5.9,6.86
Daclatasvir,5.9,6.62
Dihydroergocornine,5.9,4.79
Etelcalcetide,5.9,5.77
Naldemedine,5.9,6.59
Verdoheme,5.9,5.61
VitaminE,5.9,5.07
2-[4-[(Z)-2-Acetamido-3-oxo-3-[[(3S)-2-oxo-1-[(4-phenylphenyl)methyl]azepan-3-yl]amino]prop-1-enyl]-2-formylphenyl]aceticacid,5.89,4.87
3-{6-[(8-HYDROXY-QUINOLINE-2-CARBONYL)-AMINO]-2-THIOPHEN-2-YL-HEXANOYLAMINO}-4-OXO-BUTYRIACID,5.89,5.78
"4-(4-methoxy-1H-pyrrolo[2,3-b]pyridin-3-yl)pyrimidin-2-amine",5.89,6.52
"5-AMINO-3-{[4-(AMINOSULFONYL)PHENYL]AMINO}-N-(2,6-DIFLUOROPHENYL)-1H-1,2,4-TRIAZOLE-1-CARBOTHIOAMIDE",5.89,5.43
9-Butyl-8-(4-Methoxybenzyl)-9h-Purin-6-Amine,5.89,6.25
Aldoxorubicin,5.89,5.85
Atosiban,5.89,4.57
Balsalazide,5.89,5.24
Bupropion,5.89,5.39
Loracarbef,5.89,6.07
Mirabegron,5.89,4.13
N-[2-(6-AMINO-4-METHYLPYRIDIN-2-YL)ETHYL]-4-CYANOBENZAMIDE,5.89,5.74
NGX267,5.89,5.17
Tirofiban,5.89,6.06
"(4S,5E,7Z,10Z,13Z,16Z,19Z)-4-hydroxydocosa-5,7,10,13,16,19-hexaenoicacid",5.88,6.1
(R)-3-hydroxydecanoyl-CoA,5.88,5.46
"1-Azepan-1-Yl-2-Phenyl-2-(4-Thioxo-1,4-Dihydro-Pyrazolo[3,4-D]Pyrimidin-5-Yl)EthanoneAdduct",5.88,5.05
"2,6,8-Trimethyl-3-Amino-9-Benzyl-9-MethoxynonanoicAcid",5.88,5.98
"2-[2-(1,3-Dioxo-1,3-Dihydro-2h-Isoindol-2-Yl)Ethyl]-4-(4'-Ethoxy-1,1'-Biphenyl-4-Yl)-4-OxobutanoicAcid",5.88,6.24
3-Phosphono-D-alanine,5.88,6.07
5-CHLORO-N-(2-(4-(2-OXOPYRIDIN-1(2H)-YL)BENZAMIDO)ETHYL)THIOPHENE-2-CARBOXAMIDE,5.88,5.86
Aripiprazole,5.88,5.56
Carba-nicotinamide-adenine-dinucleotide,5.88,5.41
Cefaloridine,5.88,5.07
Cefotaxime,5.88,5.26
CoA-S-trimethylene-acetyl-tryptamine,5.88,5.07
Levofloxacin,5.88,4.42
Ofloxacin,5.88,4.42
S-(2-oxo)pentadecylcoa,5.88,5.27
TERT-BUTYL4-({[4-(BUT-2-YN-1-YLAMINO)PHENYL]SULFONYL}METHYL)-4-[(HYDROXYAMINO)CARBONYL]PIPERIDINE-1-CARBOXYLATE,5.88,5.69
Tiopronin,5.88,5.92
Tolterodine,5.88,6.8
"(3S)-3-cyclopentyl-6-methyl-7-[(4-methylpiperazin-1-yl)sulfonyl]-3,4-dihydro-2H-1,2,4-benzothiadiazine1,1-dioxide",5.87,4.02
"(5S)-2-{[(1S)-1-(4-Fluorophenyl)ethyl]amino}-5-(2-hydroxy-2-propanyl)-5-methyl-1,3-thiazol-4(5H)-one",5.87,4.98
"3,6-DIAMINO-5-CYANO-4-(4-ETHOXYPHENYL)THIENO[2,3-B]PYRIDINE-2-CARBOXAMIDE",5.87,5.57
3-pyridin-4-yl-1H-indazole,5.87,5.33
"4-{4-[3-(2,4-DICHLORO-BENZOYL)-UREIDO]-2,3-DIMETHYL-PHENOXY}-BUTYRICACID",5.87,5.85
"5,7,2′-trihydroxy-6,8-dimethoxyflavone",5.87,5.32
5-Iodouracil,5.87,6.21
Cholecalciferol,5.87,4.97
Dabigatranetexilate,5.87,6.3
KD3010,5.87,6.22
Prednisone,5.87,6.48
Zomepirac,5.87,3.5
1-CHLORO-6-(4-HYDROXYPHENYL)-2-NAPHTHOL,5.86,5.6
"2-({[3-(3,4-dihydroisoquinolin-2(1H)-ylsulfonyl)phenyl]carbonyl}amino)benzoicacid",5.86,5.74
4-[5-(3-IODO-PHENYL)-2-(4-METHANESULFINYL-PHENYL)-1H-IMIDAZOL-4-YL]-PYRIDINE,5.86,4.94
Androstenedione,5.86,6.67
BalanolAnalog2,5.86,5.93
Degarelix,5.86,5.6
Enzalutamide,5.86,6.32
Etacrynicacid,5.86,5.53
Rucaparib,5.86,5.83
Teverelix,5.86,5.93
Tiagabine,5.86,6.21
Vincristine,5.86,6.98
Zafirlukast,5.86,7.05
"[(4R)-4-(3-HYDROXYPHENYL)-1,6-DIMETHYL-2-THIOXO-1,2,3,4-TETRAHYDROPYRIMIDIN-5-YL](PHENYL)METHANONE",5.86,6.07
"(5Z)-7-{(1R,4S,5R,6R)-6-[(1E)-1-Octen-1-yl]-2,3-diazabicyclo[2.2.1]hept-2-en-5-yl}-5-heptenoicacid",5.85,6.81
"3-(3-methoxybenzyl)-1H-pyrrolo[2,3-b]pyridine",5.85,3.95
"4-{[1-METHYL-2,4-DIOXO-6-(3-PHENYLPROP-1-YN-1-YL)-1,4-DIHYDROQUINAZOLIN-3(2H)-YL]METHYL}BENZOICACID",5.85,5.02
"5-(3-HYDROXYPHENYL)ISOTHIAZOL-3(2H)-ONE1,1-DIOXIDE",5.85,6.23
Cefacetrile,5.85,4.6
Clarithromycin,5.85,5.33
Ezatiostat,5.85,3.82
HE3286,5.85,6.18
JaspisamideA,5.85,5.46
LOC14,5.85,5.67
Nemonoxacin,5.85,5.96
Tanaproget,5.85,4.57
"2,4-Diamino-6-Phenyl-5,6,7,8,-Tetrahydropteridine",5.84,6.24
4-Methyl-Histidine,5.84,4.55
"6-(4-{[2-(3-iodobenzyl)-3-oxocyclohex-1-en-1-yl]amino}phenyl)-5-methyl-4,5-dihydropyridazin-3(2H)-one",5.84,5.6
Alpha-MethylisocitricAcid,5.84,4.42
Dibromotyrosine,5.84,4.74
Elbasvir,5.84,6.89
N-(2-AMINOETHYL)-2-{3-CHLORO-4-[(4-ISOPROPYLBENZYL)OXY]PHENYL}ACETAMIDE,5.84,6.01
ORE-1001,5.84,5.27
Oxybutynin,5.84,5.99
Pemetrexed,5.84,5.09
Sarecycline,5.84,5.29
Thalidomide,5.84,5.6
"(2S,3S)-3-{3-[2-chloro-4-(methylsulfonyl)phenyl]-1,2,4-oxadiazol-5-yl}-1-cyclopentylidene-4-cyclopropyl-1-fluorobutan-2-amine",5.83,4.14
"(5R)-5-(4-{[(2R)-6-HYDROXY-2,5,7,8-TETRAMETHYL-3,4-DIHYDRO-2H-CHROMEN-2-YL]METHOXY}BENZYL)-1,3-THIAZOLIDINE-2,4-DIONE",5.83,4.96
2-(2-METHYLPHENYL)-1H-INDOLE-5-CARBOXIMIDAMIDE,5.83,5.58
6-Hydroxy-6-Methyl-Heptan-3-One,5.83,5.08
Apremilast,5.83,5.55
Benazepril,5.83,6.59
Flurithromycin,5.83,5.33
Hydroxyprogesteronecaproate,5.83,5.51
"N-{2-[6-(2,4-DIAMINO-6-ETHYLPYRIMIDIN-5-YL)-2,2-DIMETHYL-3-OXO-2,3-DIHYDRO-4H-1,4-BENZOTHIAZIN-4-YL]ETHYL}ACETAMIDE",5.83,6.35
Troglitazone,5.83,4.96
Brequinar,5.82,4.26
Clenbuterol,5.82,6.27
Matairesinol,5.82,6.17
N-({(2S)-1-[(3R)-3-amino-4-(3-chlorophenyl)butanoyl]pyrrolidin-2-yl}methyl)-3-(methylsulfonyl)benzamide,5.82,6.06
Prednisoloneacetate,5.82,5.6
Sitafloxacin,5.82,5.22
Solithromycin,5.82,4.64
Triptorelin,5.82,6.63
nocodazole,5.82,5.27
"4,5-bis(4-methoxyphenyl)-2-thiophen-2-yl-1H-imidazole",5.81,4.8
"9-HYDROXY-4-PHENYL-6H-PYRROLO[3,4-C]CARBAZOLE-1,3-DIONE",5.81,5.34
Alendronicacid,5.81,6.57
Dexrabeprazole,5.81,6.24
Erythromycin,5.81,5.22
Fospropofol,5.81,6.27
Geneticin,5.81,5.3
Glyburide,5.81,6.02
Glyphosate,5.81,4.07
Midostaurin,5.81,5.52
Mivacurium,5.81,4.97
N-Alpha-(2-Naphthylsulfonyl)-N-(3-Amidino-L-Phenylalaninyl)-D-PipecolinicAcid,5.81,5.46
Rabeprazole,5.81,6.24
Remacemide,5.81,6.1
Talazoparib,5.81,6.34
[2-(3-DIBENZOFURAN-4-YL-PHENYL)-1-HYDROXY-1-PHOSPHONO-ETHYL]-PHOSPHONICACID,5.81,5.72
"1,8-Di-Hydroxy-4-Nitro-Anthraquinone",5.8,5.13
"3,5-Diiodotyrosine",5.8,3.77
4-Hydroxy-AconitateIon,5.8,5.36
"5-[1-(4-methoxyphenyl)-1H-benzimidazol-6-yl]-1,3,4-oxadiazole-2(3H)-thione",5.8,5.43
"6-ethyl-5-[(2S)-1-(3-methoxypropyl)-2-phenyl-1,2,3,4-tetrahydroquinolin-7-yl]pyrimidine-2,4-diamine",5.8,7.8
Beta-(2-Naphthyl)-Alanine,5.8,4.06
Bictegravir,5.8,6.4
Cyanocobalamin,5.8,5.6
Estazolam,5.8,6.91
Glycopyrronium,5.8,5.74
LY374571,5.8,6.27
N-[4-(4-nitrophenylphospho)butanoyl]-D-alanine,5.8,5.53
N-[4-(4-nitrophenylphospho)butanoyl]-L-alanine,5.8,5.53
"N-{4-[(Carboxymethyl)carbamoyl]benzoyl}-L-valyl-N-[(3S)-1,1,1-trifluoro-4-methyl-2-oxo-3-pentanyl]-L-prolinamide",5.8,6.07
Procainamide,5.8,4.77
Vardenafil,5.8,4.68
(3S)-1-{[4-(but-2-yn-1-yloxy)phenyl]sulfonyl}pyrrolidine-3-thiol,5.79,5.39
"(5S)-5-(2-amino-2-oxoethyl)-4-oxo-N-[(3-oxo-3,4-dihydro-2H-1,4-benzoxazin-6-yl)methyl]-3,4,5,6,7,8-hexahydro[1]benzothieno[2,3-d]pyrimidine-2-carboxamide",5.79,4.32
BMS-488043,5.79,6.29
Bisoprolol,5.79,4.9
Carboprosttromethamine,5.79,5.98
Elsamitrucin,5.79,6.75
FR239087,5.79,4.74
Metoprolol,5.79,6
Mitoxantrone,5.79,5.18
PARA-NITROBENZYLGLUTARYLGLYCINICACID,5.79,5.06
Piclidenoson,5.79,5.91
Rimiducid,5.79,4.9
Stiripentol,5.79,5.93
"{3-[3-(3,4-Dimethoxy-Phenyl)-1-(1-{1-[2-(3,4,5-Trimethoxy-Phenyl)-Butyryl]-Piperidin-2yl}-Vinyloxy)-Propyl]-Phenoxy}-AceticAcid",5.79,4.53
(2R)-2-(3-Biphenylyl)-N-{(2R)-2-hydroxy-3-[(2-pyridinylsulfonyl)amino]propyl}-4-methylpentanamide,5.78,5.71
"(2S)-2-(3-bromophenyl)-3-(5-chloro-2-hydroxyphenyl)-1,3-thiazolidin-4-one",5.78,5.27
"(3ASR,4RS,8ASR,8BRS)-4-(2-(4-FLUOROBENZYL)-1,3-DIOXODEACAHYDROPYRROLO[3,4-A]PYRROLIZIN-4-YL)BENZAMIDINE",5.78,4.83
"1-tert-butyl-3-(3-methylbenzyl)-1H-pyrazolo[3,4-d]pyrimidin-4-amine",5.78,5.99
"3-Pyridin-4-Yl-2,4-Dihydro-Indeno[1,2-.C.]Pyrazole",5.78,6.33
4-[(6-chloropyrazin-2-yl)amino]benzenesulfonamide,5.78,5.45
4-{[1-Methyl-5-(2-Methyl-Benzoimidazol-1-Ylmethyl)-1h-Benzoimidazol-2-Ylmethyl]-Amino}-Benzamidine,5.78,5.85
"5-CHLORO-N-((1R,2S)-2-(4-(2-OXOPYRIDIN-1(2H)-YL)BENZAMIDO)CYCLOPENTYL)THIOPHENE-2-CARBOXAMIDE",5.78,6.44
Deamido-Nad+,5.78,5.28
Dexrazoxane,5.78,5.84
Dirithromycin,5.78,5.66
N-(5-Isopropyl-thiazol-2-YL)-2-pyridin-3-YL-acetamide,5.78,5.93
Oxyphenonium,5.78,5.03
Reserpine,5.78,6.52
Rhein,5.78,6.19
Roxithromycin,5.78,5.38
UDP-alpha-D-glucuronicacid,5.78,5.9
"(1R)-N,6-DIHYDROXY-7-METHOXY-2-[(4-METHOXYPHENYL)SULFONYL]-1,2,3,4-TETRAHYDROISOQUINOLINE-1-CARBOXAMIDE",5.77,4.64
"(3S,5R,7R,8S,9S,10R)-7-(hydroxymethyl)-3-(2-naphthyl)-1,6-dioxa-2-azaspiro[4.5]decane-8,9,10-triol",5.77,5.66
"3-Decyl-2,5-Dioxo-4-Hydroxy-3-Pyrroline",5.77,6.33
6-FLUORO-2-[2-HYDROXY-3-(2-METHYL-CYCLOHEXYLOXY)-PHENYL]-1H-INDOLE-5-CARBOXAMIDINE,5.77,6.19
Capravirine,5.77,5.53
IC261,5.77,5.8
Lenalidomide,5.77,5.5
N-{4-METHYL-3-[(3-PYRIMIDIN-4-YLPYRIDIN-2-YL)AMINO]PHENYL}-3-(TRIFLUOROMETHYL)BENZAMIDE,5.77,5.1
NadphDihydro-Nicotinamide-Adenine-Dinucleotidephosphate,5.77,4.99
(S)-3-(4-(2-Carbazol-9-Yl-Ethoxy)-Phenyl)-2-Ethoxy-PropionicAcid,5.76,5.64
"16,17-Androstene-3-Ol",5.76,6.22
Acebutolol,5.76,4.63
CA4P,5.76,5.51
Ciprofloxacin,5.76,4.29
Dovitinib,5.76,5
FAMOXADONE,5.76,5.68
Lubiprostone,5.76,3.42
Morpholine-4-CarboxylicAcid[1-(2-Benzylsulfanyl-1-Formyl-Ethylcarbamoyl)-2-Phenyl-Ethyl]-Amide,5.76,5.43
"N-[2-methyl-5-(methylcarbamoyl)phenyl]-2-{[(1R)-1-methylpropyl]amino}-1,3-thiazole-5-carboxamide",5.76,6.39
Phenprocoumon,5.76,4.56
Piclamilast,5.76,5.86
Ritodrine,5.76,5.3
Romidepsin,5.76,5.69
"(5S)-3-ANILINO-5-(2,4-DIFLUOROPHENYL)-5-METHYL-1,3-OXAZOLIDINE-2,4-DIONE",5.75,7.08
"3-[4-AMINO-1-(1-METHYLETHYL)-1H-PYRAZOLO[3,4-D]PYRIMIDIN-3-YL]PHENOL",5.75,5.37
4-(3-amino-1H-indazol-5-yl)-N-tert-butylbenzenesulfonamide,5.75,4.69
"6-Aminohexyl-uridine-C1,5'-diphosphate",5.75,5.79
6-{4-[HYDROXY-(4-NITRO-PHENOXY)-PHOSPHORYL]-BUTYRYLAMINO}-HEXANOICACID,5.75,5.23
Dantrolene,5.75,4.07
Desmopressin,5.75,5.6
Fidaxomicin,5.75,4.51
LGD-2226,5.75,6.01
Levosalbutamol,5.75,5.74
"N'-((2S,3R)-3-AMINO-2-HYDROXY-5-(ISOPROPYLSULFANYL)PENTANOYL)-N-3-CHLOROBENZOYLHYDRAZIDE",5.75,5.04
Salbutamol,5.75,5.74
"(1S,3R,6S)-4-oxo-6-{4-[(2-phenylquinolin-4-yl)methoxy]phenyl}-5-azaspiro[2.4]heptane-1-carboxylicacid",5.74,5.47
"(5Z)-5-(3-BROMOCYCLOHEXA-2,5-DIEN-1-YLIDENE)-N-(PYRIDIN-4-YLMETHYL)-1,5-DIHYDROPYRAZOLO[1,5-A]PYRIMIDIN-7-AMINE",5.74,5.96
"2-amino-4-[2,4-dichloro-5-(2-pyrrolidin-1-ylethoxy)phenyl]-N-ethylthieno[2,3-d]pyrimidine-6-carboxamide",5.74,5.65
Amifostine,5.74,6.15
Cefazolin,5.74,5.62
Cilostazol,5.74,4.33
CoenzymeApersulfide,5.74,5.25
Esomeprazole,5.74,5.01
FR230513,5.74,6.19
Lonafarnib,5.74,6.64
N-(5-Cyclopropyl-1h-Pyrazol-3-Yl)Benzamide,5.74,4.53
S-Mercaptocysteine,5.74,4.1
Tilmicosin,5.74,3.99
alpha-Fluoro-carboxymethyldethiacoenzymeAcomplex,5.74,5.07
"(3,4-DIHYDROXY-2-NITROPHENYL)(PHENYL)METHANONE",5.73,4.27
"2,3-DifluorobenzylAlcohol",5.73,4.65
Calcifediol,5.73,5.84
Caspofungin,5.73,4.44
Fica,5.73,5.63
Fosaprepitant,5.73,5.96
Haloperidol,5.73,6.14
Hexadecanal,5.73,4.3
Hydrocortisoneaceponate,5.73,5.6
N-[(1S)-1-(aminocarbonyl)-4-(ethanimidoylamino)butyl]benzamide,5.73,6.94
N1-(1-Dimethylcarbamoyl-2-Phenyl-Ethyl)-2-Oxo-N4-(2-Pyridin-2-Yl-Ethyl)-Succinamide,5.73,4.46
Pardoprunox,5.73,4.93
Zanapezil,5.73,5.42
"(1R)-1-{[(4'-methoxy-1,1'-biphenyl-4-yl)sulfonyl]amino}-2-methylpropylphosphonicacid",5.72,6.03
"(1S)-1-{[(4'-methoxy-1,1'-biphenyl-4-yl)sulfonyl]amino}-2-methylpropylphosphonicacid",5.72,6.03
2-(4-CHLORO-PHENYLAMINO)-NICOTINICACID,5.72,5.04
Carbomycin,5.72,5.11
D-Proline,5.72,6.54
Ellagicacid,5.72,5.73
Golotimod,5.72,4.35
Indirubin,5.72,4.76
"N-Alpha-Acetyl-3,5-Diiodotyrosylglycine",5.72,5.87
Pipotiazine,5.72,5.69
Proline,5.72,6.54
Temafloxacin,5.72,5.26
Tenoxicam,5.72,5.59
Tezampanel,5.72,6.24
Zanamivir,5.72,5.09
"(5S)-2-(Cyclooctylamino)-5-methyl-5-propyl-1,3-thiazol-4(5H)-one",5.71,4.99
"1-(5-OXO-2,3,5,9B-TETRAHYDRO-1H-PYRROLO[2,1-A]ISOINDOL-9-YL)-3-(5-PYRROLIDIN-2-YL-1H-PYRAZOL-3-YL)-UREA",5.71,4.72
"3,4-Dihydro-2h-Pyrrolium-5-Carboxylate",5.71,6.04
3-Hydroxybutyryl-CoenzymeA,5.71,5.32
3-Mercuri-4-Aminobenzenesulfonamide,5.71,5.44
"4-(2-aminoethoxy)-N-(3-chloro-2-ethoxy-5-piperidin-1-ylphenyl)-3,5-dimethylbenzamide",5.71,4.46
4-HYDROXY-N'-(4-ISOPROPYLBENZYL)BENZOHYDRAZIDE,5.71,5.64
5-Hydroxy-N-Propargyl-1(R)-Aminoindan,5.71,5.97
"5-methyl-N-[4-(trifluoromethyl)phenyl][1,2,4]triazolo[1,5-a]pyrimidin-7-amine",5.71,6.38
"6-[N-(4-Ethyl-1,2,3,4-Tetrahydro-6-Isoquinolinyl)Carbamyl]-2-Naphthalenecarboxamidine",5.71,5.26
"6-chloro-N-pyrimidin-5-yl-3-{[3-(trifluoromethyl)phenyl]amino}-1,2-benzisoxazole-7-carboxamide",5.71,6.28
CP-271485,5.71,6.15
Cabotegravir,5.71,5.59
Etheno-Nadp,5.71,5.34
Fluorometholone,5.71,5.28
GC-24,5.71,6.12
Guaiacol,5.71,5.37
Homatropine,5.71,6.01
Hydroxy-Phenyl-AceticAcid8-Methyl-8-Aza-Bicyclo[3.2.1]Oct-3-YlEster,5.71,6.01
Methacrylyl-CoenzymeA,5.71,5.29
"N-((1R,2R)-2-(5-CHLORO-1H-INDOLE-2-CARBOXAMIDO)CYCLOHEXYL)-5-METHYL-4,5,6,7-TETRAHYDROTHIAZOLO[5,4-C]PYRIDINE-2-CARBOXAMIDE",5.71,5.64
"N-((1R,2S)-2-(5-CHLORO-1H-INDOLE-2-CARBOXAMIDO)CYCLOHEXYL)-5-METHYL-4,5,6,7-TETRAHYDROTHIAZOLO[5,4-C]PYRIDINE-2-CARBOXAMIDE",5.71,5.64
"N-(2-AMINOETHYL)-N~2~-{(1S)-1-[4'-(AMINOSULFONYL)BIPHENYL-4-YL]-2,2,2-TRIFLUOROETHYL}-L-LEUCINAMIDE",5.71,5.33
Solabegron,5.71,4.67
Tropisetron,5.71,6.38
Vilanterol,5.71,5.38
[[1-[N-HYDROXY-ACETAMIDYL]-3-METHYL-BUTYL]-CARBONYL-LEUCINYL]-ALANINEETHYLESTER,5.71,5.5
"(3Z)-N,N-DIMETHYL-2-OXO-3-(4,5,6,7-TETRAHYDRO-1H-INDOL-2-YLMETHYLIDENE)-2,3-DIHYDRO-1H-INDOLE-5-SULFONAMIDE",5.7,5.39
(Z)-2-[2-(4-methylpiperazin-1-yl)benzyl]diazenecarbothioamide,5.7,5.94
"2-(1,1-DIMETHYLETHYL)9-FLUORO-3,6-DIHYDRO-7H-BENZ[H]-IMIDAZ[4,5-F]ISOQUINOLIN-7-ONE",5.7,6.47
"3-[3-(2,3-Dihydroxy-Propylamino)-Phenyl]-4-(5-Fluoro-1-Methyl-1h-Indol-3-Yl)-Pyrrole-2,5-Dione",5.7,4.5
4-PHENOXY-N-(PYRIDIN-2-YLMETHYL)BENZAMIDE,5.7,5.86
Anisomycin,5.7,5.99
Bupivacaine,5.7,6.62
D-phenylalanyl-N-(3-methylbenzyl)-L-prolinamide,5.7,6.07
FR117016,5.7,6.4
Glutathionedisulfide,5.7,5.97
Levobupivacaine,5.7,6.62
Regrelor,5.7,6.19
Sufugolix,5.7,5.38
"1-(4-fluorophenyl)-N-[3-fluoro-4-(1H-pyrrolo[2,3-b]pyridin-4-yloxy)phenyl]-2-oxo-1,2-dihydropyridine-3-carboxamide",5.69,6.29
"2-CHLORO-N-[(1R,2R)-1-HYDROXY-2,3-DIHYDRO-1H-INDEN-2-YL]-6H-THIENO[2,3-B]PYRROLE-5-CARBOXAMIDE",5.69,5.36
"2-CHLORO-N-[(3R)-2-OXO-1,2,3,4-TETRAHYDROQUINOLIN-3-YL]-6H-THIENO[2,3-B]PYRROLE-5-CARBOXAMIDE",5.69,6
"4-{[(2,6-difluorophenyl)carbonyl]amino}-N-[(3S)-piperidin-3-yl]-1H-pyrazole-3-carboxamide",5.69,5.28
"5-CYANO-N-(2,5-DIMETHOXYBENZYL)-6-ETHOXYPYRIDINE-2-CARBOXAMIDE",5.69,3.7
"5-[4-Tert-Butylphenylsulfanyl]-2,4-Quinazolinediamine",5.69,4.73
Atracuriumbesylate,5.69,4.11
Cefadroxil,5.69,5.36
Lucanthone,5.69,6.16
Methylprednisone,5.69,5.44
5-Bromonicotinamide,5.68,4.81
"5-chloro-N-{4-[(1R)-1,2-dihydroxyethyl]phenyl}-1H-indole-2-carboxamide",5.68,4.71
6-DeoxyerythronolideB,5.68,6.72
Clofazimine,5.68,5.23
Cloprednol,5.68,5.64
Edotecarin,5.68,6.04
Lynestrenol,5.68,6.33
"N-(5-{4-Chloro-3-[(2-hydroxyethyl)sulfamoyl]phenyl}-4-methyl-1,3-thiazol-2-yl)acetamide",5.68,5.51
N~2~-(biphenyl-4-ylsulfonyl)-N-hydroxy-N~2~-(2-hydroxyethyl)glycinamide,5.68,5.86
Opicapone,5.68,5.8
Prednisoneacetate,5.68,6.73
4-(1-Benzyl-3-Carbamoylmethyl-2-Methyl-1h-Indol-5-Yloxy)-ButyricAcid,5.67,5.36
4-HYDROXY-3-NITROPHENYLACETYL-EPSILON-AMINOCAPROICACIDANION,5.67,4.48
6-fluoro-2-(2-hydroxy-3-isobutoxy-phenyl)-1H-benzoimidazole-5-carboxamidine,5.67,4.94
CP-526423,5.67,6.1
CRA_10656,5.67,5.45
Dasabuvir,5.67,5.74
Elinogrel,5.67,5.61
FR233623,5.67,5.19
FR236913,5.67,6.99
GM6001,5.67,5.74
"N-[1-(5-bromo-2,3-dimethoxybenzyl)piperidin-4-yl]-4-sulfanylbutanamide",5.67,4.29
"N7-BUTYL-N2-(5-CHLORO-2-METHYLPHENYL)-5-METHYL[1,2,4]TRIAZOLO[1,5-A]PYRIMIDINE-2,7-DIAMINE",5.67,6.11
Pefloxacin,5.67,4.92
Perphenazine,5.67,4.66
PhosphonoacetohydroxamicAcid,5.67,6.39
PurvalanolA,5.67,5.28
Rbt205Inhibitor,5.67,4.57
SC-236,5.67,5.59
Streptomycin,5.67,5.72
Tetomilast,5.67,3.9
Triclabendazole,5.67,6.2
Tylosin,5.67,4.12
trans-2-hydroxycinnamicacid,5.67,5.49
2-(3'-Methoxyphenyl)Benzimidazole-4-Carboxamide,5.66,5.17
AmphotericinB,5.66,6.11
Atrasentan,5.66,4.55
Canfosfamide,5.66,4.02
CoenzymeA,5.66,5.17
D-phenylalanyl-N-(3-chlorobenzyl)-L-prolinamide,5.66,5.54
Gentamicin,5.66,5.38
Lornoxicam,5.66,6.69
Magnesiumgluconate,5.66,4.15
Micafungin,5.66,5.53
Perindopril,5.66,5.34
S-Acetyl-Cysteine,5.66,3.83
Saredutant,5.66,7
Tiapride,5.66,5.45
"(2S,3S,4E,6E,8S,9S)-3-amino-9-methoxy-2,6,8-trimethyl-10-phenyldeca-4,6-dienoicacid",5.65,4.68
"(4R)-7,8-dichloro-1',9-dimethyl-1-oxo-1,2,4,9-tetrahydrospiro[beta-carboline-3,4'-piperidine]-4-carbonitrile",5.65,6.31
1-(adamantan-1-yl)-2-(1H-imidazol-1-yl)ethanone,5.65,5.89
"3-({2-[(2-AMINO-6-METHYLPYRIMIDIN-4-YL)ETHYNYL]BENZYL}AMINO)-1,3-OXAZOL-2(3H)-ONE",5.65,6
3-[(4'-cyanobiphenyl-4-yl)oxy]-N-hydroxypropanamide,5.65,6.52
4-(2-HYDROXYBENZYLAMINO)-N-(3-(4-FLUOROPHENOXY)PHENYL)PIPERIDINE-1-SULFONAMIDE,5.65,6.54
"4-[(4-O-SULFAMOYLBENZYL)(4-CYANOPHENYL)AMINO]-4H-[1,2,4]-TRIAZOLE",5.65,5.51
"4-[4-(2,3-DIHYDRO-1,4-BENZODIOXIN-6-YL)-3-METHYL-1H-PYRAZOL-5-YL]-6-ETHYLBENZENE-1,3-DIOL",5.65,4.84
Ciclesonide,5.65,5.39
"Compound5,2-(Naphthalen-1-Yl-Oxalyl-Amino)-Benzoicacid",5.65,4.69
Famotidine,5.65,6.38
Icatibant,5.65,5.7
N-({4-[(2-aminopyridin-4-yl)oxy]-3-fluorophenyl}carbamoyl)-2-(4-fluorophenyl)acetamide,5.65,6.42
N-Cyclohexyl-N'-Decylurea,5.65,4.47
Pimozide,5.65,5.66
Ruxolitinib,5.65,5.18
Vernakalant,5.65,6
Vilazodone,5.65,6.45
Zofenopril,5.65,5.59
"(7R,12R,13R)-13-formyl-12,14-dihydroxy-3,5,7-trimethyltetradeca-2,4-dienoicacid",5.64,4.84
1-deoxymannojirimycin,5.64,6.8
Benzquinamide,5.64,7.15
Chromiumgluconate,5.64,4.94
"Cis-[4,5-Bis-(4-Bromophenyl)-2-(2-Ethoxy-4-Methoxyphenyl)-4,5-Dihydroimidazol-1-Yl]-[4-(2-Hydroxyethyl)Piperazin-1-Yl]Methanone",5.64,4.33
Duvoglustat,5.64,6.8
LY249543,5.64,4.92
Migalastat,5.64,6.8
Tenofoviralafenamide,5.64,5.41
Terlipressin,5.64,5.81
Tildipirosin,5.64,4.56
Tylvalosin,5.64,4.07
(2S)-2-(4-ethylphenoxy)-3-phenylpropanoicacid,5.63,5.74
"(3R)-4-[(3R)-3-AMINO-4-(2,4,5-TRIFLUOROPHENYL)BUTANOYL]-3-METHYL-1,4-DIAZEPAN-2-ONE",5.63,6.22
2-(ETHOXYMETHYL)-4-(4-FLUOROPHENYL)-3-[2-(2-HYDROXYPHENOXY)PYRIMIDIN-4-YL]ISOXAZOL-5(2H)-ONE,5.63,5.24
Abarelix,5.63,6.14
Argifin,5.63,5.53
Bufotenine,5.63,6.28
Cobiprostone,5.63,4
Fusidicacid,5.63,4.64
Gadopenteticacid,5.63,5.46
Lasmiditan,5.63,6.52
N-({(2S)-1-[(3R)-3-AMINO-4-(2-FLUOROPHENYL)BUTANOYL]PYRROLIDIN-2-YL}METHYL)BENZAMIDE,5.63,5.78
N2-[(benzyloxy)carbonyl]-n1-[(3S)-1-cyanopyrrolidin-3-yl]-l-leucinamide,5.63,5.52
Phenoxymethylpenicillin,5.63,4.27
Pralatrexate,5.63,6.16
Sparfloxacin,5.63,5.94
Tariquidar,5.63,5.44
3-(5-{[4-(AMINOMETHYL)PIPERIDIN-1-YL]METHYL}-1H-INDOL-2-YL)QUINOLIN-2(1H)-ONE,5.62,5.79
8-chlorotheophylline,5.62,5.2
Cefotiam,5.62,5.57
"Cyclohexyl-{4-[5-(3,4-Dichlorophenyl)-2-Piperidin-4-Yl-3-Propyl-3h-Imidazol-4-Yl]-Pyrimidin-2-Yl}Amine",5.62,5.36
Doramectin,5.62,5.76
NitromethyldethiaCoenzymeA,5.62,5.65
Omeprazole,5.62,4.62
PR-104,5.62,6.28
Sulfinpyrazone,5.62,4.33
Tetrahydrocannabivarin,5.62,6.34
"{4-[3-(6,7-Diethoxy-Quinazolin-4-Ylamino)-Phenyl]-Thiazol-2-Yl}-Methanol",5.62,4.96
"(1S)-1-(1H-INDOL-3-YLMETHYL)-2-(2-PYRIDIN-4-YL-[1,7]NAPHTYRIDIN-5-YLOXY)-EHYLAMINE",5.61,5.35
"5-[(3R)-3-(5-methoxy-4'-methylbiphenyl-3-yl)but-1-yn-1-yl]-6-methylpyrimidine-2,4-diamine",5.61,5.5
"5-{[1-(2,3-dichlorobenzyl)piperidin-4-yl]methoxy}quinazoline-2,4-diamine",5.61,4.71
Bevantolol,5.61,4.7
Dipivefrin,5.61,4.98
Eldecalcitol,5.61,6.22
Hydrocodone,5.61,6.7
Lisinopril,5.61,4.28
N-Hydroxy-4-(Methyl{[5-(2-Pyridinyl)-2-Thienyl]Sulfonyl}Amino)Benzamide,5.61,6.29
Potassiumgluconate,5.61,3.55
Tegaserod,5.61,4.22
Telmisartan,5.61,6.2
Tianeptine,5.61,5.57
"(2E,3S)-3-hydroxy-5'-[(4-hydroxypiperidin-1-yl)sulfonyl]-3-methyl-1,3-dihydro-2,3'-biindol-2'(1'H)-one",5.6,5.86
"(5S)-5-(3-AMINOPROPYL)-3-(2,5-DIFLUOROPHENYL)-N-ETHYL-5-PHENYL-4,5-DIHYDRO-1H-PYRAZOLE-1-CARBOXAMIDE",5.6,6.05
6-CHLORO-3-(3-METHYLISOXAZOL-5-YL)-4-PHENYLQUINOLIN-2(1H)-ONE,5.6,4.9
Arformoterol,5.6,5.7
Carboxin,5.6,5.91
Dezocine,5.6,4.19
Everolimus,5.6,5.97
Formoterol,5.6,5.7
Thenoyltrifluoroacetone,5.6,4.77
Thiocitrulline,5.6,5.17
Tramadol,5.6,5.18
"(2S,4R)-1-acetyl-N-[(2S)-1-(1,3-benzothiazol-2-yl)-5-(diaminomethylideneamino)-1-oxopentan-2-yl]-4-hydroxypyrrolidine-2-carboxamide",5.59,5.83
"2,6-Diamino-(S)-9-[2-(Phosphonomethoxy)Propyl]Purine",5.59,5.25
"2-Phenyl-1-[4-(2-Piperidin-1-Yl-Ethoxy)-Phenyl]-1,2,3,4-Tetrahydro-Isoquinolin-6-Ol",5.59,5.48
"2-[(5,6-DIPHENYLFURO[2,3-D]PYRIMIDIN-4-YL)AMINO]ETHANOL",5.59,5.89
"4-{[(1R,2S)-1,2-dihydroxy-2-methyl-3-(4-nitrophenoxy)propyl]amino}-2-(trifluoromethyl)benzonitrile",5.59,5.14
"6-(2-fluorophenyl)-N-(pyridin-3-ylmethyl)imidazo[1,2-a]pyrazin-8-amine",5.59,5.11
Aminohippuricacid,5.59,5.57
Asimadoline,5.59,6.08
Citricacid,5.59,5.33
Dinoprost,5.59,5.37
Frovatriptan,5.59,6.09
KynurenicAcid,5.59,6.51
"N-[1-(AMINOMETHYL)CYCLOPROPYL]-3-(BENZYLSULFONYL)-N~2~-[(1S)-2,2,2-TRIFLUORO-1-(4-HYDROXYPHENYL)ETHYL]-L-ALANINAMIDE",5.59,4.88
Oxybenzone,5.59,4.4
Tetracosactide,5.59,3.01
"(2R)-1-[4-({6-[(2,6-Difluorophenyl)amino]-4-pyrimidinyl}amino)phenoxy]-3-(dimethylamino)-2-propanol",5.58,4.84
"(2S)-1-[4-({6-[(2,6-Difluorophenyl)amino]-4-pyrimidinyl}amino)phenoxy]-3-(dimethylamino)-2-propanol",5.58,4.84
(2S)-3-[4-(acetylamino)phenoxy]-2-hydroxy-2-methyl-N-[4-nitro-3-(trifluoromethyl)phenyl]propanamide,5.58,4.24
"(3R)-3-cyclopentyl-7-[(4-methylpiperazin-1-yl)sulfonyl]-3,4-dihydro-2H-1,2-benzothiazine1,1-dioxide",5.58,5.76
"(4Z)-6-bromo-4-({[4-(pyrrolidin-1-ylmethyl)phenyl]amino}methylidene)isoquinoline-1,3(2H,4H)-dione",5.58,3.98
"1-[4-(4-chlorobenzyl)-1-(7H-pyrrolo[2,3-d]pyrimidin-4-yl)piperidin-4-yl]methanamine",5.58,5.07
1-hydroxy-2-isopropylguanidine,5.58,4.61
3-Fluoro-L-tyrosine,5.58,4.08
Aminophosphonicacid-guanylateester,5.58,5.5
Bitolterol,5.58,5.76
Cabazitaxel,5.58,4.43
Gibberellicacid,5.58,4.57
Glutathione,5.58,5.61
N-(1-benzylpiperidin-4-yl)-4-sulfanylbutanamide,5.58,5.06
N-METHYL-1-[4-(9H-PURIN-6-YL)PHENYL]METHANAMINE,5.58,5.02
Rescinnamine,5.58,5.63
Riociguat,5.58,4.79
Telithromycin,5.58,5.59
Xamoterol,5.58,4.44
"4-(6-HYDROXY-1H-INDAZOL-3-YL)BENZENE-1,3-DIOL",5.57,4.99
Acetoacetyl-CoA,5.57,5.27
BafilomycinB1,5.57,5.64
CibacronBlue,5.57,5.24
"D-Myo-Inositol-1,4-Bisphosphate",5.57,4.32
Difluocortolone,5.57,6.12
Enalaprilat,5.57,4.56
Epigallocatechingallate,5.57,6.05
ISOQUINOLINE-5-SULFONICACID(2-(2-(4-CHLOROBENZYLOXY)ETHYLAMINO)ETHYL)AMIDE,5.57,7.11
N-(Phosphonoacetyl)-L-Ornithine,5.57,5.45
N-Acetylglucosamine,5.57,4.42
Primidone,5.57,6.48
SinapoylcoenzymeA,5.57,4.9
Sri-9662,5.57,4.91
"(1R,2R,3S,4R,6S)-3,4,6-Trihydroxy-5-{[(S)-hydroxy(3-hydroxy-2-oxopropoxy)phosphoryl]oxy}-1,2-cyclohexanediylbis[dihydrogen(phosphate)]",5.56,4.88
(2R)-1-(DIMETHYLAMINO)-3-{4-[(6-{[2-FLUORO-5-(TRIFLUOROMETHYL)PHENYL]AMINO}PYRIMIDIN-4-YL)AMINO]PHENOXY}PROPAN-2-OL,5.56,4.82
2-Deoxy-D-Glucitol6-(E)-Vinylhomophosphonate,5.56,5.59
2-{5-[3-(6-BENZOYL-1-PROPYLNAPHTHALEN-2-YLOXY)PROPOXY]INDOL-1-YL}ETHANOICACID,5.56,5.35
"3-PYRIDIN-4-YL-2,4-DIHYDRO-INDENO[1,2-.C.]PYRAZOLE",5.56,5.12
BrequinarAnalog,5.56,3.91
Elacestrant,5.56,5.1
Epoprostenol,5.56,6.33
N-cyclopropyl-4-methyl-3-[1-(2-methylphenyl)phthalazin-6-yl]benzamide,5.56,5.46
Oxybuprocaine,5.56,5.41
Solriamfetol,5.56,5.46
Teniposide,5.56,6.08
"[{2-bromo-4-[(2R)-3-oxo-2,3-diphenylpropyl]phenyl}(difluoro)methyl]phosphonicacid",5.56,7.07
"2,4-Dihydroxy-TransCinnamicAcid",5.55,5.15
"3-Fluoro-4-{[(2R)-2-hydroxy-2-(5,5,8,8-tetramethyl-5,6,7,8-tetrahydro-2-naphthalenyl)acetyl]amino}benzoicacid",5.55,5.41
3-Hydroxyhippuricacid,5.55,5.18
"3-fluoro-4-[2-hydroxy-2-(5,5,8,8-tetramethyl-5,6,7,8,-tetrahydro-naphtalen-2-yl)-acetylamino]-benzoicacid",5.55,5.41
"4-((3r,4s,5r)-4-Amino-3,5-Dihydroxy-Hex-1-Ynyl)-5-Fluoro-3-[1-(3-Methoxy-1h-Pyrrol-2-Yl)-Meth-(Z)-Ylidene]-1,3-Dihydro-Indol-2-One",5.55,5.96
"4-(2-AMINOETHOXY)-3,5-DICHLORO-N-[3-(1-METHYLETHOXY)PHENYL]BENZAMIDE",5.55,6.64
"4-(6-{[(4-METHYLCYCLOHEXYL)AMINO]METHYL}-1,4-DIHYDROINDENO[1,2-C]PYRAZOL-3-YL)BENZOICACID",5.55,4.86
N-(7-CARBAMIMIDOYL-NAPHTHALEN-1-YL)-3-HYDROXY-2-METHYL-BENZAMIDE,5.55,6.22
"N-[3-[(1-Aminoethyl)(Hydroxy)Phosphoryl]-2-(1,1'-Biphenyl-4-Ylmethyl)Propanoyl]Alanine",5.55,5.12
Propofol,5.55,5.86
RPR128515,5.55,5.65
"(3-{3-[[2-Chloro-3-(Trifluoromethyl)Benzyl](2,2-Diphenylethyl)Amino]Propoxy}Phenyl)AceticAcid",5.54,5.46
"1-[(4S)-4-amino-5-(1,3-benzothiazol-2-yl)-5-oxopentyl]guanidine",5.54,5.66
"1-{4-[4-Amino-6-(4-methoxyphenyl)furo[2,3-d]pyrimidin-5-yl]phenyl}-3-[2-fluoro-5-(trifluoromethyl)phenyl]urea",5.54,5.37
"4-(1,3-Benzodioxol-5-Yl)-5-(5-Ethyl-2,4-Dihydroxyphenyl)-2h-Pyrazole-3-CarboxylicAcid",5.54,5.15
"4-(2,4-dichlorophenyl)-5-phenyldiazenyl-pyrimidin-2-amine",5.54,5.67
Bb-3497,5.54,4.96
Revefenacin,5.54,4.89
Rofecoxib,5.54,5.71
Tezosentan,5.54,5.54
Tixocortol,5.54,5.47
"(2S)-3-(1-{[2-(2-CHLOROPHENYL)-5-METHYL-1,3-OXAZOL-4-YL]METHYL}-1H-INDOL-5-YL)-2-ETHOXYPROPANOICACID",5.53,5.53
2-[2-ETHANESULFONYLAMINO-3-(1H-INDOL-3-YL)-PROPIONYLAMINO]-PENTANEDIOICACID5-AMIDE1-(4-CARBAMIMIDOYL-BENZYLAMIDE),5.53,5.23
4-(6-CYCLOHEXYLMETHOXY-9H-PURIN-2-YLAMINO)--BENZAMIDE,5.53,4.84
4-[(3S)-1-AZABICYCLO[2.2.2]OCT-3-YLAMINO]-3-(1H-BENZIMIDAZOL-2-YL)-6-CHLOROQUINOLIN-2(1H)-ONE,5.53,4.78
"4-[1-allyl-7-(trifluoromethyl)-1H-indazol-3-yl]benzene-1,3-diol",5.53,5.8
"5-[(Z)-(5-Chloro-2-oxo-1,2-dihydro-3H-indol-3-ylidene)methyl]-N,2,4-trimethyl-1H-pyrrole-3-carboxamide",5.53,5.49
6-Chloro-2-(2-Hydroxy-Biphenyl-3-Yl)-1h-Indole-5-Carboxamidine,5.53,6.38
Acetylsalicylicacid,5.53,3.74
Aminopterin,5.53,6.89
BMS184394,5.53,5.32
BenzoylformicAcid,5.53,5.24
Cimicoxib,5.53,5.59
Colforsin,5.53,5.17
Cyclohexyl-pentyl-maltoside,5.53,5.76
Dihydro-alpha-ergocryptine,5.53,5.36
Doxacurium,5.53,4.84
Eritoran,5.53,5.61
Fexofenadine,5.53,5.21
Fiboflapon,5.53,5.96
Fluindione,5.53,5.29
Gilteritinib,5.53,6.24
Gossypol,5.53,5.12
Hydroxyprogesterone,5.53,6.32
Ligandrol,5.53,5.56
"N-(1-CYANOCYCLOPROPYL)-3-({[(2S)-5-OXOPYRROLIDIN-2-YL]METHYL}SULFONYL)-N~2~-[(1S)-2,2,2-TRIFLUORO-1-(4-FLUOROPHENYL)ETHYL]-L-ALANINAMIDE",5.53,5.94
"N~4~-methyl-N~4~-(3-methyl-1H-indazol-6-yl)-N~2~-(3,4,5-trimethoxyphenyl)pyrimidine-2,4-diamine",5.53,5.68
Omadacycline,5.53,5.09
Podofilox,5.53,5.12
Sarpogrelate,5.53,5.61
Tafenoquine,5.53,6.6
Ximelagatran,5.53,6.46
dATP,5.53,4.91
2-mercaptobenzothiazole,5.52,5.32
"9-(5,5-Difluoro-5-Phosphonopentyl)Guanine",5.52,6.03
Ademetionine,5.52,5.26
Cortisone,5.52,5.61
"Cyclopropyl-{4-[5-(3,4-Dichlorophenyl)-2-[(1-Methyl)-Piperidin]-4-Yl-3-Propyl-3h-Imidazol-4-Yl]-Pyrimidin-2-Yl}Amine",5.52,5.13
Dilmapimod,5.52,5.14
Diminazene,5.52,5.89
Esmolol,5.52,4.47
Landiolol,5.52,4.53
MalateIon,5.52,4.85
Methoxamine,5.52,5.21
"N'-(6-aminopyridin-3-yl)-N-(2-cyclopentylethyl)-4-methyl-benzene-1,3-dicarboxamide",5.52,5.37
Norfloxacin,5.52,4.8
Phenylalanine-N-Sulfonamide,5.52,6.22
Thiopental,5.52,6.33
Willardiine,5.52,4.05
"(2R)-1-[4-({4-[(2,5-Dichlorophenyl)amino]-2-pyrimidinyl}amino)phenoxy]-3-(dimethylamino)-2-propanol",5.51,5.2
"(2S)-1-[4-({4-[(2,5-Dichlorophenyl)amino]-2-pyrimidinyl}amino)phenoxy]-3-(dimethylamino)-2-propanol",5.51,5.2
"2',3'-Dideoxyadenosine-5'-Triphosphate",5.51,5.09
Beta(2-Thienyl)Alanine,5.51,4.68
Desogestrel,5.51,5.14
Eliglustat,5.51,3.77
Heptulose-2-Phosphate,5.51,5.29
Hexanoyl-CoA,5.51,5.34
Masoprocol,5.51,5.43
Myristoyl-Coa,5.51,5.36
Octanoyl-CoenzymeA,5.51,5.36
Oxcarbazepine,5.51,6.06
PARA-(BENZOYL)-PHENYLALANINE,5.51,3.8
Penfluridol,5.51,5.46
S-3-(4-FLUOROPHENOXY)-2-HYDROXY-2-METHYL-N-[4-NITRO-3-(TRIFLUOROMETHYL)PHENYL]PROPANAMIDE,5.51,5.91
S-4-Nitrobutyryl-CoA,5.51,5.26
"(3AR,6R,6AS)-6-((S)-((S)-CYCLOHEX-2-ENYL)(HYDROXY)METHYL)-6A-METHYL-4-OXO-HEXAHYDRO-2H-FURO[3,2-C]PYRROLE-6-CARBALDEHYDE",5.5,5.05
"3-(3,5-Dibromo-4-Hydroxy-Benzoyl)-2-Ethyl-Benzofuran-6-SulfonicAcidDimethylamide",5.5,4.54
"4-chloro-N-[(2S)-2-methyl-2,3-dihydro-1H-indol-1-yl]-3-sulfamoylbenzamide",5.5,5.67
Alpha-AminobutyricAcid,5.5,4.98
Balaglitazone,5.5,4.59
Cyclothiazide,5.5,4.46
Foretinib,5.5,5.35
IDD594,5.5,6.17
Indapamide,5.5,5.67
Iodo-Willardiine,5.5,3.92
Meta-Nitro-Tyrosine,5.5,4.32
"N-[(1S)-2-AMINO-1-(2,4-DICHLOROBENZYL)ETHYL]-5-[2-(METHYLAMINO)PYRIMIDIN-4-YL]THIOPHENE-2-CARBOXAMIDE",5.5,5.46
Panobinostat,5.5,5.45
Raltitrexed,5.5,5.62
Renzapride,5.5,5.99
S-METHYL-GLUTATHIONE,5.5,5.93
Sri-9439,5.5,5.6
2-(2-METHYLPHENYL)-1H-INDOLE-6-CARBOXIMIDAMIDE,5.49,5.73
"2-[({2-[(1Z)-3-(DIMETHYLAMINO)PROP-1-ENYL]-4-FLUOROPHENYL}SULFONYL)AMINO]-5,6,7,8-TETRAHYDRONAPHTHALENE-1-CARBOXYLICACID",5.49,5.36
"5,6-DIPHENYL-N-(2-PIPERAZIN-1-YLETHYL)FURO[2,3-D]PYRIMIDIN-4-AMINE",5.49,6.17
Alizapride,5.49,6.12
Alrestatin,5.49,4.56
Cambinol,5.49,6.33
Cerulenin,5.49,5.38
Fluphenazine,5.49,5.4
Mercaptopurine,5.49,5.38
N-[(2R)-2-benzyl-4-(hydroxyamino)-4-oxobutanoyl]-L-alanine,5.49,6.37
Ospemifene,5.49,4.1
Ouabain,5.49,4.09
Velpatasvir,5.49,4.37
"(3S,5R,7R,8S,9S,10R)-7-(hydroxymethyl)-3-(4-methylphenyl)-1,6-dioxa-2-azaspiro[4.5]decane-8,9,10-triol",5.48,5.16
(4s)-5-Fluoro-L-Leucine,5.48,3.9
"4-[(7R,7AS)-7-HYDROXY-1,3-DIOXOTETRAHYDRO-1H-PYRROLO[1,2-C]IMIDAZOL-2(3H)-YL]-1-NAPHTHONITRILE",5.48,5.75
Artenimol,5.48,4.86
"Carboxymethylthio-3-(3-Chlorophenyl)-1,2,4-Oxadiazol",5.48,3.7
Clinofibrate,5.48,5.48
Cyclandelate,5.48,4.56
Darapladib,5.48,4.96
Fluocortolone,5.48,6.38
LY-517717,5.48,5.87
Medroxyprogesteroneacetate,5.48,5.53
"N,4-Dihydroxy-N-Oxo-3-(Sulfooxy)Benzenaminium",5.48,5.05
Prasteronesulfate,5.48,6.04
"2-(6-CHLORO-3-{[2,2-DIFLUORO-2-(1-OXIDO-2-PYRIDINYL)ETHYL]AMINO}-2-OXO-1(2H)-PYRAZINYL)-N-[(2-FLUOROPHENYL)METHYL]ACETAMIDE",5.47,4.08
"4-(2,2,2-TRIFLUOROETHYL)-L-PHENYLALANINE",5.47,3.49
"4-(2,5-DIAMINO-5-HYDROXY-PENTYL)-PHENOL",5.47,4.75
4-[[(1E)-2-(4-CHLOROPHENYL)ETHENYL]SULFONYL]-1-[[1-(4-PYRIDINYL)-4-PIPERIDINYL]METHYL]PIPERAZINONE,5.47,6.52
"5-CHLORO-THIOPHENE-2-CARBOXYLICACID((3S,4S)-4-FLUORO-1-{[2-FLUORO-4-(2-OXO-2H-PYRIDIN-1-YL)-PHENYLCARBAMOYL]-METHYL}-PYRROLIDIN-3-YL)-AMIDE",5.47,5.26
Benserazide,5.47,4.08
CRA_1801,5.47,5.17
Eslicarbazepine,5.47,5.35
N-(tert-butyl)-4-[5-(pyridin-2-ylamino)quinolin-3-yl]benzenesulfonamide,5.47,4.1
"N-[2-(4-AMINO-5,8-DIFLUORO-1,2-DIHYDROQUINAZOLIN-2-YL)ETHYL]-3-FURAMIDE",5.47,5.09
N-[2-Chloro-5-(trifluoromethyl)phenyl]imidodicarbonimidicdiamide,5.47,5.63
Semaxanib,5.47,5.87
Tegafur,5.47,4.93
1-Allyl-3-Butyl-8-(N-Acetyl-4-Aminobenzyl)-Xanthine,5.46,4.16
3-(2-Aminoethyl)-4-(Aminomethyl)HeptanedioicAcid,5.46,4.54
3-(HYDROXY-PHENYL-PHOSPHINOYLOXY)-8-METHYL-8-AZA-BICYCLO[3.2.1]OCTANE-2-CARBOXYLICACIDMETHYLESTER,5.46,6.44
3-FLUORO-4-HYDROXYBENZALDEHYDEO-(CYCLOHEXYLCARBONYL)OXIME,5.46,4.37
"4-(4-propoxy-1H-pyrrolo[2,3-b]pyridin-3-yl)pyrimidin-2-amine",5.46,4.55
Acepromazine,5.46,4.77
D-1-(4-chlorophenyl)-2-(acetamido)ethaneboronicacid,5.46,5.31
D-[(N-Hydroxyamino)Carbonyl]Phenylalanine,5.46,6.34
Docetaxel,5.46,4.82
FeruloylCoenzymeA,5.46,5.41
L-1-(4-chlorophenyl)-2-(acetamido)ethaneboronicacid,5.46,5.31
L-[(N-Hydroxyamino)Carbonyl]Phenylalanine,5.46,6.34
Resveratrol,5.46,6.41
(2R)-1-{4-[(4-Anilino-5-bromo-2-pyrimidinyl)amino]phenoxy}-3-(dimethylamino)-2-propanol,5.45,4.95
"(2R)-4,4-dihydroxy-5-nitro-2-(phenylmethyl)pentanoicacid",5.45,4.83
(2S)-1-{4-[(4-Anilino-5-bromo-2-pyrimidinyl)amino]phenoxy}-3-(dimethylamino)-2-propanol,5.45,4.95
(2S)-1-{[5-(1H-Indazol-5-yl)-3-pyridinyl]oxy}-3-(7aH-indol-3-yl)-2-propanamine,5.45,5.43
"(4R)-N-[4-({[2-(DIMETHYLAMINO)ETHYL]AMINO}CARBONYL)-1,3-THIAZOL-2-YL]-4-METHYL-1-OXO-2,3,4,9-TETRAHYDRO-1H-BETA-CARBOLINE-6-CARBOXAMIDE",5.45,4.65
"5-Methoxy-1,2-Dimethyl-3-(Phenoxymethyl)Indole-4,7-Dione",5.45,5.82
6-CYCLOHEXYLMETHOXY-2-(3'-CHLOROANILINO)PURINE,5.45,4.79
BOS172722,5.45,5.12
Banoxantrone,5.45,5.32
Bromfenac,5.45,4.11
Mephenytoin,5.45,4.42
N-(carboxycarbonyl)-D-phenylalanine,5.45,4.18
"N-[(2R)-5-(aminosulfonyl)-2,3-dihydro-1H-inden-2-yl]-2-propylpentanamide",5.45,5.57
N-[(CYCLOHEXYLAMINO)CARBONYL]GLYCINE,5.45,6.16
Pantoprazole,5.45,5.01
Somatostatin,5.45,6.09
Tasimelteon,5.45,5.15
Tenapanor,5.45,5.36
Terguride,5.45,5.53
"4-(N,N-Dimethylamino)cinnamoyl-CoA",5.44,5.19
"7,8-dihydroxy-4-phenyl-2H-chromen-2-one",5.44,3.97
Cabozantinib,5.44,6.34
GPI-1485,5.44,4.16
H3B-8800,5.44,5.48
Hydrocortisone,5.44,5.77
Indinavir,5.44,4.84
Piboserod,5.44,4.02
Rifamycin,5.44,4.76
Terfenadine,5.44,5.04
"(1R,3R)-5-[(2E)-3-{(1S,3R)-2,2,3-trimethyl-3-[6,6,6-trifluoro-5-hydroxy-5-(trifluoromethyl)hex-3-yn-1-yl]cyclopentyl}prop-2-en-1-ylidene]cyclohexane-1,3-diol",5.43,5.12
(2S)-2-({6-[(3-Amino-5-chlorophenyl)amino]-9-isopropyl-9H-purin-2-yl}amino)-3-methyl-1-butanol,5.43,5.01
"3-[(4-AMINO-1-TERT-BUTYL-1H-PYRAZOLO[3,4-D]PYRIMIDIN-3-YL)METHYL]PHENOL",5.43,6.16
"4-{[4-{[(1R,2R)-2-(dimethylamino)cyclopentyl]amino}-5-(trifluoromethyl)pyrimidin-2-yl]amino}-N-methylbenzenesulfonamide",5.43,4.25
Ampicillin,5.43,4.41
Argininosuccinate,5.43,4.1
Cerivastatin,5.43,5.05
Cortisoneacetate,5.43,5.39
Enalkiren,5.43,5.83
GinsenosideRg1,5.43,6.88
Hydrocortisonecypionate,5.43,5.68
"N-(3-cyano-4,5,6,7-tetrahydro-1-benzothien-2-yl)-2-fluorobenzamide",5.43,5.03
Tivantinib,5.43,3.8
"(10R)-10-methyl-3-(6-methylpyridin-3-yl)-9,10,11,12-tetrahydro-8H-[1,4]diazepino[5',6':4,5]thieno[3,2-f]quinolin-8-one",5.42,4.89
(2S)-1-(1H-INDOL-3-YL)-3-{[5-(3-METHYL-1H-INDAZOL-5-YL)PYRIDIN-3-YL]OXY}PROPAN-2-AMINE,5.42,5.19
"(4aS)-5-[(2,4-diaminopteridin-6-yl)methyl]-4a,5-dihydro-2H-dibenzo[b,f]azepin-8-ol",5.42,5.62
"2',3'-Dehydro-2',3'-Deoxy-Thymidine5'-Triphosphate",5.42,4.91
2-ANILINO-6-CYCLOHEXYLMETHOXYPURINE,5.42,4.21
"4-{4-[(5-hydroxy-2-methylphenyl)amino]quinolin-7-yl}-1,3-thiazole-2-carbaldehyde",5.42,3.89
5-Chloro-1h-Indole-2-CarboxylicAcid{[Cyclopentyl-(2-Hydroxy-Ethyl)-Carbamoyl]-Methyl}-Amide,5.42,4.33
9-Butyl-8-(3-Methoxybenzyl)-9h-Purin-6-Amine,5.42,5.42
Cisatracurium,5.42,4.17
Didanosine,5.42,4.7
Fosnetupitant,5.42,5.51
Mant-Adp,5.42,5.16
Mefloquine,5.42,4.83
"N-1,2,3,4-Tetrahydronaphth-1-Yl-2'-[3,5-Dimethoxybenzamido]-2'-Deoxy-Adenosine",5.42,5.93
Pazopanib,5.42,5.12
S-23,5.42,5.4
2-PHENYL-4H-BENZO[H]CHROMEN-4-ONE,5.41,5.86
5-beta-D-ribofuranosylnicotinamideadeninedinucleotide,5.41,5.53
"Bishydroxy[2h-1-Benzopyran-2-One,1,2-Benzopyrone]",5.41,4.9
Celecoxib,5.41,5.41
Cladribine,5.41,4.51
Glibornuride,5.41,5.63
Guanosine-3'-Monophosphate-5'-Diphosphate,5.41,5.13
Rhodamine6G,5.41,5.33
"(3Z)-6-(4-HYDROXY-3-METHOXYPHENYL)-3-(1H-PYRROL-2-YLMETHYLENE)-1,3-DIHYDRO-2H-INDOL-2-ONE",5.4,4.79
"2',3'-Dehydro-2',3'-Deoxy-Thymidine5'-Diphosphate",5.4,4.55
"3-(9-HYDROXY-1,3-DIOXO-4-PHENYL-2,3-DIHYDROPYRROLO[3,4-C]CARBAZOL-6(1H)-YL)PROPANOICACID",5.4,5.2
"3-CARBOXAMIDO-1,3,5(10)-ESTRATRIEN-17(R)-SPIRO-2'(5',5'-DIMETHYL-6'OXO)TETRAHYDROPYRAN",5.4,5.52
"4-[3-Methylsulfanylanilino]-6,7-Dimethoxyquinazoline",5.4,4.96
7-methyl-guanosine-5'-triphosphate-5'-guanosine,5.4,6.61
"9-DEAZAINOSINE-2',3'-O-ETHYLIDENEPHOSPHONATE",5.4,6.09
CRA_10433,5.4,5.59
CRA_9678,5.4,5.34
Cpad,5.4,5
Dihydroergocristine,5.4,5.38
Halofuginone,5.4,5.62
Isatin,5.4,4.88
Labradimil,5.4,5.91
Medrogestone,5.4,5.91
N-Alpha-(2-Naphthylsulfonyl)-N(3-Amidino-L-Phenylalaninyl)-4-Acetyl-Piperazine,5.4,4.69
Progabide,5.4,5.19
Venlafaxine,5.4,4.9
(2S)-4-(4-fluorobenzyl)-N-(3-sulfanylpropyl)piperazine-2-carboxamide,5.39,6.29
"4-{[5-(CYCLOHEXYLAMINO)[1,2,4]TRIAZOLO[1,5-A]PYRIMIDIN-7-YL]AMINO}BENZENESULFONAMIDE",5.39,6.36
"5-[(3R)-3-(5-methoxy-2',6'-dimethylbiphenyl-3-yl)but-1-yn-1-yl]-6-methylpyrimidine-2,4-diamine",5.39,5.62
Amoxicillin,5.39,4.73
Benzylalcohol,5.39,4.37
Bufuralol,5.39,5.14
Etidronicacid,5.39,4.4
Hydralazine,5.39,5.21
Hydrocortisonephosphate,5.39,5.84
"N-(3-cyanophenyl)-2'-methyl-5'-(5-methyl-1,3,4-oxadiazol-2-yl)-4-biphenylcarboxamide",5.39,4.58
Nystatin,5.39,5.71
Onapristone,5.39,2.94
Resatorvid,5.39,6.41
"{[2-Amino-4-oxo-6,7-di(sulfanyl-κS)-3,5,5a,8,9a,10-hexahydro-4H-pyrano[3,2-g]pteridin-8-yl]methyldihydrogenato(2-)phosphate}(dioxo)sulfanylmolybdenum",5.39,4.96
1-(5-Tert-Butyl-2-P-Tolyl-2h-Pyrazol-3-Yl)-3-[4-(2-Morpholin-4-Yl-Ethoxy)-Naphthalen-1-Yl]-Urea,5.38,4.9
"2-methyl-3,5,7,8-tetrahydro-4H-thiopyrano[4,3-d]pyrimidin-4-one",5.38,4.5
"4-{2,4-Bis[(3-Nitrobenzoyl)Amino]Phenoxy}PhthalicAcid",5.38,7.11
"8-BENZO[1,3]DIOXOL-,5-YLMETHYL-9-BUTYL-9H-",5.38,6.99
Brexpiprazole,5.38,6.07
Bromopride,5.38,3.92
Corticosterone,5.38,5.64
Hyperforin,5.38,5.28
Metiamide,5.38,5.55
Odanacatib,5.38,3.5
Pipemidicacid,5.38,6
"1-(CYCLOHEXYLAMINO)-3-(6-METHYL-3,4-DIHYDRO-1H-CARBAZOL-9(2H)-YL)PROPAN-2-OL",5.37,5.13
"2-[5,6-BIS-(4-METHOXY-PHENYL)-FURO[2,3-D]PYRIMIDIN-4-YLAMINO]-ETHANOL",5.37,5.59
4-(3-{[5-(trifluoromethyl)pyridin-2-yl]oxy}benzyl)piperidine-1-carboxylicacid,5.37,5.94
"9-HYDROXY-6-(3-HYDROXYPROPYL)-4-(2-METHOXYPHENYL)PYRROLO[3,4-C]CARBAZOLE-1,3(2H,6H)-DIONE",5.37,4.31
D-phenylalanyl-N-[(1S)-4-{[amino(iminio)methyl]amino}-1-(chloroacetyl)butyl]-L-prolinamide,5.37,3.89
Ergotamine,5.37,5.75
Hydromorphone,5.37,7.12
Melengestrol,5.37,5.86
N-(4-chlorophenyl)-2-[(pyridin-4-ylmethyl)amino]benzamide,5.37,4.78
Rolapitant,5.37,4.58
(Hydroxyethyloxy)Tri(Ethyloxy)Octane,5.36,5.5
"3,6,9,12,15-PENTAOXATRICOSAN-1-OL",5.36,5.5
3-(2-Benzothiazolylthio)-1-PropanesulfonicAcid,5.36,5.43
"6-(5-BROMO-2-HYDROXYPHENYL)-2-OXO-4-PHENYL-1,2-DIHYDROPYRIDINE-3-CARBONITRILE",5.36,5.13
Bromocriptine,5.36,6.06
Ciglitazone,5.36,4.79
Dioxybenzone,5.36,4.37
Elexacaftor,5.36,5.65
Ephedrine,5.36,4.48
Ixazomib,5.36,6.57
Macimorelin,5.36,4.75
Moclobemide,5.36,5.27
Neratinib,5.36,5.08
Pseudoephedrine,5.36,4.48
ReidispongiolideA,5.36,4.71
"2,4-Diamino-6-[N-(3',5'-Dimethoxybenzyl)-N-Methylamino]Pyrido[2,3-D]Pyrimidine",5.35,5.34
4-METHYL-PENTANOICACID{1-[4-GUANIDINO-1-(THIAZOLE-2-CARBONYL)-BUTYLCARBAMOYL]-2-METHYL-PROPYL}-AMIDE,5.35,4.03
"9-ACETYL-2,3,4,9-TETRAHYDRO-1H-CARBAZOL-1-ONE",5.35,5.09
Artesunate,5.35,4.24
D-phenylalanyl-N-(3-fluorobenzyl)-L-prolinamide,5.35,4.78
Enrasentan,5.35,4.11
Hydrocortamate,5.35,5.51
N-(3-TERT-BUTYL-1H-PYRAZOL-5-YL)-N'-{4-CHLORO-3-[(PYRIDIN-3-YLOXY)METHYL]PHENYL}UREA,5.35,4.61
"N6-(2,5-Dimethoxy-Benzyl)-N6-Methyl-Pyrido[2,3-D]Pyrimidine-2,4,6-Triamine",5.35,5.05
Nα-[(2S)-2-{[(S)-[(1S)-1-{[(Benzyloxy)carbonyl]amino}-2-phenylethyl](hydroxy)phosphoryl]methyl}-5-phenylpentanoyl]-L-tryptophanamide,5.35,5.71
PHOSPHONICACID2-DODECANOYLAMINO-HEXYLESTERPROPYLESTER,5.35,4.54
Pipamperone,5.35,5.39
Trandolapril,5.35,5.53
ZincSubstitutedHemeC,5.35,4.32
(R)-1-Para-Nitro-Phenyl-2-Azido-Ethanol,5.34,4.26
17alpha-Estriol,5.34,6.02
2-({4-[4-(pyridin-4-ylmethyl)-1H-pyrazol-3-yl]phenoxy}methyl)quinoline,5.34,4.26
3-(4-DIETHYLAMINO-2-HYDROXY-PHENYL)-2-METHYL-PROPIONICACID,5.34,4.98
Chromiumnicotinate,5.34,5.83
Darglitazone,5.34,4.96
Estriol,5.34,6.02
Hypericin,5.34,5.87
Loxicodegol,5.34,5.13
"N-cyclopropyl-4-pyrazolo[1,5-b]pyridazin-3-ylpyrimidin-2-amine",5.34,5.72
N2-({[(4-Bromophenyl)Methyl]Oxy}Carbonyl)-N1-[(1s)-1-Formylpentyl]-L-Leucinamide,5.34,5
"(1S)-1,2,3,4-TETRAHYDRO-BENZO[C]PHENANTHRENE-2,3,4-TRIOL",5.33,4.77
(R)-Atenolol,5.33,4.11
"2-[3,4-Dihydroxy-2-Hydroxymethyl-5-(2-Hydroxy-Nonyl)-Tetrahydro-Furan-2-Yloxy]-6-Hydroxymethyl-TetraHydro-Pyran-3,4,5-Triol",5.33,4.73
"2-[3-chloro-6-[2,2-difluoro-2-(1-oxidopyridin-1-ium-2-yl)ethyl]imino-1-hydroxypyridin-2-yl]-N-[(1R)-1-(3-chlorophenyl)ethyl]acetamide",5.33,4.2
3-(5-{[4-(AMINOMETHYL)PIPERIDIN-1-YL]METHYL}-1H-INDOL-2-YL)-1H-INDAZOLE-6-CARBONITRILE,5.33,5.98
"6-ETHYL-5-[9-(3-METHOXYPROPYL)-9H-CARBAZOL-2-YL]PYRIMIDINE-2,4-DIAMINE",5.33,7.29
Atenolol,5.33,4.11
CarboxymycobactinS,5.33,4.83
Cethromycin,5.33,5.17
Esatenolol,5.33,4.11
Levonordefrin,5.33,5.44
"N'-(Pyrrolidino[2,1-B]Isoindolin-4-On-8-Yl)-N-(Pyridin-2-Yl)Urea",5.33,4.57
Rifaximin,5.33,4.4
Sotalol,5.33,5
2-(3-METHYLPHENYL)-1H-INDOLE-5-CARBOXIMIDAMIDE,5.32,4.33
3'-Phosphate-Adenosine-5'-Diphosphate,5.32,4.93
"3-{5-[AMINO(IMINIO)METHYL]-1H-INDOL-2-YL}-5-METHOXY-1,1'-BIPHENYL-2-OLATE",5.32,4.33
4-HYDROXYBENZALDEHYDEO-(CYCLOHEXYLCARBONYL)OXIME,5.32,4.78
6-[(Z)-Amino(Imino)Methyl]-N-[4-(Aminomethyl)Phenyl]-4-(Pyrimidin-2-Ylamino)-2-Naphthamide,5.32,5.74
Gliquidone,5.32,5.02
N-Acetyl-Serine,5.32,3.96
Pamidronicacid,5.32,6.17
Ribostamycin,5.32,5.87
Triglu-5-formyl-tetrahydrofolate,5.32,5.13
Vinflunine,5.32,6.94
1-[4-(PYRIDIN-4-YLOXY)PHENYL]-3-[3-(TRIFLUOROMETHYL)PHENYL]UREA,5.31,4.98
"2',3'-dideoxy-3'-fluoro-urididine-5'-diphosphate",5.31,5.77
"3,4-DIHYDRO-4-OXO-3-((5-TRIFLUOROMETHYL-2-BENZOTHIAZOLYL)METHYL)-1-PHTHALAZINEACETICACID",5.31,4.73
4-AminoHexanoicAcid,5.31,5.57
"Cp-166572,2-Hydroxymethyl-4-(4-N,N-Dimethylaminosulfonyl-1-Piperazino)-Pyrimidine",5.31,5.12
Imidafenacin,5.31,5.19
Levocabastine,5.31,5.65
Methyldopa,5.31,5.23
"N-ethyl-4-{[5-(methoxycarbamoyl)-2-methylphenyl]amino}-5-methylpyrrolo[2,1-f][1,2,4]triazine-6-carboxamide",5.31,4.96
N2-[(Benzyloxy)carbonyl]-N-[(3R)-1-{N-[(benzyloxy)carbonyl]-L-leucyl}-4-oxo-3-pyrrolidinyl]-L-leucinamide,5.31,6.73
Plazomicin,5.31,4.56
1-[1-(3-aminophenyl)-3-tert-butyl-1H-pyrazol-5-yl]-3-phenylurea,5.3,5.47
"1-{(1R,2S)-2-HYDROXY-1-[2-(2-NAPHTHYLOXY)ETHYL]PROPYL}-1H-IMIDAZONE-4-CARBOXAMIDE",5.3,6.19
"4-[3-(dibenzylamino)phenyl]-2,4-dioxobutanoicacid",5.3,4.52
"4-[3-Hydroxyanilino]-6,7-Dimethoxyquinazoline",5.3,4.97
Azilsartanmedoxomil,5.3,6.57
Bepotastine,5.3,4.28
CPI-1205,5.3,6.52
Diphenadione,5.3,4.63
Hydrocortisoneacetate,5.3,5.32
Hydroxychloroquine,5.3,4.54
Ketorolac,5.3,5.34
Lovastatin,5.3,4.33
Oritavancin,5.3,5.09
"[2(R,S)-2-Sulfanylheptanoyl]-Phe-Ala",5.3,6.46
"(3R)-4,4-DIFLUORO-3-[(4-METHOXYPHENYL)SULFONYL]BUTANOICACID",5.29,4.07
4-HYDROXY-5-IODO-3-NITROPHENYLACETYL-EPSILON-AMINOCAPROICACIDANION,5.29,4.46
Bromotheophylline,5.29,5.59
Droperidol,5.29,5.08
Etoposide,5.29,5.38
Farnesol,5.29,4.66
Idelalisib,5.29,4.63
Leucovorin,5.29,5.82
"N-(5-chloro-1,3-benzodioxol-4-yl)-6-methoxy-7-(3-piperidin-1-ylpropoxy)quinazolin-4-amine",5.29,5.07
"N-[2-(5-methyl-4H-1,2,4-triazol-3-yl)phenyl]-7H-pyrrolo[2,3-d]pyrimidin-4-amine",5.29,4.31
Olanzapine,5.29,4.91
Rocaglamide,5.29,4.53
Selinexor,5.29,4.79
Simeprevir,5.29,4.35
TG-100801,5.29,4.65
ThreonineDerivative,5.29,6.72
"(7S)-2-(2-aminopyrimidin-4-yl)-7-(2-fluoroethyl)-1,5,6,7-tetrahydro-4H-pyrrolo[3,2-c]pyridin-4-one",5.28,4.01
"(S)-2-[(R)-3-amino-4-(2-fluorophenyl)butyryl]-1,2,3,4-tetrahydroisoquinoline-3-carboxamide",5.28,4.85
1-(4-HEXYLPHENYL)PROP-2-EN-1-ONE,5.28,4.23
"2-{3-[(2S)-4,4-difluoro-2-(pyrrolidin-1-ylcarbonyl)pyrrolidin-1-yl]-3-oxopropyl}-isoindole-1,3(2H)-dione",5.28,6.53
"5-benzyl-1,3-thiazol-2-amine",5.28,5.11
Azidocillin,5.28,5
"BENZYLN-({(2S,3S)-3-[(PROPYLAMINO)CARBONYL]OXIRAN-2-YL}CARBONYL)-L-ISOLEUCYL-L-PROLINATE",5.28,5.63
Enoximone,5.28,4.56
Rifabutin,5.28,4.6
"(3S)-3-hydroxy-1-methyl-2,3-dihydro-1H-indole-5,6-dione",5.27,4.96
"(9aS)-4-bromo-9a-butyl-7-hydroxy-1,2,9,9a-tetrahydro-3H-fluoren-3-one",5.27,5.07
2-Amino-6-Chloropyrazine,5.27,4.43
"2-[2-(2-FLUOROPHENYL)PYRIDIN-4-YL]-1,5,6,7-TETRAHYDRO-4H-PYRROLO[3,2-C]PYRIDIN-4-ONE",5.27,5.2
3'-Deoxy3'-AminoAdenosine-5'-Diphosphate,5.27,4.9
"3-methyl-N-(pyridin-4-ylmethyl)imidazo[1,2-a]pyrazin-8-amine",5.27,5.15
Axitinib,5.27,5.09
Gemeprost,5.27,4.02
Glutathionesulfonicacid,5.27,4.95
Irofulven,5.27,5.66
Methyprylon,5.27,4.18
TG100-115,5.27,5.21
Tofacitinib,5.27,5.01
"1-[4-(AMINOMETHYL)BENZOYL]-5'-FLUORO-1'H-SPIRO[PIPERIDINE-4,2'-QUINAZOLIN]-4'-AMINE",5.26,4.3
2-deoxyglucose,5.26,3.48
7-Hydroxy-2-Oxo-Chromene-3-CarboxylicAcidEthylEster,5.26,5.72
Alvocidib,5.26,4.98
Epinephrine,5.26,4.99
Hydrocortisonesuccinate,5.26,5.29
Ibutilide,5.26,4.28
PhosphoglycolohydroxamicAcid,5.26,6.32
Siponimod,5.26,5.59
Tenofovir,5.26,5.11
Vemurafenib,5.26,5.01
"3-[1-(3-Aminopropyl)-1h-Indol-3-Yl]-4-(1-Methyl-1h-Indol-3-Yl)-1h-Pyrrole-2,5-Dione",5.25,5.19
"4-(4-METHYLPIPERAZIN-1-YL)-N-[5-(2-THIENYLACETYL)-1,5-DIHYDROPYRROLO[3,4-C]PYRAZOL-3-YL]BENZAMIDE",5.25,4.89
"5-[(1S)-1-(3-chlorophenyl)ethoxy]quinazoline-2,4-diamine",5.25,4.56
Carbidopa,5.25,4.88
Cyclacillin,5.25,4.68
Gavestinel,5.25,4.6
"N-{2,4-difluoro-3-[(5-pyridin-3-yl-1H-pyrrolo[2,3-b]pyridin-3-yl)carbonyl]phenyl}ethanesulfonamide",5.25,4.97
Oleandomycin,5.25,5.81
Pelitinib,5.25,4.96
"[3,5-Dibromo-4-(4-Hydroxy-3-Phenethylcarbamoyl-Phenoxy)-Phenyl]-AceticAcid",5.25,6.2
(Z)-3-BENZYL-5-(2-HYDROXY-3-NITROBENZYLIDENE)-2-THIOXOTHIAZOLIDIN-4-ONE,5.24,4.24
"2-(Oxalyl-Amino)-4,7-Dihydro-5h-Thieno[2,3-C]Thiopyran-3-CarboxylicAcid",5.24,4.6
"2-[(2',3',4'-TRIFLUOROBIPHENYL-2-YL)OXY]ETHANOL",5.24,3.43
"2-[4-(4-Hydroxy-3-Isopropyl-Phenoxy)-3,5-Dimethyl-Phenyl]-2h-[1,2,4]Triazine-3,5-Dione",5.24,6.87
AV-412,5.24,4.98
ConcanamycinA,5.24,5.21
Exemestane,5.24,4.8
Methyclothiazide,5.24,4.44
Mocetinostat,5.24,5.6
Ribose-1-Phosphate,5.24,4.06
VariolinB,5.24,4.65
Venetoclax,5.24,5.98
(S)-DES-ME-AMPA,5.23,5.16
"1,4-Dideoxy-O2-Sulfo-GlucuronicAcid",5.23,5.66
2-[(7-HYDROXY-NAPHTHALEN-1-YL)-OXALYL-AMINO]-BENZOICACID,5.23,4.87
2-[{4-[(2S)-2-{[(Allyloxy)carbonyl]amino}-3-({4-[3-hydroxy-2-(methoxycarbonyl)phenoxy]butyl}amino)-3-oxopropyl]phenyl}(carboxycarbonyl)amino]benzoicacid,5.23,5.77
Betaxolol,5.23,4.81
D-Phenylalanine,5.23,3.6
Darolutamide,5.23,5.97
Deoxyuridine-5'-Diphosphate,5.23,5.39
Enalapril,5.23,4.65
Estronesulfate,5.23,5.03
L-tyrosinamide,5.23,4.96
Levobetaxolol,5.23,4.81
N-(2-(((5-CHLORO-2-PYRIDINYL)AMINO)SULFONYL)PHENYL)-4-(2-OXO-1(2H)-PYRIDINYL)BENZAMIDE,5.23,4.76
"N-{3-[(5-chloro-1H-pyrrolo[2,3-b]pyridin-3-yl)carbonyl]-2,4-difluorophenyl}propane-1-sulfonamide",5.23,5.05
O2-Sulfo-GlucuronicAcid,5.23,5.66
Phenylalanine,5.23,3.6
Ramipril,5.23,5.55
Rifalazil,5.23,4.84
"octyl3-amino-3-deoxy-2-O-(2,6-dideoxy-alpha-L-lyxo-hexopyranosyl)-beta-D-galactopyranoside",5.23,5.71
"{4-[(2s,4e)-2-(1,3-Benzothiazol-2-Yl)-2-(1h-1,2,3-Benzotriazol-1-Yl)-5-Phenylpent-4-Enyl]Phenyl}(Difluoro)MethylphosphonicAcid",5.23,6.71
"1-[3-({[(4-AMINO-5-FLUORO-2-METHYLQUINOLIN-3-YL)METHYL]THIO}METHYL)PHENYL]-2,2,2-TRIFLUOROETHANE-1,1-DIOL",5.22,4.46
5-(3-{3-[3-HYDROXY-2-(METHOXYCARBONYL)PHENOXY]PROPENYL}PHENYL)-4-(HYDROXYMETHYL)ISOXAZOLE-3-CARBOXYLICACID,5.22,5.36
8-(Pyrimidin-2-Ylamino)Naphthalene-2-Carboximidamide,5.22,4.16
Arzoxifene,5.22,5.08
Binodenoson,5.22,5.18
Cefamandole,5.22,6.22
KabiramideC,5.22,4.23
Mizolastine,5.22,6.54
N-hydroxy-4-({4-[4-(trifluoromethyl)phenoxy]phenyl}sulfonyl)tetrahydro-2H-pyran-4-carboxamide,5.22,4.08
Silibinin,5.22,4.86
"2-(2-QUINOLIN-3-YLPYRIDIN-4-YL)-1,5,6,7-TETRAHYDRO-4H-PYRROLO[3,2-C]PYRIDIN-4-ONE",5.21,5.67
2-(4-Chlorophenyl)-5-Quinoxalinecarboxamide,5.21,5.67
"2-(6-HYDROXY-1,3-BENZOTHIAZOL-2-YL)-1,3-THIAZOL-4(5H)-ONE",5.21,5.29
2-({6-[(3-Chlorophenyl)amino]-9-isopropyl-9H-purin-2-yl}amino)ethanol,5.21,5.01
"4-{[(E)-2-(5-CHLOROTHIEN-2-YL)VINYL]SULFONYL}-1-(1H-PYRROLO[3,2-C]PYRIDIN-2-YLMETHYL)PIPERAZIN-2-ONE",5.21,5.06
5-chloro-N-[(3R)-1-(2-{[2-fluoro-4-(2-oxopyridin-1(2H)-yl)phenyl]amino}-2-oxoethyl)pyrrolidin-3-yl]thiophene-2-carboxamide,5.21,4.29
DADLE,5.21,5.88
Ganciclovir,5.21,4.91
L-Alpha-Glycerophosphorylethanolamine,5.21,4.39
L-Glutamine,5.21,3.98
"METHYL1-(4-{[(2,4-DIAMINOPTERIDIN-6-YL)METHYL](METHYL)AMINO}BENZOYL)PIPERIDINE-4-CARBOXYLATE",5.21,5.67
SU9516,5.21,5.88
Tiaprofenicacid,5.21,5.31
Zeranol,5.21,6.79
"(4R)-4-(3-HYDROXYPHENYL)-N,N,7,8-TETRAMETHYL-3,4-DIHYDROISOQUINOLINE-2(1H)-CARBOXAMIDE",5.2,6.13
2-(2-{2-[(BIPHENYL-4-YLMETHYL)-AMINO]-3-MERCAPTO-PENTANOYLAMINO}-ACETYLAMINO)-3-METHYL-BUTYRICACIDMETHYLESTER,5.2,5.48
2-(cyclohexylamino)benzoicacid,5.2,6.25
3-{[4-(but-2-yn-1-yloxy)phenyl]sulfonyl}propane-1-thiol,5.2,4.57
4-[(1S)-1-(3-fluoro-4-methoxyphenyl)-2-(2-methoxy-5-nitrophenyl)ethyl]-1H-imidazol-2-amine,5.2,4
AC-(D)PHE-PRO-BOROHOMOORNITHINE-OH,5.2,4.47
Bedoradrine,5.2,5.24
CRA_11092,5.2,4.68
Cefalotin,5.2,5.04
Ceftizoxime,5.2,5.26
Celiprolol,5.2,5.32
Edetatedisodiumanhydrous,5.2,5.43
L-Alpha-Glycerophosphorylserine,5.2,3.65
Magnesiumlevulinate,5.2,5.03
N-(4-phenoxyphenyl)-2-[(pyridin-4-ylmethyl)amino]nicotinamide,5.2,5.05
NicotinamideMononucleotide,5.2,5.67
Nimesulide,5.2,5.25
Telotristatethyl,5.2,4.71
[[CYCLOHEXANESULFONYL-GLYCYL]-3[PYRIDIN-4-YL-AMINOMETHYL]ALANYL]PIPERIDINE,5.2,5.96
"(2R)-2-AMINO-3,3,3-TRIFLUORO-N-HYDROXY-2-{[(4-PHENOXYPHENYL)SULFONYL]METHYL}PROPANAMIDE",5.19,4.91
(2S)-1-{[5-(3-METHYL-1H-INDAZOL-5-YL)PYRIDIN-3-YL]OXY}-3-PHENYLPROPAN-2-AMINE,5.19,5.08
"(4Z)-2,8:7,12:11,15:14,18:17,22-PENTAANHYDRO-4,5,6,9,10,13,19,20,21-NONADEOXY-D-ARABINO-D-ALLO-D-ALLO-DOCOSA-4,9,20-TRIENITOL",5.19,4.85
3'-Phosphate-Adenosine-5'-PhosphateSulfate,5.19,5.1
"6-(3-AMINOPROPYL)-4,9-DIMETHYLPYRROLO[3,4-C]CARBAZOLE-1,3(2H,6H)-DIONE",5.19,5.07
"Adenosine-5'-[Beta,Gamma-Methylene]Triphosphate",5.19,4.91
Betrixaban,5.19,6.11
Daglutril,5.19,6.12
Hexachlorophene,5.19,4.74
N-[3-(N'-HYDROXYCARBOXAMIDO)-2-(2-METHYLPROPYL)-PROPANOYL]-O-TYROSINE-N-METHYLAMIDE,5.19,5.8
S-Hydroxycysteine,5.19,4.34
Trolaminesalicylate,5.19,3.89
Vandetanib,5.19,5.03
"1-[(2-NITROPHENYL)SULFONYL]-1H-PYRROLO[3,2-B]PYRIDINE-6-CARBOXAMIDE",5.18,4.87
"10-Propargyl-5,8-DideazafolicAcid",5.18,6.22
3-Hydroxypropyl3-[(7-carbamimidoyl-1-naphthyl)carbamoyl]benzenesulfonate,5.18,5.39
Benzbromarone,5.18,4.81
Carbocisteine,5.18,3.87
Dasatinib,5.18,4.97
Didesmethylrocaglamide,5.18,5.09
Dolutegravir,5.18,5.35
Dpb-T,5.18,3.28
Eribulin,5.18,4.43
Lobeglitazone,5.18,4.38
N-BENZYL-4-[4-(3-CHLOROPHENYL)-1H-PYRAZOL-3-YL]-1H-PYRROLE-2-CARBOXAMIDE,5.18,4.32
"N-Hydroxy-4-[(4-Methoxylphenyl)Sulfonyl]-2,2-Dimethyl-Hexahydro-1,4-Thiazepine-3(S)-Carboxamide",5.18,5.47
Osimertinib,5.18,6.01
Selenazole-4-carboxyamide-adeninedinucleotide,5.18,4.96
"(6S)-1-chloro-3-[(4-fluorobenzyl)oxy]-6-(pyrrolidin-1-ylcarbonyl)pyrrolo[1,2-a]pyrazin-4(6H)-one",5.17,5.63
"({[(3E)-2'-OXO-2',7'-DIHYDRO-2,3'-BIINDOL-3(7H)-YLIDENE]AMINO}OXY)ACETICACID",5.17,5.21
1-(2-DEOXY-5-O-PHOSPHONO-BETA-D-ERYTHRO-PENTOFURANOSYL)-4-METHYL-1H-INDOLE,5.17,6.05
3-(1h-Indol-3-Yl)-2-[4-(4-Phenyl-Piperidin-1-Yl)-Benzenesulfonylamino]-PropionicAcid,5.17,4.93
3-(6-HYDROXY-NAPHTHALEN-2-YL)-BENZO[D]ISOOXAZOL-6-OL,5.17,3.78
"4-({4-[(4-AMINOBUT-2-YNYL)OXY]PHENYL}SULFONYL)-N-HYDROXY-2,2-DIMETHYLTHIOMORPHOLINE-3-CARBOXAMIDE",5.17,4.58
6-[(Z)-AMINO(IMINO)METHYL]-N-[3-(CYCLOPENTYLOXY)PHENYL]-2-NAPHTHAMIDE,5.17,5.19
"9-Hydroxy-8-Methoxy-6-Nitro-Phenanthrol[3,4-D][1,3]Dioxole-5-CarboxylicAcid",5.17,4.51
Adenylate-3'-phosphate-[[2'-deoxy-uridine-5'-phosphate]-3'-phosphate],5.17,5.32
Cediranib,5.17,5.04
Ceftibuten,5.17,4.96
Delafloxacin,5.17,4.42
Dexmedetomidine,5.17,4.5
Eravacycline,5.17,4.29
Flutamide,5.17,5.66
Indeglitazar,5.17,4.55
Kifunensine,5.17,3.95
PAS219,5.17,5.92
Ropinirole,5.17,4.36
SphinxolideB,5.17,4.64
1-[4-(hydroxymethyl)phenyl]guanidine,5.16,5.45
"3-(3,5-Dibromo-4-Hydroxy-Benzoyl)-2-Ethyl-Benzofuran-6-SulfonicAcid(4-Sulfamoyl-Phenyl)-Amide",5.16,4.14
"4-Amino-2-[(3-chlorophenyl)amino]-5-(4-fluorobenzoyl)-1,3-thiazol-3-ium",5.16,4.74
4-[5-(4-FLUORO-PHENYL)-2-(4-METHANESULFINYL-PHENYL)-3H-IMIDAZOL-4-YL]-PYRIDINE,5.16,5
5-(DIMETHYLAMINO)-1-NAPHTHALENESULFONICACID(DANSYLACID),5.16,4.39
"7-(1-ETHYL-PROPYL)-7H-PYRROLO-[3,2-F]QUINAZOLINE-1,3-DIAMINE",5.16,6.72
Elagolix,5.16,5.42
"N-Hydroxy1n(4-Methoxyphenyl)Sulfonyl-4-(Z,E-N-Methoxyimino)Pyrrolidine-2r-Carboxamide",5.16,5.57
Pregabalin,5.16,4.32
"2-{4-[(4-imidazo[1,2-a]pyridin-3-ylpyrimidin-2-yl)amino]piperidin-1-yl}-N-methylacetamide",5.15,5.1
"3''-(Beta-Chloroethyl)-2'',4''-Dioxo-3,5''-Spiro-Oxazolidino-4-Deacetoxy-Vinblastine",5.15,5.92
"5-Chloro-thiophene-2-carboxylicacid((3S,4S)-1-{[2-fluoro-4-(2-oxo-2H-pyridin-1-yl)-phenylcarbamoyl]-methyl}-4-hydroxy-pyrrolidin-3-yl)-amide",5.15,5.42
AT-7519,5.15,5
Chlorphenesin,5.15,4.1
MLN8054,5.15,4.99
Mafenide,5.15,4
N-(5-{[(2S)-4-amino-2-(3-chlorophenyl)butanoyl]amino}-1H-indazol-3-yl)benzamide,5.15,4.83
"N-{[(2S,3S)-3-(ETHOXYCARBONYL)OXIRAN-2-YL]CARBONYL}-",5.15,5.47
Ropivacaine,5.15,6.49
[(1-{2[(4-Carbamimidoyl-Phenylamino)-Methyl]-1-Methyl-1h-Benzoimidazol-5-Yl}-Cyclopropyl)-Pyridin-2-Yl-Methyleneaminooxy]-AceticAcidEthylEster,5.15,5.08
"(2R)-N-{4-[Ethyl(phenyl)sulfamoyl]-2-methylphenyl}-3,3,3-trifluoro-2-hydroxy-2-methylpropanamide",5.14,4.16
"1D-myo-inositol1,4,5-trisphosphate",5.14,4.11
"2-({4-[(5-CHLORO-1H-INDOL-2-YL)SULFONYL]PIPERAZIN-1-YL}CARBONYL)THIENO[3,2-B]PYRIDINE4-OXIDE",5.14,4.36
3-CHLORO-2-(4-HYDROXYPHENYL)-2H-INDAZOL-5-OL,5.14,4.13
"5,6-Cyclic-Tetrahydropteridine",5.14,5.35
5-[3-(BENZYLAMINO)PHENYL]-4-BROMO-3-(CARBOXYMETHOXY)THIOPHENE-2-CARBOXYLICACID,5.14,6.07
AceticAcidSalicyloyl-Amino-Ester,5.14,5.37
Cilnidipine,5.14,6.38
"Inositol2,4,5-trisphosphate",5.14,4.11
N-(Bromoacetyl)-beta-alanyl-N-(2-{4-[(carboxycarbonyl)amino]phenyl}ethyl)-L-serinamide,5.14,4.06
N6-BenzylAdenosine-5'-Diphosphate,5.14,4.95
PhosphoaminophosphonicAcid-AdenylateEster,5.14,4.99
RAF-265,5.14,5.02
Roxadustat,5.14,4.41
S-P-Nitrobenzyloxycarbonylglutathione,5.14,3.96
SNS-032,5.14,4.99
Sertindole,5.14,3.67
Tecovirimat,5.14,4.47
(1R)-2-amino-1-[3-(trifluoromethyl)phenyl]ethanol,5.13,5.37
"(3R,4R,5R)-5-(HYDROXYMETHYL)-1-(3-PHENYLPROPYL)PIPERIDINE-3,4-DIOL",5.13,4
"3ar,5r,6s,7r,7ar-5-Hydroxymethyl-2-Methyl-5,6,7,7a-Tetrahydro-3ah-Pyrano[3,2-D]Thiazole-6,7-Diol",5.13,4.09
"4-[3-(3-NITROPHENYL)-1,2,4-OXADIAZOL-5-YL]BUTANOICACID",5.13,4.02
Calciumlevulinate,5.13,4.51
Cinitapride,5.13,4.55
Difloxacin,5.13,4.97
Diltiazem,5.13,5.78
FLUORESCIN,5.13,5.56
Framycetin,5.13,5.83
Freselestat,5.13,4.57
N-Cyclohexyl-N'-(4-Iodophenyl)Urea,5.13,6.2
Octylphenoxypolyethoxyethanol,5.13,5.78
Propentofylline,5.13,4.84
Radezolid,5.13,5.6
Raloxifene,5.13,4.71
SNS-314,5.13,4.51
Tesaglitazar,5.13,4.98
Vinylglycine,5.13,4.29
"[2-Amino-6-(2,6-Difluoro-Benzoyl)-Imidazo[1,2-a]Pyridin-3-Yl]-Phenyl-Methanone",5.13,4.18
"1,1,1-TRIFLUORO-3-((N-ACETYL)-L-LEUCYLAMIDO)-4-PHENYL-BUTAN-2-ONE(N-ACETYL-L-LEUCYL-L-PHENYLALANYLTRIFLUOROMETHYLKETONE)",5.12,4.86
"3-(4-Amino-1-Tert-Butyl-1h-Pyrazolo[3,4-D]Pyrimidin-3-Yl)Phenol",5.12,5.21
AMG-131,5.12,4.25
Acetyldigitoxin,5.12,4.74
"Adenosine-5'-diphosphate-2',3'-vanadate",5.12,4.75
Butylscopolamine,5.12,5.6
Cefaclor,5.12,6.32
Fluvastatin,5.12,4.2
Isosorbide,5.12,4.56
Manitimus,5.12,5.39
Metronidazole,5.12,4.07
Myricetin,5.12,5.38
Nepafenac,5.12,5.16
"{4-[(CARBOXYMETHOXY)CARBONYL]-3,3-DIOXIDO-1-OXONAPHTHO[1,2-D]ISOTHIAZOL-2(1H)-YL}ACETICACID",5.12,4.49
(S)-1-PHENYL-1-[4-(9H-PURIN-6-YL)PHENYL]METHANAMINE,5.11,4.02
1-Phenylsulfonamide-3-Trifluoromethyl-5-Parabromophenylpyrazole,5.11,4.7
4-[[2-[[4-chloro-3-(trifluoromethyl)phenyl]amino]-3H-benzimidazol-5-yl]oxy]-N-methyl-pyridine-2-carboxamide,5.11,5.01
Bifeprunox,5.11,5.99
Dexketoprofen,5.11,4.06
Fisetin,5.11,5.12
Fluconazole,5.11,4.85
Ketoprofen,5.11,4.06
Oxazepam,5.11,4.29
Sparsentan,5.11,5.81
Thymidine-5'-Triphosphate,5.11,4.75
(2S)-N-(4-cyano-3-iodophenyl)-3-(4-cyanophenoxy)-2-hydroxy-2-methylpropanamide,5.1,6.56
(TERT-BUTYLOXYCARBONYL)-ALANYL-AMINOETHYL-FORMAMIDE,5.1,4.62
"1-(5-{2-[(1-methyl-1H-pyrazolo[4,3-d]pyrimidin-7-yl)amino]ethyl}-1,3-thiazol-2-yl)-3-[3-(trifluoromethyl)phenyl]urea",5.1,5.92
ATP,5.1,4.83
Bufexamac,5.1,5.6
Daidzin,5.1,3.35
Hadacidin,5.1,5.71
N-1-methylheptylformamide,5.1,5.15
"TERT-BUTYL{2-[(1,3-THIAZOL-2-YLAMINO)CARBONYL]PYRIDIN-3-YL}CARBAMATE",5.1,6.58
Triclocarban,5.1,3.81
Umeclidinium,5.1,5.25
"(4-AMINO-2-{[1-(METHYLSULFONYL)PIPERIDIN-4-YL]AMINO}PYRIMIDIN-5-YL)(2,3-DIFLUORO-6-METHOXYPHENYL)METHANONE",5.09,5.05
(S)-(+)-2-[4-(FLUOROBENZYLOXY-BENZYLAMINO)PROPIONAMIDE],5.09,4.82
"5-(HEXAHYDRO-2-OXO-1H-THIENO[3,4-D]IMIDAZOL-6-YL)PENTANAL",5.09,5.48
AmidoPhenylPyruvicAcid,5.09,5.42
CRA_16847,5.09,5.61
Desvenlafaxine,5.09,4.67
FR221647,5.09,6.87
JNJ-37822681,5.09,6.5
Kaempherol,5.09,5.14
Lapatinib,5.09,5.01
N-Cyclohexyl-N'-(Propyl)PhenylUrea,5.09,4.99
Otamixaban,5.09,5.3
Simvastatin,5.09,4.11
nor-NOHA,5.09,4.17
"1,1,1-TRIFLUORO-3-ACETAMIDO-4-PHENYLBUTAN-2-ONE(N-ACETYL-L-PHENYLALANYLTRIFLUOROMETHYLKETONE)",5.08,4.56
"1-[5-Methyl-2-(trifluoromethyl)furan-3-yl]-3-[5-[2-[[6-(1H-1,2,4-triazol-5-ylamino)pyrimidin-4-yl]amino]ethyl]-1,3-thiazol-2-yl]urea",5.08,4.78
"3-(2-aminoquinazolin-6-yl)-1-(3,3-dimethylindolin-6-yl)-4-methylpyridin-2(1H)-one",5.08,4.97
Dronedarone,5.08,5.67
Grazoprevir,5.08,4.56
"METHYL4-{[({[(2R,5S)-5-{[(2S)-2-(AMINOMETHYL)PYRROLIDIN-1-YL]CARBONYL}PYRROLIDIN-2-YL]METHYL}AMINO)CARBONYL]AMINO}BENZOATE",5.08,4.82
Methazolamide,5.08,5.36
"N-(5,6-DIPHENYLFURO[2,3-D]PYRIMIDIN-4-YL)GLYCINE",5.08,6.08
Quetiapine,5.08,4.96
Regorafenib,5.08,5.08
Rifampicin,5.08,4.58
Sorafenib,5.08,5.06
"1-[4-(4-chlorophenyl)-1-(7H-pyrrolo[2,3-d]pyrimidin-4-yl)piperidin-4-yl]methanamine",5.07,5.24
3-FLUORO-5-MORPHOLIN-4-YL-N-[1-(2-PYRIDIN-4-YLETHYL)-1H-INDOL-6-YL]BENZAMIDE,5.07,5.31
3-[5-(3-nitrophenyl)thiophen-2-yl]propanoicacid,5.07,4.71
"5-{[1-(2-fluorobenzyl)piperidin-4-yl]methoxy}quinazoline-2,4-diamine",5.07,4.78
Azelnidipine,5.07,6.79
Bimoclomol,5.07,5.41
Domperidone,5.07,3.95
Flavinmononucleotide,5.07,4.45
Fluorouracil,5.07,5.5
N-[4-Methyl-3-[[4-(3-Pyridinyl)-2-Pyrimidinyl]Amino]Phenyl]-3-Pyridinecarboxamide,5.07,5.05
Nateglinide,5.07,6.53
"O6-(R)-ROSCOVITINE,R-2-(6-BENZYLOXY-9-ISOPROPYL-9H-PURIN-2-YLAMINO)-BUTAN-1-OL",5.07,5.02
Oxtriphylline,5.07,5.47
ProstaglandinD2,5.07,4.72
Tesevatinib,5.07,4.99
[(1S)-1-(5-CHLORO-1-BENZOTHIEN-3-YL)-2-(2-NAPHTHYLAMINO)-2-OXOETHYL]PHOSPHONICACID,5.07,6.41
"(5-Oxo-5,6-Dihydro-Indolo[1,2-a]Quinazolin-7-Yl)-AceticAcid",5.06,5.82
3'-Azido-3'-Deoxythymidine-5'-Diphosphate,5.06,4.45
"3-({[(3S)-3,4-dihydroxybutyl]oxy}amino)-1H,2'H-2,3'-biindol-2'-one",5.06,6.04
"5-[4-(2-Hydroxyethyl)-1-piperidinyl]-5-phenyl-2,4,6(1H,3H,5H)-pyrimidinetrione",5.06,5.76
"5-[5,6-BIS(METHYLOXY)-1H-BENZIMIDAZOL-1-YL]-3-{[1-(2-CHLOROPHENYL)ETHYL]OXY}-2-THIOPHENECARBOXAMIDE",5.06,5.03
Beraprost,5.06,5.17
Bis(Adenosine)-5'-Pentaphosphate,5.06,4.91
CRA_10762,5.06,3.75
"Hg9a-9,Nonanoyl-N-Hydroxyethylglucamide",5.06,4.29
N-[(benzyloxy)carbonyl]-L-leucyl-N-[(1S)-3-fluoro-1-(4-hydroxybenzyl)-2-oxopropyl]-L-leucinamide,5.06,4.88
"N-{3-[5-(1H-1,2,4-triazol-3-yl)-1H-indazol-3-yl]phenyl}furan-2-carboxamide",5.06,5.03
Nilotinib,5.06,5.08
PatentBlue,5.06,4.52
Radotinib,5.06,5.05
Rifapentine,5.06,4.21
Spirapril,5.06,6.21
Thymidine-5'-Diphosphate,5.06,4.52
(2R)-2-({6-[benzyl(methyl)amino]-9-isopropyl-9H-purin-2-yl}amino)butan-1-ol,5.05,5.01
"1-[(2-Amino-6,9-Dihydro-1h-Purin-6-Yl)Oxy]-3-Methyl-2-Butanol",5.05,4.44
2-HydroxyethylDisulfide,5.05,4.25
Enzastaurin,5.05,4.97
Milataxel,5.05,4.31
N-[2-(METHYLAMINO)ETHYL]-5-ISOQUINOLINESULFONAMIDE,5.05,6.97
Olomoucine,5.05,4.97
Pentanal,5.05,4.29
Vatalanib,5.05,4.97
(2E)-N-{4-[(3-bromophenyl)amino]quinazolin-6-yl}-4-(dimethylamino)but-2-enamide,5.04,4.96
"(5R,6E,8Z,11Z,14Z,17Z)-5-hydroxyicosa-6,8,11,14,17-pentaenoicacid",5.04,5.4
4-Morpholin-4-Yl-Piperidine-1-CarboxylicAcid[1-(3-Benzenesulfonyl-1-Propyl-Allylcarbamoyl)-2-Phenylethyl]-Amide,5.04,5.41
"5-(4-PHENOXYPHENYL)-5-(4-PYRIMIDIN-2-YLPIPERAZIN-1-YL)PYRIMIDINE-2,4,6(2H,3H)-TRIONE",5.04,5.15
Amiloride,5.04,4.84
CRA_9334,5.04,4.67
Carfilzomib,5.04,4.08
Gefitinib,5.04,4.97
Metamizole,5.04,4.27
Pirbuterol,5.04,5.35
Talinolol,5.04,4.85
Teriflunomide,5.04,5.28
Tucatinib,5.04,4.49
"[[4-(Aminomethyl)Phenyl]Amino]Oxo-AceticAcid,",5.04,4.1
(1n)-4-N-Butoxyphenylsulfonyl-(2r)-N-Hydroxycarboxamido-(4s)-Methanesulfonylamino-Pyrrolidine,5.03,5.11
(2S)-2-ETHOXY-3-{4-[2-(10H-PHENOXAZIN-10-YL)ETHOXY]PHENYL}PROPANOICACID,5.03,5.37
"(2S)-4-(2,5-difluorophenyl)-N-[(3R,4S)-3-fluoro-1-methylpiperidin-4-yl]-2-(hydroxymethyl)-N-methyl-2-phenyl-2,5-dihydro-1H-pyrrole-1-carboxamide",5.03,7.37
1-(2-Amidinophenyl)-3-(Phenoxyphenyl)Urea,5.03,5.35
"2,5-DI-(TERT-BUTYL)-1,4,BENZOHYDROQUINONE",5.03,4.82
2-phospho-D-glycericacid,5.03,3.35
"4-Methyl-5-[(2Z)-2-{[4-(4-morpholinyl)phenyl]imino}-2,5-dihydro-4-pyrimidinyl]-1,3-thiazol-2-amine",5.03,5.91
"5-FLUORO-1-[4-(4-PHENYL-3,6-DIHYDROPYRIDIN-1(2H)-YL)BUTYL]QUINAZOLINE-2,4(1H,3H)-DIONE",5.03,5.15
Barbituricacidderivative,5.03,5.27
Cabergoline,5.03,5.01
Canertinib,5.03,5.02
Carbutamide,5.03,4.79
Dyclonine,5.03,4.55
Fomepizole,5.03,5.31
Milrinone,5.03,6.19
N-[4-(3-BROMO-PHENYLAMINO)-QUINAZOLIN-6-YL]-ACRYLAMIDE,5.03,4.97
N-[amino(imino)methyl]-2-[2-(2-chlorophenyl)-4-(4-propoxyphenyl)-3-thienyl]acetamide,5.03,5.95
Ondansetron,5.03,6.3
Polythiazide,5.03,4.51
Ragaglitazar,5.03,5.37
Sulfadimethoxine,5.03,4.85
Tandutinib,5.03,5.11
1-(5-Tert-Butyl-2-Methyl-2h-Pyrazol-3-Yl)-3-(4-Chloro-Phenyl)-Urea,5.02,5.6
4-(4-STYRYL-PHENYLCARBAMOYL)-BUTYRICACID,5.02,4.23
"5,7-DIHYDROXY-2-(3,4,5-TRIHYDROXYPHENYL)-4H-CHROMEN-4-ONE",5.02,5.05
Aldosterone,5.02,5.11
D-phenylalanyl-N-{4-[amino(iminio)methyl]benzyl}-L-prolinamide,5.02,4.44
Eltrombopag,5.02,6.32
OLOMOUCINEII,5.02,5.02
Quercetin,5.02,5.29
UP5,5.02,5.05
"(1S,2S,3R,6R)-4-(hydroxymethyl)-6-(octylamino)cyclohex-4-ene-1,2,3-triol",5.01,5.11
(2R)-2-({9-(1-methylethyl)-6-[(4-pyridin-2-ylbenzyl)amino]-9H-purin-2-yl}amino)butan-1-ol,5.01,5.02
"(5,6-DIPHENYL-FURO[2,3-D]PYRIMIDIN-4-YLAMINO)-ACETIC",5.01,5.04
"4-[4-(4-methoxyphenyl)-5-methyl-1H-pyrazol-3-yl]benzene-1,3-diol",5.01,3.95
6-CARBAMIMIDOYL-4-(3-HYDROXY-2-METHYL-BENZOYLAMINO)-NAPHTHALENE-2-CARBOXYLICACIDMETHYLESTER,5.01,5.68
Afatinib,5.01,5.08
Chloramphenicol,5.01,3.47
Dacomitinib,5.01,4.91
Folicacid,5.01,5.84
Icotinib,5.01,4.94
Megestrolacetate,5.01,5.71
Methantheline,5.01,5.17
NADH,5.01,4.92
Pracinostat,5.01,4.28
Seliciclib,5.01,5.02
Talarozole,5.01,5.2
Tartronate,5.01,3.96
WAY-151693,5.01,5.89
(2-{[(4-BROMO-2-FLUOROBENZYL)AMINO]CARBONYL}-5-CHLOROPHENOXY)ACETICACID,5,6.77
(2S)-N-[(3E)-5-Cyclopropyl-3H-pyrazol-3-ylidene]-2-[4-(2-oxo-1-imidazolidinyl)phenyl]propanamide,5,5.78
"2-(1,3-thiazol-4-yl)-1H-benzimidazole-5-sulfonamide",5,4.17
"2-(6-CHLORO-3-{[2,2-DIFLUORO-2-(2-PYRIDINYL)ETHYL]AMINO}-2-OXO-1(2H)-PYRAZINYL)-N-[(2-FLUORO-6-PYRIDINYL)METHYL]ACETAMIDE",5,4.3
2-Methyl-3-(2-Aminothiazolo)Propanal,5,4.77
3-(1H-BENZIMIDAZOL-2-YL)-1H-INDAZOLE,5,3.77
BafilomycinA1,5,4.9
Duvelisib,5,4.91
Ezetimibe,5,4.93
Loxoprofen,5,5.16
Lumefantrine,5,6.88
Muscimol,5,5.73
N(5)-[(hydroxyamino)(imino)methyl]-L-ornithine,5,4.65
Quizartinib,5,5.04
Stannsoporfin,5,5.64
2-Amino-3-(5-Tert-Butyl-3-(Phosphonomethoxy)-4-Isoxazolyl)PropionicAcid,4.99,4.6
3-[(1s)-1-(Dimethylamino)Ethyl]Phenol,4.99,4.36
Bardoxolone,4.99,5.67
Dipyridamole,4.99,4.21
Erlotinib,4.99,4.95
Fenoprofen,4.99,4.04
Glasdegib,4.99,6.7
Imatinib,4.99,5.09
Mebendazole,4.99,3.53
Nomegestrolacetate,4.99,5.16
Pranlukast,4.99,7.24
Valaciclovir,4.99,4.65
"(2R,3R,4S,5R)-2-[6-amino-8-[(3,4-dichlorophenyl)methylamino]purin-9-yl]-5-(hydroxymethyl)oxolane-3,4-diol",4.98,4.97
4-[(4-METHYL-1-PIPERAZINYL)METHYL]-N-[3-[[4-(3-PYRIDINYL)-2-PYRIMIDINYL]AMINO]PHENYL]-BENZAMIDE,4.98,5.07
Linaclotide,4.98,4.19
N-(3-METHYLBUT-2-EN-1-YL)-9H-PURIN-6-AMINE,4.98,4.13
Propantheline,4.98,4.42
SC-74020,4.98,5.67
Tyrosinal,4.98,4.44
(2R)-2-(4-chlorophenyl)-2-[4-(1H-pyrazol-4-yl)phenyl]ethanamine,4.97,4.37
(2S)-2-(4-chlorophenyl)-2-[4-(1H-pyrazol-4-yl)phenyl]ethanamine,4.97,4.37
"1,2,3-TRIHYDROXY-1,2,3,4-TETRAHYDROBENZO[A]PYRENE",4.97,4.42
"2-ACETAMIDO-2-DEOXY-BETA-D-GLUCOPYRANOSE(BETA1-4)-2-ACETAMIDO-1,6-ANHYDRO-3-O-[(R)-1-CARBOXYETHYL]-2-DEOXY-BETA-D-GLUCOPYRANOSE-L-ALANYL-GAMMA-D-GLUTAMYL-MESO-DIAMINOPIMELYL-D-ALANINE",4.97,4.29
3-(4-HYDROXY-PHENYL)PYRUVICACID,4.97,5.25
3-Tyrosine,4.97,4.47
"5-[(3R)-3-(5-methoxy-3',5'-dimethylbiphenyl-3-yl)but-1-yn-1-yl]-6-methylpyrimidine-2,4-diamine",4.97,5.71
Adenosine5'-[γ-thio]triphosphate,4.97,4.97
Cefepime,4.97,4.62
Cilomilast,4.97,5.46
Estrone,4.97,4.69
Flibanserin,4.97,4.25
Hexestrol,4.97,4.56
N-(4-PHENYLAMINO-QUINAZOLIN-6-YL)-ACRYLAMIDE,4.97,4.97
N-[(4-HYDROXY-8-IODOISOQUINOLIN-3-YL)CARBONYL]GLYCINE,4.97,4.05
N-{2-methyl-5-[(6-phenylpyrimidin-4-yl)amino]phenyl}methanesulfonamide,4.97,6.17
PROGESTERONE-11-ALPHA-OL-HEMISUCCINATE,4.97,5.44
Quinapril,4.97,5.57
2-[METHYL-(5-GERANYL-4-METHYL-PENT-3-ENYL)-AMINO]-ETHYL-DIPHOSPHATE,4.96,4.18
"3-Hydroxymethyl-5-Aziridinyl-1methyl-2-[1h-Indole-4,7-Dione]-Propanol",4.96,4.54
3-isobutyl-1-methyl-7H-xanthine,4.96,4.13
4-(Hydroxymethyl)Benzamidine,4.96,4.22
"4-[(3-CHLORO-4-{[(2R)-3,3,3-TRIFLUORO-2-HYDROXY-2-METHYLPROPANOYL]AMINO}PHENYL)SULFONYL]-N,N-DIMETHYLBENZAMIDE",4.96,4.05
METHYLAMINO-PHENYLALANYL-LEUCYL-HYDROXAMICACID,4.96,6.03
"N-cyclohexyl-3-[3-(trifluoromethyl)phenyl][1,2,4]triazolo[4,3-b]pyridazin-6-amine",4.96,5.44
Phenylephrine,4.96,4.72
"(3R,4R)-3-Hydroxy-4-(hydroxymethyl)-1-[(4-oxo-4,4a,5,7a-tetrahydro-3H-pyrrolo[3,2-d]pyrimidin-7-yl)methyl]pyrrolidinium",4.95,4.64
"2,4-Diamino-5-Methyl-6-[(3,4,5-Trimethoxy-N-Methylanilino)Methyl]Pyrido[2,3-D]Pyrimidine",4.95,6.63
"5-(2-Fluoro-5-{(1E)-3-[3-hydroxy-2-(methoxycarbonyl)phenoxy]-1-propen-1-yl}phenyl)-1,2-oxazole-3-carboxylicacid",4.95,5.52
6-[N-(4-(Aminomethyl)Phenyl)Carbamyl]-2-Naphthalenecarboxamidine,4.95,4.61
Armodafinil,4.95,4.16
CRA_10655,4.95,4.92
CRA_17693,4.95,4.76
Emricasan,4.95,4.13
Modafinil,4.95,4.16
"S-[(1-Hydroxy-2,2,5,5-tetramethyl-2,5-dihydro-1H-pyrrol-3-yl)methyl]methanesulfonothioate",4.95,4.39
Thiabendazole,4.95,4.18
acetylleucyl-leucyl-norleucinal,4.95,5.03
"2-[(2-chloro-4-iodophenyl)amino]-N-{[(2R)-2,3-dihydroxypropyl]oxy}-3,4-difluorobenzamide",4.94,4.92
2-[2-ETHANESULFONYLAMINO-3-(5-PROPOXY-1H-INDOL-3-YL)-PROPIONYLAMINO]-PENTANEDIOICACID5-AMIDE1-(4-CARBAMIMIDOYL-BENZYLAMIDE),4.94,4.41
4-(4-hydroxy-3-methylphenyl)-6-phenylpyrimidin-2(5H)-one,4.94,4.59
5-methyltetrahydrofolicacid,4.94,5.07
Antrafenine,4.94,4.13
Cefixime,4.94,5.31
Chlorambucil,4.94,3.38
DAS869,4.94,4.74
Eplivanserin,4.94,4.04
Levomefolicacid,4.94,5.07
Niludipine,4.94,6.13
Oxetacaine,4.94,4.71
PorphyrinFe(III),4.94,5.22
Ramosetron,4.94,4.54
Sumanirole,4.94,4.63
Tioguanine,4.94,4.88
Triamterene,4.94,5.21
Tropicamide,4.94,4.95
"(2S)-1-(6H-INDOL-3-YL)-3-{[5-(7H-PYRAZOLO[3,4-C]PYRIDIN-5-YL)PYRIDIN-3-YL]OXY}PROPAN-2-AMINE",4.93,4.82
2-(4-HYDROXY-PHENYL)BENZOFURAN-5-OL,4.93,4.43
3-FORMYL-2-HYDROXY-5-METHYL-HEXANOICACIDHYDROXYAMIDE,4.93,4.52
"7-methyl-7,8-dihydroguanosine-5'-diphosphate",4.93,4.25
7-methyl-GpppA,4.93,4.91
Agomelatine,4.93,3.36
Almitrine,4.93,4.37
Alpelisib,4.93,3.47
Chlordiazepoxide,4.93,3.41
Compound4-D,4.93,5.66
Fluorescein,4.93,3.7
Lonidamine,4.93,6.35
Nonoxynol-9,4.93,4.99
3-(3-FLUORO-4-HYDROXYPHENYL)-7-HYDROXY-1-NAPHTHONITRILE,4.92,4.94
3-AMINO-AZACYCLOTRIDECAN-2-ONE,4.92,3.93
Guanidinoethylmercaptosuccinicacid,4.92,3.93
Ifenprodil,4.92,5.11
"N-[1-(2,6-dimethoxybenzyl)piperidin-4-yl]-4-sulfanylbutanamide",4.92,4.72
Nabumetone,4.92,3.67
Quinagolide,4.92,5.45
Valganciclovir,4.92,4.79
(2S)-1-(3H-Indol-3-yl)-3-{[5-(6-isoquinolinyl)-3-pyridinyl]oxy}-2-propanamine,4.91,5.91
"(R)-1-(4-(4-(Hydroxymethyl)-1,3,2-dioxaborolan-2-YL)phenethyl)guanidine",4.91,6.1
"1,3,2-Dioxaborolan-2-Ol",4.91,3.18
"4-methyl-7,8-dihydro-5H-thiopyrano[4,3-d]pyrimidin-2-amine",4.91,3.96
5-Amidino-Benzimidazole,4.91,4.36
Edeticacid,4.91,4.54
Morphine,4.91,6.33
"N-(2-chloro-6-methylphenyl)-8-[(3S)-3-methylpiperazin-1-yl]imidazo[1,5-a]quinoxalin-4-amine",4.91,5.69
N-(TRANS-4'-NITRO-4-STILBENYL)-N-METHYL-5-AMINO-PENTANOICACID,4.91,3.67
Sonidegib,4.91,5.53
{4-[3-(4-acetyl-3-hydroxy-2-propylphenoxy)propoxy]phenoxy}aceticacid,4.91,5.75
2'-O-AcetylAdenosine-5-Diphosphoribose,4.9,4.74
2-(1H-pyrazol-3-yl)-1H-benzimidazole,4.9,3.28
5-CYANO-FURAN-2-CARBOXYLICACID[5-HYDROXYMETHYL-2-(4-METHYL-PIPERIDIN-1-YL)-PHENYL]-AMIDE,4.9,5.68
Ajmaline,4.9,5.75
Binimetinib,4.9,4.96
Clorindione,4.9,5.26
D-1-naphthyl-2-acetamido-ethaneboronicacid,4.9,4.33
Dinoprosttromethamine,4.9,5.12
Indocyaninegreenacidform,4.9,5.47
L-1-naphthyl-2-acetamido-ethaneboronicacid,4.9,4.33
Oxibendazole,4.9,4.25
Trimetrexate,4.9,4.76
Troleandomycin,4.9,4.54
Uridine-5'-Diphosphate,4.9,4.21
(2S)-4-(4-fluorobenzyl)-N-(2-sulfanylethyl)piperazine-2-carboxamide,4.89,6.25
"(2S)-6-(2,4-DIAMINO-6-ETHYLPYRIMIDIN-5-YL)-2-(3,5-DIFLUOROPHENYL)-4-(3-METHOXYPROPYL)-2H-1,4-BENZOXAZIN-3(4H)-ONE",4.89,7.23
"(5E,14E)-11-oxoprosta-5,9,12,14-tetraen-1-oicacid",4.89,4.46
"1-{5-[2-(thieno[3,2-d]pyrimidin-4-ylamino)ethyl]-1,3-thiazol-2-yl}-3-[3-(trifluoromethyl)phenyl]urea",4.89,5.58
"2-[(1S)-1-BENZYL-2-SULFANYLETHYL]-1H-IMIDAZO[4,5-C]PYRIDIN-5-IUM",4.89,4.83
"2-[(4-ETHYNYL-2-FLUOROPHENYL)AMINO]-3,4-DIFLUORO-N-(2-HYDROXYETHOXY)BENZAMIDE",4.89,4.87
"3-(4-CHLOROPHENYL)-5-(METHYLTHIO)-4H-1,2,4-TRIAZOLE",4.89,3.86
"8-(2,5-Dimethoxy-Benzyl)-2-Fluoro-9h-Purin-6-Ylamine",4.89,4.13
Alsterpaullone,4.89,4.61
Clindamycin,4.89,4.91
Esculin,4.89,3.58
Esketamine,4.89,6.11
Isocarboxazid,4.89,5.16
Ketamine,4.89,6.11
Lysophosphotidylserine,4.89,4.48
"Maltosyl-Alpha(1,4)-D-Gluconhydroximo-1,5-Lactam",4.89,4.3
Practolol,4.89,4.26
Theophylline,4.89,5.01
(R)-N-(1-Methyl-Hexyl)-Formamide,4.88,5.17
2-[3-({Methyl[1-(2-Naphthoyl)Piperidin-4-Yl]Amino}Carbonyl)-2-Naphthyl]-1-(1-Naphthyl)-2-OxoethylphosphonicAcid,4.88,4.36
"4-(6-HYDROXY-BENZO[D]ISOXAZOL-3-YL)BENZENE-1,3-DIOL",4.88,5.16
"5-(Aminomethyl)-6-(2,4-Dichlorophenyl)-2-(3,5-Dimethoxyphenyl)Pyrimidin-4-Amine",4.88,4.19
Darusentan,4.88,4.76
FG-2216,4.88,4.59
Isoamylalcohol,4.88,4.9
Medrysone,4.88,5.77
Metaraminol,4.88,4.29
MethylumbelliferylChitotriose,4.88,3.89
Metyrosine,4.88,4.92
"N-(3,5-dimethoxyphenyl)imidodicarbonimidicdiamide",4.88,4.5
N-(Chlorophenyl)-N'-Hydroxyguanidine,4.88,3.92
"N~2~,N~2~-DIMETHYL-N~1~-(6-OXO-5,6-DIHYDROPHENANTHRIDIN-2-YL)GLYCINAMIDE",4.88,6.32
Torasemide,4.88,5.47
Vismodegib,4.88,4.48
[4-(4-PHENYL-PIPERIDIN-1-YL)-BENZENESULFONYLAMINO]-ACETICACID,4.88,4.45
"(1S,2S,3R,4S,5S)-2,3,4-TRIHYDROXY-5-(HYDROXYMETHYL)CYCLOHEXYL(1E)-2-PHENYL-N-(SULFOOXY)ETHANIMIDOTHIOATE",4.87,4.72
(2R)-3-Methyl-1-phenyl-2-butanyl[(2S)-1-oxo-2-hexanyl]carbamate,4.87,4.63
"(3R)-8-(dioxidosulfanyl)-3-methyl-1,2,3,4-tetrahydroquinoline",4.87,4.24
"2,3,5,6-Tetrafluoro-4-Methoxy-Benzamide",4.87,5.22
"2-(3-FLUORO-4-HYDROXYPHENYL)-7-VINYL-1,3-BENZOXAZOL-5-OL",4.87,4.67
Bendroflumethiazide,4.87,6.23
Chlormezanone,4.87,5.79
Ezogabine,4.87,5.79
Levetiracetam,4.87,5.05
N-Benzylformamide,4.87,5.79
Sumatriptan,4.87,4.77
"[2'-HYDROXY-3'-(1H-PYRROLO[3,2-C]PYRIDIN-2-YL)-BIPHENYL-3-YLMETHYL]-UREA",4.87,4.63
"[5-AMINO-1-(4-FLUOROPHENYL)-1H-PYRAZOL-4-YL](3-{[(2R)-2,3-DIHYDROXYPROPYL]OXY}PHENYL)METHANONE",4.87,4.63
[N-(3-dibenzylcarbamoyl-oxiranecarbonyl)-hydrazino]-aceticacid,4.87,4.24
"(R)-1-(4-(4-(hydroxymethyl)-1,3,2-dioxaborolan-2-yl)benzyl)guanidine",4.86,6.86
2-[1-(4-chlorobenzoyl)-5-methoxy-2-methyl-1H-indol-3-yl]-n-[(1R)-1-(hydroxymethyl)propyl]acetamide,4.86,5.5
2-[1-(4-chlorobenzoyl)-5-methoxy-2-methyl-1H-indol-3-yl]-n-[(1S)-1-(hydroxymethyl)propyl]acetamide,4.86,5.5
2-chloro-5-[(1S)-1-hydroxy-3-oxo-2H-isoindol-1-yl]benzenesulfonamide,4.86,6.58
4-{[4-AMINO-6-(CYCLOHEXYLMETHOXY)-5-NITROSOPYRIMIDIN-2-YL]AMINO}BENZAMIDE,4.86,5.61
5-(DIMETHYLAMINO)-2-NAPHTHALENESULFONICACID,4.86,3.92
Chlorthalidone,4.86,6.58
Dabrafenib,4.86,4.37
Dehydroascorbicacid,4.86,5.77
Digitoxin,4.86,4.77
Dimethyltryptamine,4.86,5.56
Ebastine,4.86,4.1
Efavirenz,4.86,5.35
Fingolimod,4.86,4.42
Flurandrenolide,4.86,5.06
N-(3-Phenyl-2-Sulfanylpropanoyl)Phenylalanylalanine,4.86,5.47
Rivaroxaban,4.86,6.05
3'-deoxyguanosine,4.85,5.01
"5,5-dimethyl-2-morpholin-4-yl-5,6-dihydro-1,3-benzothiazol-7(4H)-one",4.85,5.69
"6,6-DIMETHYL-1-[3-(2,4,5-TRICHLOROPHENOXY)PROPOXY]-1,6-DIHYDRO-1,3,5-TRIAZINE-2,4-DIAMINE",4.85,5.4
Adenosine5'-phosphosulfate,4.85,4.91
"D-gluconhydroximo-1,5-lactam",4.85,4.96
Daporinad,4.85,4.65
LATRUNCULINB,4.85,4.55
N-[(Furan-2-Yl)Carbonyl]-(S)-Leucyl-(R)-[1-Amino-2(1h-Indol-3-Yl)Ethyl]-PhosphonicAcid,4.85,5.53
Tyramine,4.85,4.31
Uridine5'-triphosphate,4.85,4.11
"[2-(5-Mercapto-[1,3,4]thiadiazol-2-ylcarbamoyl)-1-phenyl-ethyl]-carbamicacidbenzylester",4.85,3.98
"{[5-(5-nitro-2-furyl)-1,3,4-oxadiazol-2-yl]thio}aceticacid",4.85,3.55
"(2R,3R,4S)-3-(4-HYDROXYPHENYL)-4-METHYL-2-[4-(2-PYRROLIDIN-1-YLETHOXY)PHENYL]CHROMAN-6-OL",4.84,6.14
"(2s,3r)-3-Amino-2-Hydroxy-5-(Ethylsulfanyl)Pentanoyl-((S)-(-)-(1-Naphthyl)Ethyl)Amide",4.84,3.55
"(3AALPHA,4ALPHA,7ALPHA,7AALPHA)-3A,4,7,7A-TETRAHYDRO-2-(4-NITRO-1-NAPHTHALENYL)-4,7-ETHANO-1H-ISOINDOLE-1,3(2H)-DIONE",4.84,4.88
"4-[(1S,2S,5S)-5-(HYDROXYMETHYL)-6,8,9-TRIMETHYL-3-OXABICYCLO[3.3.1]NON-7-EN-2-YL]PHENOL",4.84,4.76
7-methyl-guanosine-5'-triphosphate,4.84,4.31
Benzoyl-tyrosine-alanine-fluoro-methylketone,4.84,5.63
Dutogliptin,4.84,5.61
Glipizide,4.84,4.38
Lomustine,4.84,4.44
Tranexamicacid,4.84,4.64
1-(4-Amidinophenyl)-3-(4-Chlorophenyl)Urea,4.83,5.34
"2'-deoxycytidine-2'-deoxyadenosine-3',5'-monophosphate",4.83,4.53
2-fluoro-4-[4-(4-fluorophenyl)-1H-pyrazol-3-yl]pyridine,4.83,4.59
4-AMINO-N-[(2-SULFANYLETHYL)CARBAMOYL]BENZENESULFONAMIDE,4.83,4.92
"5-[2-(4-hydroxyphenyl)ethyl]benzene-1,3-diol",4.83,4.27
AMG-222,4.83,5.04
AdenosinePhosphonoaceticAcid,4.83,5.52
Dolasetron,4.83,5.85
N-(4-CARBAMIMIDOYL-3-CHORO-PHENYL)-2-HYDROXY-3-IODO-5-METHYL-BENZAMIDE,4.83,4.72
"N-[5-(1,1-DIOXIDOISOTHIAZOLIDIN-2-YL)-1H-INDAZOL-3-YL]-2-(4-PIPERIDIN-1-YLPHENYL)ACETAMIDE",4.83,4.69
N-sulfo-flavinmononucleotide,4.83,4.17
Naluzotan,4.83,5.97
Phenacetin,4.83,3.93
Phosphoaminophosphonicacidguanylateester,4.83,4.14
Tamibarotene,4.83,4.94
undecan-2-one,4.83,3.62
"(5E,7S)-2-amino-7-(4-fluoro-2-pyridin-3-ylphenyl)-4-methyl-7,8-dihydroquinazolin-5(6H)-oneoxime",4.82,6.1
"1-(5-CHLORO-2,4-DIMETHOXYPHENYL)-3-(5-CYANOPYRAZIN-2-YL)UREA",4.82,5.3
2'-deoxy-N-(naphthalen-1-ylmethyl)guanosine5'-(dihydrogenphosphate),4.82,5.81
"2-(1H-pyrrol-1-ylcarbonyl)benzene-1,3,5-triol",4.82,4.82
6-CYCLOHEXYLMETHYLOXY-2-(4'-HYDROXYANILINO)PURINE,4.82,5.67
CRA_1802,4.82,5.02
"Imino[2-(2-oxo-1,2-dihydro-3-pyridinyl)-1H-benzimidazol-5-yl]methanaminium",4.82,3.79
"Inositol1,3-Bisphosphate",4.82,3.93
N-[(2-AMINO-6-METHYLPYRIMIDIN-4-YL)METHYL]-3-{[(E)-(2-OXODIHYDROFURAN-3(2H)-YLIDENE)METHYL]AMINO}BENZENESULFONAMIDE,4.82,4.22
Phenformin,4.82,5.71
Ubenimex,4.82,4.94
Y-700,4.82,4.67
"[4-(4-ACETYLAMINO-PHENYL)-3,5-DIOXO-4-AZA-TRICYCLO[5.2.2.02,6]UNDEC-1-YLCARBAMOYLOXY]-ACETICACID",4.82,3.55
(2S)-2-[3-(AMINOMETHYL)PHENYL]-3-{(S)-HYDROXY[(1R)-2-METHYL-1-{[(2-PHENYLETHYL)SULFONYL]AMINO}PROPYL]PHOSPHORYL}PROPANOICACID,4.81,5.09
"5-(4-METHYL-BENZOYLAMINO)-BIPHENYL-3,4'-DICARBOXYLICACID3-DIMETHYLAMIDE-4'-HYDROXYAMIDE",4.81,3.88
"DIETHYL(1R,2S,3R,4S)-5,6-BIS(4-HYDROXYPHENYL)-7-OXABICYCLO[2.2.1]HEPT-5-ENE-2,3-DICARBOXYLATE",4.81,5.51
Dihydroergotamine,4.81,4.72
Muraglitazar,4.81,5.81
"N-(3-chlorophenyl)-N-methyl-2-oxo-3-[(3,4,5-trimethyl-1H-pyrrol-2-yl)methyl]-2H-indole-5-sulfonamide",4.81,4.12
"N-(4-AMINO-5-CYANO-6-ETHOXYPYRIDIN-2-YL)-2-(4-BROMO-2,5-DIMETHOXYPHENYL)ACETAMIDE",4.81,4.14
"Nalpha-(2-Naphthylsulfonylglycyl)-3-Amidino-D,L-Phenylalanine-Isopropylester",4.81,5.79
Rivoglitazone,4.81,4.48
Xanthinol,4.81,4.62
"2-(3,4-DIHYDROXYPHENYL)-8-(1,1-DIOXIDOISOTHIAZOLIDIN-2-YL)-3-HYDROXY-6-METHYL-4H-CHROMEN-4-ONE",4.8,5.1
2-Amino-3-Hydroxy-3-Phosphonooxy-PropionicAcid,4.8,4.85
"3-[1-(3-AMINOPROPYL)-1H-INDOL-3-YL]-4-(1H-INDOL-3-YL)-1H-PYRROLE-2,5-DIONE",4.8,4.37
Adenosine-5-Diphosphoribose,4.8,4.58
Allosamizoline,4.8,4.08
Bendamustine,4.8,3.04
Betazole,4.8,3.92
"CYCLOHEXYLMETHYL-2,3-DIHYDROXY-5-METHYL-HEXYLAMIDE",4.8,5.46
Flutemetamol(18F),4.8,6.17
HM-30181,4.8,4.54
Isopropamide,4.8,4.21
Lisofylline,4.8,4.49
Melphalan,4.8,3.62
Phenindione,4.8,3.89
Plinabulin,4.8,5.39
SGS-742,4.8,4.14
Ularitide,4.8,5.41
"methyl4-(2,3-dihydroxy-5-methylphenoxy)-2-hydroxy-6-methylbenzoate",4.8,4.49
"2,3,4,5,6-PentafluorobenzylAlcohol",4.79,4.06
"4-(5,11-DIOXO-5H-INDENO[1,2-C]ISOQUINOLIN-6(11H)-YL)BUTANOATE",4.79,3.77
4-[3-(1H-BENZIMIDAZOL-2-YL)-1H-INDAZOL-6-YL]-2-METHOXYPHENOL,4.79,4.29
6-phenyl-4(R)-(7-phenyl-heptanoylamino)-hexanoicacid,4.79,5.54
Ado-P-Ch2-P-Ps-Ado,4.79,4.13
"Alpha,Beta-Methyleneadenosine-5'-Triphosphate",4.79,4.3
Indoramin,4.79,5.62
L-methionine(S)-S-oxide,4.79,3.18
Laquinimod,4.79,3.88
Rocuronium,4.79,5.12
(2S)-1-AMINO-3-[(5-NITROQUINOLIN-8-YL)AMINO]PROPAN-2-OL,4.78,5.27
"2-{3-[4-(4-Fluorophenyl)-3,6-Dihydro-1(2h)-Pyridinyl]Propyl}-8-Methyl-4(3h)-Quinazolinone",4.78,5.28
Gemcitabine,4.78,4.83
Lobeline,4.78,3.98
Magnesiumsalicylate,4.78,5.07
Melatonin,4.78,4.41
N'-(5-CHLOROBENZOFURAN-2-CARBONYL)-2-(TRIFLUOROMETHYL)BENZENESULFONOHYDRAZIDE,4.78,4.69
Netoglitazone,4.78,5.17
"PhosphoricAcidMono-[3-Fluoro-5-(5-Methyl-2,4-Dioxo-3,4-Dihydro-2h-Pyrimidin-1-Yl)-Tetrahyro-Furan-2-Ylmethyl]Ester",4.78,4.98
Tipiracil,4.78,4.79
beta-phenyl-D-phenylalanyl-N-propyl-L-prolinamide,4.78,4.53
"1-{(2S,5S)-4-FLUORO-5-[(TRITYLOXY)METHYL]TETRAHYDROFURAN-2-YL}PYRIMIDINE-2,4(1H,3H)-DIONE",4.77,4.44
2'-Deoxyuridine3'-Monophosphate,4.77,5.77
"2-(5-HYDROXY-NAPHTHALEN-1-YL)-1,3-BENZOOXAZOL-6-OL",4.77,4.45
"3,4-Dihydro-5-Methyl-Isoquinolinone",4.77,3.87
Choline,4.77,4.21
Codeine,4.77,5.7
Dofetilide,4.77,5.14
Guanosine-5'-Diphosphate,4.77,4.07
LGD2941,4.77,5.38
Lefradafiban,4.77,4.76
"N,N'-DIPHENYLPYRAZOLO[1,5-A][1,3,5]TRIAZINE-2,4-DIAMINE",4.77,5.97
O-acetyl-L-serine,4.77,3.63
Sarafloxacin,4.77,4.36
Vinorelbine,4.77,6.42
"(3R)-3-(aminomethyl)-9-methoxy-1,2,3,4-tetrahydro-5H-[1]benzothieno[3,2-e][1,4]diazepin-5-one",4.76,3.89
2'-Deoxyguanosine-5'-Triphosphate,4.76,4.49
"2-deoxy-2,3-dehydro-N-acetylneuraminicacid",4.76,4.87
4-amino-N-[4-(benzyloxy)phenyl]butanamide,4.76,4.2
5'-O-(L-Cysteinylsulfamoyl)adenosine,4.76,4.7
5'-deoxy-5'-piperidin-1-ylthymidine,4.76,4.37
Acetaminophen,4.76,4.22
CarboxymycobactinT,4.76,4.24
Cefoperazone,4.76,5.15
GinsenosideRb1,4.76,4.98
Halofantrine,4.76,3.9
N-[3-(1H-BENZIMIDAZOL-2-YL)-1H-PYRAZOL-4-YL]BENZAMIDE,4.76,3.15
"PYRIMIDINE-4,6-DICARBOXYLICACIDBIS-(4-FLUORO-3-METHYL-BENZYLAMIDE)",4.76,5.04
"2-({[3,5-DIFLUORO-3'-(TRIFLUOROMETHOXY)BIPHENYL-4-YL]AMINO}CARBONYL)CYCLOPENT-1-ENE-1-CARBOXYLICACID",4.75,4.4
3-phospho-D-glycericacid,4.75,4.22
"4-{[(E)-(5-Oxo-2-phenyl-1,3-oxazol-4(5H)-ylidene)methyl]amino}butanoicacid",4.75,4.14
"8-ethyl-3,10,10-trimethyl-4,5,6,8,10,12-hexahydropyrazolo[4',3':6,7]cyclohepta[1,2-b]pyrrolo[2,3-f]indol-9(1H)-one",4.75,4.94
Ceftazidime,4.75,5.1
"GUANOSINE-2',3'-O-METHYLIDENEPHOSPHONATE",4.75,4.12
Guanosine-5'-Triphosphate,4.75,4.07
Miglustat,4.75,6.54
Phenylpyruvicacid,4.75,4.29
"Sp-Adenosine-3',5'-Cyclic-Monophosphorothioate",4.75,4.99
Zidovudine,4.75,4.08
(2S)-2-[3-(AMINOMETHYL)PHENYL]-3-[(R)-[(1R)-1-{[(BENZYLOXY)CARBONYL]AMINO}-2-METHYLPROPYL](HYDROXY)PHOSPHORYL]PROPANOICACID,4.74,4.61
2-(2-Hydroxy-Phenyl)-3h-Benzoimidazole-5-Carboxamidine,4.74,4.39
4-(4-HYDROXYPHENYL)-1-NAPHTHALDEHYDEOXIME,4.74,4.03
"4-[(E)-(3,5-DIAMINO-1H-PYRAZOL-4-YL)DIAZENYL]PHENOL",4.74,3.75
"6-(3-BROMO-2-NAPHTHYL)-1,3,5-TRIAZINE-2,4-DIAMINE",4.74,4.11
6-Nitroindazole,4.74,4.1
Bedaquiline,4.74,4.13
Bufylline,4.74,3.97
Dyphylline,4.74,4.72
GlutathionylspermidineDisulfide,4.74,3.65
Metocurineiodide,4.74,4.66
OSI-930,4.74,4.94
Palifosfamide,4.74,3.21
Piritrexim,4.74,4.85
Progesterone,4.74,5.92
Stavudine,4.74,4.14
Toloxatone,4.74,4.15
(S)-N-(1-(3-CHLORO-4-FLUOROPHENYL)-2-HYDROXYETHYL)-4-(4-(3-CHLOROPHENYL)-1H-PYRAZOL-3-YL)-1H-PYRROLE-2-CARBOXAMIDE,4.73,4.33
2'-Deoxyguanosine-5'-Diphosphate,4.73,4.46
4R-Fluoro-N6-ethanimidoyl-L-lysine,4.73,3.33
D-phenylalanyl-N-benzyl-L-prolinamide,4.73,5.05
Enprofylline,4.73,4.81
Guanine,4.73,4.82
Isavuconazole,4.73,5.22
LeukotrieneD4,4.73,4.21
Mepivacaine,4.73,5.64
N-ACETYL-L-PHENYLALANYL-4-[DIFLUORO(PHOSPHONO)METHYL]-L-PHENYLALANINAMIDE,4.73,5.92
N-[N-[1-Hydroxycarboxyethyl-Carbonyl]Leucylamino-Butyl]-Guanidine,4.73,4.3
Pomalidomide,4.73,5.44
alpha-D-glucose-1-phosphate,4.73,4
"1-(2,5-dideoxy-5-pyrrolidin-1-yl-beta-L-erythro-pentofuranosyl)-5-methylpyrimidine-2,4(1H,3H)-dione",4.72,4.42
"1-[2-DEOXYRIBOFURANOSYL]-2,4-DIFLUORO-5-METHYL-BENZENE-5'MONOPHOSPHATE",4.72,4.41
2-[4-(3-METHYL-1H-PYRAZOL-4-YL)PHENYL]ETHANAMINE,4.72,3.78
3'-deoxy-3'-aminothymidinemonophosphate,4.72,4.9
"4-HYDROXYBENZALDEHYDEO-(3,3-DIMETHYLBUTANOYL)OXIME",4.72,5.23
Chlorothiazide,4.72,5.89
CyclicGMP,4.72,5.04
Cytidine-5'-Triphosphate,4.72,4.04
Dexniguldipine,4.72,5.49
Guanosine-5'-Diphosphate-Rhamnose,4.72,4.03
N-Methylleucine,4.72,4.36
"N-{2,2-DIFLUORO-2-[(2R)-PIPERIDIN-2-YL]ETHYL}-2-[2-(1H-1,2,4-TRIAZOL-1-YL)BENZYL][1,3]OXAZOLO[4,5-C]PYRIDIN-4-AMINE",4.72,5.79
Niguldipine,4.72,5.49
Posizolid,4.72,4.54
Prilocaine,4.72,3.96
Rosuvastatin,4.72,5.51
Zofenoprilat,4.72,5.65
"[5-(5-Amino-1H-pyrrolo[3,2-b]pyridin-2-yl)-6-hydroxy-3'-nitro-3-biphenylyl]aceticacid",4.72,3.77
"(3R,5Z,8S,9S,11E)-8,9,16-TRIHYDROXY-14-METHOXY-3-METHYL-3,4,9,10-TETRAHYDRO-1H-2-BENZOXACYCLOTETRADECINE-1,7(8H)-DIONE",4.71,4.9
"2,4-DifluorobenzylAlcohol2,4-Difluoro-1-(Hydroxymethyl)Benzene",4.71,4.4
4-(2-aminoethyl)-2-ethylphenol,4.71,4.81
5-bromo-N-(3-chloro-2-(4-(prop-2-ynyl)piperazin-1-yl)phenyl)furan-2-carboxamide,4.71,4.88
Cyclopentolate,4.71,4.37
Denufosol,4.71,4.12
L-Tryptophanamide,4.71,4.37
Mangafodipir,4.71,5.73
Metocurine,4.71,4.67
Nitrofurantoin,4.71,4.03
Oxaprozin,4.71,5.08
Tapentadol,4.71,4.29
Terbutaline,4.71,4.56
TetrazolylHistidine,4.71,5.4
Thiodigalactoside,4.71,4.38
Trodusquemine,4.71,4.88
(2S)-2-(biphenyl-4-yloxy)-3-phenylpropanoicacid,4.7,4.34
"(2S,3S)-3-FORMYL-2-({[(4-METHYLPHENYL)SULFONYL]AMINO}METHYL)PENTANOICACID",4.7,5.92
"1-((2-HYDROXYETHOXY)METHYL)-5-BENZYLPYRIMIDINE-2,4(1H,3H)-DIONE",4.7,5.61
Arhalofenate,4.7,4.52
Bambuterol,4.7,4.43
"Cyclic3',5'-thymidinemonophosphate",4.7,4.9
"DIMETHYL-(4,5,6,7-TETRABROMO-1H-BENZOIMIDAZOL-2-YL)-AMINE",4.7,3.97
Etoricoxib,4.7,5.1
Methsuximide,4.7,4.24
"N-[(2R,3S)-3-AMINO-2-HYDROXY-4-PHENYLBUTYL]-4-METHOXY-2,3,6-TRIMETHYLBENZENESULFONAMIDE",4.7,5.9
PHENYL[1-(N-SUCCINYLAMINO)PENTYL]PHOSPHONATE,4.7,5.93
Palbociclib,4.7,4.89
Para-BromobenzylAlcohol,4.7,4.35
Sofosbuvir,4.7,5.94
Taurocholicacid,4.7,4.65
"4-(4-chlorobenzyl)-1-(7H-pyrrolo[2,3-d]pyrimidin-4-yl)piperidin-4-aminium",4.69,4.49
"4-{[5-(CYCLOHEXYLOXY)[1,2,4]TRIAZOLO[1,5-A]PYRIMIDIN-7-YL]AMINO}BENZENESULFONAMIDE",4.69,4.95
6-(N-Phenylcarbamyl)-2-Naphthalenecarboxamidine,4.69,4.3
CholicAcid,4.69,4.29
Fosphenytoin,4.69,3.79
GlycochenodeoxycholicAcid,4.69,4.56
Levosimendan,4.69,3.68
Ractopamine,4.69,4.97
Sodiumoxybate,4.69,4.25
Thymectacin,4.69,5.43
Thymidinemonophosphate,4.69,4.89
Tubocurarine,4.69,4.65
(2S)-2-amino-5-oxo-5-[(4-phenylmethoxyphenyl)amino]pentanoicacid,4.68,3.77
2-ACETYLAMINO-4-METHYL-PENTANOICACID(1-FORMYL-2-PHENYL-ETHYL)-AMIDE,4.68,4.14
5-hydroxynaphthalene-1-sulfonamide,4.68,4.58
AC-(D)PHE-PRO-BOROHOMOLYS-OH,4.68,4.49
Acyclovir,4.68,4.3
Aetiocholanolone,4.68,5.53
Carbamazepine,4.68,5.14
Citrulline,4.68,4.61
Dihydroxyacetonephosphate,4.68,5.48
Eugenol,4.68,5.16
Galactose-uridine-5'-diphosphate,4.68,4.35
Genistein,4.68,4.44
Gimeracil,4.68,4.66
"METHYL3-CHLORO-2-{3-[(2,5-DIHYDROXY-4-METHOXYPHENYL)AMINO]-3-OXOPROPYL}-4,6-DIHYDROXYBENZOATE",4.68,3.92
Menthylsalicylate,4.68,4.18
N-[4-(benzyloxy)phenyl]glycinamide,4.68,4.04
OxaloacetateIon,4.68,4.28
Oxyphenbutazone,4.68,4.41
Tazobactam,4.68,3.81
Thiamylal,4.68,4.58
Uridinediphosphateglucose,4.68,4.35
"[(3,7,11-TRIMETHYL-DODECA-2,6,10-TRIENYLOXYCARBAMOYL)-METHYL]-PHOSPHONICACID",4.68,4.35
{4-[(2S)-2-Acetamido-3-({(1S)-1-[3-carbamoyl-4-(cyclohexylmethoxy)phenyl]ethyl}amino)-3-oxopropyl]-2-phosphonophenoxy}aceticacid,4.68,5.81
"2-(4-(AMINOMETHYL)PIPERIDIN-1-YL)-N-(3_CYCLOHEXYL-4-OXO-2,4-DIHYDROINDENO[1,2-C]PYRAZOL-5-YL)ACETAMIDE",4.67,3.72
"2-amino-N-(4-methyl-1,3-thiazol-2-yl)-5-[(4-methyl-4H-1,2,4-triazol-3-yl)sulfanyl]benzamide",4.67,4.57
3'-THIO-THYMIDINE-5'-PHOSPHATE,4.67,5.04
Aleglitazar,4.67,4.65
Digoxin,4.67,4.44
Glucose-6-Phosphate,4.67,4.82
Motexafingadolinium,4.67,3.73
Pitavastatin,4.67,4.39
Synephrine,4.67,4.69
[1-(4-Fluorobenzyl)Cyclobutyl]Methyl(1s)-1-[Oxo(1h-Pyrazol-5-Ylamino)Acetyl]Pentylcarbamate,4.67,4.54
"3-(4-HYDROXYPHENYL)-4,5-DIHYDRO-5-ISOXAZOLE-ACETICACIDMETHYLESTER",4.66,5.78
3-({1-[3-CARBAMIMIDOYL-1-(4-CARBAMIMIDOYL-BENZYLCARBAMOYL)-PROPYLCARBAMOYL]-2-METHYL-BUTYLSULFAMOYL}-METHYL)-BENZOICACID,4.66,6.1
6-bromoindirubin-3'-oxime,4.66,5.29
Cilazaprilat,4.66,4.14
N-[4-(5-fluoro-6-methylpyridin-2-yl)-5-quinoxalin-6-yl-1H-imidazol-2-yl]acetamide,4.66,4.15
PICEATANNOL,4.66,5.14
Piperacillin,4.66,4.58
"(1R)-2-[(Diaminomethylene)amino]-1-{4-[(4R)-4-(hydroxymethyl)-1,3,2-dioxaborolan-2-yl]phenyl}ethylnicotinate",4.65,5.55
"1-[4-(AMINOSULFONYL)PHENYL]-1,6-DIHYDROPYRAZOLO[3,4-E]INDAZOLE-3-CARBOXAMIDE",4.65,3.95
AC-(D)PHE-PRO-BOROLYS-OH,4.65,4.32
BenzylN-[(2S)-5-(diaminomethylamino)-1-[[(2S)-4-fluoro-3-oxobutan-2-yl]amino]-1-oxopentan-2-yl]carbamate,4.65,5.7
CRA_17312,4.65,4.11
"M-(N,N,N-Trimethylammonio)-2,2,2-Trifluoro-1,1-Dihydroxyethylbenzene",4.65,4.78
"N,N-dimethylarginine",4.65,4.24
N-1H-indazol-5-yl-2-(6-methylpyridin-2-yl)quinazolin-4-amine,4.65,6.02
PF-00356231,4.65,4.41
S-Hexylglutathione,4.65,3.09
"{4-[2,2-BIS(5-METHYL-1,2,4-OXADIAZOL-3-YL)-3-PHENYLPROPYL]PHENYL}SULFAMICACID",4.65,3.64
(2S)-2-[3-(AMINOMETHYL)PHENYL]-3-[(R)-HYDROXY{(1R)-2-METHYL-1-[(PHENYLSULFONYL)AMINO]PROPYL}PHOSPHORYL]PROPANOICACID,4.64,4.56
"2-Amino-7-[2-(2-Hydroxy-1-Hydroxymethyl-Ethylamino)-Ethyl]-1,7-Dihydro-Purin-6-One",4.64,4.71
"4-[3-Oxo-3-(5,5,8,8-Tetramethyl-5,6,7,8-Tetrahydro-Naphthalen-2-Yl)-Propenyl]-BenzoicAcid",4.64,4.33
Alprostadil,4.64,3.93
Cysteine-S-Acetamide,4.64,3.74
Desoxycorticosteroneacetate,4.64,6.06
Desoxycorticosteronepivalate,4.64,5.99
Edrophonium,4.64,4.35
"L-alanyl-N-[(1S,2R)-1-benzyl-2-hydroxypropyl]-L-alaninamide",4.64,4.88
Ledipasvir,4.64,6.72
"N-naphthalen-1-ylmethyl-2'-[3,5-dimethoxybenzamido]-2'-deoxy-adenosine",4.64,5.76
NitrilotriaceticAcid,4.64,4.19
Olsalazine,4.64,3.99
Sphingosine,4.64,3.96
Sulfamethizole,4.64,4.98
Theobromine,4.64,4.49
"(1S)-1-(3-chlorophenyl)-2-oxo-2-[(1,3,4-trioxo-1,2,3,4-tetrahydroisoquinolin-5-yl)amino]ethylacetate",4.63,3.92
"(8alpha,10alpha,13alpha,17beta)-17-[(4-hydroxyphenyl)carbonyl]androsta-3,5-diene-3-carboxylicacid",4.63,5.76
2-(Acetylamino)-2-Deoxy-6-O-Methyl-Alpha-D-Allopyranose,4.63,4.53
2-Cyclopropylmethylenepropanal,4.63,4.57
3-(4-nitrophenyl)-1H-pyrazole,4.63,4.39
"4,6-DIDEOXY-4-{[4-[(4-O-HEXOPYRANOSYLHEXOPYRANOSYL)OXY]-5,6-DIHYDROXY-3-(HYDROXYMETHYL)CYCLOHEX-2-EN-1-YL]AMINO}HEXOPYRANOSYL-(1->4)HEXOPYRANOSYL-(1->4)HEXOPYRANOSE",4.63,4.1
"4-O-(4,6-Dideoxy-4-{[4-[(4-O-Hexopyranosylhexopyranosyl)Oxy]-5,6-Dihydroxy-3-(Hydroxymethyl)Cyclohex-2-En-1-Yl]Amino}Hexopyranosyl)Hexopyranose",4.63,4.1
"5-[3-(2,5-dimethoxyphenyl)prop-1-yn-1-yl]-6-ethylpyrimidine-2,4-diamine",4.63,4.95
"7-[2-METHOXY-1-(METHOXYMETHYL)ETHYL]-7H-PYRROLO[3,2-F]QUINAZOLINE-1,3-DIAMINE",4.63,6.26
ALPHA-HYDROXYFARNESYLPHOSPHONICACID,4.63,5.1
Bis(5-Amidino-Benzimidazolyl)MethanoneZinc,4.63,4.39
D-Tyrosine,4.63,3.87
Dimetindene,4.63,5.41
Dinoprostone,4.63,4.57
Erythose-4-Phosphate,4.63,4.68
Indirubin-3'-monoxime,4.63,5.71
Linezolid,4.63,4.19
Porfiromycin,4.63,5.65
Proxyphylline,4.63,4.94
Sulfanilamide,4.63,4.19
Tetrahydrofolicacid,4.63,5.71
Tyrosine,4.63,3.87
Yohimbine,4.63,6.79
"(2R,3R,4R,5S)-2-(HYDROXYMETHYL)-1-NONYLPIPERIDINE-3,4,5-TRIOL",4.62,7.01
"(9S,10E,12Z)-9-hydroxyoctadeca-10,12-dienoicacid",4.62,4.91
"(9Z,11E,13S)-13-hydroxyoctadeca-9,11-dienoicacid",4.62,4.91
"3-Carbamimidamido-1,1-diphenylurea",4.62,4.55
"5-(5-chloro-7H-pyrrolo[2,3-d]pyrimidin-4-yl)-4,5,6,7-tetrahydro-1H-imidazo[4,5-c]pyridine",4.62,3.66
"5-Amino-1h-Pyrimidine-2,4-Dione",4.62,5.65
"6S-5,6,7,8-Tetrahydrobiopterin",4.62,4.25
AMD-070,4.62,4.29
Hyaluronicacid,4.62,4.17
Isopropylalcohol,4.62,3.73
Probucol,4.62,5.3
"1-(2-{[(6-amino-2-methylpyridin-3-yl)methyl]amino}ethyl)-6-chloro-3-[(2,2-difluoro-2-pyridin-2-ylethyl)amino]-1,4-dihydropyrazin-2-ol",4.61,4.04
1-{[1-(2-AMINO-3-PHENYL-PROPIONYL)-PYRROLIDINE-2-CARBONYL]-AMINO}-2-(3-CYANO-PHENYL)-ETHANEBORONICACID,4.61,3.45
"2,2'-{[9-(HYDROXYIMINO)-9H-FLUORENE-2,7-DIYL]BIS(OXY)}DIACETICACID",4.61,5.1
2-[2-(2-Cyclohexyl-2-Guanidino-Acetylamino)-Acetylamino]-N-(3-Mercapto-Propyl)-Propionamide,4.61,4.81
"3-[(4-fluorophenyl)sulfanyl]-N-(4-methyl-1,3-thiazol-2-yl)-6-[(4-methyl-4H-1,2,4-triazol-3-yl)sulfanyl]pyridine-2-carboxamide",4.61,5.31
5-AMINO-NAPHTALENE-2-MONOSULFONATE,4.61,4.08
AcarboseDerivedHexasaccharide,4.61,3.93
Ambenonium,4.61,4.02
Arginine,4.61,4.76
Arimoclomol,4.61,4.02
Cysteine,4.61,3.76
D-Cysteine,4.61,3.76
D-arginine,4.61,4.76
D-glucose,4.61,4.66
Dansylamide,4.61,4.78
Pralidoxime,4.61,4.08
Regadenoson,4.61,4.43
Ridogrel,4.61,5
Trabectedin,4.61,5.55
WRR-112,4.61,4.4
WRR-99,4.61,4.4
2-(Carboxymethoxy)-5-[(2s)-2-({(2s)-2-[(3-Carboxypropanoyl)Amino]-3-Phenylpropanoyl}Amino)-3-Oxo-3-(Pentylamino)Propyl]BenzoicAcid,4.6,3.96
2-[(3-Hydroxy-2-Methyl-5-Phosphonooxymethyl-Pyridin-4-Ylmethyl)-Imino]-5-Phosphono-Pent-3-EnoicAcid,4.6,4.59
Amsacrine,4.6,5.52
Chenodeoxycholicacid,4.6,4.32
Darodipine,4.6,4.36
Floxuridine,4.6,4.24
Ganstigmine,4.6,3.76
Metoprine,4.6,4.48
Sitaxentan,4.6,4.23
Ursodeoxycholicacid,4.6,4.32
Volixibat,4.6,3.97
"{[(2,6-difluorophenyl)carbonyl]amino}-N-(4-fluorophenyl)-1H-pyrazole-3-carboxamide",4.6,4.23
"(4aS,6R,8aS)-11-[8-(1,3-Dioxo-1,3-dihydro-2H-isoindol-2-yl)octyl]-6-hydroxy-3-methoxy-5,6,9,10-tetrahydro-4aH-[1]benzofuro[3a,3,2-ef][2]benzazepin-11-ium",4.59,5.59
(4e)-4-Aminohex-4-EnoicAcid,4.59,4.01
3-(Prop-2-Ene-1-Sulfinyl)-Propene-1-Thiol,4.59,4.2
"4-(2,5-Dichloro-Thiophen-3-Yl)-Pyrimidin-2-Ylamine",4.59,4.06
9-Methylguanine,4.59,4.63
Acarbose,4.59,4.16
Bazedoxifene,4.59,3.99
Deferiprone,4.59,3.75
Fenoterol,4.59,4.88
Moricizine,4.59,5.29
"S-(2,4-dinitrophenyl)glutathione",4.59,4.05
Safinamide,4.59,6.45
Taurochenodeoxycholicacid,4.59,4.69
Tauroursodeoxycholicacid,4.59,4.69
"1,6-DI-O-PHOSPHONO-D-MANNITOL",4.58,4.67
1-(3-Mercapto-2-Methyl-Propionyl)-Pyrrolidine-2-CarboxylicAcid,4.58,5.09
3-ETHYL-2-(4-HYDROXYPHENYL)-2H-INDAZOL-5-OL,4.58,5.19
4-Carbamoyl-4-{[6-(Difluoro-Phosphono-Methyl)-Naphthalene-2-Carbonyl]-Amino}-ButyricAcid,4.58,5.72
"6-METHYL-2(PROPANE-1-SULFONYL)-2H-THIENO[3,2-D][1,2,3]DIAZABORININ-1-OL",4.58,3.9
6-O-benzylguanine,4.58,4.17
Bromo-Willardiine,4.58,4.07
Captopril,4.58,5.09
Cinoxacin,4.58,3.78
Deoxyuridinemonophosphate,4.58,5.37
Firocoxib,4.58,5.49
Glyceraldehyde-3-Phosphate,4.58,4.44
Lesinurad,4.58,4.69
Lorazepam,4.58,4.69
Menadione,4.58,3.76
MesobiliverdinIValpha,4.58,4.57
N-{[(2-Methyl-2-propanyl)oxy]carbonyl}-L-alanyl-L-alaninamide,4.58,3.78
Nylidrin,4.58,5.16
Trifluridine,4.58,3.94
"beta-D-fructofuranose1,6-bisphosphate",4.58,4.37
cis-Diamminechlorocholylglycinateplatinum(II),4.58,4.28
1h-Benoximidazole-2-CarboxylicAcid,4.57,4.51
2-[(Formyl-Hydroxy-Amino)-Methyl]-HeptanoicAcid[1-(2-Hydroxymethyl-Pyrrolidine-1-Carbonyl)-2-Methyl-Propyl]-Amide,4.57,5.92
"5-{4-[(3,5-DIFLUOROBENZYL)AMINO]PHENYL}-6-ETHYLPYRIMIDINE-2,4-DIAMINE",4.57,6.9
6-phospho-D-gluconicacid,4.57,4.95
Bis(5-Amidino-Benzimidazolyl)MethaneZinc,4.57,4.71
Cortivazol,4.57,3.7
Dienestrol,4.57,5.05
Edaravone,4.57,3.65
Fructose-6-Phosphate,4.57,4.32
Hydroflumethiazide,4.57,6.55
Iproniazid,4.57,4.24
Levomenthol,4.57,4.12
N-[1-Hydroxycarboxyethyl-Carbonyl]Leucylamino-2-Methyl-Butane,4.57,4.37
Orciprenaline,4.57,4.67
Riluzole,4.57,5.64
Thymidine,4.57,3.71
Troxacitabine,4.57,4.36
"(2S)-1-(Dimethylamino)-3-(4-{[4-(2-methylimidazo[1,2-a]pyridin-3-yl)-2-pyrimidinyl]amino}phenoxy)-2-propanol",4.56,4.48
Anisindione,4.56,3.7
Argadin,4.56,4.48
Bumetanide,4.56,4.62
Canagliflozin,4.56,4.36
Cefradine,4.56,5.07
Clonazepam,4.56,4.44
Fructose,4.56,4.34
L-aminocarnityl-succinyl-leucyl-argininal-diethylacetal,4.56,4.78
"N-cyclopropyl-3-{[1-(2,4-difluorophenyl)-7-methyl-6-oxo-6,7-dihydro-1H-pyrazolo[3,4-b]pyridin-4-yl]amino}-4-methylbenzamide",4.56,4.85
PX-12,4.56,3.63
"(5E,13E)-11-HYDROXY-9,15-DIOXOPROSTA-5,13-DIEN-1-OICACID",4.55,5.2
3'-Oxo-Adenosine,4.55,4.3
3-BROMO-6-HYDROXY-2-(4-HYDROXYPHENYL)-1H-INDEN-1-ONE,4.55,4.09
5-phospho-D-arabinohydroxamicacid,4.55,4.22
"Hydroxy(oxo)(2-{(1S)-2,2,2-trifluoro-1-[2-(trimethylarsonio)ethoxy]ethyl}phenyl)ammonium",4.55,4.35
N-(4-carbamimidoylbenzyl)-1-(4-methylpentanoyl)-L-prolinamide,4.55,4.63
Pralnacasan,4.55,5
PropylGallate,4.55,6.19
Quinidine,4.55,4.07
Quinine,4.55,4.07
Resorcinol,4.55,4.38
Rutin,4.55,4.17
"4-(2,4-Dimethyl-Thiazol-5-Yl)-Pyrimidin-2-Ylamine",4.54,4.47
"5-{[(4-AMINO-3-CHLORO-5-FLUOROPHENYL)SULFONYL]AMINO}-1,3,4-THIADIAZOLE-2-SULFONAMIDE",4.54,5.49
6-(2-HYDROXY-CYCLOPENTYL)-7-OXO-HEPTANAMIDINE,4.54,3.48
Alpha-Hydroxy-Beta-Phenyl-PropionicAcid,4.54,3.97
Aranidipine,4.54,4.19
Cyproteroneacetate,4.54,5.05
Deoxycholicacid,4.54,4.17
Guanosine,4.54,4.17
Indirubin-5-sulphonate,4.54,5.06
(S)-wiskostatin,4.53,4.01
"2-(methylamino)-N-(4-methyl-1,3-thiazol-2-yl)-5-[(4-methyl-4H-1,2,4-triazol-3-yl)sulfanyl]benzamide",4.53,4.43
CRA_9785,4.53,4.68
Cholinesalicylate,4.53,4.59
Galliummaltolate,4.53,5.84
N-acetylserotonin,4.53,5.38
Oxamniquine,4.53,4.17
Praziquantel,4.53,3.79
Ribavirin,4.53,3.96
"7,8-dihydroinosine",4.52,3.62
D-Serine,4.52,3.49
Dimercaprol,4.52,3.42
Emtricitabine,4.52,4.87
Ethchlorvynol,4.52,4.54
InhibitorIdd384,4.52,4.31
L-homoarginine,4.52,4.76
Morpholine-4-CarboxylicAcid(1-(3-Benzenesulfonyl-1-Phenethylallylcarbamoyl)-3-Methylbutyl)-Amide,4.52,4.59
Phosphomethylphosphonicacidguanosylester,4.52,4.15
Serine,4.52,3.49
(R)-pyridin-4-yl[4-(2-pyrrolidin-1-ylethoxy)phenyl]methanol,4.51,4.18
1-Hydroxyamine-2-IsobutylmalonicAcid,4.51,4.37
1-{2-OXO-3-[(1R)-1-(1H-PYRROL-2-YL)ETHYL]-2H-INDOL-5-YL}UREA,4.51,4.14
2-[(5-hex-1-yn-1-ylfuran-2-yl)carbonyl]-N-methylhydrazinecarbothioamide,4.51,5.03
3-FLUORO-N-[1-(4-FLUOROPHENYL)-3-(2-THIENYL)-1H-PYRAZOL-5-YL]BENZENESULFONAMIDE,4.51,5.55
6-CARBAMIMIDOYL-2-[2-HYDROXY-6-(4-HYDROXY-PHENYL)-INDAN-1-YL]-HEXANOICACID,4.51,4.68
8-azaguanine,4.51,4.39
Albendazole,4.51,3.93
Cilastatin,4.51,3.92
CyclotheonamideA,4.51,5.14
LeukotrieneB4,4.51,4.46
Mitomycin,4.51,5.28
"UNDECA-3,7-DIENE-1,3,7,11-TETRACARBALDEHYDE",4.51,5.1
Upadacitinib,4.51,5.27
Vinblastine,4.51,6.44
[PHENYLALANINYL-PROLINYL]-[2-(PYRIDIN-4-YLAMINO)-ETHYL]-AMINE,4.51,5.08
"(2S)-2-Ammonio-3-[5-(2-methyl-2-propanyl)-3-oxido-1,2-oxazol-4-yl]propanoate",4.5,4.1
"1-{[(3R)-3-methyl-4-({4-[(1S)-2,2,2-trifluoro-1-hydroxy-1-methylethyl]phenyl}sulfonyl)piperazin-1-yl]methyl}cyclopropanecarboxamide",4.5,3.89
"2',3'-Dideoxythymidine-5'-Monophosphate",4.5,4.65
"4-(5-phenyl-1H-pyrrolo[2,3-b]pyridin-3-yl)benzoicacid",4.5,3.63
"4-O-(4,6-Dideoxy-4-{[4,5,6-Trihydroxy-3-(Hydroxymethyl)Cyclohex-2-En-1-Yl]Amino}-Beta-D-Lyxo-Hexopyranosyl)-Alpha-D-Erythro-Hexopyranose",4.5,4.04
5-Chloro-N-{(3S)-1-[(2S)-1-(4-morpholinyl)-1-oxo-2-propanyl]-2-oxo-3-pyrrolidinyl}-1H-indole-2-sulfonamide,4.5,5.11
Arsanilicacid,4.5,4.03
D-Lacticacid,4.5,3.99
Ethylmorphine,4.5,5.71
Flupirtine,4.5,5.65
Lacticacid,4.5,3.99
Phenazopyridine,4.5,3.96
Sevoflurane,4.5,5.52
beta-Naphthoflavone,4.5,4.58
"{3-[(4,5,7-TRIFLUORO-1,3-BENZOTHIAZOL-2-YL)METHYL]-1H-INDOL-1-YL}ACETICACID",4.5,5.59
"2,4-Diamino-6-[N-(2',5'-Dimethoxybenzyl)-N-Methylamino]Quinazoline",4.49,4.92
4-(2-AMINOPHENYL)-4-OXOBUTANOICACID,4.49,4.3
5-[4-(1-Carboxymethyl-2-Oxo-Propylcarbamoyl)-Benzylsulfamoyl]-2-Hydroxy-BenzoicAcid,4.49,4.29
"5-hydroxymethyl-5,6-dihydrofolicacid",4.49,5.4
6-MORPHOLIN-4-YL-9H-PURINE,4.49,5.49
Adenylosuccinicacid,4.49,4.45
Bosentan,4.49,4.09
Carmustine,4.49,4.23
Ethotoin,4.49,6.68
LaevulinicAcid,4.49,4.34
Lidocaine,4.49,5.06
"N-(4-Methoxybenzyl)-N'-(5-Nitro-1,3-Thiazol-2-Yl)Urea",4.49,4.66
N-(P-CYANOPHENYL)-N'-DIPHENYLMETHYL-GUANIDINE-ACETICACID,4.49,4.2
N-(PARA-GLUTARAMIDOPHENYL-ETHYL)-PIPERIDINIUM-N-OXIDE,4.49,3.46
N-[2-(1-Formyl-2-Methyl-Propyl)-1-(4-Piperidin-1-Yl-but-2-Enoyl)-Pyrrolidin-3-Yl]-Methanesulfonamide,4.49,4.45
"N-[2-({[amino(imino)methyl]amino}oxy)ethyl]-2-{6-chloro-3-[(2,2-difluoro-2-phenylethyl)amino]-2-fluorophenyl}acetamide",4.49,4.44
N-{3-METHYL-5-[2-(PYRIDIN-4-YLAMINO)-ETHOXY]-PHENYL}-BENZENESULFONAMIDE,4.49,5.29
O-(((1R)-((N-PHENYLMETHOXYCARBONYL-L-ALANYL)AMINO)ETHYL)HYDROXYPHOSPHONO)-L-BENZYLACETICACID,4.49,4.51
(2S)-2-HYDROXYOCTANOICACID,4.48,3.74
"(5-phenyl-7-(pyridin-3-ylmethylamino)pyrazolo[1,5-a]pyrimidin-3-yl)methanol",4.48,5.52
1-DODECANOL,4.48,3.61
2-OXOHEPTYLPHOSPHONICACID,4.48,5.49
3'-Uridinemonophosphate,4.48,4.19
"4'-[(1R)-1-amino-2-(2,5-difluorophenyl)ethyl]biphenyl-3-carboxamide",4.48,4.41
"5-(2-ETHOXYETHYL)-5-[4-(4-FLUOROPHENOXY)PHENOXY]PYRIMIDINE-2,4,6(1H,3H,5H)-TRIONE",4.48,4.97
"9-Butyl-8-(2,5-Dimethoxy-Benzyl)-9h-Purin-6-Ylamine",4.48,4.88
Acefylline,4.48,4.33
Adenine,4.48,5.24
Amineptine,4.48,4.6
Arabinouridine3'-phosphate,4.48,4.19
Cyclicadenosinemonophosphate,4.48,4.43
Cytidine3'-monophosphate,4.48,3.83
Guanadrel,4.48,3.66
Macitentan,4.48,4.99
Manidipine,4.48,4.8
Metolazone,4.48,3.76
Pholcodine,4.48,5.38
Trans-O-Hydroxy-Alpha-MethylCinnamate,4.48,4.16
"[(3R)-7-NITRO-1,2,3,4-TETRAHYDROISOQUINOLIN-3-YL]METHANOL",4.48,4.46
16-Bromoepiandrosterone,4.47,5.12
4-(BENZHYDRYLOXY)-1-[3-(1H-TETRAAZOL-5-YL)PROPYL]PIPERIDINE,4.47,3.91
Amodiaquine,4.47,4.6
"BUT-3-ENYL-[5-(4-CHLORO-PHENYL)-3,6-DIHYDRO-[1,3,4]THIADIAZIN-2-YLIDENE]-AMINE",4.47,4.54
Biopterin,4.47,4.68
Empagliflozin,4.47,4.91
Formestane,4.47,4.46
Histamine,4.47,3.51
N'-Pyridoxyl-Lysine-5'-Monophosphate,4.47,5.24
N-(3-chlorobenzyl)-1-(4-methylpentanoyl)-L-prolinamide,4.47,5.14
N-cyclohexyltaurine,4.47,4.24
Sulfathiazole,4.47,4.24
Tezacaftor,4.47,5.99
1-ETHOXYCARBONYL-D-PHE-PRO-2(4-AMINOBUTYL)HYDRAZINE,4.46,4.49
2-(2-Hydroxy-Phenyl)-1h-Indole-5-Carboxamidine,4.46,5.14
"3,6-dihydroxy-xanthene-9-propionicacid",4.46,4.93
"4-[8-(3-nitrophenyl)-1,7-naphthyridin-6-yl]benzoicacid",4.46,4.27
5-[(2-AMINOETHYL)AMINO]-6-FLUORO-3-(1H-PYRROL-2-YL)BENZO[CD]INDOL-2(1H)-ONE,4.46,4.03
"5-amino-2,4,6-tribromobenzene-1,3-dicarboxylicacid",4.46,4.28
Arbutin,4.46,3.84
Fradafiban,4.46,4.31
N-(5-Amino-5-Carboxypentyl)GlutamicAcid,4.46,4.75
"N-[5-(ETHYLSULFONYL)-2-METHOXYPHENYL]-5-[3-(2-PYRIDINYL)PHENYL]-1,3-OXAZOL-2-AMINE",4.46,5.52
"N-[amino(imino)methyl]-2-(2,5-diphenyl-1H-pyrrol-1-yl)acetamide",4.46,4.48
methyl(3S)-3-[(tert-butoxycarbonyl)amino]-4-oxopentanoate,4.46,4.15
"2,5-DICHLORO-N-[5-METHOXY-7-(6-METHOXYPYRIDIN-3-YL)-1,3-BENZOXAZOL-2-YL]BENZENESULFONAMIDE",4.45,4.54
Candoxatril,4.45,4.23
Chlormadinone,4.45,5.02
N-(2-Aminoethyl)-5-Chloroisoquinoline-8-Sulfonamide,4.45,4.55
"N-{2-[6-(2,4-DIAMINO-6-ETHYLPYRIMIDIN-5-YL)-2,2-DIMETHYL-3-OXO-2,3-DIHYDRO-4H-1,4-BENZOXAZIN-4-YL]ETHYL}ACETAMIDE",4.45,6.14
Phenytoin,4.45,3.99
Rufinamide,4.45,4.36
Succinobucol,4.45,4.18
"5-ETHYL-3-METHYL-1,5-DIHYDRO-4H-PYRAZOLO[4,3-C]QUINOLIN-4-ONE",4.44,4.43
Acenocoumarol,4.44,4.5
CRA_1144,4.44,5
Formycin,4.44,4.15
N-[2-(2-iodo-5-methoxy-1H-indol-3-yl)ethyl]acetamide,4.44,4.12
Pentoxifylline,4.44,4.4
Tretazicar,4.44,4.06
[N-(BENZYLOXYCARBONYL)AMINO](4-AMIDINOPHENYL)METHANE-PHOSPHONATE,4.44,4.19
"1-(3-(2,4-DIMETHYLTHIAZOL-5-YL)-4-OXO-2,4-DIHYDROINDENO[1,2-C]PYRAZOL-5-YL)-3-(4-METHYLPIPERAZIN-1-YL)UREA",4.43,3.92
1-(PHENYLMETHYL)CYCLOPENTYL[(1S)-1-FORMYLPENTYL]CARBAMATE,4.43,4.34
"3,4-Dihydroxy-1-Methylquinolin-2(1h)-One",4.43,4.69
3-(2-aminoquinazolin-6-yl)-4-methyl-1-[3-(trifluoromethyl)phenyl]pyridin-2(1H)-one,4.43,5.08
4-[(5-{[4-(3-CHLOROPHENYL)-3-OXOPIPERAZIN-1-YL]METHYL}-1H-IMIDAZOL-1-YL)METHYL]BENZONITRILE,4.43,5.18
4-{2-[(3-Nitrobenzoyl)Amino]Phenoxy}PhthalicAcid,4.43,6.73
5-fluorouridine,4.43,3.95
Acetylcarnitine,4.43,4.15
Biotin,4.43,4.65
Glisoxepide,4.43,4.12
Glyoxylicacid,4.43,3.87
Harmaline,4.43,5.23
Lacidipine,4.43,4.31
"METHYLN-({(2S,3S)-3-[(PROPYLAMINO)CARBONYL]OXIRAN-2-YL}CARBONYL)-L-ISOLEUCYL-L-PROLINATE",4.43,4.49
Pirenzepine,4.43,5.16
"S-METHYL-4,5,6,7-TETRABROMO-BENZIMIDAZOLE",4.43,3.72
Voxilaprevir,4.43,5.65
gamma-Glutamyl[S-(2-iodobenzyl)cysteinyl]glycine,4.43,5.58
(2S)-2-[3-(AMINOMETHYL)PHENYL]-3-{(R)-HYDROXY[(1R)-2-METHYL-1-{[(3-PHENYLPROPYL)SULFONYL]AMINO}PROPYL]PHOSPHORYL}PROPANOICACID,4.42,4.66
2-(4-HYDROXY-5-PHENYL-1H-PYRAZOL-3-YL)-1H-BENZOIMIDAZOLE-5-CARBOXAMIDINE,4.42,4.44
"3,5-Dimethyl-1h-Pyrazole-4-CarboxylicAcidEthylEster",4.42,4.81
"6-CYCLOHEXYLMETHYLOXY-5-NITROSO-PYRIMIDINE-2,4-DIAMINE",4.42,4.47
Acetohexamide,4.42,4.26
Glimepiride,4.42,4.13
HOMOPHENYLALANINYLMETHANE,4.42,3.91
Naproxen,4.42,5.3
Netarsudil,4.42,5.05
Robalzotan,4.42,4.6
(3R)-3-HYDROXYDODECANOICACID,4.41,3.95
13-deoxydoxorubicin,4.41,3.53
"2,6-Dihydroanthra/1,9-Cd/Pyrazol-6-One",4.41,4.89
3-Hydroxy-MyristicAcid,4.41,3.95
4-[5-[2-(1-Phenyl-Ethylamino)-Pyrimidin-4-Yl]-1-Methyl-4-(3-Trifluoromethylphenyl)-1h-Imidazol-2-Yl]-Piperidine,4.41,4.63
7-METHOXY-1-METHYL-9H-BETA-CARBOLINE,4.41,4.18
9-(2-carboxyethyl)-10-methylanthraceneendoperoxide,4.41,3.96
Aminolevulinicacid,4.41,4
Amlodipine,4.41,3.94
Lamivudine,4.41,3.99
Levamlodipine,4.41,3.94
"N-[(2R,3S)-3-AMINO-2-HYDROXY-4-PHENYLBUTYL]NAPHTHALENE-2-SULFONAMIDE",4.41,3.89
Physostigmine,4.41,4.07
Propacetamol,4.41,4.07
S-{2-[Amino(Dihydroxy)-Lambda~4~-Sulfanyl]Ethyl}-D-Cysteine,4.41,3.08
Segesteroneacetate,4.41,5.85
Tipranavir,4.41,4.44
2'-fluoro-2'-deoxyuridine3'-monophosphate,4.4,5.73
"2-HYDROXYMETHYL-6-OCTYLSULFANYL-TETRAHYDRO-PYRAN-3,4,5-TRIOL",4.4,4.51
"2-[4-({[(3,5-DICHLOROPHENYL)AMINO]CARBONYL}AMINO)PHENOXY]-2-METHYLPROPANOICACID",4.4,4.6
"3-[[(METHYLAMINO)SULFONYL]AMINO]-2-OXO-6-PHENYL-N-[3,3,3-TRIFLUORO-1-(1-METHYLETHYL)-2-OXOPHENYL]-1(2H)-PYRIDINEACETAMIDE",4.4,4.22
AcetoaceticAcid,4.4,4
CysteinesulfonicAcid,4.4,3.69
Echinacoside,4.4,3.71
Efonidipine,4.4,4.6
Eslicarbazepineacetate,4.4,4.96
Gabaculine,4.4,4.46
Gliclazide,4.4,4.93
Heptyl1-Thiohexopyranoside,4.4,4.51
Levocarnitine,4.4,4.04
Midodrine,4.4,4.47
Nomegestrol,4.4,4.99
Puromycin,4.4,3.88
(3-Carboxy-2-(R)-Hydroxy-Propyl)-Trimethyl-Ammonium,4.39,3.65
1-Hydroxy-2-Amino-3-Cyclohexylpropane,4.39,5.33
"1-ethyl-N-(phenylmethyl)-4-(tetrahydro-2H-pyran-4-ylamino)-1H-pyrazolo[3,4-b]pyridine-5-carboxamide",4.39,6.78
2-(5-CHLORO-2-THIENYL)-N-{(3S)-1-[(1S)-1-METHYL-2-MORPHOLIN-4-YL-2-OXOETHYL]-2-OXOPYRROLIDIN-3-YL}ETHANESULFONAMIDE,4.39,5.22
2-[N'-(4-AMINO-BUTYL)-HYDRAZINOCARBONYL]-PYRROLIDINE-1-CARBOXYLICACIDBENZYLESTER,4.39,3.49
"3,8,9,10-tetrahydroxy-7-hydroxymethyl-6-oxa-1,3-diaza-spiro[4.5]decane-2,4-dione",4.39,3.4
3-{3-[(DIMETHYLAMINO)METHYL]-1H-INDOL-7-YL}PROPAN-1-OL,4.39,4.72
5-N-Allyl-Arginine,4.39,4.07
DPI59,4.39,3.77
Daunorubicin,4.39,3.8
Deferasirox,4.39,3.84
L-methionine(R)-S-oxide,4.39,3.93
Methylaminolevulinate,4.39,4.12
"N'-(2s,3r)-3-Amino-4-Cyclohexyl-2-Hydroxy-Butano-N-(4-Methylphenyl)Hydrazide",4.39,5.81
N-(2-CHLORO-4-FLUOROBENZOYL)-N'-(5-HYDROXY-2-METHOXYPHENYL)UREA,4.39,5.3
Nitrazepam,4.39,4.04
Quinethazone,4.39,3.97
Ranirestat,4.39,6.64
Tolmetin,4.39,5.38
"[1-(1-Methyl-4,5-Dioxo-Pent-2-Enylcarbamoyl)-2-Phenyl-Ethyl]-CarbamicAcidBenzylEster",4.39,3.76
2-Deoxy-Glucitol-6-Phosphate,4.38,4.15
"2-[(2-methoxyethyl)amino]-4-(4-oxo-1,2,3,4-tetrahydro-9H-carbazol-9-yl)benzamide",4.38,4.44
"3-[3-(3-methyl-6-{[(1S)-1-phenylethyl]amino}-1H-pyrazolo[4,3-c]pyridin-1-yl)phenyl]propanamide",4.38,4.92
6-(3-AMINOPHENYL)-N-(TERT-BUTYL)-2-(TRIFLUOROMETHYL)QUINAZOLIN-4-AMINE,4.38,4.86
MethylN-{[(1R)-1-({1-[(benzyloxy)carbonyl]-L-prolyl-6-ammonio-L-norleucyl}amino)-2-phenylethyl](hydroxy)phosphoryl}-L-alanyl-L-prolinate,4.38,3.89
Monastrol,4.38,4.9
[1-(3-CHLORO-2-FORMYL-PHENYLCARBAMOYL)-2-METHYL-PROPYL]-CARBAMICACIDTERT-BUTYLESTER,4.38,4.43
1-(5-CHLORO-2-METHOXYPHENYL)-3-{6-[2-(DIMETHYLAMINO)-1-METHYLETHOXY]PYRAZIN-2-YL}UREA,4.37,4.67
5'-O-(N-Ethyl-Sulfamoyl)Adenosine,4.37,4.7
Aminosalicylicacid,4.37,3.79
Bicine,4.37,3.45
Decitabine,4.37,4.24
Niclosamide,4.37,4.99
"N~3~-[3-(1H-INDOL-6-YL)BENZYL]PYRIDINE-2,3-DIAMINE",4.37,6.04
Tirapazamine,4.37,4.74
"(2E)-3-(3,4-DIHYDROXYPHENYL)-2-IMINOPROPANOICACID",4.36,4.86
"(3,4,8b-Trimethyl-3-oxido-2,3a-dihydro-1H-pyrrolo[2,3-b]indol-3-ium-7-yl)N-(2-ethylphenyl)carbamate",4.36,3.93
"(8R,9Z,12Z)-8-hydroxy-6-oxooctadeca-9,12-dienoicacid",4.36,3.44
2-chloro-5-nitro-N-phenylbenzamide,4.36,4.43
4-(5-BENZENESULFONYLAMINO-1-METHYL-1H-BENZOIMIDAZOL-2-YLMETHYL)-BENZAMIDINE,4.36,3.94
"4-[(1S,2S,5S)-5-(HYDROXYMETHYL)-8-METHYL-3-OXABICYCLO[3.3.1]NON-7-EN-2-YL]PHENOL",4.36,4.37
"6-(2,4-DIAMINO-6-ETHYLPYRIMIDIN-5-YL)-4-(3-METHOXYPROPYL)-2,2-DIMETHYL-2H-1,4-BENZOXAZIN-3(4H)-ONE",4.36,6.64
"8-(2,5-Dimethoxy-Benzyl)-2-Fluoro-9-Pent-9h-Purin-6-Ylamine",4.36,4.1
BIA,4.36,3.83
Hemi-Babim,4.36,4.51
MB-07803,4.36,4.95
Monothioglycerol,4.36,3.6
N-omega-propyl-L-arginine,4.36,4.81
Nedocromil,4.36,5.45
"PYRIMIDINE-4,6-DICARBOXYLICACIDBIS-[(PYRIDIN-3-YLMETHYL)-AMIDE]",4.36,4.46
Phosphorylcolamine,4.36,5.45
Pimobendan,4.36,4.42
"(1'R,2'S)-9-(2-Hydroxy-3'-Keto-Cyclopenten-1-yl)Adenine",4.35,4.24
"(3R)-3-(FLUOROMETHYL)-N-(3,3,3-TRIFLUOROPROPYL)-1,2,3,4-TETRAHYDROISOQUINOLINE-7-SULFONAMIDE",4.35,4.64
"2,3-Dihydroxy-BenzoicAcid",4.35,3.4
4-{[(CYCLOHEXYLAMINO)CARBONYL]AMINO}BUTANOICACID,4.35,4.36
"6-PHENYL[5H]PYRROLO[2,3-B]PYRAZINE",4.35,3.84
Ambrisentan,4.35,4.29
BETA-METHYLLACTOSIDE,4.35,3.87
Cycloserine,4.35,3.85
M-Cresol,4.35,4.36
N-(4-CHLOROPHENYL)-3-(PHOSPHONOOXY)NAPHTHALENE-2-CARBOXAMIDE,4.35,3.45
"N-{[(2S,3S)-3-(ETHOXYCARBONYL)OXIRAN-2-YL]CARBONYL}-L-ISOLEUCYL-L-ALANINE",4.35,4.67
Relcovaptan,4.35,5.23
Tert-Butyl(1s)-1-Cyclohexyl-2-Oxoethylcarbamate,4.35,4.34
"(2S,3S)-3-FORMYL-2-({[(4-NITROPHENYL)SULFONYL]AMINO}METHYL)PENTANOICACID",4.34,4.03
"(2S,3S)-3-{3-[4-(METHYLSULFONYL)PHENYL]-1,2,4-OXADIAZOL-5-YL}-1-OXO-1-PYRROLIDIN-1-YLBUTAN-2-AMINE",4.34,4.41
"(5BETA)-PREGNANE-3,20-DIONE",4.34,5.27
(S)-N-(4-carbamimidoylbenzyl)-1-(2-(cyclopentyloxy)ethanoyl)pyrrolidine-2-carboxamide,4.34,5.65
"5-[(3R)-3-(5-methoxybiphenyl-3-yl)but-1-yn-1-yl]-6-methylpyrimidine-2,4-diamine",4.34,5.2
Alpha-AminoisobutyricAcid,4.34,3.95
Boceprevir,4.34,5.79
D-glucitol6-phosphate,4.34,3.78
Desflurane,4.34,3.4
Dydrogesterone,4.34,4.38
"GUANOSINE-2',3'-O-ETHYLIDENEPHOSPHONATE",4.34,4.3
Glycocholicacid,4.34,4.26
Guanosine-5'-Monophosphate,4.34,4.37
Iloprost,4.34,4.33
L-2-amino-4-methoxy-cis-but-3-enoicacid,4.34,4.19
Loperamide,4.34,4.39
"N,N-DIMETHYL-4-(4-PHENYL-1H-PYRAZOL-3-YL)-1H-PYRROLE-2-CARBOXAMIDE",4.34,3.79
Saracatinib,4.34,5.43
Tridolgosir,4.34,3.69
"2-{2-hydroxy-[1,1'-biphenyl]-3-yl}-1H-1,3-benzodiazole-5-carboximidamide",4.33,3.74
2-{[4-(4-pyridin-4-yl-1H-pyrazol-3-yl)phenoxy]methyl}quinoline,4.33,4.39
"3-[(1E,7E)-8-(2,6-dioxo-1,2,3,6-tetrahydropyrimidin-4-yl)-3,6-dioxa-2,7-diazaocta-1,7-dien-1-yl]benzoicacid",4.33,4.12
"4,7-DioxosebacicAcid",4.33,3.88
4-PIPERIDIN-4-YLBUTANAL,4.33,4.92
6-[(5-CHLORO-3-METHYL-1-BENZOFURAN-2-YL)SULFONYL]PYRIDAZIN-3(2H)-ONE,4.33,4.76
Asparagine,4.33,4.05
Avibactam,4.33,5.75
Bleomycin,4.33,4.54
Deslanoside,4.33,4.18
Felodipine,4.33,4.38
Guvacine,4.33,4.28
Nitisinone,4.33,3.63
P-Nitrophenol,4.33,4.14
1-Anilino-8-NaphthaleneSulfonate,4.32,5.65
"2',5'-DIDEOXY-ADENOSINE3'-MONOPHOSPHATE",4.32,4.74
2'-Deoxycytidine,4.32,3.9
2-Deoxy-2-AminoGlucitol-6-Phosphate,4.32,3.92
5-fluoro-beta-L-gulosylfluoride,4.32,3.8
6-Carboxymethyluracil,4.32,4.1
Cholinealfoscerate,4.32,3.49
Cidofovir,4.32,4.06
Eplerenone,4.32,4.03
HeparinDisaccharideI-S,4.32,4.34
LysineNz-CarboxylicAcid,4.32,4.23
Meglutol,4.32,4.33
Nevirapine,4.32,3.87
"Quinonoid7,8-Tetrahydrobiopterin",4.32,4.21
RU78300,4.32,4.66
"Uridine-2',3'-vanadate",4.32,3.84
Z-Pro-Prolinal,4.32,4.27
2-Methyl-2-Propanol,4.31,3.83
3-[5-(1H-IMIDAZOL-1-YL)-7-METHYL-1H-BENZIMIDAZOL-2-YL]-4-[(PYRIDIN-2-YLMETHYL)AMINO]PYRIDIN-2(1H)-ONE,4.31,4
5-PhosphoarabinonicAcid,4.31,3.71
9-Deazaguanine,4.31,3.95
Amibegron,4.31,5.34
Ethylpyruvate,4.31,3.99
Imino-Tryptophan,4.31,4.01
Lactose,4.31,4.18
Maltose,4.31,4.18
Mesalazine,4.31,3.84
"N-(4-OXO-5,6,7,8-TETRAHYDRO-4H-[1,3]THIAZOLO[5,4-C]AZEPIN-2-YL)ACETAMIDE",4.31,4.02
"N-{2-[(4'-CYANO-1,1'-BIPHENYL-4-YL)OXY]ETHYL}-N'-HYDROXY-N-METHYLUREA",4.31,4.91
alpha-maltotriose,4.31,4.18
"(1S)-2-oxo-1-phenyl-2-[(1,3,4-trioxo-1,2,3,4-tetrahydroisoquinolin-5-yl)amino]ethylacetate",4.3,4.05
Bentiromide,4.3,3.55
Ferrousgluconate,4.3,3.34
Indalpine,4.3,4.99
Isatoribine,4.3,3.87
Miglitol,4.3,3.77
Phenolphthalein,4.3,3.85
Polaprezinc,4.3,5.03
S-PALMITOYL-L-CYSTEINE,4.3,3.12
[4-({[5-Benzyloxy-1-(3-Carbamimidoyl-Benzyl)-1h-Indole-2-Carbonyl]-Amino}-Methyl)-Phenyl]-Trimethyl-Ammonium,4.3,4.72
"4-({5-[(4-AMINOCYCLOHEXYL)AMINO][1,2,4]TRIAZOLO[1,5-A]PYRIMIDIN-7-YL}AMINO)BENZENESULFONAMIDE",4.29,5.06
"9-Butyl-8-(2,5-Dimethoxy-Benzyl)-2-Fluoro-9h-Purin-6-Ylamine",4.29,4.72
Cefuroxime,4.29,4.01
Denibulin,4.29,4.78
Doxorubicin,4.29,4.33
Epirubicin,4.29,4.33
Ferricpyrophosphatecitrate,4.29,4.61
Fluoro-Willardiine,4.29,4.37
Inosine,4.29,4.01
Melengestrolacetate,4.29,4.25
TechnetiumTc-99msestamibi,4.29,4
Uridine-Diphosphate-N-Acetylgalactosamine,4.29,3.74
Uridine-Diphosphate-N-Acetylglucosamine,4.29,3.74
Vercirnon,4.29,4.48
"(2S,3S,4R,5S)-2-(4-Amino-4,5-dihydro-1H-pyrrolo[3,2-d]pyrimidin-7-yl)-5-[(methylsulfanyl)methyl]-3,4-pyrrolidinediol",4.28,6.08
"(5-Chloropyrazolo[1,5-a]Pyrimidin-7-Yl)-(4-Methanesulfonylphenyl)Amine",4.28,4.47
"1,4-dithio-alpha-D-glucopyranose",4.28,3.74
Cilazapril,4.28,4.12
D-[(Amino)Carbonyl]Phenylalanine,4.28,3.76
D-norleucine,4.28,3.59
Dapagliflozin,4.28,4.03
ETHYL3-[4-(AMINOSULFONYL)PHENYL]PROPANOATE,4.28,3.64
Naveglitazar,4.28,3.7
ReidispongiolideC,4.28,3.77
Vigabatrin,4.28,4.42
Voriconazole,4.28,4.79
"(4-{4-[(TERT-BUTOXYCARBONYL)AMINO]-2,2-BIS(ETHOXYCARBONYL)BUTYL}PHENYL)SULFAMICACID",4.27,3.76
"(9S,10S)-9-(S-glutathionyl)-10-hydroxy-9,10-dihydrophenanthrene",4.27,3.77
1-Deaza-Adenosine,4.27,3.86
4-Deoxy-Alpha-D-Glucose,4.27,4.77
4-methyl-umbelliferyl-N-acetyl-chitobiose,4.27,3.55
6-{4-[4-(4-CHLOROPHENYL)PIPERIDIN-4-YL]PHENYL}-9H-PURINE,4.27,3.85
Chitotriose,4.27,3.85
Clazosentan,4.27,4.81
Creatine,4.27,3.27
Elafibranor,4.27,3.76
HeparinDisaccharideIii-S,4.27,4.74
L-Myo-Inositol-1-Phosphate,4.27,4.11
Olodaterol,4.27,4.43
Tetraferrictricitratedecahydrate,4.27,4.12
Uridine,4.27,3.93
"(1aR,8S,13S,14S,15aR)-5,13,14-trihydroxy-3-methoxy-8-methyl-8,9,13,14,15,15a-hexahydro-6H-oxireno[k][2]benzoxacyclotetradecine-6,12(1aH)-dione",4.26,4.72
"(4R)-7-chloro-9-methyl-1-oxo-1,2,4,9-tetrahydrospiro[beta-carboline-3,4'-piperidine]-4-carbonitrile",4.26,6.19
3-Nitro-4-(2-Oxo-Pyrrolidin-1-Yl)-Benzenesulfonamide,4.26,4.85
4-guanidinobenzoicacid,4.26,3.77
"5-Methyl-5-(4-Phenoxy-Phenyl)-Pyrimidine-2,4,6-Trione",4.26,3.55
Ertugliflozin,4.26,5.43
Fludarabine,4.26,4.12
Lacosamide,4.26,3.84
Minodronicacid,4.26,4.85
(2R)-({4-[AMINO(IMINO)METHYL]PHENYL}AMINO){5-ETHOXY-2-FLUORO-3-[(3R)-TETRAHYDROFURAN-3-YLOXY]PHENYL}ACETICACID,4.25,4.96
(R)-Propyleneglycol,4.25,3.2
1-ACETYL-2-CARBOXYPIPERIDINE,4.25,3.84
"3,5-diiodothyropropionicacid",4.25,5.53
3-(4-{2-[2-(2-bromo-acetylamino)-ethyldisulfanyl]-ethylcarbamoyl}-cyclohexylcarbamoyl)-pyrazine-2-carboxylicacid,4.25,3.92
3-Amino-4-Oxybenzyl-2-Butanone,4.25,4.09
4-phospho-L-threonicacid,4.25,3.57
6-(CYCLOHEXYLMETHOXY)-8-ISOPROPYL-9H-PURIN-2-AMINE,4.25,3.81
Acidyellow54freeacid,4.25,5.46
Chlorobutanol,4.25,3.96
Dansyllysine,4.25,4.2
Glycocyamine,4.25,3.7
Lanosterol,4.25,4.87
MK-0354,4.25,5.19
"N-(dibenzo[b,d]thiophen-3-ylsulfonyl)-L-valine",4.25,4.5
"N-[2-(1,3-BENZODIOXOL-5-YL)ETHYL]-1-[2-(1H-IMIDAZOL-1-YL)-6-METHYLPYRIMIDIN-4-YL]-D-PROLINAMIDE",4.25,4.43
"N-{1-[(1-carbamoylcyclopropyl)methyl]piperidin-4-yl}-N-cyclopropyl-4-[(1S)-2,2,2-trifluoro-1-hydroxy-1-methylethyl]benzamide",4.25,3.73
N6-ISOPENTENYL-ADENOSINE-5'-MONOPHOSPHATE,4.25,5.85
Obeticholicacid,4.25,4.18
Propyleneglycol,4.25,3.2
"(3R)-N-(4-CHLOROPHENYL)-3-(HYDROXYMETHYL)-1,2,3,4-TETRAHYDROISOQUINOLINE-7-SULFONAMIDE",4.24,4.95
"1-(2,6-Dichlorophenyl)-5-(2,4-Difluorophenyl)-7-Piperazin-1-Yl-3,4-Dihydroquinazolin-2(1h)-One",4.24,3.92
1-[N-4'-NITROBENZYL-N-4'-CARBOXYBUTYLAMINO]METHYLPHOSPHONICACID,4.24,3.99
3-(Oxalyl-Amino)-Naphthalene-2-CarboxylicAcid,4.24,3.74
"3-AMINO-3-BENZYL-9-CARBOXAMIDE[4.3.0]BICYCLO-1,6-DIAZANONAN-2-ONE",4.24,4.86
"4,6-Dideoxy-4-{[4,5,6-Trihydroxy-3-(Hydroxymethyl)Cyclohex-2-En-1-Yl]Amino}-Alpha-D-Lyxo-Hexopyranosyl-(1->4)-Alpha-D-Threo-Hexopyranosyl-(1->6)-Alpha-L-Threo-Hexopyranose",4.24,3.89
4-(acetylamino)-N-(4-fluorophenyl)-1H-pyrazole-3-carboxamide,4.24,4.41
"5-(dodecylthio)-1H-1,2,3-triazole-4-carboxylicacid",4.24,3.84
"7-{2,6-DICHLORO-4-[3-(2-CHLORO-BENZOYL)-UREIDO]-PHENOXY}-HEPTANOICACID",4.24,4.03
Diphthamide,4.24,4.19
Elaidoylamide,4.24,3.54
Etravirine,4.24,6.24
Glycine,4.24,3.56
Isavuconazonium,4.24,5.85
N-(4-sulfamoylphenyl)-1H-indazole-3-carboxamide,4.24,5.15
Nicorandil,4.24,5.64
NojirimycineTetrazole,4.24,3.14
PARA-NITROPHENYL1-THIO-BETA-D-GLUCOPYRANOSIDE,4.24,3.87
SpaglumicAcid,4.24,4.28
Tegafur-uracil,4.24,4.51
(3E)-4-(1-METHYL-1H-INDOL-3-YL)BUT-3-EN-2-ONE,4.23,4.01
(4-ETHYLPHENYL)SULFAMICACID,4.23,3.63
4-(2-methoxyethoxy)-6-methylpyrimidin-2-amine,4.23,4.47
4-[3-(4-FLUOROPHENYL)-1H-PYRAZOL-4-YL]PYRIDINE,4.23,4.61
Candoxatrilat,4.23,4.4
Idarubicin,4.23,3.51
Parachlorophenol,4.23,3.55
S-benzylglutathione,4.23,5.77
SP2456,4.23,5.12
Sacubitril,4.23,4.11
Varlitinib,4.23,4.93
Zalcitabine,4.23,4.02
2-(2-Hydroxy-5-Methoxy-Phenyl)-1h-Benzoimidazole-5-Carboxamidine,4.22,3.6
"2-chloro-4-{[(1R,3Z,7S,7aS)-7-hydroxy-1-(trifluoromethyl)tetrahydro-1H-pyrrolo[1,2-c][1,3]oxazol-3-ylidene]amino}-3-methylbenzonitrile",4.22,5.06
"3-Mercapto-1-(1,3,4,9-Tetrahydro-B-Carbolin-2-Yl)-Propan-1-One",4.22,5.15
"4-(2-amino-1,3-thiazol-4-yl)phenol",4.22,3.51
4-HYDROXY-N-PROPARGYL-1(R)-AMINOINDAN,4.22,4.86
Capecitabine,4.22,6.3
Eperisone,4.22,3.79
Etafedrine,4.22,4.3
"Heptane-1,2,3-Triol",4.22,3.61
OroticAcid,4.22,4.39
Pyridoxal,4.22,3.98
alpha-D-Xylopyranose,4.22,4.79
(2s)-Hydroxy(4-Hydroxyphenyl)Ethanenitrile,4.21,3.83
"(9R,10R)-9-(S-glutathionyl)-10-hydroxy-9,10-dihydrophenanthrene",4.21,4.46
"2-HYDROXY-3,5-DIIODOBENZOICACID",4.21,4.13
3-fluoro-N-1H-indol-5-yl-5-morpholin-4-ylbenzamide,4.21,3.45
"5,6-dichloro-1-beta-D-ribofuranosyl-1H-benzimidazole",4.21,4.97
6-O-CyclohexylmethylGuanine,4.21,4.08
"9-(4-Hydroxyphenyl)-2,7-Phenanthroline",4.21,2.99
Annamycin,4.21,3.84
ArbaclofenPlacarbil,4.21,4.27
Benzodiazepine,4.21,4.17
CTS-1027,4.21,4.29
Clofarabine,4.21,4.07
Dazoxiben,4.21,4.45
Ethylbiscoumacetate,4.21,5.69
Glycolsalicylate,4.21,3.97
Metahexamide,4.21,4.11
Monobenzone,4.21,4.42
(R)-TRANS-4-(1-AMINOETHYL)-N-(4-PYRIDYL)CYCLOHEXANECARBOXAMIDE,4.2,3.88
"2-Amino-3-(3-Hydroxy-7,8-Dihydro-6h-Cyclohepta[D]-4-Isoxazolyl)PropionicAcid",4.2,4.09
4'-Hydroxyflavanone,4.2,4.68
Belinostat,4.2,4.17
Biperiden,4.2,4.17
CARBOBENZYLOXY-(L)-LEUCINYL-(L)LEUCINYLMETHOXYMETHYLKETONE,4.2,3.66
DL-Methylephedrine,4.2,3.79
FG-9041,4.2,4.01
Isoleucine,4.2,3.72
N-(3-Propylcarbamoyloxirane-2-Carbonyl)-Isoleucyl-Proline,4.2,3.48
Phosphonothreonine,4.2,3.81
Pyridoxalphosphate,4.2,5.11
Reglitazar,4.2,4.9
Z-Val-Ala-Aspfluoromethylketone,4.2,4.24
"(8E,10S,12Z)-10-hydroxy-6-oxooctadeca-8,12-dienoicacid",4.19,4.12
Acamprosate,4.19,4.04
"BIS-1,2-{[(Z)-2CARBOXY-2-METHYL-1,3-DIOXANE]-5-YLOXYCARBONYL}-PIPERAZINE",4.19,3.68
Bis(5-Amidino-2-Benzimidazolyl)MethaneKetoneHydrate,4.19,5.04
Diosmin,4.19,3.91
Doravirine,4.19,4.4
L-2-amino-3-butynoicacid,4.19,4.61
"L-erythro-7,8-dihydrobiopterin",4.19,4.38
Minoxidil,4.19,5.64
"N-[(5S,7R,8S,9S,10R)-8,9,10-Trihydroxy-7-(hydroxymethyl)-2,4-dioxo-6-oxa-1,3-diazaspiro[4.5]dec-3-yl]acetamide",4.19,3.96
Phenacemide,4.19,4.03
Phenserine,4.19,3.79
"dimethyl(1R,4S)-5,6-bis(4-hydroxyphenyl)-7-oxabicyclo[2.2.1]hepta-2,5-diene-2,3-dicarboxylate",4.19,4.04
(2Z)-N-(3-chloro-2'-methoxybiphenyl-4-yl)-2-cyano-3-hydroxybut-2-enamide,4.18,3.81
"1,8-Di-Hydroxy-4-Nitro-Xanthen-9-One",4.18,4.18
1-(3-HYDROXYPROPYL)-2-[(3-NITROBENZOYL)AMINO]-1H-BENZIMIDAZOL-5-YLPIVALATE,4.18,4.26
"2-(2-Hydroxy-1,1-Dihydroxymethyl-Ethylamino)-EthanesulfonicAcid",4.18,3.43
"2-(cycloheptylmethyl)-1,1-dioxido-1-benzothiophen-6-ylsulfamate",4.18,6.59
"2-[3-(5-Mercapto-[1,3,4]thiadiazol-2-yl)-ureido]-N-methyl-3-phenyl-propionamide",4.18,4.05
3-hydroxyglutaricacid,4.18,3.59
4-(4-CHLOROPHENYL)-4-[4-(1H-PYRAZOL-4-YL)PHENYL]PIPERIDINE,4.18,4.92
5'-{[4-(aminooxy)butyl](methyl)amino}-5'-deoxy-8-ethenyladenosine,4.18,4.6
6-hydroxydopaquinone,4.18,4.7
Glutaminet-butylester,4.18,4.07
Guanfacine,4.18,4.37
O-(((1R)-((N-(PHENYL-METHOXY-CARBONYL)-ALANYL)-AMINO)METHYL)HYDROXYPHOSPHINYL)3-L-PHENYLLACTATE,4.18,4.23
THIO-ATPA,4.18,4.36
(Diaminomethyl-Methyl-Amino)-AceticAcid,4.17,4.38
2(S)-Amino-6-BoronohexanoicAcid,4.17,3.33
2-Amino-3-Oxo-4-Sulfo-ButyricAcid,4.17,4.35
"3,5,3',5'-Tetrachloro-Biphenyl-4,4'-Diol",4.17,4.86
4'-Deoxy-4'-Acetylyamino-Pyridoxal-5'-Phosphate,4.17,4.21
4-(1-Amino-1-Carboxy-Ethyl)-BenzoicAcid,4.17,4.24
"6-(4-{(1S,2S)-2-AMINO-1-[(DIMETHYLAMINO)CARBONYL]-3-[(3S)-3-FLUOROPYRROLIDIN-1-YL]-3-OXOPROPYL}PHENYL)-1H-[1,2,4]TRIAZOLO[1,5-A]PYRIDIN-4-IUM",4.17,3.62
6-{[(CYCLOHEXYLAMINO)CARBONYL]AMINO}HEXANOICACID,4.17,3.86
7-{[(CYCLOHEXYLAMINO)CARBONYL]AMINO}HEPTANOICACID,4.17,3.86
CRA_23653,4.17,4.39
Encenicline,4.17,5.26
Fotemustine,4.17,3.99
"[(3R)-3-(Methylcarbamoyl)-2-{[(2-methyl-2-propanyl)oxy]carbonyl}-1,2,3,4-tetrahydro-7-isoquinolinyl]sulfamicacid",4.17,4.2
"[(3S)-3-(Methylcarbamoyl)-2-{[(2-methyl-2-propanyl)oxy]carbonyl}-1,2,3,4-tetrahydro-7-isoquinolinyl]sulfamicacid",4.17,4.2
"(5R,6S,8S)-8-[3-(AMINOMETHYL)PHENYL]-6-HYDROXY-5-ISOPROPYL-3-OXO-1-PHENYL-2,7-DIOXA-4-AZA-6-PHOSPHANONAN-9-OICACID6-OXIDE",4.16,4.14
"(6AR,11AS,11BR)-10-ACETYL-9-HYDROXY-7,7-DIMETHYL-2,6,6A,7,11A,11B-HEXAHYDRO-11H-PYRROLO[1',2':2,3]ISOINDOLO[4,5,6-CD]INDOL-11-ONE",4.16,3.98
"1,6-FructoseDiphosphate(LinearForm)",4.16,4.27
"2-(6-CHLORO-3-{[2,2-DIFLUORO-2-(2-PYRIDINYL)ETHYL]AMINO}-2-OXO-1(2H)-PYRAZINYL)-N-[(2-FLUORO-3-METHYL-6-PYRIDINYL)METHYL]ACETAMIDE",4.16,5.41
2-(N-Morpholino)-EthanesulfonicAcid,4.16,3.18
"2-[4-(DIMETHYLAMINO)PHENYL]-6-HYDROXY-3-METHYL-1,3-BENZOTHIAZOL-3-IUM",4.16,3.54
4-Hydroxybutan-1-Aminium,4.16,3.12
Cytidine-5'-Monophosphate-5-N-AcetylneuraminicAcid,4.16,4.03
Dobutamine,4.16,4.75
Fenofibricacid,4.16,3.24
Mannitol,4.16,3.3
"N-[7-(3-AMINOPHENYL)-5-METHOXY-1,3-BENZOXAZOL-2-YL]-2,5-DICHLOROBENZENESULFONAMIDE",4.16,4.7
Naringenin,4.16,4.75
PPI-2458,4.16,4.13
Relebactam,4.16,5.79
Uracil,4.16,3.68
"2-(6-{[(3-chloro-2-methylphenyl)sulfonyl]amino}pyridin-2-yl)-N,N-diethylacetamide",4.15,4.26
6-(Oxalyl-Amino)-1h-Indole-5-CarboxylicAcid,4.15,4.52
9-Deazaadenine,4.15,4.83
ISO24,4.15,4.71
N-Trimethyllysine,4.15,4.35
RU78262,4.15,4.75
Trovafloxacin,4.15,5.32
Xanthine,4.15,4.05
(S)-5-(4-Benzyloxy-Phenyl)-4-(7-Phenyl-Heptanoylamino)-PentanoicAcid,4.14,4
5'-Deoxy-5'-(Methylthio)-Tubercidin,4.14,4.73
Azacitidine,4.14,3.95
"N-[4-hydroxymethyl-cyclohexan-6-yl-1,2,3-triol]-4,6-dideoxy-4-aminoglucopyranoside",4.14,4.4
Olmutinib,4.14,5.36
Pilaralisib,4.14,4.95
Protirelin,4.14,3.87
(4E)-N-(4-fluorophenyl)-4-[(phenylcarbonyl)imino]-4H-pyrazole-3-carboxamide,4.13,3.39
2'-cytidylicacid,4.13,4.01
5-HYDROXY-3-[(1R)-1-(1H-PYRROL-2-YL)ETHYL]-2H-INDOL-2-ONE,4.13,3.39
"CIS-(1R,2S)-2-AMINO-1,2,3,4-TETRAHYDRONAPHTHALEN-1-OL",4.13,3.9
Carglumicacid,4.13,4.04
Lamotrigine,4.13,3.69
Methimazole,4.13,3.41
N-(5-METHYL-1H-PYRAZOL-3-YL)-2-PHENYLQUINAZOLIN-4-AMINE,4.13,5.89
O6-CYCLOHEXYLMETHOXY-2-(4'-SULPHAMOYLANILINO)PURINE,4.13,4.08
"TRANS-(1S,2S)-2-AMINO-1,2,3,4-TETRAHYDRONAPHTHALEN-1-OL",4.13,3.9
alpha-Ketoisovalerate,4.13,3.71
4-Hydroxy-2-Butanone,4.12,4.87
BiliverdineIXAlpha,4.12,4.24
Bromazepam,4.12,3.67
Hydrochlorothiazide,4.12,4.49
LeukotrieneC4,4.12,3.23
N-(6-Aminohexyl)-5-Chloro-1-Naphthalenesulfonamide,4.12,4.01
"N-[4-(2-Methylimidazo[1,2-a]Pyridin-3-Yl)-2-Pyrimidinyl]Acetamide",4.12,4.13
Phenylpropanolamine,4.12,3.43
Reversin121,4.12,4.05
"(2S,3S)-3-AMINO-4-(3,3-DIFLUOROPYRROLIDIN-1-YL)-N,N-DIMETHYL-4-OXO-2-(TRANS-4-[1,2,4]TRIAZOLO[1,5-A]PYRIDIN-6-YLCYCLOHEXYL)BUTANAMIDE",4.11,4.11
1-Benzyl-3-(4-Methoxy-Benzenesulfonyl)-6-Oxo-Hexahydro-Pyrimidine-4-CarboxylicAcidHydroxyamide,4.11,4.26
"2-[(2,4-DICHLOROBENZOYL)AMINO]-5-(PYRIMIDIN-2-YLOXY)BENZOICACID",4.11,4.16
"2-[3-(2-Hydroxy-1,1-Dihydroxymethyl-Ethylamino)-Propylamino]-2-Hydroxymethyl-Propane-1,3-Diol",4.11,3.54
3[N-Morpholino]PropaneSulfonicAcid,4.11,3.61
Droxidopa,4.11,5.26
Glecaprevir,4.11,4.91
"N-anthracen-2-yl-5-methyl[1,2,4]triazolo[1,5-a]pyrimidin-7-amine",4.11,5.05
Pilsicainide,4.11,4
Seratrodast,4.11,3.62
Sodiumferricgluconatecomplex,4.11,3.64
Tezacitabine,4.11,4.19
Tolazamide,4.11,4.05
Tolcapone,4.11,3.47
"(2Z)-2-cyano-N-(2,2'-dichlorobiphenyl-4-yl)-3-hydroxybut-2-enamide",4.1,5.27
"(5S)-5-Iododihydro-2,4(1H,3H)-pyrimidinedione",4.1,3.91
"1,4-Dithiothreitol",4.1,4.28
"3H-pyrazolo[4,3-d]pyrimidin-7-ol",4.1,3.26
7-methyl-5'-guanylicacid,4.1,4.94
Diethylstilbestrol,4.1,4.94
Dinor-N(Omega)-Hydroxy-L-Arginine,4.1,4.08
Dithioerythritol,4.1,4.28
Flucytosine,4.1,4.01
Fumagillin,4.1,3.48
"N-[2-(carbamimidamidooxy)ethyl]-2-{6-cyano-3-[(2,2-difluoro-2-pyridin-2-ylethyl)amino]-2-fluorophenyl}acetamide",4.1,4.3
S-(Methylmercury)-L-Cysteine,4.1,3.32
Tridihexethyl,4.1,4.1
(S)-N-(4-carbamimidoylbenzyl)-1-(2-(cyclopentylamino)ethanoyl)pyrrolidine-2-carboxamide,4.09,4.65
1-3SugarRingofPentamannosyl6-Phosphate,4.09,4.49
5-AMINO-6-CYCLOHEXYL-4-HYDROXY-2-ISOBUTYL-HEXANOICACID,4.09,4.23
Gabapentin,4.09,3.85
"N'-(3-CHLORO-4-METHOXY-PHENYL)-N-(3,4,5-TRIMETHOXYPHENYL)-1,3,5-TRIAZINE-2,4-DIAMINE",4.09,4.57
N-Acetylalanine,4.09,3.46
Nebularine,4.09,3.68
Nitroarginine,4.09,4.56
Risedronicacid,4.09,5.26
(2S)N-acetyl-L-alanyl-αL-phenylalanyl-chloroethylketone,4.08,3.98
(S)-N-(4-carbamimidoylbenzyl)-1-(2-(cyclohexyloxy)ethanoyl)pyrrolidine-2-carboxamide,4.08,5.57
"2,5-DICHLORO-N-(5-CHLORO-1,3-BENZOXAZOL-2-YL)BENZENESULFONAMIDE",4.08,3.5
3-cyclohexyl-D-alanyl-N-(3-chlorobenzyl)-L-prolinamide,4.08,5.13
"4-{[5-(CYCLOHEXYLMETHOXY)[1,2,4]TRIAZOLO[1,5-A]PYRIMIDIN-7-YL]AMINO}BENZENESULFONAMIDE",4.08,5.39
6-CHLORO-N-{(3S)-1-[(1S)-1-METHYL-2-(4-MORPHOLINYL)-2-OXOETHYL]-2-OXO-3-PYRROLIDINYL}-2-NAPHTHALENESULFONAMIDE,4.08,5.43
Amrinone,4.08,6.72
Caldaret,4.08,3.88
Indecainide,4.08,4.46
L-Lysine,4.08,3.43
gamma-Aminobutyricacid,4.08,3.65
{4-[2-BENZYL-3-METHOXY-2-(METHOXYCARBONYL)-3-OXOPROPYL]PHENYL}SULFAMICACID,4.08,3.89
(1H-indol-3-yl)-(2-mercapto-ethoxyimino)-aceticacid,4.07,3.8
"(S)-2-Amino-3-(1,3,5,7-Pentahydro-2,4-Dioxo-Cyclopenta[E]Pyrimidin-1-Yl)ProionicAcid",4.07,4.59
2-amino-6-[2-(1H-indol-6-yl)ethyl]pyrimidin-4(3H)-one,4.07,3.2
"4,4'-PROPANE-2,2-DIYLDIPHENOL",4.07,3.74
4-(METHYLSULFONYL)BENZENECARBOXIMIDAMIDE,4.07,5.51
4-Methylpiperazin-1-YlCarbonylGroup,4.07,3.83
5'-Deoxy-5'-Methylthioadenosine,4.07,4.56
5-iodotubercidin,4.07,3.79
7-HYDROXY-4-METHYL-3-(2-HYDROXY-ETHYL)COUMARIN,4.07,4.05
Cytarabine,4.07,3.9
Cytidine,4.07,3.9
Eniluracil,4.07,4.2
Hydroxyfasudil,4.07,4.75
Indigotindisulfonicacid,4.07,4.36
Sulfaphenazole,4.07,3.89
2-(Oxalyl-Amino)-BenzoicAcid,4.06,3.88
3-(INDOL-3-YL)LACTATE,4.06,4.34
4-[(3R)-3-{[2-(4-FLUOROPHENYL)-2-OXOETHYL]AMINO}BUTYL]BENZAMIDE,4.06,5.28
Acetylsulfisoxazole,4.06,4.59
Beta-Cyclohexyl-Alanine,4.06,4.97
CRA_8696,4.06,5.32
Clorazepicacid,4.06,3.86
Monoisopropylphosphorylserine,4.06,3.55
Valine,4.06,4.36
para-CoumaricAcid,4.06,3.92
3-Methoxybenzamide,4.05,4.45
3-sulfino-L-alanine,4.05,3.96
"5-(2-hydroxyethyl)nonane-1,9-diol",4.05,4.25
Dihydralazine,4.05,4.31
Ethanolamine,4.05,3.75
Methadone,4.05,4.37
N-[O-Phosphono-Pyridoxyl]-Isoleucine,4.05,6.03
P1-(5'-Adenosyl)P5-(5'-(3'azido-3'-Deoxythymidyl))Pentaphosphate,4.05,4.78
"(2S,3S)-3-AMINO-4-[(3S)-3-FLUOROPYRROLIDIN-1-YL]-N,N-DIMETHYL-4-OXO-2-(TRANS-4-[1,2,4]TRIAZOLO[1,5-A]PYRIDIN-5-YLCYCLOHEXYL)BUTANAMIDE",4.04,4.57
"2,4-Dihydroxy-7-(Methyloxy)-2h-1,4-Benzoxazin-3(4h)-One",4.04,3.49
2-(2-HYDROXY-CYCLOPENTYL)-PENT-4-ENAL,4.04,3.6
3-amino-5-phenylpentane,4.04,3.7
"4,4'-cyclohexane-1,1-diyldiphenol",4.04,4.62
5-monophosphate-9-beta-D-ribofuranosylxanthine,4.04,3.48
Allopurinol,4.04,4.87
Eszopiclone,4.04,4.45
Flovagatran,4.04,4.23
Fluciclovine(18F),4.04,3.71
GLUTATHIONESULFINATE,4.04,5.39
Hesperidin,4.04,3.48
Zopiclone,4.04,4.45
Apixaban,4.03,4.48
Barnidipine,4.03,6.17
Benidipine,4.03,6.33
Beta-Alanine,4.03,3.88
BrefeldinA,4.03,4.15
Gamma-Carboxy-GlutamicAcid,4.03,4.11
Imidazole,4.03,3.46
Lithiumcitrate,4.03,3.89
Tocainide,4.03,4.89
Trifluoroethanol,4.03,3.42
1-Amino-6-Cyclohex-3-Enylmethyloxypurine,4.02,4.41
"2,6-Diamino-HexanoicAcidAmide",4.02,3.53
2-butyl-1-hydroxyguanidine,4.02,3.82
"4-[(1S,2S,5S,9R)-5-(HYDROXYMETHYL)-8,9-DIMETHYL-3-OXABICYCLO[3.3.1]NON-7-EN-2-YL]PHENOL",4.02,5.53
Ferrousglycinesulfate,4.02,4.08
Voglibose,4.02,5.88
1-{2-[(4-CHLOROPHENYL)AMINO]-2-OXOETHYL}-N-(1-ISOPROPYLPIPERIDIN-4-YL)-1H-INDOLE-2-CARBOXAMIDE,4.01,4.56
3-({2-[(4-{[6-(CYCLOHEXYLMETHOXY)-9H-PURIN-2-YL]AMINO}PHENYL)SULFONYL]ETHYL}AMINO)PROPAN-1-OL,4.01,4.2
4-(2-AMINOETHYL)BENZENESULFONAMIDE,4.01,3.74
Amrubicin,4.01,4.05
Cyclophosphamide,4.01,3.78
D-Tryptophan,4.01,4.4
Glycyrrhizicacid,4.01,4.09
N-[4-CHLORO-3-(PYRIDIN-3-YLOXYMETHYL)-PHENYL]-3-FLUORO-,4.01,5.58
Nitrofural,4.01,3.46
Ornithine,4.01,3.45
Tryptophan,4.01,4.4
(S)-AMPA,4,3.53
(S)-N-(4-carbamimidoylbenzyl)-1-(3-cyclopentylpropanoyl)pyrrolidine-2-carboxamide,4,5.46
1-(HYDROXYMETHYLENEAMINO)-8-HYDROXY-OCTANE,4,4.61
1-butanoyl-N-(4-carbamimidoylbenzyl)-L-prolinamide,4,3.92
2-(4-HYDROXY-3-NITROPHENYL)ACETICACID,4,3.35
"4-[(1E,7E)-8-(2,6-DIOXO-1,2,3,6-TETRAHYDROPYRIMIDIN-4-YL)-3,6-DIOXA-2,7-DIAZAOCTA-1,7-DIEN-1-YL]BENZOICACID",4,4.07
Diazoxide,4,3.7
DihydrolipoicAcid,4,4.05
L-N(omega)-nitroarginine-(4R)-amino-L-prolineamide,4,5.44
Lisdexamfetamine,4,3.74
Methylecgonine,4,4.57
Oseltamivir,4,4.11
Pyruvicacid,4,3.99
2-{4-[4-(4-Chloro-Phenoxy)-Benzenesulfonyl]-Tetrahydro-Pyran-4-Yl}-N-Hydroxy-Acetamide,3.99,5.76
Bis(5-Amidino-Benzimidazolyl)Methane,3.99,4.74
Cyclohexylformamide,3.99,4.26
N-HYDROXY-2-[4-(4-PHENOXY-BENZENESULFONYL)-TETRAHYDRO-PYRAN-4-YL]-ACETAMIDE,3.99,4.82
Sofalcone,3.99,5.1
TRAZEOLIDE,3.99,3.93
"methyl(1R,2S)-2-(hydroxycarbamoyl)-1-{4-[(2-methylquinolin-4-yl)methoxy]benzyl}cyclopropanecarboxylate",3.99,4.6
"(5R,7R,8S,9S,10R)-7-(hydroxymethyl)-3-phenyl-1,6-dioxa-2-azaspiro[4.5]dec-2-ene-8,9,10-triol",3.98,4.82
1-Hydroxy-1-Thio-Glycerol,3.98,3.48
2-(methylsulfanyl)-5-(thiophen-2-ylmethyl)-1H-imidazol-4-ol,3.98,4.2
6-(Hydroxyethyldithio)-8-(Aminomethylthio)OctanoicAcid,3.98,3.94
AR-9281,3.98,4.14
HuperzineA,3.98,4.84
3-Bromo-7-Nitroindazole,3.97,4
4-(1-methyl-1-phenylethyl)phenol,3.97,3.83
4-(2-aminoethyl)-2-cyclohexylphenol,3.97,4.63
"4-Carboxy-5-(1-Pentyl)Hexylsulfanyl-1,2,3-Triazole",3.97,3.92
4-hydroxycoumarin,3.97,3.6
CoenzymeM,3.97,3.9
Glutamicacid,3.97,4.22
Glycolicacid,3.97,3.9
S-propylamine-L-cysteine,3.97,3.13
"(2S,3S)-4-cyclopropyl-3-{(3R,5R)-3-[2-fluoro-4-(methylsulfonyl)phenyl]-1,2,4-oxadiazolidin-5-yl}-1-[(3S)-3-fluoropyrrolidin-1-yl]-1-oxobutan-2-amine",3.96,4.61
"4-(2-amino-1-methyl-1H-imidazo[4,5-b]pyridin-6-yl)phenol",3.96,3.27
4-(3-Pyridin-2-Yl-1h-Pyrazol-4-Yl)Quinoline,3.96,3.48
6-[2-(1H-INDOL-6-YL)ETHYL]PYRIDIN-2-AMINE,3.96,3.25
Cyclohexanol,3.96,3.68
GalliumcitrateGa67,3.96,3.94
Pyruvaldehyde,3.96,4.22
p-Hydroxymercuribenzoicacid,3.96,3.6
3-Phosphoglycerol,3.95,3.5
ABT-510,3.95,4.6
Aminocaproicacid,3.95,3.78
Chromiccitrate,3.95,4.06
Flavone,3.95,4.31
Fludeoxyglucose(18F),3.95,3.66
METHYL(2-ACETOXY-2-(2-CARBOXY-4-AMINO-PHENYL))ACETATE,3.95,3.07
N-Carbamoyl-Alanine,3.95,3.62
Ombitasvir,3.95,4
Quisqualate,3.95,3.89
[1-(1-Benzyl-3-Hydroxy-2-Oxo-Propylcarbamoyl)-2-Phenyl-Ethyl]-CarbamicAcidBenzylEster,3.95,3.33
7-Nitroindazole,3.94,4.07
Eflornithine,3.94,3.73
Filaminast,3.94,5.2
L-Eflornithine,3.94,3.73
Mimosine,3.94,3.65
Nitrosoethane,3.94,4
Sulfasalazine,3.94,4.01
Urea,3.94,3.83
Zonisamide,3.94,5.18
"(3R)-METHYLCARBAMOYL-7-SULFOAMINO-3,4-DIHYDRO-1H-ISOQUINOLINE-2-CARBOXYLICACIDBENZYLESTER",3.93,3.61
"1-Beta-Ribofuranosyl-1,3-Diazepinone",3.93,3.57
"2,4,6-Triaminoquinazoline",3.93,3.8
"2s,4r-4-Methylglutamate",3.93,3.56
Dicoumarol,3.93,3.87
Hydroquinone,3.93,4.02
N-Pyridoxyl-Glycine-5-Monophosphate,3.93,5.06
Uridinemonophosphate,3.93,4.86
1-Deoxy-1-Acetylamino-Beta-D-Gluco-2-Heptulopyranosonamide,3.92,3.78
Chlormerodrin,3.92,4.84
Curcuminsulfate,3.92,3.5
N-phenyl-1H-pyrazole-3-carboxamide,3.92,3.63
"N-{[(2S,3S)-3-(ETHOXYCARBONYL)OXIRAN-2-YL]CARBONYL}-L-ISOLEUCINE",3.92,4.14
"N-{[(2S,3S)-3-(ETHOXYCARBONYL)OXIRAN-2-YL]CARBONYL}-L-ISOLEUCYL-L-ISOLEUCINE",3.92,4.84
Nitroxoline,3.92,4.22
"2-(Beta-D-Glucopyranosyl)-5-Methyl-1,2,3-Benzimidazole",3.91,3.53
"2-[3-(5-Mercapto-[1,3,4]thiadiazol-2yl)-ureido]-N-methyl-3-pentafluorophenyl-propionamide",3.91,4.22
"7-(5-DEOXY-BETA-D-RIBOFURANOSYL)-5-IODO-7H-PYRROLO[2,3-D]PYRIMIDIN-4-AMINE",3.91,3.71
LeucinePhosphonicAcid,3.91,4.07
N-(4-carbamimidoylbenzyl)-1-(3-phenylpropanoyl)-L-prolinamide,3.91,3.43
N-acetyl-alpha-neuraminicacid,3.91,3.67
N-{2-[4-(AMINOSULFONYL)PHENYL]ETHYL}ACETAMIDE,3.91,4.44
(2R)-3-{[(BENZYLAMINO)CARBONYL]AMINO}-2-HYDROXYPROPANOICACID,3.9,4.28
"2-Amino-N,3,3-Trimethylbutanamide",3.9,4.54
"6-AMINO-BENZO[DE]ISOQUINOLINE-1,3-DIONE",3.9,3.97
"6-ChloropurineRiboside,5'-Monophosphate",3.9,3.49
Chlorzoxazone,3.9,4
Gaboxadol,3.9,3.62
"1,4-Dideoxy-5-Dehydro-O2-Sulfo-GlucuronicAcid",3.89,4.01
2-Aminobenzylalcohol,3.89,3.64
Bis(5-Amidino-2-Benzimidazolyl)Methanone,3.89,4.52
MF268,3.89,4.25
Methyl-2-S-(Alpha-D-Mannopyranosyl)-2-Thio-Alpha-D-Mannopyranoside,3.89,3.77
"N~2~-1,3-BENZOXAZOL-2-YL-3-CYCLOHEXYL-N-{2-[(4-METHOXYPHENYL)AMINO]ETHYL}-L-ALANINAMIDE",3.89,5.71
Sodiumcitrate,3.89,3.94
"2-(Beta-D-Glucopyranosyl)-5-Methyl-1,3,4-Benzothiazole",3.88,4.94
Alclofenac,3.88,3.22
Cysteamine,3.88,3.76
"Hexane-1,6-Diol",3.88,3.34
LJP1082,3.88,5.21
OxamicAcid,3.88,3.53
S-HydroxymethylGlutathione,3.88,5.21
Salicylicacid,3.88,3.48
(3E)-3-[(phenylamino)methylidene]dihydrofuran-2(3H)-one,3.87,3.66
4-BROMO-3-(CARBOXYMETHOXY)-5-PHENYLTHIOPHENE-2-CARBOXYLICACID,3.87,5.45
D-Leucine,3.87,3.59
Isoniazid,3.87,4.15
Leucine,3.87,3.59
N-Hydroxy-1-(4-Methoxyphenyl)Sulfonyl-4-Benzyloxycarbonyl-Piperazine-2-Carboxamide,3.87,4.07
NU1025,3.87,4.09
Pentosanpolysulfate,3.87,3.73
"5-(4-Methoxyphenoxy)-2,4-Quinazolinediamine",3.86,5.42
5-Nitroindazole,3.86,4.4
Bis(5-Amidino-2-Benzimidazolyl)MethaneKetone,3.86,4.34
CalciumCitrate,3.86,3.75
Threonine,3.86,3.38
"1,2,3,4-Tetrahydro-Isoquinoline-7-SulfonicAcidAmide",3.85,6.19
"1,4-Butanediol",3.85,3.13
"6-hydroxy-1,6-dihydropurinenucleoside",3.85,4
Glycinamid,3.85,3.98
Oxyphencyclimine,3.85,3.85
(S)-N-(4-carbamimidoylbenzyl)-1-(2-(cyclohexylamino)ethanoyl)pyrrolidine-2-carboxamide,3.84,4.24
Cycloleucine,3.84,4.48
N-(3-AMINOPROPYL)-2-NITROBENZENAMINE,3.84,4.1
"N-(4-CHLOROPHENYL)-1,2,3,4-TETRAHYDROISOQUINOLINE-7-SULFONAMIDE",3.84,3.74
N-[(4-methoxyphenyl)sulfonyl]-D-alanine,3.84,4.05
N-cycloheptylglycyl-N-(4-carbamimidoylbenzyl)-L-prolinamide,3.84,4.24
N-cyclooctylglycyl-N-(4-carbamimidoylbenzyl)-L-prolinamide,3.84,4.24
Nelarabine,3.84,3.19
TNP-470,3.84,3.97
'5'-O-(N-(L-Prolyl)-Sulfamoyl)Adenosine,3.83,3.75
(2Z)-2-cyano-N-(3'-ethoxybiphenyl-4-yl)-3-hydroxybut-2-enamide,3.83,3.84
"3-Phenyl-1,2-Propandiol",3.83,4.21
Adenosine,3.83,3.67
Ghavamiol,3.83,4.07
Gluconolactone,3.83,3.26
PX-478,3.83,4.62
S-oxy-L-cysteine,3.83,3.78
Vidarabine,3.83,3.67
"(2R,3R,4S,5R)-2-acetamido-3,4-dihydroxy-5-hydroxymethyl-piperidine",3.82,3.95
"(R,R)-2,3-Butanediol",3.82,4.06
Ethanol,3.82,3.89
MMI-175,3.82,5.9
Mercaptoethanol,3.82,3.28
Porphobilinogen,3.82,3.5
Clofedanol,3.81,4.34
Guanidine-3-propanol,3.81,3.51
Norvaline,3.81,3.62
Tetrodotoxin,3.81,3.92
"{3-[(5-CHLORO-1,3-BENZOTHIAZOL-2-YL)METHYL]-2,4-DIOXO-3,4-DIHYDROPYRIMIDIN-1(2H)-YL}ACETICACID",3.81,4.16
"(1R,2R,3R,4S,5R)-4-(BENZYLAMINO)-5-(METHYLTHIO)CYCLOPENTANE-1,2,3-TRIOL",3.8,3.25
2-(4-hydroxyphenyl)benzo[b]thiophen-6-ol,3.8,3.27
Histidine,3.8,3.25
Lumichrome,3.8,3.98
S-NONYL-CYSTEINE,3.8,3.04
2-HYDROXY-5-(2-MERCAPTO-ETHYLSULFAMOYL)-BENZOICACID,3.79,3.87
5-ALPHA-PREGNANE-3-BETA-OL-HEMISUCCINATE,3.79,4.86
IsocitricAcid,3.79,3.47
N-ACETYLHISTAMINE,3.79,3.93
4-Methylimidazole,3.78,4.66
Aspartame,3.78,3.43
Sulfamoxole,3.78,4.47
1-PHENYL-1H-PYRAZOLE-4-CARBOXYLICACID,3.77,4.02
Alpha-Benzyl-Aminobenzyl-PhosphonicAcid,3.77,4.66
Curcumin,3.77,3.25
Dopamine,3.77,4.61
Metergoline,3.77,3.64
S-2-(Boronoethyl)-L-Cysteine,3.77,3.55
Taurine,3.77,3.55
beta-Hydroxyasparagine,3.77,3.66
(2Z)-N-biphenyl-4-yl-2-cyano-3-cyclopropyl-3-hydroxyprop-2-enamide,3.76,3.6
"(6R)-2-amino-6-[2-(3'-methoxybiphenyl-3-yl)ethyl]-3,6-dimethyl-5,6-dihydropyrimidin-4(3H)-one",3.76,3.55
"2-Acetamido-2-Deoxy-D-Glucono-1,5-Lactone",3.76,3.06
"3,5-Dinitrocatechol",3.76,3.54
Ferrousascorbate,3.76,3.9
Hydroxyaminovaline,3.76,4.09
1-Deoxy-1-Methoxycarbamido-Beta-D-Gluco-2-Heptulopyranosonamide,3.75,3.65
4-[5-(2-CARBOXY-1-FORMYL-ETHYLCARBAMOYL)-PYRIDIN-3-YL]-BENZOICACID,3.75,4.9
"6-(3-METHYL-1,4-DIOXO-1,4-DIHYDRONAPHTHALEN-2-YL)HEXANOICACID",3.75,4
Alpha-Methyl-N-Acetyl-D-Glucosamine,3.75,3.36
Dacarbazine,3.75,3.41
Glycerin,3.75,3.35
Selenocysteine,3.75,3.79
"Alpha-D-Glucose1,6-Bisphosphate",3.74,4.3
Ascorbicacid,3.74,3.96
Phenylalanylmethylchloride,3.74,3.05
5-Thio-a/B-D-Mannopyranosylamine,3.73,3.01
Pyrazinamide,3.73,4.12
RU81843,3.73,5.25
Carboxyamidotriazole,3.72,3.82
GlycinamideRibonucleotide,3.72,4.2
Iniparib,3.72,3.74
"N-(CYCLOPROPYLMETHYL)-4-(METHYLOXY)-3-({5-[3-(3-PYRIDINYL)PHENYL]-1,3-OXAZOL-2-YL}AMINO)BENZENESULFONAMIDE",3.72,3.76
N-{(4S)-4-Amino-5-[(2-aminoethyl)amino]pentyl}-N'-nitroguanidine,3.72,3.97
Phenothiazine,3.72,3.42
5-HYDROXY-2-(4-HYDROXYPHENYL)-1-BENZOFURAN-7-CARBONITRILE,3.71,4.12
"Beta-Dadf,Msa,MultisubstrateAdductInhibitor",3.71,6.85
Descarboxy-nor-N(Omega)-Hydroxy-L-Arginine,3.71,4.01
Penicillamine,3.71,3.73
RU79073,3.71,3.47
2-deoxy-2-fluoro-alpha-D-mannosylfluoride,3.7,3.44
3-Oxiran-2ylalanine,3.7,3.57
5-Hydroxymethyl-Chonduritol,3.7,3.7
Beta-D-GlucopyranoseSpirohydantoin,3.7,2.96
Debromohymenialdisine,3.7,3.92
Dimethylcurcumin,3.7,3.35
ETHYL(1E)-2-PHENYL-N-(SULFOOXY)ETHANIMIDOTHIOATE,3.7,3.77
Magnesiumlactate,3.7,3.84
(2E)-1-[2-hydroxy-4-methoxy-5-(3-methylbut-2-en-1-yl)phenyl]-3-(4-hydroxyphenyl)prop-2-en-1-one,3.69,5.08
"5-QUINOXALIN-6-YLMETHYLENE-THIAZOLIDINE-2,4-DIONE",3.69,3.07
5-phenyl-1H-indazol-3-amine,3.68,5.07
Aminooxyaceticacid,3.68,3.26
Gabapentinenacarbil,3.68,3.55
Ganaxolone,3.68,4.29
RU78299,3.68,4.55
Tranilast,3.68,5.26
4-OxosebacicAcid,3.67,3.63
Bendazac,3.67,3.18
Brexanolone,3.67,4.64
Dexloxiglumide,3.67,4.01
Thiamine,3.67,2.72
Heptaethyleneglycol,3.66,3.2
Ifosfamide,3.66,3.49
Mycophenolatemofetil,3.66,3.53
5-[2-(1H-pyrrol-1-yl)ethoxy]-1H-indole,3.64,3.62
"N,4-dimethyl-3-[(1-phenyl-1H-pyrazolo[3,4-d]pyrimidin-4-yl)amino]benzamide",3.64,4.35
"D-Gluco-2,5-Anhydro-1-Deoxy-1-Phosphonohexitol-6-Phosphate",3.63,4.34
Dutasteride,3.62,4.17
"4-Hydroxy-1,2,5-oxadiazole-3-carboxylicacid",3.61,3.63
Carbenoxolone,3.61,4.27
Finasteride,3.61,3.98
Sulfamethoxazole,3.61,3.87
TechnetiumTc-99mmebrofenin,3.61,5.08
Uricacid,3.61,3.86
Pyridoxine,3.6,3.6
Tris(Hydroxyethyl)Aminomethane,3.6,3.53
Adenosine-2'-5'-Diphosphate,3.59,3.86
Asparticacid,3.59,3.29
Glymidine,3.59,3.56
(2Z)-N-biphenyl-4-yl-2-cyano-3-hydroxybut-2-enamide,3.58,3.57
Biphenylalanine,3.58,3.36
Pyridoxinephosphate,3.58,4.05
Tromethamine,3.58,3.12
Cetirizine,3.57,3.17
D-tartaricacid,3.57,3.05
Dalfampridine,3.57,3.82
Ironsucrose,3.57,3.33
L-tartaricacid,3.57,3.05
Levocetirizine,3.57,3.17
N-acetyl-N'-beta-D-glucopyranosylurea,3.56,3.4
C-(1-hydrogyl-beta-D-glucopyranosyl)formamide,3.55,3.54
Canaline,3.55,3.48
HTYPEIITRISACCHARIDE,3.55,3.29
RU79072,3.55,3.26
Taribavirin,3.55,3.76
Iopodicacid,3.54,4.08
Sulfisoxazole,3.54,3.93
(S)-N-(4-carbamimidoylbenzyl)-1-(3-cyclohexylpropanoyl)pyrrolidine-2-carboxamide,3.53,5.1
"2-(2-{2-[2-(2-{2-[2-(2-Ethoxy-Ethoxy)-Ethoxy]-Ethoxy}-Ethoxy)-Ethoxy]-Ethoxy}-Ethoxy)-Ethanol,PolyethyleneglycolPeg400",3.53,3.66
2-Chlorophenol,3.53,3.1
"3,6,9,12,15-PENTAOXAHEPTADECAN-1-OL",3.53,3.66
C-(1-Azido-Alpha-D-Glucopyranosyl)Formamide,3.53,3.48
Hymenialdisine,3.53,3.57
"(3,4,5-Trihydroxy-6-Hydroxymethyl-Tetrahydro-Pyran-2-Yl)-PhosphoramidicAcidDimethylEster",3.52,3.92
Trifarotene,3.52,2.98
1-Deoxy-1-Thio-HeptaethyleneGlycol,3.51,3.61
InosinicAcid,3.51,3.66
Isosorbidemononitrate,3.51,3.32
2-Deoxy-Glucose-6-Phosphate,3.5,4.24
5-O-phosphono-alpha-D-ribofuranosyldiphosphate,3.5,3.29
Hydroxyurea,3.5,3.76
"Methyl4,6-O-[(1R)-1-carboxyethylidene]-beta-D-galactopyranoside",3.5,2.98
"1,3-Propandiol",3.49,3.2
Acetohydroxamicacid,3.49,4.16
HumanbloodgroupHtype1trisaccharide,3.49,3.45
"4-[3-(4-chlorophenyl)-2,1-benzisoxazol-5-yl]pyrimidin-2-amine",3.48,3.48
S-Methylcysteine,3.48,3.71
Delta-AminoValericAcid,3.47,3.47
D-Methionine,3.46,3.67
Methionine,3.46,3.67
2H-Benzimidazol-2-amine,3.45,3.65
"3-(CARBOXYMETHOXY)THIENO[2,3-B]PYRIDINE-2-CARBOXYLICACID",3.45,3.28
Alanine,3.45,3.37
D-Alanine,3.45,3.37
Hydroxyzine,3.45,3.3
N-Acetylmethionine,3.45,3.08
"3h-Indole-5,6-Diol",3.43,3.69
Molsidomine,3.43,3.27
alpha-D-glucopyranosyl-2-carboxylicacidamide,3.42,3.21
Adenosinemonotungstate,3.41,3.72
N-methylnicotinamide,3.41,3.3
Niacin,3.41,3.14
"8,9,10-trihydroxy-7-hydroxymethyl-3-methyl-6-oxa-1,3-diaza-spiro[4.5]decane-2,4-dione",3.4,3.37
Mycophenolicacid,3.4,3.45
gamma-Hydroxybutyricacid,3.4,3.2
"(6S)-2-amino-6-(3'-methoxybiphenyl-3-yl)-3,6-dimethyl-5,6-dihydropyrimidin-4(3H)-one",3.39,3.58
"3,4-DihydroxycinnamicAcid",3.38,3.34
Adenosine-3'-5'-Diphosphate,3.38,3.47
Idronoxil,3.37,4.3
N-[1-(4-CARBAMIMIDOYL-BENZYLCARBAMOYL)-3-METHYLSULFANYL-PROPYL]-3-HYDROXY-2-PROPOXYAMINO-BUTYRAMID,3.36,4.56
(3-Chloro-4-Propoxy-Phenyl)-AceticAcid,3.35,3.25
Phenol,3.34,3.83
Sulfadiazine,3.34,3.81
Pyridoxamine-5'-Phosphate,3.33,3.84
2-Pyridinethiol,3.32,3.73
"5,6,7,8-TETRAHYDRO[1]BENZOTHIENO[2,3-D]PYRIMIDIN-4(3H)-ONE",3.32,4.09
5-hydroxyvalericacid,3.32,3.25
Anthranilicacid,3.32,3.97
"4,6-dideoxy-4-amino-alpha-D-glucose",3.31,3.33
Triclosan,3.31,3.75
"N,O6-Disulfo-Glucosamine",3.3,3.29
12-HydroxydodecanoicAcid,3.29,3.28
"5-Chloryl-2,4,6-Quinazolinetriamine",3.29,3.16
AspartateBerylliumTrifluoride,3.29,3.16
Dexfosfoserine,3.29,3.14
Propylalcohol,3.29,3.43
Tetrabromo-2-Benzotriazole,3.29,3.15
trifluoro-[hydroxy-[hydroxy-[2-(N-methyl-2-nitro-anilino)ethoxy]phosphoryl]oxy-phosphoryl]oxy-beryllium(1-),3.29,3.16
"5-Carbamoyl-1,1':4',1''-terphenyl-3-carboxylicacid",3.27,3.1
S-(D-Carboxybutyl)-L-Homocysteine,3.27,3.21
"2-(Beta-D-Glucopyranosyl)-5-Methyl-1,3,4-Oxadiazole",3.26,3.93
Abexinostat,3.25,4.68
4-BROMO-3-(CARBOXYMETHOXY)-5-(4-HYDROXYPHENYL)THIOPHENE-2-CARBOXYLICACID,3.23,4.92
Sulfapyridine,3.22,3.75
RicinoleicAcid,3.21,3.38
N-beta-D-glucopyranosylacetamide,3.2,3.07
2-Ethoxyethanol,3.19,3.68
Cytidine-5'-Monophosphate,3.19,3.53
"2-DEOXY-3,4-BIS-O-[3-(4-HYDROXYPHENYL)PROPANOYL]-L-THREO-PENTARICACID",3.18,3.01
Adenosine-5'-Ditungstate,3.18,3.82
S-(Dimethylarsenic)Cysteine,3.15,3.47
O4-Sulfonylgalactose,3.14,3.16
Aurothioglucose,3.13,3.78
Pyrazole,3.12,3.02
S-octylglutathione,3.08,2.67
"Mdl101,146",3.04,3.36
Streptozocin,3.04,3.43
2-Deoxy-2-Aminogalactose,3.02,3.34
Glucosamine,3.02,3.34
Alpha-D-Fucose,3.01,3.33
Alpha-L-Fucose,3.01,3.33
alpha-D-quinovopyranose,3.01,3.33
beta-L-fucose,3.01,3.33
Phosphonotyrosine,3,3.16
Sucrose,3,2.98
2-deoxy-2-fluoro-α-D-glucose,2.99,3.4
O3-Sulfonylgalactose,2.98,2.91
Inositol,2.96,3.04
N-Benzoyl-N'-Beta-D-GlucopyranosylUrea,2.96,3.45
scyllo-inositol,2.96,3.04
"2,5-Anhydroglucitol-1,6-Biphosphate",2.95,3.21
PUROMYCINAMINONUCLEOSIDE-5'-MONOPHOSPHATE,2.95,3.11
AICAribonucleotide,2.92,3.31
4-(1H-IMIDAZOL-1-YL)PHENOL,2.88,3.33
P-AnisicAcid,2.87,3.12
beta-D-Ribose-5-phosphate,2.84,3.16
"1,2,4-Triazole",2.82,2.78
8-Bromo-Adenosine-5'-Monophosphate,2.77,3.04
PurineRiboside-5'-Monophosphate,2.77,3
Adenosinephosphate,2.75,2.75
alpha-D-glucose6-phosphate,2.75,3.12
alpha-D-mannose6-phosphate,2.75,3.12
4-Methylthio-Alpha-D-Mannose,2.74,2.63
N-acetyl-D-glucosamine-6-phosphate,2.73,2.93
3-phenyl-5-(1H-pyrazol-3-yl)isoxazole,2.72,3.65
6-O-PhosphorylInosineMonophosphate,2.7,2.74
2-acetylamino-2-deoxy-b-D-allopyranose,2.64,2.68
alpha-L-methyl-fucose,2.63,2.65
beta-L-methyl-fucose,2.63,2.65
Methylalpha-D-mannoside,2.46,2.55
Beta-D-Glucose,2.44,2.47
