,CNN_CNN_BindingDB_IC50,MPNN_CNN_DAVIS,Morgan_CNN_BindingDB_IC50,Morgan_AAC_BindingDB_IC50,Daylight_AAC_BindingDB_IC50,CNN_CNN_DAVIS,CNN_CNN_BindingDB,Morgan_CNN_BindingDB,Morgan_CNN_DAVIS,MPNN_CNN_BindingDB,MPNN_CNN_KIBA,Transformer_CNN_BindingDB,Daylight_AAC_DAVIS,Daylight_AAC_KIBA,Daylight_AAC_BindingDB,Morgan_AAC_BindingDB,Morgan_AAC_KIBA,Morgan_AAC_DAVIS
'5'-O-(N-(L-Prolyl)-Sulfamoyl)Adenosine,5.4,4.8,3.75,3.83,4.8,5.0,5.21,4.27,5.1,7.81,12.49,4.71,5.07,10.88,5.54,4.47,11.13,5.28
"(1'R,2'S)-9-(2-Hydroxy-3'-Keto-Cyclopenten-1-yl)Adenine",5.01,6.01,4.24,4.35,5.29,5.07,4.5,4.62,5.08,3.16,10.67,4.38,5.05,11.77,5.24,4.08,11.53,5.11
(1-Benzyl-5-methoxy-2-methyl-1H-indol-3-yl)aceticacid,5.1,11.28,5.19,6.3,5.42,4.92,7.0,4.45,5.1,9.41,9.11,6.8,5.08,10.89,5.0,4.27,11.5,5.14
"(1-HYDROXYHEPTANE-1,1-DIYL)BIS(PHOSPHONICACID)",5.39,7.11,6.75,6.36,4.61,5.07,5.18,4.4,5.13,3.25,16.12,4.23,5.14,11.21,5.59,4.31,11.51,5.11
"(1-HYDROXYNONANE-1,1-DIYL)BIS(PHOSPHONICACID)",5.43,4.08,6.75,6.36,4.61,5.07,5.35,4.4,5.13,4.31,11.84,4.36,5.14,11.21,5.59,4.31,11.51,5.11
"(10R)-10-methyl-3-(6-methylpyridin-3-yl)-9,10,11,12-tetrahydro-8H-[1,4]diazepino[5',6':4,5]thieno[3,2-f]quinolin-8-one",6.02,2.11,4.89,5.42,6.26,5.0,7.09,5.69,5.08,4.54,11.13,6.73,5.04,10.59,6.47,5.92,11.62,5.21
"(13R,15S)-13-METHYL-16-OXA-8,9,12,22,24-PENTAAZAHEXACYCLO[15.6.2.16,9.1,12,15.0,2,7.0,21,25]HEPTACOSA-1(24),2,4,6,17(25),18,20-HEPTAENE-23,26-DIONE",5.61,6.79,6.25,6.17,5.68,4.84,6.96,5.46,5.07,6.16,11.34,5.8,5.05,12.81,6.34,4.62,12.04,5.15
"(17beta)-17-(cyanomethyl)-2-methoxyestra-1(10),2,4-trien-3-ylsulfamate",5.39,3.35,7.14,7.25,6.45,4.98,7.19,4.85,5.08,7.37,34.46,6.16,5.04,10.76,6.77,4.53,11.07,5.87
"(1E)-5-(1-piperidin-4-yl-3-pyridin-4-yl-1H-pyrazol-4-yl)-2,3-dihydro-1H-inden-1-oneoxime",5.18,4.32,6.24,6.62,5.53,5.28,6.53,6.67,5.09,8.04,9.76,6.85,5.07,11.63,5.0,5.32,11.44,5.09
(1H-indol-3-yl)-(2-mercapto-ethoxyimino)-aceticacid,5.28,2.37,3.8,4.07,4.64,5.26,5.23,3.93,5.09,7.66,7.86,4.99,5.01,11.76,5.02,4.73,11.62,5.11
"(1R)-1-{[(4'-methoxy-1,1'-biphenyl-4-yl)sulfonyl]amino}-2-methylpropylphosphonicacid",5.66,5.04,6.03,5.72,5.78,4.92,5.82,6.38,5.08,5.67,11.97,6.09,5.13,11.64,5.29,5.78,11.26,5.12
(1R)-2-[(CYANOMETHYL)AMINO]-1-({[2-(DIFLUOROMETHOXY)BENZYL]SULFONYL}METHYL)-2-OXOETHYLMORPHOLINE-4-CARBOXYLATE,5.52,2.83,7.1,6.95,5.48,4.96,5.53,4.53,5.25,3.11,11.55,5.09,5.05,12.02,4.43,4.78,11.49,5.58
"(1R)-2-[(Diaminomethylene)amino]-1-{4-[(4R)-4-(hydroxymethyl)-1,3,2-dioxaborolan-2-yl]phenyl}ethylnicotinate",5.33,6.38,5.55,4.65,4.58,4.97,6.38,4.2,5.06,1.58,16.67,6.45,5.06,11.57,6.09,4.57,11.61,5.07
(1R)-2-amino-1-[3-(trifluoromethyl)phenyl]ethanol,5.18,4.79,5.37,5.13,4.87,5.09,4.63,4.52,5.07,5.14,12.65,4.56,5.11,11.37,3.76,4.4,11.64,5.07
"(1R)-N,6-DIHYDROXY-7-METHOXY-2-[(4-METHOXYPHENYL)SULFONYL]-1,2,3,4-TETRAHYDROISOQUINOLINE-1-CARBOXAMIDE",5.56,8.22,4.64,5.77,5.69,6.51,6.11,6.65,5.09,5.66,18.41,5.37,5.23,11.92,6.76,6.04,11.06,5.24
"(1R,2R)-N-(2-Aminoethyl)-2-{[(4-methoxyphenyl)sulfonyl]methyl}cyclohexanecarboxamide",5.49,5.59,4.43,6.1,5.18,4.86,5.24,4.17,5.08,5.46,13.92,6.81,5.16,11.71,6.59,4.33,11.04,5.08
"(1R,2R,3R,4S,5R)-4-(BENZYLAMINO)-5-(METHYLTHIO)CYCLOPENTANE-1,2,3-TRIOL",5.22,5.58,3.25,3.8,5.29,5.17,5.36,4.96,5.08,5.68,11.51,5.62,5.05,11.55,6.08,4.21,11.61,5.19
"(1R,2R,3S,4R,6S)-3,4,6-Trihydroxy-5-{[(S)-hydroxy(3-hydroxy-2-oxopropoxy)phosphoryl]oxy}-1,2-cyclohexanediylbis[dihydrogen(phosphate)]",5.06,13.32,4.88,5.56,4.96,4.92,5.57,4.41,5.06,5.71,12.04,5.47,5.08,11.59,4.86,4.22,10.88,5.33
"(1R,3R)-5-[(2E)-3-{(1S,3R)-2,2,3-trimethyl-3-[6,6,6-trifluoro-5-hydroxy-5-(trifluoromethyl)hex-3-yn-1-yl]cyclopentyl}prop-2-en-1-ylidene]cyclohexane-1,3-diol",5.38,3.9,5.12,5.43,5.38,4.91,7.2,4.49,5.13,7.58,13.17,6.1,5.11,11.6,5.55,4.83,11.29,5.66
"(1S)-1,2,3,4-TETRAHYDRO-BENZO[C]PHENANTHRENE-2,3,4-TRIOL",5.43,2.81,4.77,5.33,4.68,5.21,5.94,4.34,5.1,4.43,10.93,5.68,5.03,10.8,5.25,4.25,11.72,5.12
"(1S)-1-(1H-INDOL-3-YLMETHYL)-2-(2-PYRIDIN-4-YL-[1,7]NAPHTYRIDIN-5-YLOXY)-EHYLAMINE",5.58,2.79,5.35,5.61,5.48,5.09,6.16,5.79,5.14,3.49,12.0,5.83,5.13,10.16,5.72,5.11,11.59,5.1
"(1S)-1-(3-chlorophenyl)-2-oxo-2-[(1,3,4-trioxo-1,2,3,4-tetrahydroisoquinolin-5-yl)amino]ethylacetate",5.22,4.49,3.92,4.63,5.06,5.74,4.81,4.96,5.67,2.24,11.06,5.8,5.53,11.72,3.84,5.32,11.22,5.78
"(1S)-1-{[(4'-methoxy-1,1'-biphenyl-4-yl)sulfonyl]amino}-2-methylpropylphosphonicacid",5.58,7.01,6.03,5.72,5.78,4.92,5.78,6.38,5.08,3.14,14.31,6.0,5.13,11.64,5.29,5.78,11.26,5.12
(1S)-2-(1H-INDOL-3-YL)-1-[({5-[(E)-2-PYRIDIN-4-YLVINYL]PYRIDIN-3-YL}OXY)METHYL]ETHYLAMINE,5.36,2.73,5.5,5.94,5.86,5.03,5.99,4.92,5.12,6.46,11.34,5.63,5.06,11.55,5.65,5.11,11.33,5.3
"(1S)-2-oxo-1-phenyl-2-[(1,3,4-trioxo-1,2,3,4-tetrahydroisoquinolin-5-yl)amino]ethylacetate",5.21,4.4,4.05,4.3,4.99,5.76,4.89,4.87,5.65,4.2,11.78,5.75,5.52,11.62,3.96,5.38,10.72,5.74
"(1S,2S,3R,4S,5S)-2,3,4-TRIHYDROXY-5-(HYDROXYMETHYL)CYCLOHEXYL(1E)-2-PHENYL-N-(SULFOOXY)ETHANIMIDOTHIOATE",5.31,4.93,4.72,4.87,5.62,5.09,6.09,4.3,5.08,8.56,14.12,6.32,5.42,11.72,4.68,4.29,11.47,5.18
"(1S,2S,3R,6R)-4-(hydroxymethyl)-6-(octylamino)cyclohex-4-ene-1,2,3-triol",5.23,3.13,5.11,5.01,5.0,5.4,4.82,4.47,5.09,2.7,10.05,5.4,5.31,11.54,4.05,4.54,10.75,5.09
"(1S,2S,5S)2-(4-GLUTARIDYLBENZYL)-5-PHENYL-1-CYCLOHEXANOL",5.39,6.82,7.86,7.43,4.93,5.56,6.6,4.29,5.06,6.46,16.22,6.98,5.04,10.58,4.93,4.47,11.62,5.83
"(1S,3R,4S,5S,7S)-4-{[2-(4-METHOXYPHENOXY)-2-METHYLPROPANOYL]AMINO}ADAMANTANE-1-CARBOXAMIDE",5.45,6.55,6.16,6.16,5.3,4.84,6.48,5.66,5.43,4.89,11.54,4.64,5.21,10.68,5.15,5.06,11.16,5.32
"(1S,3R,6S)-4-oxo-6-{4-[(2-phenylquinolin-4-yl)methoxy]phenyl}-5-azaspiro[2.4]heptane-1-carboxylicacid",5.26,3.49,5.47,5.74,5.6,5.35,5.81,6.83,5.11,5.07,11.36,6.8,5.04,11.15,5.3,4.38,11.55,5.51
"(1S,3S,5S)-2-{(2S)-2-amino-2-[(1R,3S,5R,7S)-3-hydroxytricyclo[3.3.1.1~3,7~]dec-1-yl]acetyl}-2-azabicyclo[3.1.0]hexane-3-carbonitrile",5.39,6.16,7.3,7.24,5.36,5.16,5.91,4.6,5.28,4.57,12.65,5.87,5.03,12.0,7.84,5.09,11.51,5.16
"(1S,5S,7R)-N~7~-(BIPHENYL-4-YLMETHYL)-N~3~-HYDROXY-6,8-DIOXA-3-AZABICYCLO[3.2.1]OCTANE-3,7-DICARBOXAMIDE",5.62,5.0,5.25,6.61,4.94,4.8,6.29,3.79,5.07,2.63,11.1,6.46,5.09,11.35,4.53,4.17,11.4,5.27
"(1S,7S,8S,8AR)-1,2,3,7,8,8A-HEXAHYDRO-7-METHYL-8-[2-[(2R,4R)-TETRAHYDRO-4-HYDROXY-6-OXO-2H-PYRAN-2-YL]ETHYL]-1-NAPHTHALENOL",5.29,5.91,5.5,6.17,5.04,4.96,6.28,5.54,5.48,6.25,15.41,5.8,5.14,11.62,5.13,4.46,10.9,5.34
"(1aR,8S,13S,14S,15aR)-5,13,14-trihydroxy-3-methoxy-8-methyl-8,9,13,14,15,15a-hexahydro-6H-oxireno[k][2]benzoxacyclotetradecine-6,12(1aH)-dione",5.31,2.55,4.72,4.26,4.71,5.05,4.96,5.0,5.08,3.05,11.13,6.58,5.04,11.83,4.54,4.78,11.17,5.15
(1n)-4-N-Butoxyphenylsulfonyl-(2r)-N-Hydroxycarboxamido-(4s)-Methanesulfonylamino-Pyrrolidine,6.49,9.66,5.11,5.03,6.05,4.89,4.9,7.07,5.07,2.28,9.83,6.19,5.05,11.68,6.83,5.85,11.56,5.45
(2-CARBAMOYLMETHYL-5-PROPYL-OCTAHYDRO-INDOL-7-YL)ACETICACID,5.2,6.12,5.48,6.21,5.13,5.04,5.61,4.17,5.09,8.89,17.7,4.14,5.02,11.36,4.88,4.3,11.61,5.1
(2-{[(4-BROMO-2-FLUOROBENZYL)AMINO]CARBONYL}-5-CHLOROPHENOXY)ACETICACID,5.4,4.51,6.77,5.0,5.66,5.39,5.24,4.75,5.06,4.37,11.94,5.01,5.27,11.52,4.93,4.61,10.95,5.06
"(20S)-19,20,21,22-TETRAHYDRO-19-OXO-5H-18,20-ETHANO-12,14-ETHENO-6,10-METHENO-18H-BENZ[D]IMIDAZO[4,3-K][1,6,9,12]OXATRIAZA-CYCLOOCTADECOSINE-9-CARBONITRILE",5.5,6.07,7.24,6.95,5.61,4.99,6.76,6.76,5.02,5.74,11.2,6.12,5.05,10.57,6.09,4.99,11.64,5.14
"(20S)-19,20,22,23-TETRAHYDRO-19-OXO-5H,21H-18,20-ETHANO-12,14-ETHENO-6,10-METHENOBENZ[D]IMIDAZO[4,3-L][1,6,9,13]OXATRIAZACYCLONOADECOSINE-9-CARBONITRILE",5.59,5.21,6.86,6.03,5.29,5.89,7.43,5.41,5.03,5.3,11.83,5.83,5.21,11.41,6.95,5.1,11.62,5.12
(2E)-1-[2-hydroxy-4-methoxy-5-(3-methylbut-2-en-1-yl)phenyl]-3-(4-hydroxyphenyl)prop-2-en-1-one,5.06,4.61,5.08,3.69,4.62,5.08,6.21,4.3,5.07,2.14,11.2,6.28,5.04,10.99,3.82,4.2,11.46,5.87
"(2E)-3-(3,4-DIHYDROXYPHENYL)-2-IMINOPROPANOICACID",4.95,8.31,4.86,4.36,4.77,4.9,5.05,4.36,5.06,2.73,23.16,4.2,5.12,11.52,3.66,4.32,11.59,5.11
(2E)-N-hydroxy-3-[1-methyl-4-(phenylacetyl)-1H-pyrrol-2-yl]prop-2-enamide,5.8,8.08,4.93,6.34,4.64,4.98,5.01,4.94,5.11,6.93,18.98,5.1,5.33,11.71,4.46,4.87,11.59,5.8
(2E)-N-{4-[(3-bromophenyl)amino]quinazolin-6-yl}-4-(dimethylamino)but-2-enamide,5.28,2.02,4.96,5.04,5.96,5.03,5.22,7.68,5.04,4.96,11.92,7.9,5.11,11.37,5.0,5.04,11.12,5.01
"(2E,3S)-3-hydroxy-5'-[(4-hydroxypiperidin-1-yl)sulfonyl]-3-methyl-1,3-dihydro-2,3'-biindol-2'(1'H)-one",5.62,6.77,5.86,5.6,5.28,5.09,6.12,4.3,5.39,2.79,11.07,6.85,5.55,11.9,5.82,4.42,11.44,5.38
"(2E,4E)-11-METHOXY-3,7,11-TRIMETHYLDODECA-2,4-DIENOICACID",5.18,6.79,6.58,6.21,5.16,5.1,6.95,4.82,5.11,11.32,11.98,5.75,5.06,11.6,6.5,5.18,11.07,5.16
(2R)-({4-[AMINO(IMINO)METHYL]PHENYL}AMINO){5-ETHOXY-2-FLUORO-3-[(3R)-TETRAHYDROFURAN-3-YLOXY]PHENYL}ACETICACID,6.11,6.03,4.96,4.25,5.47,4.89,6.94,5.0,5.05,6.04,11.47,5.75,5.28,11.68,4.27,4.85,11.4,5.03
(2R)-1-(DIMETHYLAMINO)-3-{4-[(6-{[2-FLUORO-5-(TRIFLUOROMETHYL)PHENYL]AMINO}PYRIMIDIN-4-YL)AMINO]PHENOXY}PROPAN-2-OL,5.46,8.69,4.82,5.56,5.1,4.88,5.96,4.84,5.05,2.44,8.27,5.91,5.65,11.67,4.89,5.16,11.38,5.08
"(2R)-1-[(5,6-DIPHENYL-7H-PYRROLO[2,3-D]PYRIMIDIN-4-YL)AMINO]PROPAN-2-OL",5.52,7.31,5.72,6.18,6.13,5.16,6.99,4.47,5.08,3.13,8.72,6.12,5.03,11.74,6.78,5.06,11.13,5.18
"(2R)-1-[4-({4-[(2,5-Dichlorophenyl)amino]-2-pyrimidinyl}amino)phenoxy]-3-(dimethylamino)-2-propanol",5.32,4.52,5.2,5.51,6.2,4.86,7.33,5.23,5.05,2.5,8.67,6.58,6.19,11.62,4.91,5.38,11.68,5.1
"(2R)-1-[4-({6-[(2,6-Difluorophenyl)amino]-4-pyrimidinyl}amino)phenoxy]-3-(dimethylamino)-2-propanol",5.33,4.96,4.84,5.58,5.37,4.91,5.99,5.08,5.06,3.64,21.44,6.52,5.49,11.04,6.12,4.98,11.46,5.08
(2R)-1-{4-[(4-Anilino-5-bromo-2-pyrimidinyl)amino]phenoxy}-3-(dimethylamino)-2-propanol,5.27,6.45,4.95,5.45,5.77,5.05,6.22,6.8,5.09,9.39,3.59,6.33,5.73,11.87,5.82,6.39,12.02,5.14
(2R)-2-(3-Biphenylyl)-N-{(2R)-2-hydroxy-3-[(2-pyridinylsulfonyl)amino]propyl}-4-methylpentanamide,5.64,22.72,5.71,5.78,5.67,6.95,6.28,4.74,5.09,8.69,13.46,7.04,5.06,11.98,4.8,4.8,11.16,5.32
(2R)-2-(4-chlorophenyl)-2-[4-(1H-pyrazol-4-yl)phenyl]ethanamine,5.03,5.03,4.37,4.97,5.62,4.8,6.49,5.26,5.07,4.47,11.01,7.26,5.03,11.6,3.94,5.12,11.6,5.07
(2R)-2-(5-CHLORO-2-THIENYL)-N-{(3S)-1-[(1S)-1-METHYL-2-MORPHOLIN-4-YL-2-OXOETHYL]-2-OXOPYRROLIDIN-3-YL}PROPENE-1-SULFONAMIDE,5.46,7.74,5.99,6.63,5.72,6.03,5.12,5.55,5.55,3.69,15.54,7.35,5.04,10.84,4.43,5.96,11.54,6.09
(2R)-2-({6-[benzyl(methyl)amino]-9-isopropyl-9H-purin-2-yl}amino)butan-1-ol,5.1,3.9,5.01,5.05,5.01,5.07,6.91,4.28,5.3,2.19,29.38,6.01,5.04,11.53,5.01,4.12,11.5,5.35
(2R)-2-({9-(1-methylethyl)-6-[(4-pyridin-2-ylbenzyl)amino]-9H-purin-2-yl}amino)butan-1-ol,5.24,7.02,5.02,5.01,5.4,4.92,7.12,4.43,5.07,8.4,13.29,6.2,5.05,11.53,5.01,4.63,11.52,5.14
"(2R)-2-AMINO-3,3,3-TRIFLUORO-N-HYDROXY-2-{[(4-PHENOXYPHENYL)SULFONYL]METHYL}PROPANAMIDE",5.63,5.7,4.91,5.19,6.64,6.7,7.77,7.11,5.05,3.17,16.13,7.55,5.71,11.43,4.25,5.72,11.18,5.38
(2R)-2-Acetamido-3-(octadecyloxy)propyl2-(methylsulfanyl)ethylhydrogenphosphate,5.36,3.96,6.78,6.58,5.16,5.14,5.28,4.19,5.08,6.16,16.36,5.07,5.09,10.76,5.63,4.33,10.86,5.09
"(2R)-2-{[4-(benzylamino)-8-(1-methylethyl)pyrazolo[1,5-a][1,3,5]triazin-2-yl]amino}butan-1-ol",5.3,7.17,5.07,6.45,5.13,5.23,5.18,4.41,5.49,3.66,15.67,5.52,5.04,10.94,6.61,4.63,11.54,5.32
(2R)-3-Methyl-1-phenyl-2-butanyl[(2S)-1-oxo-2-hexanyl]carbamate,5.6,3.34,4.63,4.87,5.61,5.31,6.52,7.83,5.11,3.87,13.24,5.05,5.45,10.6,3.41,7.1,10.87,5.29
"(2R)-3-{[(4Z)-5,6-DIPHENYL-6,7-DIHYDRO-4H-PYRROLO[2,3-D]PYRIMIDIN-4-YLIDENE]AMINO}PROPANE-1,2-DIOL",5.44,4.78,6.43,6.39,6.13,5.0,5.85,4.29,5.09,3.73,18.21,6.93,5.03,11.74,6.74,4.78,11.4,5.18
(2R)-3-{[(BENZYLAMINO)CARBONYL]AMINO}-2-HYDROXYPROPANOICACID,5.11,3.53,4.28,3.9,4.41,5.08,4.78,4.04,5.11,5.39,12.33,4.43,5.05,11.33,4.28,4.37,11.36,5.45
"(2R)-3-{[{[(2S)-2,3-DIHYDROXYPROPYL]OXY}(HYDROXY)PHOSPHORYL]OXY}-2-[(9E)-HEXADEC-9-ENOYLOXY]PROPYL(9E)-OCTADEC-9-ENOATE",5.09,6.85,5.15,6.26,4.92,5.02,5.16,4.66,5.11,5.09,11.05,4.5,5.08,11.72,6.14,4.95,11.01,5.09
"(2R)-4,4-dihydroxy-5-nitro-2-(phenylmethyl)pentanoicacid",5.06,4.29,4.83,5.45,4.83,5.0,7.12,4.29,5.1,7.37,27.18,3.42,5.07,10.64,4.37,4.71,10.84,5.9
(2R)-N-HYDROXY-2-[(3S)-3-METHYL-3-{4-[(2-METHYLQUINOLIN-4-YL)METHOXY]PHENYL}-2-OXOPYRROLIDIN-1-YL]PROPANAMIDE,5.67,3.13,6.77,6.2,5.66,5.17,6.58,5.81,5.47,6.35,13.0,6.3,5.01,11.46,4.96,5.41,10.85,5.96
"(2R)-N-{4-[Ethyl(phenyl)sulfamoyl]-2-methylphenyl}-3,3,3-trifluoro-2-hydroxy-2-methylpropanamide",5.79,4.59,4.16,5.14,4.83,5.25,6.44,4.6,5.17,6.23,39.53,5.79,5.45,11.85,4.29,4.52,11.42,5.95
"(2R)-N~4~-hydroxy-2-(3-hydroxybenzyl)-N~1~-[(1S,2R)-2-hydroxy-2,3-dihydro-1H-inden-1-yl]butanediamide",5.96,2.29,6.22,5.93,5.69,4.94,5.37,7.58,5.11,6.05,15.29,6.5,5.04,11.09,5.03,6.07,11.54,5.13
"(2R,3R)-7-(methylsulfonyl)-3-(2,4,5-trifluorophenyl)-1,2,3,4-tetrahydropyrido[1,2-a]benzimidazol-2-amine",5.7,8.16,6.13,6.52,5.18,5.14,6.52,4.77,5.08,5.28,13.24,6.95,5.04,11.66,7.03,4.94,11.59,5.11
"(2R,3R)-N^1^-[(1S)-2,2-DIMETHYL-1-(METHYLCARBAMOYL)PROPYL]-N^4^-HYDROXY-2-(2-METHYLPROPYL)-3-{[(1,3-THIAZOL-2-YLCARBONYL)AMINO]METHYL}BUTANEDIAMIDE",5.59,5.4,6.73,6.54,7.02,5.43,5.0,7.21,5.06,5.81,11.57,5.82,5.62,11.71,5.01,6.27,11.49,5.1
"(2R,3R,4R,5S)-2-(HYDROXYMETHYL)-1-NONYLPIPERIDINE-3,4,5-TRIOL",4.82,7.85,7.01,4.62,5.41,5.35,5.16,4.1,5.09,6.07,14.15,4.6,5.28,10.78,4.12,4.21,10.61,5.09
"(2R,3R,4S)-3-(4-HYDROXYPHENYL)-4-METHYL-2-[4-(2-PYRROLIDIN-1-YLETHOXY)PHENYL]CHROMAN-6-OL",5.33,7.25,6.14,4.84,5.26,4.96,7.14,6.91,5.1,7.77,13.56,5.96,5.09,11.65,6.5,4.24,11.63,5.35
"(2R,3R,4S,5R)-2-[6-amino-8-[(3,4-dichlorophenyl)methylamino]purin-9-yl]-5-(hydroxymethyl)oxolane-3,4-diol",5.27,3.59,4.97,4.98,5.09,4.99,5.7,4.12,5.09,4.63,11.54,6.12,5.06,11.48,5.77,4.05,11.38,5.09
"(2R,3R,4S,5R)-2-acetamido-3,4-dihydroxy-5-hydroxymethyl-piperidine",4.93,6.37,3.95,3.82,5.23,5.12,3.6,3.81,5.65,3.69,10.78,4.3,5.12,11.6,3.63,4.1,11.1,5.16
"(2R,3R,4S,5R,6E)-3,4,5-Trihydroxy-N-[(3S,6R)-6-hydroxy-2-oxo-3-azepanyl]-2-methoxy-8,8-dimethyl-6-nonenamide",5.15,7.29,6.95,7.1,4.54,5.02,3.96,4.33,5.07,13.92,12.47,4.44,5.1,11.62,4.31,4.59,11.43,5.12
"(2S)-1,3-benzothiazol-2-yl{2-[(2-pyridin-3-ylethyl)amino]pyrimidin-4-yl}ethanenitrile",5.48,6.06,6.7,6.42,5.01,5.15,6.74,5.12,5.03,4.44,11.5,6.62,5.1,11.79,4.91,4.71,11.17,5.05
(2S)-1-(1H-INDOL-3-YL)-3-{[5-(3-METHYL-1H-INDAZOL-5-YL)PYRIDIN-3-YL]OXY}PROPAN-2-AMINE,5.28,4.73,5.19,5.42,6.7,5.13,7.27,7.7,5.14,3.92,16.22,5.98,5.0,11.89,5.38,7.05,11.82,5.18
"(2S)-1-(2,5-dimethylphenoxy)-3-morpholin-4-ylpropan-2-ol",5.1,5.21,6.25,7.0,5.56,5.18,5.5,4.26,5.12,3.04,9.89,5.33,5.05,11.55,6.84,4.44,11.4,5.1
(2S)-1-(3H-Indol-3-yl)-3-{[5-(6-isoquinolinyl)-3-pyridinyl]oxy}-2-propanamine,5.64,4.15,5.91,4.91,5.92,4.92,7.34,5.12,5.1,5.15,10.89,6.63,5.19,11.58,5.57,6.47,11.53,5.17
"(2S)-1-(6H-INDOL-3-YL)-3-{[5-(7H-PYRAZOLO[3,4-C]PYRIDIN-5-YL)PYRIDIN-3-YL]OXY}PROPAN-2-AMINE",5.13,5.3,4.82,4.93,5.27,4.9,6.8,5.08,5.09,4.56,11.29,4.97,5.04,11.97,3.83,5.07,11.7,5.19
(2S)-1-(9H-Carbazol-4-yloxy)-3-(isopropylamino)propan-2-ol,5.1,3.63,7.8,8.07,5.13,5.29,4.87,4.55,5.09,4.26,10.87,6.6,5.11,10.76,6.92,4.61,11.02,5.3
"(2S)-1-(Dimethylamino)-3-(4-{[4-(2-methylimidazo[1,2-a]pyridin-3-yl)-2-pyrimidinyl]amino}phenoxy)-2-propanol",5.37,2.89,4.48,4.56,5.83,4.99,6.83,4.9,5.06,3.17,14.82,6.5,5.1,11.65,6.67,6.06,11.63,5.06
(2S)-1-AMINO-3-[(5-NITROQUINOLIN-8-YL)AMINO]PROPAN-2-OL,5.11,2.99,5.27,4.78,5.05,4.98,5.15,4.92,5.08,8.0,20.81,4.94,5.19,10.99,4.93,4.38,11.66,5.08
"(2S)-1-[4-({4-[(2,5-Dichlorophenyl)amino]-2-pyrimidinyl}amino)phenoxy]-3-(dimethylamino)-2-propanol",5.43,6.93,5.2,5.51,6.2,4.86,7.65,5.23,5.05,3.39,10.86,6.44,6.19,11.62,4.91,5.38,11.68,5.1
"(2S)-1-[4-({6-[(2,6-Difluorophenyl)amino]-4-pyrimidinyl}amino)phenoxy]-3-(dimethylamino)-2-propanol",5.39,5.34,4.84,5.58,5.37,4.91,6.29,5.08,5.06,4.28,11.07,6.47,5.49,11.04,6.12,4.98,11.46,5.08
(2S)-1-{4-[(4-Anilino-5-bromo-2-pyrimidinyl)amino]phenoxy}-3-(dimethylamino)-2-propanol,5.35,7.9,4.95,5.45,5.77,5.05,6.43,6.8,5.09,3.46,14.71,6.46,5.73,11.87,5.82,6.39,12.02,5.14
(2S)-1-{[5-(1H-Indazol-5-yl)-3-pyridinyl]oxy}-3-(7aH-indol-3-yl)-2-propanamine,5.26,5.42,5.43,5.45,5.77,5.0,5.64,6.11,5.13,5.88,15.41,6.32,5.03,12.45,6.15,6.13,12.17,5.21
(2S)-1-{[5-(3-METHYL-1H-INDAZOL-5-YL)PYRIDIN-3-YL]OXY}-3-PHENYLPROPAN-2-AMINE,5.22,4.46,5.08,5.19,6.35,5.48,6.95,7.05,5.17,2.48,11.26,5.74,5.0,11.87,4.98,5.71,11.77,5.2
(2S)-2-(3-Carbamimidamidophenyl)-3-[hydroxy(3-phenylpropyl)phosphoryl]propanoicacid,5.16,6.08,7.56,6.84,5.42,5.08,5.86,5.07,5.11,4.02,13.93,7.12,5.1,11.59,4.68,4.74,11.29,5.08
"(2S)-2-(3-bromophenyl)-3-(5-chloro-2-hydroxyphenyl)-1,3-thiazolidin-4-one",5.11,3.25,5.27,5.78,4.98,5.9,5.81,4.62,5.12,4.15,14.01,5.92,5.05,10.9,4.23,4.33,11.36,5.15
(2S)-2-(4-chlorophenoxy)-3-phenylpropanoicacid,4.89,4.58,5.89,5.95,4.91,5.14,6.27,4.54,5.1,3.85,18.4,5.63,5.17,10.26,3.62,4.32,11.52,5.28
(2S)-2-(4-chlorophenyl)-2-[4-(1H-pyrazol-4-yl)phenyl]ethanamine,5.05,1.49,4.37,4.97,5.62,4.8,6.1,5.26,5.07,3.42,11.61,7.79,5.03,11.6,3.94,5.12,11.6,5.07
(2S)-2-(4-ethylphenoxy)-3-phenylpropanoicacid,4.92,8.3,5.74,5.63,4.78,4.95,6.62,4.18,5.1,10.2,26.9,5.31,5.09,10.51,3.21,4.31,11.45,5.22
(2S)-2-(4-{[3-CHLORO-5-(TRIFLUOROMETHYL)PYRIDIN-2-YL]OXY}PHENOXY)PROPANOICACID,5.49,3.05,7.17,7.18,5.07,4.89,6.58,4.48,5.04,3.2,11.09,4.41,5.6,10.68,4.19,4.22,10.97,5.18
(2S)-2-(BUTYRYLOXY)-3-HYDROXYPROPYLNONANOATE,5.15,4.21,5.25,6.74,4.87,5.14,5.18,4.34,5.09,2.82,21.09,4.48,5.06,11.16,3.74,4.55,11.17,5.13
(2S)-2-(biphenyl-4-yloxy)-3-phenylpropanoicacid,5.02,4.39,4.34,4.7,4.83,4.86,6.61,4.41,5.12,5.23,15.85,5.69,5.09,11.43,3.49,4.49,11.37,5.52
(2S)-2-({6-[(3-Amino-5-chlorophenyl)amino]-9-isopropyl-9H-purin-2-yl}amino)-3-methyl-1-butanol,5.48,4.17,5.01,5.43,5.2,4.92,6.56,4.95,5.07,4.72,10.83,6.33,5.07,11.03,5.09,4.64,11.22,5.19
"(2S)-2-Ammonio-3-[5-(2-methyl-2-propanyl)-3-oxido-1,2-oxazol-4-yl]propanoate",5.12,2.8,4.1,4.5,4.6,5.11,6.08,3.94,5.09,3.21,13.86,4.85,5.04,11.44,4.19,4.08,11.32,5.11
(2S)-2-ETHOXY-3-{4-[2-(10H-PHENOXAZIN-10-YL)ETHOXY]PHENYL}PROPANOICACID,5.47,3.94,5.37,5.03,4.92,4.89,5.79,4.55,5.16,6.27,13.31,5.8,5.97,11.25,4.29,4.52,11.56,5.2
(2S)-2-HYDROXYOCTANOICACID,4.8,7.21,3.74,4.48,4.45,5.1,5.97,3.64,5.16,6.07,14.1,4.68,5.06,10.35,4.58,3.76,10.61,5.44
(2S)-2-[3-(AMINOMETHYL)PHENYL]-3-[(R)-HYDROXY{(1R)-2-METHYL-1-[(PHENYLSULFONYL)AMINO]PROPYL}PHOSPHORYL]PROPANOICACID,5.42,3.22,4.56,4.64,5.49,6.92,5.48,4.6,5.07,2.61,10.44,5.79,5.04,12.2,5.44,4.71,11.57,5.08
(2S)-2-[3-(AMINOMETHYL)PHENYL]-3-[(R)-[(1R)-1-{[(BENZYLOXY)CARBONYL]AMINO}-2-METHYLPROPYL](HYDROXY)PHOSPHORYL]PROPANOICACID,5.47,2.98,4.61,4.74,5.1,5.9,5.47,4.72,5.08,2.74,10.52,5.58,5.03,11.54,4.12,4.92,11.53,5.05
(2S)-2-[3-(AMINOMETHYL)PHENYL]-3-{(R)-HYDROXY[(1R)-2-METHYL-1-{[(3-PHENYLPROPYL)SULFONYL]AMINO}PROPYL]PHOSPHORYL}PROPANOICACID,5.41,4.46,4.66,4.42,5.13,5.85,5.01,4.96,5.07,3.89,15.9,5.74,5.04,11.62,4.64,5.11,11.23,5.06
(2S)-2-[3-(AMINOMETHYL)PHENYL]-3-{(S)-HYDROXY[(1R)-2-METHYL-1-{[(2-PHENYLETHYL)SULFONYL]AMINO}PROPYL]PHOSPHORYL}PROPANOICACID,5.52,4.28,5.09,4.81,5.12,6.41,6.01,4.76,5.08,2.61,11.11,5.02,5.04,11.5,4.46,4.95,11.59,5.07
(2S)-2-amino-5-oxo-5-[(4-phenylmethoxyphenyl)amino]pentanoicacid,5.12,3.91,3.77,4.68,4.96,4.93,5.41,4.61,5.08,6.78,11.39,6.11,5.22,11.73,3.98,4.69,11.25,5.11
(2S)-2-hydroxy-2-methyl-N-[4-nitro-3-(trifluoromethyl)phenyl]-3-(pentafluorophenoxy)propanamide,5.48,8.05,5.62,6.06,5.07,4.91,5.84,5.93,5.04,2.57,11.37,6.79,5.71,11.81,4.27,4.46,10.92,5.09
(2S)-2-{3-[({[2-fluoro-4-(trifluoromethyl)phenyl]carbonyl}amino)methyl]-4-methoxybenzyl}butanoicacid,5.79,6.54,7.09,6.69,5.73,4.87,5.0,4.98,5.06,7.11,13.97,7.13,5.2,10.79,5.65,4.42,11.51,5.18
"(2S)-2-{[3-(3-aminophenyl)imidazo[1,2-b]pyridazin-6-yl]amino}-3-methylbutan-1-ol",5.2,3.2,6.91,6.49,5.49,4.82,7.15,4.92,5.07,3.77,13.84,6.82,5.05,11.56,6.21,4.92,10.88,5.06
"(2S)-3-(1-{[2-(2-CHLOROPHENYL)-5-METHYL-1,3-OXAZOL-4-YL]METHYL}-1H-INDOL-5-YL)-2-ETHOXYPROPANOICACID",5.37,5.36,5.53,5.53,5.52,4.84,7.11,4.9,5.34,5.96,10.39,5.38,5.03,11.04,4.77,5.06,11.57,5.13
(2S)-3-[(R)-[(1S)-1-amino-3-phenylpropyl](hydroxy)phosphoryl]-2-benzylpropanoicacid,5.08,5.07,7.3,6.53,5.13,5.11,6.15,6.8,5.1,4.82,13.56,5.55,5.04,10.5,4.2,5.27,10.63,5.24
(2S)-3-[4-(acetylamino)phenoxy]-2-hydroxy-2-methyl-N-[4-nitro-3-(trifluoromethyl)phenyl]propanamide,5.46,2.68,4.24,5.58,4.95,4.88,6.14,5.17,5.09,2.76,14.09,5.46,5.56,11.58,4.4,4.4,11.09,5.06
"(2S)-4-(2,5-difluorophenyl)-N-[(3R,4S)-3-fluoro-1-methylpiperidin-4-yl]-2-(hydroxymethyl)-N-methyl-2-phenyl-2,5-dihydro-1H-pyrrole-1-carboxamide",6.71,2.35,7.37,5.03,6.11,5.94,6.98,4.52,5.11,5.13,11.68,7.05,5.04,11.55,6.17,4.4,11.41,5.53
(2S)-4-(4-fluorobenzyl)-N-(2-sulfanylethyl)piperazine-2-carboxamide,5.63,5.16,6.25,4.89,5.26,5.02,5.35,4.44,5.11,5.46,11.64,6.13,5.04,10.71,5.54,4.64,10.98,5.9
(2S)-4-(4-fluorobenzyl)-N-(3-sulfanylpropyl)piperazine-2-carboxamide,5.47,17.0,6.29,5.39,5.42,4.96,5.3,4.47,5.09,4.12,16.59,5.7,5.04,10.57,5.13,4.64,11.27,5.64
(2S)-4-METHYL-2-(3-PHENYLTHIOUREIDO)-N-((3S)-TETRAHYDRO-2-HYDROXY-3-FURANYL)PENTANAMIDE,5.44,4.44,7.65,7.07,4.97,4.96,7.17,4.67,5.09,2.33,11.88,6.09,5.21,11.53,3.43,4.35,10.89,5.17
"(2S)-6-(2,4-DIAMINO-6-ETHYLPYRIMIDIN-5-YL)-2-(3,5-DIFLUOROPHENYL)-4-(3-METHOXYPROPYL)-2H-1,4-BENZOXAZIN-3(4H)-ONE",5.7,4.52,7.23,4.89,5.21,5.21,6.67,4.83,5.07,4.35,11.72,6.5,5.42,11.47,4.22,4.65,11.44,5.09
(2S)-N-(4-cyano-3-iodophenyl)-3-(4-cyanophenoxy)-2-hydroxy-2-methylpropanamide,5.28,7.61,6.56,5.1,5.43,4.82,6.3,4.6,5.15,4.21,14.0,6.26,5.85,11.79,4.2,4.81,11.08,5.1
(2S)-N-[(3E)-5-Cyclopropyl-3H-pyrazol-3-ylidene]-2-[4-(2-oxo-1-imidazolidinyl)phenyl]propanamide,5.27,7.32,5.78,5.0,5.04,4.8,6.09,4.21,5.13,8.34,15.61,6.15,5.2,11.54,7.29,4.56,11.61,5.51
"(2S)-N-[(3S)-1-(2-AMINO-2-OXOETHYL)-2-OXO-1,2,3,4-TETRAHYDROQUINOLIN-3-YL]-2-CHLORO-2H-THIENO[2,3-B]PYRROLE-5-CARBOXAMIDE",5.91,3.22,7.38,6.61,5.21,4.9,4.91,4.96,5.11,3.34,11.69,5.49,5.73,11.54,4.51,4.55,11.43,5.11
(2S)N-acetyl-L-alanyl-αL-phenylalanyl-chloroethylketone,5.38,0.78,3.98,4.08,5.38,5.06,6.22,4.04,5.08,5.0,4.58,4.75,5.04,10.49,4.77,5.16,11.41,5.15
"(2S,3R)-3-(6-amino-9H-purin-9-yl)nonan-2-ol",5.19,7.18,5.15,5.97,5.04,5.16,6.24,4.31,5.08,5.75,11.84,5.44,5.05,11.63,4.75,4.03,11.18,5.05
"(2S,3S)-3-AMINO-4-(3,3-DIFLUOROPYRROLIDIN-1-YL)-N,N-DIMETHYL-4-OXO-2-(TRANS-4-[1,2,4]TRIAZOLO[1,5-A]PYRIDIN-6-YLCYCLOHEXYL)BUTANAMIDE",6.13,7.36,4.11,4.11,5.68,5.01,6.68,4.74,5.06,8.36,14.13,5.18,5.04,11.49,7.12,5.04,11.15,5.19
"(2S,3S)-3-AMINO-4-[(3S)-3-FLUOROPYRROLIDIN-1-YL]-N,N-DIMETHYL-4-OXO-2-(TRANS-4-[1,2,4]TRIAZOLO[1,5-A]PYRIDIN-5-YLCYCLOHEXYL)BUTANAMIDE",5.69,2.39,4.57,4.04,5.59,5.39,5.44,4.85,5.07,7.29,8.64,6.18,5.03,11.23,8.14,4.83,11.42,5.27
"(2S,3S)-3-FORMYL-2-({[(4-METHYLPHENYL)SULFONYL]AMINO}METHYL)PENTANOICACID",5.33,7.95,5.92,4.7,4.88,6.51,5.5,4.43,5.09,6.25,10.64,4.62,5.08,11.32,4.39,4.58,11.58,5.75
"(2S,3S)-3-FORMYL-2-({[(4-NITROPHENYL)SULFONYL]AMINO}METHYL)PENTANOICACID",5.36,4.4,4.03,4.34,4.88,6.58,6.19,4.3,5.17,2.09,11.71,4.07,5.19,11.56,4.2,4.47,11.44,6.1
"(2S,3S)-3-{3-[2-chloro-4-(methylsulfonyl)phenyl]-1,2,4-oxadiazol-5-yl}-1-cyclopentylidene-4-cyclopropyl-1-fluorobutan-2-amine",5.54,3.76,4.14,5.83,5.59,5.07,7.05,6.09,5.08,6.95,12.96,5.22,5.04,11.56,6.37,5.49,11.56,5.14
"(2S,3S)-3-{3-[4-(METHYLSULFONYL)PHENYL]-1,2,4-OXADIAZOL-5-YL}-1-OXO-1-PYRROLIDIN-1-YLBUTAN-2-AMINE",5.62,4.99,4.41,4.34,5.17,4.84,4.95,4.67,5.09,4.95,12.04,6.07,5.09,11.55,5.1,4.5,11.2,5.68
"(2S,3S)-4-cyclopropyl-3-{(3R,5R)-3-[2-fluoro-4-(methylsulfonyl)phenyl]-1,2,4-oxadiazolidin-5-yl}-1-[(3S)-3-fluoropyrrolidin-1-yl]-1-oxobutan-2-amine",5.89,8.12,4.61,3.96,5.41,4.84,5.59,4.41,5.08,3.41,12.47,6.73,5.04,11.65,6.3,4.51,10.99,5.37
"(2S,3S,4E,6E,8S,9S)-3-amino-9-methoxy-2,6,8-trimethyl-10-phenyldeca-4,6-dienoicacid",5.34,5.77,4.68,5.65,4.92,5.28,5.08,4.03,5.29,17.12,17.6,4.58,5.04,11.63,4.28,4.0,10.83,6.0
"(2S,3S,4R,5S)-2-(4-Amino-4,5-dihydro-1H-pyrrolo[3,2-d]pyrimidin-7-yl)-5-[(methylsulfanyl)methyl]-3,4-pyrrolidinediol",5.14,6.98,6.08,4.28,5.95,5.17,5.82,4.5,5.05,6.37,13.51,5.91,5.04,11.82,6.67,4.38,11.68,5.08
"(2S,4R)-1-acetyl-N-[(2S)-1-(1,3-benzothiazol-2-yl)-5-(diaminomethylideneamino)-1-oxopentan-2-yl]-4-hydroxypyrrolidine-2-carboxamide",5.2,8.92,5.83,5.59,5.58,5.67,6.87,4.79,5.07,9.2,9.95,5.8,5.01,11.76,7.26,5.41,11.64,5.09
"(2Z)-2-cyano-N-(2,2'-dichlorobiphenyl-4-yl)-3-hydroxybut-2-enamide",5.26,5.43,5.27,4.1,5.0,5.33,6.48,5.68,5.26,4.95,11.88,7.64,5.06,11.58,4.61,5.05,11.25,5.12
(2Z)-2-cyano-N-(3'-ethoxybiphenyl-4-yl)-3-hydroxybut-2-enamide,5.27,5.6,3.84,3.83,4.94,5.36,6.26,4.71,5.15,6.06,12.31,5.95,5.06,11.65,4.31,4.81,11.27,5.44
(2Z)-N-(3-chloro-2'-methoxybiphenyl-4-yl)-2-cyano-3-hydroxybut-2-enamide,5.16,4.53,3.81,4.18,4.84,5.58,5.28,4.71,5.04,2.16,11.88,6.05,5.41,10.8,5.47,4.41,11.41,5.09
(2Z)-N-biphenyl-4-yl-2-cyano-3-cyclopropyl-3-hydroxyprop-2-enamide,5.2,4.87,3.6,3.76,4.65,4.88,6.66,4.32,5.12,4.13,10.6,6.88,5.05,11.61,4.14,4.48,10.96,5.44
(2Z)-N-biphenyl-4-yl-2-cyano-3-hydroxybut-2-enamide,5.15,8.03,3.57,3.58,4.77,4.88,6.47,4.43,5.1,10.0,15.99,6.21,5.16,11.62,4.3,4.41,10.81,5.17
"(2Z,3E)-2,3'-biindole-2',3(1H,1'H)-dione3-{O-[(3R)-3,4-dihydroxybutyl]oxime}",5.18,3.33,5.76,5.93,5.23,4.98,7.04,5.13,5.49,2.77,11.09,6.76,6.08,12.51,6.68,4.45,11.58,6.04
(2s)-Hydroxy(4-Hydroxyphenyl)Ethanenitrile,4.92,4.7,3.83,4.21,4.71,4.91,4.42,3.65,5.08,5.39,11.24,6.37,5.13,11.21,4.09,3.84,11.65,5.1
"(2s,3r)-3-Amino-2-Hydroxy-5-(Ethylsulfanyl)Pentanoyl-((S)-(-)-(1-Naphthyl)Ethyl)Amide",5.67,5.98,3.55,4.84,4.77,5.08,5.29,4.7,5.17,4.29,11.04,6.11,5.04,11.58,5.13,5.03,10.86,5.53
"(3,4,5-Trihydroxy-6-Hydroxymethyl-Tetrahydro-Pyran-2-Yl)-PhosphoramidicAcidDimethylEster",5.03,5.98,3.92,3.52,4.89,5.04,5.92,3.47,5.28,5.8,12.4,6.12,5.04,11.53,5.88,3.86,11.09,5.76
"(3,4,8b-Trimethyl-3-oxido-2,3a-dihydro-1H-pyrrolo[2,3-b]indol-3-ium-7-yl)N-(2-ethylphenyl)carbamate",5.38,4.89,3.93,4.36,5.41,4.88,5.9,6.19,5.08,4.35,10.56,5.93,5.04,11.66,4.13,5.38,11.17,5.09
"(3,4-DIHYDROXY-2-NITROPHENYL)(PHENYL)METHANONE",4.98,3.52,4.27,5.73,4.82,4.94,4.59,4.44,5.08,5.4,12.47,6.82,5.16,11.56,5.62,4.22,11.42,5.06
(3-Carboxy-2-(R)-Hydroxy-Propyl)-Trimethyl-Ammonium,4.85,2.64,3.65,4.39,4.36,5.09,4.55,3.81,5.08,10.29,6.37,5.23,5.11,10.67,5.51,3.95,11.4,5.13
(3-Chloro-4-Propoxy-Phenyl)-AceticAcid,5.05,8.96,3.25,3.35,4.99,4.83,4.81,4.33,5.05,2.84,8.16,5.02,5.07,10.35,3.89,4.04,11.45,5.12
"(3-ENDO)-8-METHYL-8-AZABICYCLO[3.2.1]OCT-3-YL1H-PYRROLO[2,3-B]PYRIDINE-3-CARBOXYLATE",5.65,5.12,5.32,6.2,6.26,5.18,6.73,6.15,5.07,4.68,9.97,5.97,5.15,11.51,5.55,4.86,11.67,5.11
"(3-{3-[[2-Chloro-3-(Trifluoromethyl)Benzyl](2,2-Diphenylethyl)Amino]Propoxy}Phenyl)AceticAcid",5.55,4.89,5.46,5.54,6.41,4.97,6.64,6.83,5.09,5.4,11.45,6.89,5.03,11.03,6.35,5.12,11.52,5.15
"(3AALPHA,4ALPHA,7ALPHA,7AALPHA)-3A,4,7,7A-TETRAHYDRO-2-(4-NITRO-1-NAPHTHALENYL)-4,7-ETHANO-1H-ISOINDOLE-1,3(2H)-DIONE",5.23,8.6,4.88,4.84,5.32,5.48,6.92,4.57,5.06,7.71,15.94,5.96,5.98,11.0,5.45,4.46,11.97,5.12
"(3AR,6R,6AS)-6-((S)-((S)-CYCLOHEX-2-ENYL)(HYDROXY)METHYL)-6A-METHYL-4-OXO-HEXAHYDRO-2H-FURO[3,2-C]PYRROLE-6-CARBALDEHYDE",5.61,8.22,5.05,5.5,5.38,4.86,6.95,4.59,5.28,16.03,13.32,7.52,5.04,11.6,7.73,5.18,11.54,6.0
"(3AS,4R,9BR)-2,2-DIFLUORO-4-(4-HYDROXYPHENYL)-1,2,3,3A,4,9B-HEXAHYDROCYCLOPENTA[C]CHROMEN-8-OL",5.7,5.51,8.02,6.92,4.93,5.02,6.7,4.65,5.46,4.1,12.84,7.16,6.02,11.61,6.02,4.65,11.34,5.36
"(3AS,4R,9BR)-4-(4-HYDROXYPHENYL)-1,2,3,3A,4,9B-HEXAHYDROCYCLOPENTA[C]CHROMEN-9-OL",5.19,3.5,6.99,6.94,4.74,5.48,7.63,4.2,5.07,4.65,11.4,5.91,6.06,10.84,6.42,4.65,11.64,5.17
"(3AS,4R,9BR)-4-(4-HYDROXYPHENYL)-6-(METHOXYMETHYL)-1,2,3,3A,4,9B-HEXAHYDROCYCLOPENTA[C]CHROMEN-8-OL",5.69,5.17,7.78,6.84,5.17,5.08,7.5,4.29,5.08,7.27,11.02,6.38,5.16,11.35,6.68,4.28,11.4,5.15
"(3ASR,4RS,8ASR,8BRS)-4-(2-(4-FLUOROBENZYL)-1,3-DIOXODEACAHYDROPYRROLO[3,4-A]PYRROLIZIN-4-YL)BENZAMIDINE",5.9,4.82,4.83,5.78,5.45,4.85,8.18,4.24,5.07,5.76,13.61,7.46,5.04,11.25,6.26,4.66,11.61,5.18
(3E)-3-[(phenylamino)methylidene]dihydrofuran-2(3H)-one,4.88,2.59,3.66,3.87,4.67,5.29,4.71,4.32,5.32,3.73,11.37,4.84,5.06,11.95,3.7,4.26,11.44,5.76
(3E)-4-(1-METHYL-1H-INDOL-3-YL)BUT-3-EN-2-ONE,4.86,4.14,4.01,4.23,4.73,4.99,6.5,4.25,5.11,1.98,11.1,5.49,5.06,10.64,5.0,4.41,11.62,5.14
"(3E)-5-fluoro-1-[(6-fluoro-4H-1,3-benzodioxin-8-yl)methyl]-1H-indole-2,3-dione3-oxime",5.21,4.98,6.89,6.89,4.91,4.99,6.81,4.45,5.1,6.68,14.33,6.49,5.3,11.64,6.08,4.29,11.15,5.13
"(3R)-3-(FLUOROMETHYL)-N-(3,3,3-TRIFLUOROPROPYL)-1,2,3,4-TETRAHYDROISOQUINOLINE-7-SULFONAMIDE",5.69,28.37,4.64,4.35,5.17,4.91,4.99,4.79,5.08,20.94,15.11,5.51,5.06,11.69,4.32,4.57,11.61,5.9
"(3R)-3-(aminomethyl)-9-methoxy-1,2,3,4-tetrahydro-5H-[1]benzothieno[3,2-e][1,4]diazepin-5-one",5.48,3.65,3.89,4.76,6.3,5.03,5.86,5.09,5.09,5.37,11.76,6.23,5.04,11.52,6.16,5.05,10.99,5.08
(3R)-3-HYDROXYDODECANOICACID,4.91,4.03,3.95,4.41,4.37,5.12,4.71,3.77,5.09,10.39,12.13,3.94,5.05,10.5,5.85,4.09,11.11,5.13
"(3R)-3-[(1,2,3,4-tetrahydroisoquinolin-7-yloxy)methyl]-2,3-dihydrothieno[2,3-f][1,4]oxazepin-5-amine",5.42,6.41,5.53,6.17,5.82,5.24,6.55,5.8,5.22,5.43,11.42,6.72,5.04,12.11,6.78,4.74,11.05,6.19
"(3R)-3-cyclopentyl-6-methyl-7-[(4-methylpiperazin-1-yl)sulfonyl]-3,4-dihydro-2H-1,2-benzothiazine1,1-dioxide",5.94,2.02,5.71,6.0,5.66,4.83,5.36,4.63,5.25,10.75,12.8,7.24,5.06,11.79,5.81,4.37,11.47,5.98
"(3R)-3-cyclopentyl-7-[(4-methylpiperazin-1-yl)sulfonyl]-3,4-dihydro-2H-1,2-benzothiazine1,1-dioxide",5.45,3.35,5.76,5.58,5.95,5.29,5.65,4.41,5.18,4.31,11.15,5.23,5.1,11.64,5.97,4.29,11.55,5.9
"(3R)-4,4-DIFLUORO-3-[(4-METHOXYPHENYL)SULFONYL]BUTANOICACID",5.23,6.52,4.07,5.29,5.12,6.48,6.18,4.11,5.08,4.23,12.25,3.46,5.06,10.71,4.25,4.0,11.08,5.13
"(3R)-4-[(3R)-3-AMINO-4-(2,4,5-TRIFLUOROPHENYL)BUTANOYL]-3-METHYL-1,4-DIAZEPAN-2-ONE",5.49,4.79,6.22,5.63,5.66,5.0,4.97,5.38,5.1,4.11,11.56,5.99,5.32,11.97,4.4,4.94,11.59,5.65
"(3R)-8-(dioxidosulfanyl)-3-methyl-1,2,3,4-tetrahydroquinoline",5.03,5.36,4.24,4.87,4.89,5.07,5.62,3.79,5.06,5.09,11.46,4.26,5.25,11.93,4.63,4.07,11.53,5.32
"(3R)-METHYLCARBAMOYL-7-SULFOAMINO-3,4-DIHYDRO-1H-ISOQUINOLINE-2-CARBOXYLICACIDBENZYLESTER",5.59,5.8,3.61,3.93,4.89,5.64,6.93,4.27,5.07,8.44,10.52,5.41,5.04,11.08,7.03,4.3,11.39,5.49
"(3R)-N-(4-CHLOROPHENYL)-3-(HYDROXYMETHYL)-1,2,3,4-TETRAHYDROISOQUINOLINE-7-SULFONAMIDE",5.41,3.3,4.95,4.24,5.04,4.89,6.24,4.47,5.21,3.63,11.5,5.6,5.04,11.79,4.37,4.55,11.35,5.88
"(3R,4R)-1-{6-[3-(METHYLSULFONYL)PHENYL]PYRIMIDIN-4-YL}-4-(2,4,5-TRIFLUOROPHENYL)PIPERIDIN-3-AMINE",5.48,7.24,6.96,6.74,5.69,5.32,8.2,5.02,5.07,8.28,17.58,5.88,5.05,11.31,5.36,5.03,11.59,5.8
"(3R,4R)-3-Hydroxy-4-(hydroxymethyl)-1-[(4-oxo-4,4a,5,7a-tetrahydro-3H-pyrrolo[3,2-d]pyrimidin-7-yl)methyl]pyrrolidinium",5.39,7.44,4.64,4.95,5.28,5.08,6.78,3.91,5.66,5.08,11.27,5.75,5.04,10.56,6.83,4.15,11.64,5.15
"(3R,4R,5R)-5-(HYDROXYMETHYL)-1-(3-PHENYLPROPYL)PIPERIDINE-3,4-DIOL",5.11,3.04,4.0,5.13,5.53,5.48,5.31,4.08,5.24,4.03,11.04,6.7,5.08,11.54,3.47,4.52,11.6,5.17
"(3R,4S)-1-{6-[3-(METHYLSULFONYL)PHENYL]PYRIMIDIN-4-YL}-4-(2,4,5-TRIFLUOROPHENYL)PYRROLIDIN-3-AMINE",5.63,5.05,6.48,6.52,5.83,5.27,6.64,4.87,5.08,2.41,11.31,6.63,5.04,11.12,5.04,4.83,11.57,5.36
"(3R,5Z,8S,9S,11E)-8,9,16-TRIHYDROXY-14-METHOXY-3-METHYL-3,4,9,10-TETRAHYDRO-1H-2-BENZOXACYCLOTETRADECINE-1,7(8H)-DIONE",5.22,6.1,4.9,4.71,4.63,4.87,7.07,5.07,5.08,8.84,9.74,6.57,5.26,10.77,4.13,4.6,11.0,5.22
(3S)-1-{[4-(but-2-yn-1-yloxy)phenyl]sulfonyl}pyrrolidine-3-thiol,5.1,5.05,5.39,5.79,5.23,6.91,4.94,5.13,5.04,4.71,12.91,5.36,5.07,11.59,3.56,4.87,10.99,5.5
"(3S)-3-cyclopentyl-6-methyl-7-[(4-methylpiperazin-1-yl)sulfonyl]-3,4-dihydro-2H-1,2,4-benzothiadiazine1,1-dioxide",6.01,6.68,4.02,5.87,5.34,4.84,5.74,5.04,5.29,6.03,11.43,7.2,5.43,11.52,6.45,4.57,11.53,5.67
"(3S)-3-hydroxy-1-methyl-2,3-dihydro-1H-indole-5,6-dione",5.0,5.29,4.96,5.27,5.22,5.04,6.03,4.31,5.28,5.49,11.71,4.54,5.04,10.32,5.43,4.54,11.48,5.23
"(3S)-4-{[4-(BUT-2-YNYLOXY)PHENYL]SULFONYL}-N-HYDROXY-2,2-DIMETHYLTHIOMORPHOLINE-3-CARBOXAMIDE",5.66,4.06,5.32,6.0,7.0,6.56,6.26,7.42,5.2,4.05,17.95,5.68,5.07,11.56,4.1,6.79,11.12,6.04
"(3S,5R,7R,8S,9S,10R)-7-(hydroxymethyl)-3-(2-naphthyl)-1,6-dioxa-2-azaspiro[4.5]decane-8,9,10-triol",5.12,4.1,5.66,5.77,4.76,5.67,5.17,3.7,5.52,5.13,11.01,6.74,5.05,11.5,5.6,4.44,11.32,5.92
"(3S,5R,7R,8S,9S,10R)-7-(hydroxymethyl)-3-(4-methylphenyl)-1,6-dioxa-2-azaspiro[4.5]decane-8,9,10-triol",5.09,7.2,5.16,5.48,4.59,5.6,5.0,3.57,5.48,11.2,11.11,6.42,5.05,11.49,5.8,4.19,11.43,5.86
"(3Z)-1-[(6-fluoro-4H-1,3-benzodioxin-8-yl)methyl]-4-[(E)-2-phenylethenyl]-1H-indole-2,3-dione3-oxime",5.35,6.8,6.46,6.29,4.98,5.08,7.37,4.8,5.15,6.76,11.35,6.22,5.05,11.52,5.98,4.82,11.53,5.5
"(3Z)-1-[(6-fluoro-4H-1,3-benzodioxin-8-yl)methyl]-4-phenyl-1H-indole-2,3-dione3-oxime",5.23,4.54,6.91,6.75,5.15,5.07,7.14,4.77,5.1,5.06,10.72,7.1,5.06,11.41,5.0,4.6,11.25,5.07
"(3Z)-6-(4-HYDROXY-3-METHOXYPHENYL)-3-(1H-PYRROL-2-YLMETHYLENE)-1,3-DIHYDRO-2H-INDOL-2-ONE",5.23,4.67,4.79,5.4,5.16,5.62,5.57,4.38,5.55,3.96,10.49,4.71,5.49,11.66,5.85,4.86,10.48,6.28
"(3Z)-N,N-DIMETHYL-2-OXO-3-(4,5,6,7-TETRAHYDRO-1H-INDOL-2-YLMETHYLIDENE)-2,3-DIHYDRO-1H-INDOLE-5-SULFONAMIDE",5.47,3.89,5.39,5.7,5.26,6.34,5.87,4.37,5.14,6.79,13.52,5.72,5.77,11.71,5.24,4.87,11.65,5.77
"(3Z,6S)-6-Chloro-1-(2-{[(5-chloro-1-benzothiophen-3-yl)methyl]amino}ethyl)-3-({2-[(2R)-2-piperidinyl]ethyl}imino)-2-piperazinol",5.16,4.03,6.84,6.45,5.51,4.88,6.98,5.35,5.07,6.56,11.61,6.22,5.07,11.71,7.39,4.93,11.23,5.06
"(3aS)-3a-hydroxy-1-phenyl-1,2,3,3a-tetrahydro-4H-pyrrolo[2,3-b]quinolin-4-one",5.4,5.35,6.89,7.03,5.11,6.04,5.82,4.35,5.65,3.97,11.4,6.99,5.08,11.63,6.71,4.32,11.62,5.94
"(3aS)-3a-hydroxy-5-methyl-1-phenyl-1,2,3,3a-tetrahydro-4H-pyrrolo[2,3-b]quinolin-4-one",5.19,2.67,7.29,7.73,5.3,5.71,5.86,4.51,5.79,4.3,17.09,7.47,5.05,11.74,6.07,4.57,11.68,6.32
"(3aS)-3a-hydroxy-7-methyl-1-phenyl-1,2,3,3a-tetrahydro-4H-pyrrolo[2,3-b]quinolin-4-one",5.17,4.51,6.95,7.13,5.15,5.52,6.69,4.55,5.4,5.61,13.88,5.25,5.16,11.63,6.1,4.57,11.52,5.59
"(3aS,4R,9bR)-2,2-difluoro-4-(4-hydroxyphenyl)-6-(methoxymethyl)-1,2,3,3a,4,9b-hexahydrocyclopenta[c]chromen-8-ol",6.0,6.21,7.84,7.1,5.15,5.1,6.56,4.52,5.17,2.46,9.8,6.36,5.27,11.64,6.34,4.46,11.04,5.73
(3e)-3-[(4-Hydroxyphenyl)Imino]-1h-Indol-2(3h)-One,5.24,6.63,5.37,5.96,4.78,5.0,7.22,3.78,5.22,8.73,13.18,6.37,5.78,11.81,7.24,4.24,11.67,5.98
"(3r)-4-(P-Toluenesulfonyl)-1,4-Thiazane-3-Carboxylicacid-L-Leucine",5.5,6.26,5.87,6.06,5.52,6.4,6.7,4.28,5.09,3.41,15.22,5.81,5.04,11.91,4.5,4.6,10.7,5.21
"(3r)-4-(P-Toluenesulfonyl)-1,4-Thiazane-3-Carboxylicacid-L-PhenylalanineEthylEster",5.36,4.5,4.39,5.93,5.89,6.94,5.92,4.24,5.11,4.04,11.38,4.76,5.03,11.34,4.56,4.63,11.6,5.28
"(4-AMINO-2-{[1-(METHYLSULFONYL)PIPERIDIN-4-YL]AMINO}PYRIMIDIN-5-YL)(2,3-DIFLUORO-6-METHOXYPHENYL)METHANONE",5.58,7.18,5.05,5.09,5.12,5.09,5.12,5.04,5.08,5.03,17.36,7.6,5.1,11.88,4.99,4.64,11.13,5.25
(4-ETHYLPHENYL)SULFAMICACID,4.86,3.16,3.63,4.23,4.34,5.21,5.08,4.35,5.06,4.53,13.3,4.45,5.05,11.65,3.21,4.5,11.16,5.09
(4-sulfamoyl-phenyl)-thiocarbamicacidO-(2-thiophen-3-yl-ethyl)ester,5.21,15.34,6.17,6.76,4.86,6.17,5.38,4.99,5.05,10.04,28.52,5.87,5.09,11.53,3.45,4.64,11.3,5.06
(4-{(2S)-2-[(tert-butoxycarbonyl)amino]-3-methoxy-3-oxopropyl}phenyl)methaneseleninicacid,5.37,7.44,6.31,6.12,4.89,5.01,5.06,4.26,5.06,5.59,15.95,4.39,5.04,11.39,5.52,4.41,11.43,5.47
"(4-{4-[(TERT-BUTOXYCARBONYL)AMINO]-2,2-BIS(ETHOXYCARBONYL)BUTYL}PHENYL)SULFAMICACID",5.09,3.83,3.76,4.27,5.11,5.05,5.72,4.15,5.06,5.36,10.13,4.48,5.15,10.78,4.89,4.62,11.11,5.08
(4E)-N-(4-fluorophenyl)-4-[(phenylcarbonyl)imino]-4H-pyrazole-3-carboxamide,5.17,7.3,3.39,4.13,4.97,4.88,6.01,4.62,5.05,5.22,12.92,6.18,5.02,10.96,5.68,4.73,11.62,5.18
"(4R)-4-(3-HYDROXYPHENYL)-N,N,7,8-TETRAMETHYL-3,4-DIHYDROISOQUINOLINE-2(1H)-CARBOXAMIDE",5.48,3.27,6.13,5.2,5.23,4.95,7.51,4.37,5.07,4.09,13.1,7.24,5.05,11.31,7.76,4.21,11.55,5.29
(4R)-4-(3-butoxy-4-methoxybenzyl)imidazolidin-2-one,5.27,5.43,6.21,6.54,5.37,5.05,6.42,3.9,5.07,4.76,13.76,5.4,5.04,11.7,4.08,4.14,11.49,5.03
"(4R)-7,8-dichloro-1',9-dimethyl-1-oxo-1,2,4,9-tetrahydrospiro[beta-carboline-3,4'-piperidine]-4-carbonitrile",5.36,5.25,6.31,5.65,5.06,5.02,5.89,4.43,5.32,3.06,11.65,6.06,5.02,11.6,7.31,4.39,11.21,6.01
"(4R)-7-chloro-9-methyl-1-oxo-1,2,4,9-tetrahydrospiro[beta-carboline-3,4'-piperidine]-4-carbonitrile",5.25,5.07,6.19,4.26,4.89,5.02,6.04,4.59,5.62,5.88,15.25,7.29,5.01,11.55,7.26,4.55,11.2,6.11
"(4R)-N-[4-({[2-(DIMETHYLAMINO)ETHYL]AMINO}CARBONYL)-1,3-THIAZOL-2-YL]-4-METHYL-1-OXO-2,3,4,9-TETRAHYDRO-1H-BETA-CARBOLINE-6-CARBOXAMIDE",5.2,4.85,4.65,5.45,5.2,5.18,5.12,4.96,5.04,5.7,12.74,6.11,5.03,11.69,7.07,4.95,11.42,5.12
"(4R,2S)-5'-(4-(4-CHLOROBENZYLOXY)PYRROLIDIN-2-YLMETHANESULFONYL)ISOQUINOLINE",5.35,3.09,7.28,6.54,5.55,5.13,6.34,4.85,5.07,4.17,14.16,7.04,5.07,10.71,4.37,5.12,11.4,5.08
"(4S,5E,7Z,10Z,13Z,16Z,19Z)-4-hydroxydocosa-5,7,10,13,16,19-hexaenoicacid",4.87,2.52,6.1,5.88,4.3,5.04,6.04,4.33,5.15,6.64,11.4,4.88,5.06,10.54,5.9,4.25,11.64,5.86
"(4Z)-2,8:7,12:11,15:14,18:17,22-PENTAANHYDRO-4,5,6,9,10,13,19,20,21-NONADEOXY-D-ARABINO-D-ALLO-D-ALLO-DOCOSA-4,9,20-TRIENITOL",4.93,4.89,4.85,5.19,4.6,5.11,5.84,4.51,5.07,4.39,10.65,6.69,5.14,11.52,4.47,4.45,11.1,5.09
"(4Z)-6-bromo-4-({[4-(pyrrolidin-1-ylmethyl)phenyl]amino}methylidene)isoquinoline-1,3(2H,4H)-dione",5.39,5.71,3.98,5.58,5.07,4.93,6.21,4.39,5.07,4.85,14.03,5.65,5.38,11.65,7.07,4.15,11.61,5.87
"(4aS)-5-[(2,4-diaminopteridin-6-yl)methyl]-4a,5-dihydro-2H-dibenzo[b,f]azepin-8-ol",5.34,6.21,5.62,5.42,5.03,4.91,7.11,4.65,5.01,7.26,11.94,8.04,5.04,10.92,6.84,4.84,11.56,5.1
"(4aS,4bR,10bS,12aS)-12a-methyl-1,3-dioxo-2-(pyridin-3-ylmethyl)-1,2,3,4,4a,4b,5,6,10b,11,12,12a-dodecahydronaphtho[2,1-f]isoquinolin-8-ylsulfamate",5.91,6.24,7.1,6.61,6.59,5.0,6.9,7.03,5.06,10.76,10.62,5.87,5.03,11.42,6.33,6.36,11.37,5.1
"(4aS,6R,8aS)-11-[8-(1,3-Dioxo-1,3-dihydro-2H-isoindol-2-yl)octyl]-6-hydroxy-3-methoxy-5,6,9,10-tetrahydro-4aH-[1]benzofuro[3a,3,2-ef][2]benzazepin-11-ium",6.12,8.57,5.59,4.59,5.3,5.5,6.83,4.54,5.06,3.05,9.01,5.99,5.04,11.61,5.54,4.7,10.79,5.21
(4e)-4-Aminohex-4-EnoicAcid,4.78,5.48,4.01,4.59,4.3,5.07,4.54,4.22,5.07,3.7,14.51,4.47,5.08,11.25,4.01,4.23,11.42,5.09
(4s)-5-Fluoro-L-Leucine,4.99,9.95,3.9,5.48,4.58,5.06,3.62,3.81,5.09,2.41,8.24,4.7,5.09,10.41,4.98,3.97,10.82,5.33
"(4s-Trans)-4-(Methylamino)-5,6-Dihydro-6-Methyl-4h-Thieno(2,3-B)Thiopyran-2-Sulfonamide-7,7-Dioxide",5.63,5.9,8.8,8.86,6.01,4.97,5.82,6.4,5.16,5.28,10.95,5.52,5.06,11.08,8.89,5.33,10.75,5.13
"(5,6-DIPHENYL-FURO[2,3-D]PYRIMIDIN-4-YLAMINO)-ACETIC",4.96,6.43,5.04,5.01,5.3,5.48,5.87,4.81,5.09,7.52,16.92,5.31,5.04,10.85,5.04,4.24,10.64,5.15
(5-CHLORO-2-{[(3-NITROBENZYL)AMINO]CARBONYL}PHENOXY)ACETICACID,5.23,4.92,7.66,6.81,5.0,5.12,5.79,4.45,5.07,5.69,18.36,4.33,5.1,11.14,5.12,4.98,11.36,5.06
"(5-Chloropyrazolo[1,5-a]Pyrimidin-7-Yl)-(4-Methanesulfonylphenyl)Amine",5.12,6.56,4.47,4.28,4.71,6.27,5.28,4.65,5.06,6.32,14.27,6.01,5.72,11.59,4.98,4.66,10.88,5.8
"(5-Oxo-5,6-Dihydro-Indolo[1,2-a]Quinazolin-7-Yl)-AceticAcid",5.09,3.65,5.82,5.06,4.53,5.16,5.67,4.39,5.13,6.34,16.45,6.54,5.01,11.63,5.0,4.31,11.62,5.26
"(5-phenyl-7-(pyridin-3-ylmethylamino)pyrazolo[1,5-a]pyrimidin-3-yl)methanol",5.27,3.0,5.52,4.48,5.13,5.47,5.95,4.57,5.06,2.69,10.3,7.32,5.04,11.65,8.09,4.68,11.46,5.06
"(5-{3-[5-(PIPERIDIN-1-YLMETHYL)-1H-INDOL-2-YL]-1H-INDAZOL-6-YL}-2H-1,2,3-TRIAZOL-4-YL)METHANOL",5.23,5.15,5.42,5.99,5.69,5.07,5.86,6.28,5.08,3.25,15.93,6.4,5.04,11.56,6.06,5.35,11.5,5.07
"(5BETA)-PREGNANE-3,20-DIONE",5.14,8.54,5.27,4.34,4.48,5.11,7.35,6.02,5.11,5.67,18.99,5.4,5.05,10.86,4.53,4.78,11.63,5.84
"(5E)-12-CHLORO-13,15-DIHYDROXY-4,7,8,9-TETRAHYDRO-2-BENZOXACYCLOTRIDECINE-1,10(3H,11H)-DIONE",5.15,3.65,6.59,6.83,4.77,5.0,5.04,5.18,5.03,5.41,12.56,5.67,5.05,11.77,4.99,5.21,11.49,5.17
"(5E)-14-CHLORO-15,17-DIHYDROXY-4,7,8,9,10,11-HEXAHYDRO-2-BENZOXACYCLOPENTADECINE-1,12(3H,13H)-DIONE",5.24,2.01,6.84,6.75,4.84,5.05,4.74,5.48,5.07,3.87,17.85,5.51,5.05,11.87,4.99,5.37,11.47,5.16
"(5E)-2-Amino-5-(2-pyridinylmethylene)-1,3-thiazol-4(5H)-one",5.02,9.47,5.04,6.03,4.74,5.05,5.08,4.55,5.05,4.21,14.55,6.94,5.06,10.74,3.58,4.19,11.16,5.13
"(5E)-5-[(2,2-DIFLUORO-1,3-BENZODIOXOL-5-YL)METHYLENE]-1,3-THIAZOLIDINE-2,4-DIONE",5.1,7.46,6.07,5.96,4.66,5.02,5.0,4.72,5.64,4.96,12.46,6.36,5.13,11.59,4.57,4.51,11.42,5.92
"(5E,13E)-11-HYDROXY-9,15-DIOXOPROSTA-5,13-DIEN-1-OICACID",5.16,8.71,5.2,4.55,5.08,4.99,5.88,4.62,5.16,10.24,11.6,6.36,5.05,11.27,5.25,4.71,11.41,5.18
"(5E,14E)-11-oxoprosta-5,9,12,14-tetraen-1-oicacid",5.12,4.75,4.46,4.89,5.0,4.98,5.6,4.17,5.07,4.38,11.99,5.78,5.16,10.87,4.2,4.69,11.47,5.15
"(5E,7S)-2-amino-7-(4-fluoro-2-pyridin-3-ylphenyl)-4-methyl-7,8-dihydroquinazolin-5(6H)-oneoxime",5.82,7.37,6.1,4.82,5.53,5.32,7.32,4.7,5.04,13.83,13.19,6.48,5.04,11.68,7.09,5.12,11.05,5.04
"(5R)-2-[(2-Fluorophenyl)amino]-5-isopropyl-1,3-thiazol-4(5H)-one",5.34,7.3,5.25,6.09,5.05,5.13,4.42,4.73,5.09,8.05,15.47,6.33,5.21,11.65,4.28,4.72,11.53,5.19
"(5R)-5-(4-{[(2R)-6-HYDROXY-2,5,7,8-TETRAMETHYL-3,4-DIHYDRO-2H-CHROMEN-2-YL]METHOXY}BENZYL)-1,3-THIAZOLIDINE-2,4-DIONE",5.47,2.43,4.96,5.83,5.08,5.03,5.58,4.48,5.09,4.3,11.47,4.57,5.04,12.05,4.0,4.76,11.33,5.25
"(5R)-N,N-DIETHYL-5-METHYL-2-[(THIOPHEN-2-YLCARBONYL)AMINO]-4,5,6,7-TETRAHYDRO-1-BENZOTHIOPHENE-3-CARBOXAMIDE",5.06,9.18,7.26,6.45,4.81,6.23,7.07,4.19,5.51,2.81,8.4,5.96,5.07,10.86,5.27,4.17,11.58,5.18
"(5R,6E,8Z,11Z,14Z,17Z)-5-hydroxyicosa-6,8,11,14,17-pentaenoicacid",4.93,8.72,5.4,5.04,4.29,5.04,5.35,4.35,5.09,7.15,16.98,4.32,5.06,10.57,6.05,4.27,11.52,5.29
"(5R,6S,8S)-8-[3-(AMINOMETHYL)PHENYL]-6-HYDROXY-5-ISOPROPYL-3-OXO-1-PHENYL-2,7-DIOXA-4-AZA-6-PHOSPHANONAN-9-OICACID6-OXIDE",5.32,3.22,4.14,4.16,4.81,6.06,6.8,3.84,5.07,5.07,14.62,6.73,5.05,11.54,4.5,4.24,11.56,5.06
"(5R,7R,8S,9S,10R)-7-(hydroxymethyl)-3-phenyl-1,6-dioxa-2-azaspiro[4.5]dec-2-ene-8,9,10-triol",5.06,3.61,4.82,3.98,4.7,5.14,4.87,3.53,5.51,3.42,11.26,4.55,5.04,10.17,4.96,4.07,10.5,6.06
"(5S)-2-(Cyclooctylamino)-5-methyl-5-propyl-1,3-thiazol-4(5H)-one",5.19,4.18,4.99,5.71,4.97,5.09,4.38,4.66,5.18,4.13,18.68,5.03,5.07,11.56,4.45,4.39,11.63,6.0
"(5S)-2-{[(1S)-1-(2-fluorophenyl)ethyl]amino}-5-methyl-5-(trifluoromethyl)-1,3-thiazol-4(5H)-one",5.26,4.25,5.76,6.13,5.39,5.09,4.79,4.62,5.65,7.34,14.62,5.9,5.04,11.57,7.28,4.93,11.0,6.25
"(5S)-2-{[(1S)-1-(4-Fluorophenyl)ethyl]amino}-5-(2-hydroxy-2-propanyl)-5-methyl-1,3-thiazol-4(5H)-one",5.43,6.6,4.98,5.87,5.04,5.61,4.35,4.81,5.63,4.17,14.08,6.33,5.04,11.81,6.1,5.14,11.45,6.27
"(5S)-3-ANILINO-5-(2,4-DIFLUOROPHENYL)-5-METHYL-1,3-OXAZOLIDINE-2,4-DIONE",5.2,3.25,7.08,5.75,5.09,5.81,5.02,4.46,5.07,4.34,11.49,7.06,5.1,11.12,5.36,4.47,11.46,5.31
"(5S)-4,5-difluoro-6-[(2-fluoro-4-iodophenyl)imino]-N-(2-hydroxyethoxy)cyclohexa-1,3-diene-1-carboxamide",6.34,6.0,6.96,6.09,5.08,4.88,5.65,4.45,5.07,2.71,14.56,5.45,5.03,10.65,7.49,4.51,11.58,5.03
"(5S)-5-(2-amino-2-oxoethyl)-4-oxo-N-[(3-oxo-3,4-dihydro-2H-1,4-benzoxazin-6-yl)methyl]-3,4,5,6,7,8-hexahydro[1]benzothieno[2,3-d]pyrimidine-2-carboxamide",5.36,3.17,4.32,5.79,5.1,5.23,5.21,5.01,5.11,4.53,11.03,5.46,5.3,10.99,5.89,4.47,11.49,5.31
"(5S)-5-(3-AMINOPROPYL)-3-(2,5-DIFLUOROPHENYL)-N-ETHYL-5-PHENYL-4,5-DIHYDRO-1H-PYRAZOLE-1-CARBOXAMIDE",6.19,6.52,6.05,5.6,5.21,5.05,6.01,6.4,5.12,6.16,14.2,8.54,5.06,11.68,5.57,5.55,11.37,5.78
"(5S)-5-Iododihydro-2,4(1H,3H)-pyrimidinedione",5.18,5.57,3.91,4.1,4.5,5.05,4.34,3.97,5.1,4.65,10.46,4.2,5.12,11.02,5.07,4.14,11.37,5.15
"(5S,8R,9S,10S,13R,14S,17S)-13-{2-[(3,5-DIFLUOROBENZYL)OXY]ETHYL}-17-HYDROXY-10-METHYLHEXADECAHYDRO-3H-CYCLOPENTA[A]PHENANTHREN-3-ONE",5.28,10.23,8.18,7.22,5.19,4.98,7.86,5.28,5.06,5.27,17.1,5.29,5.09,10.64,5.48,5.52,11.59,5.89
"(5Z)-12-CHLORO-13,15-DIHYDROXY-4,7,8,9-TETRAHYDRO-2-BENZOXACYCLOTRIDECINE-1,10(3H,11H)-DIONE",5.15,4.45,6.59,6.83,4.77,5.0,5.04,5.18,5.03,3.88,12.31,5.56,5.05,11.77,4.99,5.21,11.49,5.17
"(5Z)-13-CHLORO-14,16-DIHYDROXY-3,4,7,8,9,10-HEXAHYDRO-1H-2-BENZOXACYCLOTETRADECINE-1,11(12H)-DIONE",5.07,5.35,6.82,6.73,4.85,5.03,4.83,5.53,5.02,8.08,10.76,5.35,5.04,11.85,4.99,5.38,11.47,5.16
"(5Z)-5-(3-BROMOCYCLOHEXA-2,5-DIEN-1-YLIDENE)-N-(PYRIDIN-4-YLMETHYL)-1,5-DIHYDROPYRAZOLO[1,5-A]PYRIMIDIN-7-AMINE",5.97,3.93,5.96,5.74,5.46,4.89,6.93,5.05,5.06,2.13,11.36,5.51,5.04,11.7,7.01,4.62,11.56,5.05
"(5Z)-7-{(1R,4S,5R,6R)-6-[(1E)-1-Octen-1-yl]-2,3-diazabicyclo[2.2.1]hept-2-en-5-yl}-5-heptenoicacid",5.16,5.65,6.81,5.85,4.81,4.88,5.06,4.76,5.06,7.27,14.76,6.6,5.05,11.59,4.86,4.67,11.37,5.13
"(6AR,11AS,11BR)-10-ACETYL-9-HYDROXY-7,7-DIMETHYL-2,6,6A,7,11A,11B-HEXAHYDRO-11H-PYRROLO[1',2':2,3]ISOINDOLO[4,5,6-CD]INDOL-11-ONE",5.5,7.63,3.98,4.16,4.99,4.92,6.32,4.47,5.61,4.85,11.15,5.5,5.04,11.64,5.7,4.47,10.8,5.81
"(6R)-2-amino-6-[2-(3'-methoxybiphenyl-3-yl)ethyl]-3,6-dimethyl-5,6-dihydropyrimidin-4(3H)-one",5.41,5.03,3.55,3.76,5.01,5.0,6.94,4.42,5.06,6.63,14.47,6.27,5.02,11.78,5.36,4.44,10.91,5.09
"(6S)-1-chloro-3-[(4-fluorobenzyl)oxy]-6-(pyrrolidin-1-ylcarbonyl)pyrrolo[1,2-a]pyrazin-4(6H)-one",5.56,5.84,5.63,5.17,5.51,4.93,4.61,5.55,5.05,5.91,10.64,6.13,5.04,11.66,6.12,5.32,11.51,5.51
"(6S)-2-amino-6-(3'-methoxybiphenyl-3-yl)-3,6-dimethyl-5,6-dihydropyrimidin-4(3H)-one",5.16,2.57,3.58,3.39,5.27,5.0,6.63,4.37,5.21,3.86,13.86,6.03,5.03,11.49,4.36,4.61,11.1,5.88
"(7R,12R,13R)-13-formyl-12,14-dihydroxy-3,5,7-trimethyltetradeca-2,4-dienoicacid",5.21,2.78,4.84,5.64,4.89,5.03,6.12,4.64,5.1,4.39,11.3,3.93,5.07,11.84,6.12,4.46,10.81,5.18
"(7S)-2-(2-aminopyrimidin-4-yl)-7-(2-fluoroethyl)-1,5,6,7-tetrahydro-4H-pyrrolo[3,2-c]pyridin-4-one",5.23,6.62,4.01,5.28,5.83,4.86,6.27,7.37,5.07,11.09,9.43,6.02,5.04,12.22,7.56,4.87,11.65,5.07
"(8E,10S,12Z)-10-hydroxy-6-oxooctadeca-8,12-dienoicacid",4.97,6.39,4.12,4.19,4.34,5.15,5.43,4.46,5.12,5.09,13.34,5.08,5.07,10.59,5.4,4.63,11.62,5.11
"(8R,9Z,12Z)-8-hydroxy-6-oxooctadeca-9,12-dienoicacid",4.99,7.4,3.44,4.36,4.32,4.96,5.57,4.59,5.09,6.59,11.35,4.48,5.07,10.62,5.64,4.39,11.19,5.11
"(8alpha,10alpha,13alpha,17beta)-17-[(4-hydroxyphenyl)carbonyl]androsta-3,5-diene-3-carboxylicacid",5.43,5.94,5.76,4.63,5.27,6.19,7.05,5.09,5.09,9.15,12.78,6.85,5.3,12.16,6.35,4.65,10.95,5.31
"(9ALPHA,13BETA,17BETA)-2-[(1Z)-BUT-1-EN-1-YL]ESTRA-1,3,5(10)-TRIENE-3,17-DIOL",5.18,5.24,8.93,8.89,6.2,4.97,6.95,5.17,5.31,5.7,14.77,6.38,5.16,11.45,7.25,4.85,11.45,5.23
"(9BETA,11ALPHA,13ALPHA,14BETA,17ALPHA)-11-(METHOXYMETHYL)ESTRA-1(10),2,4-TRIENE-3,17-DIOL",5.24,4.86,7.29,7.11,6.26,5.05,7.61,4.79,5.05,2.11,11.4,6.19,5.05,11.48,6.8,4.61,11.35,5.17
"(9BETA,13ALPHA,14BETA,17ALPHA)-2-METHOXYESTRA-1,3,5(10)-TRIENE-3,17-DIYLDISULFAMATE",5.92,5.86,7.87,7.13,6.4,4.81,7.53,5.62,5.08,5.58,17.3,4.88,5.14,10.91,6.81,4.82,11.14,5.57
"(9R,10R)-9-(S-glutathionyl)-10-hydroxy-9,10-dihydrophenanthrene",5.47,5.16,4.46,4.21,5.16,5.34,6.7,4.58,5.07,5.32,11.41,6.62,5.04,11.76,4.58,4.05,10.82,5.16
"(9S,10E,12Z)-9-hydroxyoctadeca-10,12-dienoicacid",4.88,6.21,4.91,4.62,4.26,5.03,5.5,4.09,5.1,2.09,12.36,4.83,5.07,10.55,5.73,4.2,11.22,5.15
"(9S,10S)-9-(S-glutathionyl)-10-hydroxy-9,10-dihydrophenanthrene",5.44,5.14,3.77,4.27,4.88,5.34,7.56,4.67,5.1,4.05,20.43,5.84,5.04,11.7,5.69,4.4,10.93,5.26
"(9Z,11E,13S)-13-hydroxyoctadeca-9,11-dienoicacid",5.01,3.17,4.91,4.62,4.26,5.06,4.73,4.09,5.1,4.39,13.13,5.03,5.07,10.55,5.73,4.2,11.22,5.15
"(9aS)-4-bromo-9a-butyl-7-hydroxy-1,2,9,9a-tetrahydro-3H-fluoren-3-one",5.29,7.91,5.07,5.27,5.93,5.09,5.95,6.74,5.34,14.58,7.77,5.73,5.04,11.72,5.99,6.2,11.4,6.18
(Diaminomethyl-Methyl-Amino)-AceticAcid,4.85,3.74,4.38,4.17,4.74,5.06,4.57,4.17,5.07,4.92,5.23,4.48,5.05,10.42,3.95,3.8,11.85,5.14
(Hydroxyethyloxy)Tri(Ethyloxy)Octane,4.81,4.21,5.5,5.36,4.33,5.01,5.21,3.82,5.08,9.51,8.07,4.12,5.04,10.43,3.89,3.85,11.12,5.04
"(R)-1-(4-(4-(Hydroxymethyl)-1,3,2-dioxaborolan-2-YL)phenethyl)guanidine",4.98,4.16,6.1,4.91,4.7,4.84,6.11,4.69,5.08,7.24,13.98,4.98,5.08,10.96,4.4,4.94,11.0,5.04
"(R)-1-(4-(4-(Hydroxymethyl)-1,3,2-dioxaborolan-2-YL)phenyl)guanidine",4.98,5.29,6.61,6.15,4.61,4.87,6.64,4.4,5.14,8.58,11.61,4.85,5.09,11.3,4.73,4.56,11.31,5.08
"(R)-1-(4-(4-(hydroxymethyl)-1,3,2-dioxaborolan-2-yl)benzyl)guanidine",5.17,4.39,6.86,4.86,4.54,4.86,5.67,4.47,5.07,6.13,11.94,5.54,5.08,10.7,4.06,4.87,11.64,5.07
(R)-1-Para-Nitro-Phenyl-2-Azido-Ethanol,5.05,7.18,4.26,5.34,4.73,4.86,5.25,4.57,5.32,4.63,18.68,5.19,5.05,11.37,4.34,4.34,11.63,5.68
(R)-3-BROMO-2-HYDROXY-2-METHYL-N-[4-NITRO-3-(TRIFLUOROMETHYL)PHENYL]PROPANAMIDE,5.3,5.83,5.72,6.36,4.96,5.14,5.55,5.85,5.08,4.9,12.5,6.15,5.72,11.62,3.86,4.44,11.1,5.1
(R)-3-hydroxydecanoyl-CoA,5.34,4.67,5.46,5.88,5.29,4.98,5.54,4.43,5.08,5.16,5.87,6.62,5.04,11.71,5.57,4.46,11.04,5.06
(R)-Atenolol,5.07,7.63,4.11,5.33,4.99,4.96,6.84,5.74,5.08,5.56,11.38,5.8,5.07,11.3,4.8,5.35,11.31,5.05
(R)-Bicalutamide,5.44,5.12,5.84,6.1,5.27,5.94,6.57,4.65,5.11,4.57,13.14,6.87,5.85,11.54,5.45,4.32,11.36,5.17
(R)-N-(1-Methyl-Hexyl)-Formamide,4.84,2.7,5.17,4.88,4.74,5.03,3.81,4.84,5.09,4.44,10.69,3.77,5.04,10.31,4.27,4.83,10.74,5.1
(R)-N-(3-Indol-1-Yl-2-Methyl-Propyl)-4-Sulfamoyl-Benzamide,5.57,3.12,6.58,6.86,4.99,6.6,7.18,4.77,5.08,4.38,12.92,6.25,5.09,11.54,4.83,4.67,11.35,5.35
(R)-Propyleneglycol,4.76,14.42,3.2,4.25,4.47,5.04,4.23,3.86,5.1,2.92,8.19,3.93,5.04,10.21,4.3,4.07,11.01,5.2
(R)-Rolipram,5.4,6.29,5.45,6.44,5.01,5.25,6.27,4.52,5.07,6.89,11.17,5.71,5.02,11.41,4.74,4.57,11.41,5.07
(R)-TRANS-4-(1-AMINOETHYL)-N-(4-PYRIDYL)CYCLOHEXANECARBOXAMIDE,5.19,5.5,3.88,4.2,4.77,4.89,6.23,4.86,5.05,3.85,10.68,5.98,5.08,11.57,4.34,4.63,11.48,5.2
(R)-minalrestat,5.67,9.55,7.85,7.0,5.41,5.56,5.37,6.09,5.07,4.99,17.94,8.07,5.02,11.61,6.54,6.44,11.5,5.39
(R)-pyridin-4-yl[4-(2-pyrrolidin-1-ylethoxy)phenyl]methanol,5.19,4.83,4.18,4.51,4.96,5.08,6.06,4.16,5.06,6.89,15.63,5.68,5.06,11.6,5.88,4.16,11.65,5.11
(R)-tacrine(10)-hupyridone,5.68,7.72,7.04,6.34,5.99,4.88,5.97,6.32,5.07,5.5,12.82,5.92,5.17,11.13,6.56,5.08,11.47,5.09
(R)-warfarin,5.17,3.83,5.3,6.12,4.79,5.18,7.22,3.82,5.08,2.8,11.27,6.0,5.03,11.56,5.01,4.34,11.52,5.12
"(R,R)-2,3-Butanediol",4.76,11.89,4.06,3.82,4.42,5.08,3.4,3.97,5.11,4.64,23.79,3.9,5.04,10.2,4.31,4.14,11.19,5.27
(S)-(+)-2-[4-(FLUOROBENZYLOXY-BENZYLAMINO)PROPIONAMIDE],5.18,4.21,4.82,5.09,5.15,4.91,6.19,4.6,5.11,5.03,10.53,6.8,5.06,11.53,5.01,4.9,11.26,5.5
(S)-1-PHENYL-1-[4-(9H-PURIN-6-YL)PHENYL]METHANAMINE,5.37,8.72,4.02,5.11,5.34,4.92,6.05,4.2,5.04,5.12,15.52,7.24,5.05,11.92,4.75,4.16,11.59,5.09
"(S)-2-((S)-3-isobutyl-2,5-dioxo-4-quinolin-3-ylmethyl-[1,4]diazepan-1yl)-N-methyl-3-naphtalen-2-yl-propionamide",5.7,3.94,6.65,6.31,5.41,4.87,4.85,4.93,5.24,3.31,13.61,5.69,5.01,11.31,5.28,4.73,11.56,5.15
"(S)-2-Amino-3-(1,3,5,7-Pentahydro-2,4-Dioxo-Cyclopenta[E]Pyrimidin-1-Yl)ProionicAcid",5.57,4.95,4.59,4.07,5.01,5.03,3.89,4.23,5.09,5.23,13.4,4.59,5.04,11.87,5.5,5.08,10.71,5.74
"(S)-2-CHLORO-N-(1-(2-(2-HYDROXYETHYLAMINO)-2-OXOETHYL)-2-OXO-1,2,3,4-TETRAHYDROQUINOLIN-3-YL)-6H-THIENO[2,3-B]PYRROLE-5-CARBOXAMIDE",5.39,5.96,7.32,6.71,5.3,6.2,5.35,5.07,5.2,7.44,19.08,6.45,5.25,11.63,4.38,4.63,11.26,5.37
"(S)-2-[(R)-3-amino-4-(2-fluorophenyl)butyryl]-1,2,3,4-tetrahydroisoquinoline-3-carboxamide",5.33,3.32,4.85,5.28,5.32,5.05,6.24,4.64,5.09,3.0,13.46,7.05,5.02,10.91,5.04,4.52,10.8,5.45
(S)-3-(4-(2-Carbazol-9-Yl-Ethoxy)-Phenyl)-2-Ethoxy-PropionicAcid,5.43,7.1,5.64,5.76,5.09,4.89,5.65,4.48,5.14,3.33,17.59,5.85,5.51,11.43,4.16,4.59,11.65,5.48
(S)-5-(4-Benzyloxy-Phenyl)-4-(7-Phenyl-Heptanoylamino)-PentanoicAcid,5.2,5.51,4.0,4.14,5.61,4.95,6.51,5.03,5.13,4.07,24.13,6.52,5.03,11.36,5.78,4.88,11.32,5.78
(S)-AMPA,4.87,5.37,3.53,4.0,4.77,5.02,4.9,3.73,5.09,3.58,11.45,4.31,5.04,11.56,5.31,3.89,11.18,5.21
(S)-DES-ME-AMPA,4.87,5.69,5.16,5.23,4.46,5.09,5.11,3.94,5.11,2.55,8.68,4.63,5.04,10.62,3.66,4.02,11.41,5.37
(S)-Hmg-Coa,5.21,7.32,4.97,6.15,5.52,4.95,5.56,4.77,5.08,7.72,10.76,7.17,5.07,11.61,5.78,4.68,11.23,5.12
(S)-N-(1-(3-CHLORO-4-FLUOROPHENYL)-2-HYDROXYETHYL)-4-(4-(3-CHLOROPHENYL)-1H-PYRAZOL-3-YL)-1H-PYRROLE-2-CARBOXAMIDE,5.35,5.38,4.33,4.73,5.87,5.96,6.04,5.4,5.05,5.47,11.28,6.14,5.03,11.47,5.86,5.44,11.59,5.05
(S)-N-(3-Indol-1-Yl-2-Methyl-Propyl)-4-Sulfamoyl-Benzamide,5.58,5.58,6.58,6.86,4.99,6.6,7.57,4.77,5.08,4.37,19.27,4.93,5.09,11.54,4.83,4.67,11.35,5.35
(S)-N-(4-carbamimidoylbenzyl)-1-(2-(cyclohexylamino)ethanoyl)pyrrolidine-2-carboxamide,5.31,9.95,4.24,3.84,5.16,4.86,6.37,4.32,5.05,13.05,13.13,5.46,5.04,11.26,5.35,4.43,11.59,5.27
(S)-N-(4-carbamimidoylbenzyl)-1-(2-(cyclohexyloxy)ethanoyl)pyrrolidine-2-carboxamide,5.3,4.94,5.57,4.08,5.64,4.84,6.04,4.47,5.05,5.61,13.86,5.29,5.17,11.61,5.57,4.65,11.54,5.26
(S)-N-(4-carbamimidoylbenzyl)-1-(2-(cyclopentylamino)ethanoyl)pyrrolidine-2-carboxamide,5.27,4.51,4.65,4.09,5.14,4.86,5.83,4.3,5.04,4.76,18.05,5.48,5.04,11.2,5.55,4.37,11.56,5.48
(S)-N-(4-carbamimidoylbenzyl)-1-(2-(cyclopentyloxy)ethanoyl)pyrrolidine-2-carboxamide,5.24,4.7,5.65,4.34,5.65,4.85,5.85,4.49,5.05,4.95,10.28,4.93,5.2,11.75,5.27,4.68,11.55,5.52
(S)-N-(4-carbamimidoylbenzyl)-1-(3-cyclohexylpropanoyl)pyrrolidine-2-carboxamide,5.31,2.28,5.1,3.53,5.25,4.86,5.75,4.63,5.05,4.19,11.7,5.57,5.04,11.48,4.1,4.68,11.61,5.11
(S)-N-(4-carbamimidoylbenzyl)-1-(3-cyclopentylpropanoyl)pyrrolidine-2-carboxamide,5.44,5.68,5.46,4.0,5.24,4.87,5.73,4.65,5.05,6.0,18.49,5.18,5.03,11.5,4.15,4.72,11.62,5.19
(S)-Rolipram,5.09,6.49,5.45,6.44,5.01,5.24,6.24,4.52,5.07,10.27,12.88,5.58,5.02,11.41,4.74,4.57,11.41,5.07
(S)-Warfarin,5.19,5.65,5.3,6.12,4.79,5.34,6.99,3.82,5.08,5.67,12.06,5.89,5.03,11.56,5.01,4.34,11.52,5.12
(S)-blebbistatin,5.13,5.25,6.21,6.72,5.11,5.47,7.25,4.35,5.45,5.35,5.62,5.3,5.16,11.62,6.36,4.31,11.53,5.77
(S)-tacrine(10)-hupyridone,5.67,6.01,7.04,6.34,5.99,4.9,6.0,6.32,5.07,9.83,10.99,6.1,5.17,11.13,6.56,5.08,11.47,5.09
(S)-wiskostatin,5.27,5.19,4.01,4.53,4.8,4.95,6.9,4.24,5.08,2.89,10.6,5.8,5.04,10.72,4.34,4.52,11.5,5.11
"(S,R)-fidarestat",5.24,1.9,7.57,6.66,5.12,4.99,5.79,4.91,5.44,3.91,12.31,8.38,5.07,11.89,5.85,5.57,11.07,5.94
(TERT-BUTYLOXYCARBONYL)-ALANYL-AMINOETHYL-FORMAMIDE,5.34,4.38,4.62,5.1,4.91,5.06,4.51,4.71,5.12,1.79,11.36,4.7,5.08,11.34,3.97,4.78,11.21,5.56
(Z)-2-[2-(4-methylpiperazin-1-yl)benzyl]diazenecarbothioamide,5.27,9.81,5.94,5.7,4.82,5.05,5.4,4.54,5.08,5.01,14.35,6.39,5.69,11.57,4.28,4.6,11.46,5.23
(Z)-3-BENZYL-5-(2-HYDROXY-3-NITROBENZYLIDENE)-2-THIOXOTHIAZOLIDIN-4-ONE,5.17,4.62,4.24,5.24,4.64,5.04,6.9,4.31,5.06,4.25,10.42,5.71,5.03,12.04,4.94,4.51,12.1,5.11
"(Z,Z)-4-Hydroxy-N,N,N-Trimethyl-10-Oxo-7-[(1-Oxo-9-Octadecenyl)Oxy]-3,5,9-Trioxa-4-Phosphaheptacos-18-En-1-Aminium-4-Oxide",5.2,9.4,6.84,6.66,4.77,5.19,6.7,5.1,5.1,13.79,17.39,5.55,5.05,11.55,7.02,4.85,11.12,5.12
"({[(3E)-2'-OXO-2',7'-DIHYDRO-2,3'-BIINDOL-3(7H)-YLIDENE]AMINO}OXY)ACETICACID",5.3,6.04,5.21,5.17,5.33,5.08,6.28,3.47,5.11,4.61,15.31,6.98,5.04,11.47,6.55,3.86,11.65,5.12
"1,1,1,3,3,3-HEXAFLUORO-2-{4-[(2,2,2-TRIFLUOROETHYL)AMINO]PHENYL}PROPAN-2-OL",5.11,4.79,5.64,6.19,5.27,5.01,4.63,5.52,5.05,3.66,14.57,6.42,5.07,11.56,5.85,4.53,11.61,5.16
"1,1,1-TRIFLUORO-3-((N-ACETYL)-L-LEUCYLAMIDO)-4-PHENYL-BUTAN-2-ONE(N-ACETYL-L-LEUCYL-L-PHENYLALANYLTRIFLUOROMETHYLKETONE)",5.64,4.2,4.86,5.12,5.19,5.35,7.36,4.36,5.08,3.3,10.8,5.88,5.03,11.47,5.21,5.59,11.08,5.23
"1,1,1-TRIFLUORO-3-(OCTYLTHIO)ACETONE",5.08,4.3,6.58,6.33,6.76,5.13,5.99,5.83,5.07,1.88,11.31,4.7,5.05,10.58,4.06,6.01,10.71,5.07
"1,1,1-TRIFLUORO-3-ACETAMIDO-4-PHENYLBUTAN-2-ONE(N-ACETYL-L-PHENYLALANYLTRIFLUOROMETHYLKETONE)",5.2,6.43,4.56,5.08,4.92,5.42,5.5,4.19,5.1,5.38,10.94,4.57,5.06,10.67,6.05,4.61,11.37,5.17
"1,2,3,4-Tetrahydro-Isoquinoline-7-SulfonicAcidAmide",5.0,4.92,6.19,3.85,4.92,6.06,5.35,4.41,5.13,6.49,39.56,5.44,5.04,10.65,3.76,4.8,11.53,5.58
"1,2,3-TRIHYDROXY-1,2,3,4-TETRAHYDROBENZO[A]PYRENE",5.46,4.55,4.42,4.97,4.68,4.91,5.86,4.65,5.52,3.8,11.82,5.23,5.03,10.8,5.25,4.61,11.86,5.06
"1,2,4-Triazole",4.76,7.65,2.78,2.82,4.46,5.08,3.97,4.03,5.06,4.49,13.25,3.16,5.04,10.25,3.72,4.04,10.79,5.07
"1,2,5,8-tetrahydroxyanthracene-9,10-dione",5.15,5.16,6.98,6.89,4.86,5.39,5.5,4.53,5.1,4.71,16.87,6.35,5.05,11.99,5.61,4.4,11.89,5.19
"1,2-diacyl-sn-glycero-3-phosphoinositol",5.23,6.7,5.06,6.05,4.92,5.07,6.61,4.7,5.09,3.97,11.63,6.65,5.22,11.6,5.98,4.89,10.93,5.2
"1,3,2-Dioxaborolan-2-Ol",4.76,15.72,3.18,4.91,4.39,5.09,4.08,4.2,5.1,27.72,5.29,4.02,5.04,10.33,4.07,4.43,11.14,5.13
"1,3-CYCLOHEXANEDIOL,4-METHYLENE-5-[(2E)-[(1S,3AS,7AS)-OCTAHYDRO-1-(5-HYDROXY-5-METHYL-1,3-HEXADIYNYL)-7A-METHYL-4H-INDEN-4-YLIDENE]ETHYLIDENE]-,(1R,3S,5Z)",5.31,6.48,7.99,7.48,5.64,4.91,7.28,5.94,5.18,4.5,11.3,7.49,5.12,11.64,6.29,5.65,10.81,5.78
"1,3-Propandiol",4.76,5.86,3.2,3.49,4.43,5.09,4.08,3.9,5.08,5.71,12.4,3.1,5.04,10.22,4.18,3.69,11.45,5.07
"1,4-Butanediol",4.76,4.13,3.13,3.85,4.43,5.09,4.07,3.89,5.08,4.44,32.39,4.73,5.04,10.25,4.35,3.82,11.58,5.06
"1,4-Dideoxy-5-Dehydro-O2-Sulfo-GlucuronicAcid",4.94,4.85,4.01,3.89,5.12,5.26,5.54,4.24,5.08,3.0,21.74,5.28,5.1,10.68,3.92,4.26,10.77,5.13
"1,4-Dideoxy-O2-Sulfo-GlucuronicAcid",5.2,4.92,5.66,5.23,4.67,5.07,4.34,4.29,5.09,5.64,11.93,6.41,5.09,10.65,3.53,4.55,10.61,5.22
"1,4-Dithiothreitol",4.86,9.3,4.28,4.1,4.36,5.06,3.9,5.43,5.19,6.2,17.07,3.94,5.05,10.32,4.38,5.54,11.6,5.25
"1,4-dithio-alpha-D-glucopyranose",4.9,4.6,3.74,4.28,4.79,5.38,5.24,3.68,5.44,10.95,11.82,4.94,5.06,11.33,3.52,3.95,10.68,5.17
"1,6-DI-O-PHOSPHONO-D-MANNITOL",5.11,5.86,4.67,4.58,4.81,5.03,3.59,3.65,5.08,6.02,17.67,4.53,5.13,11.18,4.83,4.26,11.53,5.1
"1,6-FructoseDiphosphate(LinearForm)",5.02,8.76,4.27,4.16,4.71,5.09,4.04,3.55,5.08,6.25,10.75,4.63,5.14,11.38,4.47,4.15,11.52,5.07
"1,8-Di-Hydroxy-4-Nitro-Anthraquinone",5.09,3.04,5.13,5.8,4.66,5.14,5.33,4.4,5.04,4.51,13.74,6.11,5.08,12.43,5.85,4.42,12.03,5.14
"1,8-Di-Hydroxy-4-Nitro-Xanthen-9-One",4.98,7.48,4.18,4.18,4.48,5.44,5.54,4.34,5.01,8.48,13.09,6.77,5.12,11.14,4.51,4.49,11.56,5.1
1-((1R)-1-(HYDROXYMETHYL)-3-{6-[(3-PHENYLPROPANOYL)AMINO]-1H-INDOL-1-YL}PROPYL)-1H-IMIDAZOLE-4-CARBOXAMIDE,5.52,7.33,7.25,6.03,5.25,5.51,6.06,4.65,5.08,4.28,15.44,6.35,5.49,11.82,3.77,4.6,10.92,5.2
"1-((1R,2S)-1-{2-[2-(4-CHLOROPHENYL)-1,3-BENZOXAZOL-7-YL]ETHYL}-2-HYDROXYPROPYL)-1H-IMIDAZOLE-4-CARBOXAMIDE",5.29,4.11,5.18,6.07,5.79,4.84,7.28,5.04,5.08,3.68,17.88,6.66,5.03,12.57,5.69,4.97,11.61,5.25
"1-((2-HYDROXYETHOXY)METHYL)-5-BENZYLPYRIMIDINE-2,4(1H,3H)-DIONE",5.17,4.65,5.61,4.7,4.5,5.21,5.14,4.43,5.09,4.65,10.42,5.03,5.26,10.69,4.31,4.37,11.57,5.09
"1-(1-methylethyl)-3-quinolin-6-yl-1H-pyrazolo[3,4-d]pyrimidin-4-amine",5.15,4.63,5.46,6.23,5.24,5.17,7.31,4.64,5.07,1.89,11.51,6.68,5.04,12.67,5.07,4.98,13.03,5.11
"1-(2,5-dideoxy-5-pyrrolidin-1-yl-beta-L-erythro-pentofuranosyl)-5-methylpyrimidine-2,4(1H,3H)-dione",5.45,7.05,4.42,4.72,5.17,4.99,5.38,4.69,5.06,7.06,12.37,5.26,5.17,10.76,3.95,4.27,11.52,5.16
"1-(2,6-Dichlorophenyl)-5-(2,4-Difluorophenyl)-7-Piperazin-1-Yl-3,4-Dihydroquinazolin-2(1h)-One",5.59,5.48,3.92,4.24,5.95,5.07,7.73,7.73,5.32,7.19,6.12,5.96,5.9,11.09,6.38,6.01,11.38,5.43
"1-(2,6-Dichlorophenyl)-5-(2,4-Difluorophenyl)-7-Piperidin-4-Yl-3,4-Dihydroquinolin-2(1h)-One",5.51,7.68,7.14,6.25,6.02,5.15,6.66,5.03,5.1,7.69,12.39,6.64,6.08,10.91,5.79,5.55,11.17,5.09
1-(2-Amidinophenyl)-3-(Phenoxyphenyl)Urea,5.55,11.41,5.35,5.03,6.04,4.95,7.32,4.64,5.07,5.04,6.08,5.93,5.09,12.03,5.01,4.55,11.51,5.06
1-(2-DEOXY-5-O-PHOSPHONO-BETA-D-ERYTHRO-PENTOFURANOSYL)-4-METHYL-1H-INDOLE,6.23,2.5,6.05,5.17,5.04,5.07,6.29,5.06,5.19,4.81,11.53,5.51,6.48,10.86,5.95,4.92,11.59,5.19
1-(2-Fluorobenzyl)-3-Butyl-8-(N-Acetyl-4-Aminobenzyl)-Xanthine,5.47,3.36,7.07,7.08,5.49,4.97,5.56,4.62,5.09,3.91,10.89,5.42,5.3,11.67,6.66,4.52,11.49,5.14
"1-(2-{[(6-amino-2-methylpyridin-3-yl)methyl]amino}ethyl)-6-chloro-3-[(2,2-difluoro-2-pyridin-2-ylethyl)amino]-1,4-dihydropyrazin-2-ol",5.25,6.23,4.04,4.61,5.73,5.12,5.82,4.55,5.06,5.21,11.28,6.59,5.11,11.55,7.57,4.53,10.88,5.11
"1-(3,5-DICHLOROPHENYL)-5-METHYL-1H-1,2,4-TRIAZOLE-3-CARBOXYLICACID",4.95,4.13,5.67,6.17,4.6,4.95,6.56,4.58,5.06,4.55,32.57,4.5,5.13,11.42,4.94,4.39,11.4,5.08
"1-(3-(2,4-DIMETHYLTHIAZOL-5-YL)-4-OXO-2,4-DIHYDROINDENO[1,2-C]PYRAZOL-5-YL)-3-(4-METHYLPIPERAZIN-1-YL)UREA",5.52,3.62,3.92,4.43,5.68,5.16,6.67,4.74,5.12,3.5,11.65,7.68,5.05,11.18,5.77,4.52,10.98,5.4
1-(3-HYDROXYPROPYL)-2-[(3-NITROBENZOYL)AMINO]-1H-BENZIMIDAZOL-5-YLPIVALATE,5.08,8.29,4.26,4.18,5.19,5.07,6.69,6.02,5.08,5.37,17.11,5.98,5.06,11.55,4.85,4.77,11.4,5.06
1-(3-Mercapto-2-Methyl-Propionyl)-Pyrrolidine-2-CarboxylicAcid,5.67,4.22,5.09,4.58,5.23,4.95,5.77,6.54,5.07,3.21,11.11,5.15,5.06,11.08,4.14,4.84,11.64,5.77
1-(4-Amidinophenyl)-3-(4-Chlorophenyl)Urea,5.36,8.48,5.34,4.83,4.47,4.9,5.48,4.43,5.08,5.79,11.84,5.73,5.06,11.44,3.82,4.44,11.5,5.05
1-(4-HEXYLPHENYL)PROP-2-EN-1-ONE,4.93,5.24,4.23,5.28,4.43,4.87,5.82,4.11,5.04,5.53,15.89,5.98,5.09,11.16,5.68,4.54,11.3,5.06
1-(4-IODOBENZOYL)-5-METHOXY-2-METHYLINDOLE-3-ACETICACID,5.49,5.27,5.87,6.52,5.35,5.01,5.96,5.4,5.09,4.09,12.09,5.46,5.05,11.42,5.0,4.78,11.41,5.11
1-(4-Tert-Butylcarbamoyl-Piperazine-1-Carbonyl)-3-(3-Guanidino-Propyl)-4-Oxo-Azetidine-2-CarboxylicAcid,5.26,4.94,5.32,6.15,5.25,4.89,6.64,4.3,5.36,3.71,14.03,6.27,5.06,11.42,3.66,4.42,11.37,5.17
"1-(4-fluorophenyl)-N-[3-fluoro-4-(1H-pyrrolo[2,3-b]pyridin-4-yloxy)phenyl]-2-oxo-1,2-dihydropyridine-3-carboxamide",5.98,4.29,6.29,5.69,5.9,4.86,6.79,5.7,5.13,6.45,37.57,6.5,6.05,11.84,6.02,5.36,11.97,5.28
"1-(5-CHLORO-2,4-DIMETHOXYPHENYL)-3-(5-CYANOPYRAZIN-2-YL)UREA",5.53,7.49,5.3,4.82,5.97,5.17,5.89,5.11,5.4,3.74,9.8,5.53,5.25,11.71,4.38,5.15,11.43,5.21
1-(5-CHLORO-2-METHOXYPHENYL)-3-{6-[2-(DIMETHYLAMINO)-1-METHYLETHOXY]PYRAZIN-2-YL}UREA,5.43,7.09,4.67,4.37,5.58,4.9,5.69,4.55,5.06,4.53,8.2,6.11,5.05,11.56,4.35,4.27,11.6,5.09
"1-(5-OXO-2,3,5,9B-TETRAHYDRO-1H-PYRROLO[2,1-A]ISOINDOL-9-YL)-3-(5-PYRROLIDIN-2-YL-1H-PYRAZOL-3-YL)-UREA",5.6,2.59,4.72,5.71,5.51,5.33,7.06,4.86,5.1,4.67,10.86,6.23,5.35,11.08,5.83,4.26,11.31,5.29
1-(5-Tert-Butyl-2-Methyl-2h-Pyrazol-3-Yl)-3-(4-Chloro-Phenyl)-Urea,5.22,8.84,5.6,5.02,5.38,5.01,5.31,4.66,5.07,2.97,8.86,6.71,5.07,11.77,5.27,4.69,11.2,5.05
1-(5-Tert-Butyl-2-P-Tolyl-2h-Pyrazol-3-Yl)-3-[4-(2-Morpholin-4-Yl-Ethoxy)-Naphthalen-1-Yl]-Urea,5.6,2.94,4.9,5.38,5.27,4.9,5.53,4.57,5.08,7.1,9.84,6.13,5.06,11.59,4.97,4.48,11.53,4.98
"1-(5-{2-[(1-methyl-1H-pyrazolo[4,3-d]pyrimidin-7-yl)amino]ethyl}-1,3-thiazol-2-yl)-3-[3-(trifluoromethyl)phenyl]urea",5.44,7.13,5.92,5.1,6.26,5.02,7.16,6.99,5.05,3.66,11.86,6.17,5.15,11.72,4.98,5.09,11.49,5.05
"1-(6-CYANO-3-PYRIDYLCARBONYL)-5',8'-DIFLUOROSPIRO[PIPERIDINE-4,2'(1'H)-QUINAZOLINE]-4'-AMINE",6.13,8.24,6.84,6.09,5.78,4.83,7.05,5.46,5.23,7.1,12.48,7.11,5.04,11.73,5.75,5.24,11.31,5.8
"1-(CYCLOHEXYLAMINO)-3-(6-METHYL-3,4-DIHYDRO-1H-CARBAZOL-9(2H)-YL)PROPAN-2-OL",5.57,4.58,5.13,5.37,5.45,5.18,6.03,4.53,5.08,2.83,11.28,6.17,5.09,11.83,6.93,4.41,11.47,5.11
1-(HYDROXYMETHYLENEAMINO)-8-HYDROXY-OCTANE,4.8,4.94,4.61,4.0,4.8,5.07,4.83,4.0,5.08,8.98,10.25,3.13,5.05,10.2,4.13,4.07,11.39,5.09
1-(PHENYLMETHYL)CYCLOPENTYL[(1S)-1-FORMYLPENTYL]CARBAMATE,5.53,2.8,4.34,4.43,5.79,5.3,4.11,7.38,5.07,3.93,13.36,5.53,5.18,10.55,3.31,6.63,11.63,5.08
1-(adamantan-1-yl)-2-(1H-imidazol-1-yl)ethanone,5.1,5.95,5.89,5.65,4.89,4.94,5.38,4.17,5.14,7.0,12.9,6.56,5.08,11.71,4.32,4.86,11.32,5.17
1-3SugarRingofPentamannosyl6-Phosphate,5.05,3.13,4.49,4.09,4.75,4.96,4.88,4.06,5.12,2.78,13.63,6.39,5.05,11.36,6.75,4.13,11.08,5.42
1-ACETYL-2-CARBOXYPIPERIDINE,4.9,5.22,3.84,4.25,4.57,5.09,5.5,4.21,5.16,7.53,11.53,4.37,5.04,11.21,4.44,4.03,10.9,5.81
1-Allyl-3-Butyl-8-(N-Acetyl-4-Aminobenzyl)-Xanthine,5.33,5.89,4.16,5.46,5.06,4.95,5.17,4.85,5.15,4.99,20.93,5.23,5.27,11.38,6.58,4.35,11.51,5.14
1-Amino-6-Cyclohex-3-Enylmethyloxypurine,5.22,2.13,4.41,4.02,5.37,4.98,4.64,4.37,5.05,4.66,11.88,4.56,5.05,11.2,5.94,4.86,10.79,5.11
1-Anilino-8-NaphthaleneSulfonate,5.03,3.44,5.65,4.32,4.9,5.11,5.87,4.25,5.23,2.74,13.87,6.15,5.17,11.56,4.66,4.41,11.59,5.17
"1-Azepan-1-Yl-2-Phenyl-2-(4-Thioxo-1,4-Dihydro-Pyrazolo[3,4-D]Pyrimidin-5-Yl)EthanoneAdduct",5.14,4.16,5.05,5.88,5.75,5.06,5.86,5.73,5.08,7.65,11.47,6.46,5.04,11.77,5.77,4.72,11.24,5.08
"1-BENZYL-3-(4-METHOXYPHENYLAMINO)-4-PHENYLPYRROLE-2,5-DIONE",5.55,4.07,6.38,6.2,4.78,5.09,6.01,4.41,5.09,5.22,20.72,6.17,5.22,12.09,5.55,4.19,10.89,5.1
"1-BENZYL-4-[(5,6-DIMETHOXY-1-INDANON-2-YL)METHYL]PIPERIDINE",5.36,-1.81,5.53,5.97,5.69,5.17,5.62,5.24,5.06,4.81,8.51,5.1,5.06,11.53,6.55,4.81,11.03,5.26
1-Benzyl-3-(4-Methoxy-Benzenesulfonyl)-6-Oxo-Hexahydro-Pyrimidine-4-CarboxylicAcidHydroxyamide,6.1,4.92,4.26,4.11,6.78,6.56,6.02,7.62,5.16,6.01,11.0,6.33,5.03,11.46,5.33,6.36,11.56,5.31
"1-Beta-Ribofuranosyl-1,3-Diazepinone",5.13,6.45,3.57,3.93,5.64,5.09,4.56,3.64,5.55,6.38,22.09,5.72,5.19,11.73,4.25,4.1,11.19,6.0
1-CHLORO-6-(4-HYDROXYPHENYL)-2-NAPHTHOL,4.91,4.49,5.6,5.86,6.02,4.81,6.55,4.99,5.04,6.99,10.65,5.24,5.2,11.58,3.3,4.68,11.62,5.09
1-DECYL-3-TRIFLUOROETHYL-SN-GLYCERO-2-PHOSPHOMETHANOL,5.07,3.66,7.31,6.47,4.55,4.98,7.14,5.06,5.07,3.95,12.48,4.79,5.06,11.16,6.42,4.44,10.85,5.11
1-DODECANOL,4.75,7.22,3.61,4.48,4.42,5.02,4.03,3.85,5.08,2.82,10.96,3.9,5.04,10.25,4.5,3.81,11.32,5.06
1-Deaza-Adenosine,5.14,4.13,3.86,4.27,4.57,5.1,5.42,4.48,5.08,2.2,11.8,4.62,5.12,10.65,5.38,4.31,11.04,5.11
1-Deoxy-1-Acetylamino-Beta-D-Gluco-2-Heptulopyranosonamide,5.0,4.5,3.78,3.92,5.34,5.1,5.43,4.09,5.6,4.69,22.6,4.25,5.04,12.06,5.16,3.97,10.65,5.57
1-Deoxy-1-Methoxycarbamido-Beta-D-Gluco-2-Heptulopyranosonamide,5.2,15.39,3.65,3.75,4.8,5.09,4.28,4.03,5.29,5.98,9.97,4.49,5.05,12.16,5.39,4.04,10.77,5.27
1-Deoxy-1-Thio-HeptaethyleneGlycol,4.8,4.53,3.61,3.51,4.39,5.04,4.16,3.96,5.07,8.63,1.81,4.72,5.04,10.42,4.49,3.97,11.64,5.06
1-ETHOXYCARBONYL-D-PHE-PRO-2(4-AMINOBUTYL)HYDRAZINE,5.82,5.62,4.49,4.46,5.09,5.57,5.44,4.49,5.08,4.69,12.45,5.47,5.03,11.89,4.07,4.87,11.52,5.11
1-GUANIDINO-4-(N-NITRO-BENZOYLAMINO-L-LEUCYL-L-PROLYLAMINO)BUTANE,5.37,4.61,5.09,5.95,5.81,5.66,5.84,4.72,5.07,2.27,11.32,5.49,5.09,11.81,6.23,4.43,11.17,5.1
1-GUANIDINO-4-(N-PHENYLMETHANESULFONYL-L-LEUCYL-L-PROLYLAMINO)BUTANE,5.5,2.92,6.5,5.93,5.85,5.29,5.94,4.62,5.09,4.2,12.3,4.9,5.06,11.56,4.0,4.7,11.67,5.7
1-Hydroxy-1-Thio-Glycerol,4.77,5.81,3.48,3.98,4.3,5.09,4.4,4.23,5.13,6.73,12.32,3.0,5.05,10.38,4.04,3.96,11.64,5.24
1-Hydroxy-2-Amino-3-Cyclohexylpropane,4.81,3.85,5.33,4.39,4.87,5.06,4.76,4.15,5.07,3.56,12.48,4.32,5.12,10.52,3.94,3.94,11.63,5.16
1-Hydroxyamine-2-IsobutylmalonicAcid,5.12,16.6,4.37,4.51,4.58,5.02,4.17,5.53,5.15,7.41,37.78,4.23,5.15,11.85,4.42,6.52,10.79,5.34
1-METHYL-3-PHENYL-1H-PYRAZOL-5-YLSULFAMICACID,5.06,7.14,3.62,6.04,4.98,6.08,5.45,4.55,5.05,3.7,15.36,5.06,5.04,11.33,4.5,4.21,11.3,5.08
"1-METHYL-3-TRIFLUOROMETHYL-1H-THIENO[2,3-C]PYRAZOLE-5-CARBOXYLICACID(2-MERCAPTO-ETHYL)-AMIDE",5.35,5.53,5.68,5.9,4.75,5.04,6.97,4.64,5.17,6.36,17.13,6.26,5.03,10.64,5.69,4.41,11.34,5.14
"1-Methyl-3-Oxo-1,3-Dihydro-Benzo[C]Isothiazole-5-SulfonicAcidAmide",5.16,2.9,5.45,6.03,4.64,5.01,6.03,4.61,5.08,2.63,13.28,6.53,5.03,11.91,3.59,4.56,11.44,5.12
1-O-Octyl-2-Heptylphosphonyl-Sn-Glycero-3-Phosphoethanolamine,5.45,3.54,7.24,7.13,4.94,4.89,6.24,4.72,5.08,3.12,10.44,5.56,5.08,11.58,5.74,5.4,11.0,5.08
1-PHENYL-1H-PYRAZOLE-4-CARBOXYLICACID,4.81,2.15,4.02,3.77,4.73,5.5,5.25,4.5,5.15,3.62,11.02,4.25,5.08,10.37,3.64,4.25,11.6,5.6
1-Phenylsulfonamide-3-Trifluoromethyl-5-Parabromophenylpyrazole,5.32,5.48,4.7,5.11,5.27,5.7,5.83,5.12,5.06,5.34,14.72,6.4,5.05,11.59,5.39,4.91,11.19,5.15
"1-TERT-BUTYL-3-(2,5-DIMETHYLBENZYL)-1H-PYRAZOLO[3,4-D]PYRIMIDIN-4-AMINE",5.24,6.47,4.59,5.92,5.39,4.96,6.99,4.69,5.1,6.58,12.03,4.56,5.03,11.7,5.15,4.65,11.47,5.04
"1-Ter-Butyl-3-P-Tolyl-1h-Pyrazolo[3,4-D]Pyrimidin-4-Ylamine",5.09,4.63,5.11,6.31,5.19,4.97,5.37,5.03,5.09,11.06,11.31,5.28,5.04,11.64,5.43,4.73,11.48,5.06
"1-Tert-Butyl-3-(4-Chloro-Phenyl)-1h-Pyrazolo[3,4-D]Pyrimidin-4-Ylamine",5.31,6.79,6.88,6.19,5.18,4.91,6.45,4.69,5.09,6.41,13.47,5.59,5.04,11.54,5.33,4.81,11.3,5.03
1-Testosterone,5.33,2.88,8.1,8.22,4.93,5.01,7.11,5.37,5.12,4.03,13.18,5.75,5.07,11.54,6.35,4.92,10.53,6.14
"1-[(2-Amino-6,9-Dihydro-1h-Purin-6-Yl)Oxy]-3-Methyl-2-Butanol",5.02,14.08,4.44,5.05,4.68,4.96,4.8,3.72,5.07,5.48,22.18,4.93,5.05,11.76,5.63,3.85,11.3,5.09
"1-[(2-NITROPHENYL)SULFONYL]-1H-PYRROLO[3,2-B]PYRIDINE-6-CARBOXAMIDE",5.18,7.9,4.87,5.18,4.89,7.36,5.76,4.71,5.08,2.52,8.91,5.14,5.04,11.62,6.51,4.71,11.88,5.13
1-[(2R)-2-aminobutanoyl]-N-(3-chlorobenzyl)-L-prolinamide,5.54,13.46,6.44,6.54,5.1,4.94,6.04,4.93,5.08,10.71,25.01,4.79,5.05,11.01,3.21,5.48,11.64,5.13
1-[(2R)-2-aminobutanoyl]-N-(4-carbamimidoylbenzyl)-L-prolinamide,5.54,1.88,6.35,6.57,5.07,4.86,6.43,4.75,5.05,4.04,13.18,5.5,5.03,11.47,5.9,4.84,11.7,5.13
"1-[(2S)-4-(5-BROMO-1H-PYRAZOLO[3,4-B]PYRIDIN-4-YL)MORPHOLIN-2-YL]METHANAMINE",5.16,4.06,5.32,6.65,5.53,5.13,4.2,5.06,5.03,3.93,11.27,5.34,5.06,11.24,4.8,4.61,11.64,5.12
"1-[(2S)-4-(5-phenyl-1H-pyrazolo[3,4-b]pyridin-4-yl)morpholin-2-yl]methanamine",5.66,7.34,5.72,6.23,5.26,5.29,5.01,5.28,5.03,4.27,18.55,6.8,5.08,11.47,4.82,4.39,11.64,5.12
"1-[(4S)-4-amino-5-(1,3-benzothiazol-2-yl)-5-oxopentyl]guanidine",5.08,6.7,5.66,5.54,4.98,5.38,5.42,4.38,5.06,3.17,8.92,5.66,5.04,11.76,5.65,4.58,10.97,5.16
1-[1-(3-aminophenyl)-3-tert-butyl-1H-pyrazol-5-yl]-3-naphthalen-1-ylurea,5.76,8.57,5.53,6.17,5.53,5.23,5.73,4.66,5.08,1.12,11.98,5.9,5.06,11.66,4.99,4.74,11.59,4.99
1-[1-(3-aminophenyl)-3-tert-butyl-1H-pyrazol-5-yl]-3-phenylurea,5.54,8.68,5.47,5.3,5.27,5.24,5.71,4.7,5.08,5.31,15.88,6.8,5.06,11.93,5.07,4.62,11.59,5.0
1-[2-AMINO-2-CYCLOHEXYL-ACETYL]-PYRROLIDINE-3-CARBOXYLICACID5-CHLORO-2-(2-ETHYLCARBAMOYL-ETHOXY)-BENZYLAMIDE,5.65,2.7,4.57,6.24,5.26,4.92,6.14,5.82,5.06,4.15,13.65,5.32,5.13,11.98,6.22,4.65,11.33,5.65
"1-[2-DEOXYRIBOFURANOSYL]-2,4-DIFLUORO-5-METHYL-BENZENE-5'MONOPHOSPHATE",5.92,6.16,4.41,4.72,6.0,5.14,5.76,5.1,5.06,2.44,11.12,6.34,5.04,10.84,5.62,4.67,11.33,5.1
"1-[3,3-Dimethyl-2-(2-Methylamino-Propionylamino)-Butyryl]-Pyrrolidine-2-CarboxylicAcid(1,2,3,4-Tetrahydro-Naphthalen-1-Yl)-Amide",5.76,6.08,7.34,6.7,5.85,5.07,5.87,5.66,5.08,4.21,13.73,6.41,5.04,11.63,6.57,5.89,11.06,5.11
"1-[3-({[(4-AMINO-5-FLUORO-2-METHYLQUINOLIN-3-YL)METHYL]THIO}METHYL)PHENYL]-2,2,2-TRIFLUOROETHANE-1,1-DIOL",5.18,5.12,4.46,5.22,5.24,4.99,6.73,4.77,5.06,4.36,11.44,5.09,5.08,11.64,4.14,4.71,11.48,5.1
1-[4-(2-oxo-2-phenylethyl)phenyl]guanidine,5.16,2.47,6.9,7.31,4.35,4.83,6.28,3.93,5.09,4.09,11.91,4.76,5.07,11.77,5.8,4.36,11.49,5.11
"1-[4-(4-chlorobenzyl)-1-(7H-pyrrolo[2,3-d]pyrimidin-4-yl)piperidin-4-yl]methanamine",5.68,4.35,5.07,5.58,5.47,4.89,6.95,7.0,5.07,2.81,14.21,5.51,5.02,11.55,5.76,5.77,11.45,5.1
"1-[4-(4-chlorophenyl)-1-(7H-pyrrolo[2,3-d]pyrimidin-4-yl)piperidin-4-yl]methanamine",5.76,5.54,5.24,5.07,5.09,5.3,6.91,6.31,5.07,4.65,17.27,6.05,5.02,11.46,5.76,5.37,11.45,5.1
"1-[4-(AMINOMETHYL)BENZOYL]-5'-FLUORO-1'H-SPIRO[PIPERIDINE-4,2'-QUINAZOLIN]-4'-AMINE",5.71,5.87,4.3,5.26,5.32,4.84,6.34,5.05,5.15,5.76,11.75,6.42,5.04,11.32,6.53,4.88,11.55,5.27
"1-[4-(AMINOSULFONYL)PHENYL]-1,6-DIHYDROPYRAZOLO[3,4-E]INDAZOLE-3-CARBOXAMIDE",5.2,3.35,3.95,4.65,4.99,5.24,6.27,4.88,5.1,7.53,10.95,6.13,5.1,11.64,5.91,4.62,11.67,5.14
"1-[4-(Octahydro-Pyrido[1,2-a]Pyrazin-2-Yl)-Phenyl]-2-Phenyl-1,2,3,4-Tetrahydro-Isoquinolin-6-Ol",5.49,5.27,6.8,6.98,5.64,4.82,7.34,4.7,5.1,6.0,10.3,6.38,5.09,10.8,7.82,4.9,11.46,6.0
1-[4-(PYRIDIN-4-YLOXY)PHENYL]-3-[3-(TRIFLUOROMETHYL)PHENYL]UREA,5.5,4.0,4.98,5.31,5.69,4.87,6.75,4.49,5.06,2.54,11.15,6.77,5.13,11.5,5.67,4.99,11.43,5.04
1-[4-(hydroxymethyl)phenyl]guanidine,4.84,5.02,5.45,5.16,4.31,4.87,5.77,4.31,5.09,4.59,14.77,5.39,5.06,11.55,4.42,4.05,11.53,5.14
"1-[5-Methyl-2-(trifluoromethyl)furan-3-yl]-3-[5-[2-[[6-(1H-1,2,4-triazol-5-ylamino)pyrimidin-4-yl]amino]ethyl]-1,3-thiazol-2-yl]urea",5.47,6.92,4.78,5.08,5.46,4.96,6.47,6.87,5.49,6.15,12.74,5.29,5.21,11.67,4.96,5.59,11.28,5.18
1-[N-4'-NITROBENZYL-N-4'-CARBOXYBUTYLAMINO]METHYLPHOSPHONICACID,5.35,13.0,3.99,4.24,4.76,4.85,5.78,4.4,5.17,7.83,12.72,5.26,5.05,11.56,3.86,4.22,11.48,5.91
"1-alpha,25-dihydroxyl-20-epi-22-oxa-24,26,27-trihomovitaminD3",5.28,6.25,8.15,6.92,5.71,4.99,6.34,8.11,5.14,3.19,16.59,6.34,5.19,11.75,5.48,6.1,11.21,5.93
1-butanoyl-N-(4-carbamimidoylbenzyl)-L-prolinamide,5.25,1.9,3.92,4.0,5.08,4.87,5.81,4.6,5.04,3.85,10.99,6.0,5.03,11.46,3.76,4.62,11.6,5.42
"1-cyclobutyl-3-(3,4-dimethoxyphenyl)-1H-pyrazolo[3,4-d]pyrimidin-4-amine",5.28,3.39,6.1,7.01,5.08,5.0,4.92,4.74,5.06,3.88,13.96,6.35,5.04,11.5,5.93,4.48,11.79,5.21
"1-cyclopentyl-3-(1H-pyrrolo[2,3-b]pyridin-5-yl)-1H-pyrazolo[3,4-d]pyrimidin-4-amine",5.41,4.2,6.74,7.22,5.48,4.9,6.16,6.08,5.12,4.24,10.54,6.03,5.04,12.45,6.19,5.06,11.75,5.82
1-deoxymannojirimycin,4.79,3.45,6.8,5.64,4.71,5.13,4.19,4.39,5.47,5.05,19.2,4.02,5.1,10.52,4.26,4.62,11.02,5.52
"1-ethyl-N-(phenylmethyl)-4-(tetrahydro-2H-pyran-4-ylamino)-1H-pyrazolo[3,4-b]pyridine-5-carboxamide",5.26,7.6,6.78,4.39,5.68,5.02,6.33,4.19,5.08,2.85,10.83,7.35,5.05,11.67,7.47,4.73,11.36,5.43
1-hydroxy-2-isopropylguanidine,4.76,21.33,4.61,5.58,4.78,5.05,5.3,4.35,5.09,6.05,7.02,3.25,5.04,10.4,4.35,4.43,10.95,5.26
"1-methyl-3-naphthalen-2-yl-1H-pyrazolo[3,4-d]pyrimidin-4-amine",5.03,7.48,6.01,6.3,5.13,5.39,6.5,5.02,5.22,5.09,12.59,6.23,5.04,11.59,5.03,4.68,11.51,5.14
"1-methyl-8-(phenylamino)-4,5-dihydro-1H-pyrazolo[4,3-h]quinazoline-3-carboxylicacid",5.42,2.09,6.2,6.46,4.65,5.09,5.55,4.87,5.07,2.82,16.33,6.14,5.05,11.5,4.32,4.43,11.37,5.13
"1-tert-butyl-3-(3-methylbenzyl)-1H-pyrazolo[3,4-d]pyrimidin-4-amine",5.19,7.87,5.99,5.78,5.24,4.95,6.35,4.86,5.1,15.07,11.07,5.5,5.03,11.46,5.41,4.58,11.42,5.04
"1-{(1R,2S)-2-HYDROXY-1-[2-(2-NAPHTHYLOXY)ETHYL]PROPYL}-1H-IMIDAZONE-4-CARBOXAMIDE",5.3,7.88,6.19,5.3,5.16,4.86,5.2,4.63,5.07,5.71,12.45,6.2,5.28,11.73,5.85,5.39,11.56,5.1
"1-{(2S,5S)-4-FLUORO-5-[(TRITYLOXY)METHYL]TETRAHYDROFURAN-2-YL}PYRIMIDINE-2,4(1H,3H)-DIONE",5.39,6.37,4.44,4.77,4.97,5.49,5.87,4.26,5.1,5.31,11.2,5.56,5.06,10.66,4.59,4.75,11.48,5.19
1-{2-OXO-3-[(1R)-1-(1H-PYRROL-2-YL)ETHYL]-2H-INDOL-5-YL}UREA,5.27,3.89,4.14,4.51,4.86,5.22,5.3,4.38,5.1,6.06,52.71,5.5,5.83,11.32,6.0,5.04,11.63,5.41
1-{2-[(4-CHLOROPHENYL)AMINO]-2-OXOETHYL}-N-(1-ISOPROPYLPIPERIDIN-4-YL)-1H-INDOLE-2-CARBOXAMIDE,5.47,4.78,4.56,4.01,5.24,5.56,6.0,4.32,5.08,4.2,9.29,6.31,5.39,11.89,4.12,4.17,10.67,5.29
"1-{2-[3-(2-Chloro-4,5-difluoro-benzoyl)-ureido]-4-fluoro-phenyl}-piperidine-4-carboxylicacid",5.46,2.4,6.24,6.75,5.61,4.94,5.8,4.98,5.07,4.06,11.84,5.55,6.0,11.5,5.92,5.66,11.33,5.37
"1-{4-[4-Amino-6-(4-methoxyphenyl)furo[2,3-d]pyrimidin-5-yl]phenyl}-3-[2-fluoro-5-(trifluoromethyl)phenyl]urea",5.88,10.42,5.37,5.54,5.73,4.89,6.79,6.42,5.08,11.51,13.47,6.75,5.68,11.42,5.64,5.77,11.42,5.02
"1-{5-[2-(thieno[3,2-d]pyrimidin-4-ylamino)ethyl]-1,3-thiazol-2-yl}-3-[3-(trifluoromethyl)phenyl]urea",5.68,5.66,5.58,4.89,6.02,5.04,6.15,7.0,5.02,6.09,15.27,6.07,5.05,11.49,5.01,4.89,11.6,5.06
"1-{[(3R)-3-methyl-4-({4-[(1S)-2,2,2-trifluoro-1-hydroxy-1-methylethyl]phenyl}sulfonyl)piperazin-1-yl]methyl}cyclopropanecarboxamide",5.71,4.85,3.89,4.5,6.42,6.23,6.81,4.84,5.07,4.12,9.92,6.35,5.17,11.31,5.19,4.75,11.62,5.88
1-{[1-(2-AMINO-3-PHENYL-PROPIONYL)-PYRROLIDINE-2-CARBONYL]-AMINO}-2-(3-CYANO-PHENYL)-ETHANEBORONICACID,6.15,4.81,3.45,4.61,5.57,5.21,7.01,5.48,5.08,5.46,11.33,5.43,5.04,11.44,6.61,4.61,11.67,5.15
"10-Propargyl-5,8-DideazafolicAcid",5.48,8.3,6.22,5.18,5.81,5.78,5.41,5.03,5.05,2.29,10.45,4.74,5.06,10.89,4.63,5.07,11.15,5.09
"12-(2-hydroxyethyl)-2-(1-methylethoxy)-13,14-dihydronaphtho[2,1-a]pyrrolo[3,4-c]carbazol-5(12H)-one",5.2,8.74,5.98,6.09,6.39,4.92,7.26,4.65,5.45,5.47,12.3,5.39,5.07,11.63,5.58,4.41,11.42,5.63
12-HydroxydodecanoicAcid,4.76,10.9,3.28,3.29,4.4,5.09,5.46,3.81,5.18,2.35,7.77,3.37,5.05,10.33,4.48,3.86,11.54,5.22
13-Acetylphorbol,5.23,13.82,7.85,7.46,4.98,5.09,8.02,4.39,5.11,6.38,11.86,4.73,5.05,10.78,7.74,4.53,11.31,5.31
13-deoxydoxorubicin,5.34,5.02,3.53,4.41,5.12,5.05,6.61,4.23,5.14,7.18,10.98,5.67,5.04,11.8,5.54,4.57,11.55,5.7
"16,17-Androstene-3-Ol",5.29,5.5,6.22,5.76,4.75,4.94,6.96,4.66,5.07,8.95,10.67,6.56,5.09,11.13,6.19,4.74,10.9,5.32
16-Bromoepiandrosterone,5.29,8.4,5.12,4.47,5.11,4.93,7.53,4.56,5.07,13.95,28.35,5.44,5.06,11.78,5.55,4.45,11.31,5.19
"17-HYDROXY-18A-HOMO-19-NOR-17ALPHA-PREGNA-4,9,11-TRIEN-3-ONE",5.39,6.8,7.04,6.72,5.45,5.03,7.79,5.03,5.56,5.84,10.88,6.08,5.07,11.77,6.21,5.0,11.62,6.17
17-METHYL-17-ALPHA-DIHYDROEQUILENIN,5.3,6.63,7.51,7.3,5.87,5.06,8.05,5.04,5.04,5.02,11.17,6.95,5.04,11.69,7.17,5.04,11.66,5.58
17alpha-Estriol,5.41,5.13,6.02,5.34,5.66,4.98,7.29,4.78,5.04,4.55,11.0,6.03,5.16,11.49,5.72,4.53,11.65,5.15
"18-CHLORO-11,12,13,14-TETRAHYDRO-1H,10H-8,4-(AZENO)-9,15,1,3,6-BENZODIOXATRIAZACYCLOHEPTADECIN-2-ONE",5.33,3.23,5.67,6.3,5.85,4.98,6.93,5.99,5.13,4.59,13.95,5.06,5.25,11.6,4.79,4.98,11.43,5.67
"19-(cyclopropylamino)-4,6,7,15-tetrahydro-5H-16,1-(azenometheno)-10,14-(metheno)pyrazolo[4,3-o][1,3,9]triazacyclohexadecin-8(9H)-one",5.45,9.05,6.9,7.2,5.63,5.11,6.25,4.38,5.13,6.27,12.06,5.57,5.43,11.79,7.11,4.76,11.6,5.93
"1D-myo-inositol1,4,5-trisphosphate",5.05,2.37,4.11,5.14,4.96,5.01,6.56,4.6,5.07,3.08,14.44,5.97,5.18,10.83,5.12,4.28,10.84,5.24
1h-Benoximidazole-2-CarboxylicAcid,4.87,7.04,4.51,4.57,4.29,5.05,4.96,4.01,5.11,5.42,10.91,4.66,5.06,11.19,4.3,4.14,11.56,5.53
"2',3'-Dehydro-2',3'-Deoxy-Thymidine5'-Diphosphate",5.11,3.81,4.55,5.4,5.1,4.96,4.68,4.64,5.16,8.0,9.06,5.67,5.04,10.79,4.95,4.04,11.51,5.87
"2',3'-Dehydro-2',3'-Deoxy-Thymidine5'-Triphosphate",5.12,7.3,4.91,5.42,5.16,4.95,4.83,4.6,5.21,2.94,12.01,5.78,5.04,10.78,4.94,4.08,11.47,5.96
"2',3'-Dideoxyadenosine-5'-Triphosphate",4.95,2.38,5.09,5.51,5.04,4.96,6.13,4.34,5.06,6.99,13.28,4.88,5.11,11.61,5.18,4.31,11.05,5.12
"2',3'-Dideoxythymidine-5'-Monophosphate",5.26,2.23,4.65,4.5,5.04,5.07,5.02,5.15,5.31,3.09,12.56,3.34,5.15,10.69,4.57,4.49,11.28,5.62
"2',3'-dideoxy-3'-fluoro-urididine-5'-diphosphate",5.26,2.81,5.77,5.31,5.19,4.91,5.12,4.5,5.16,4.34,12.98,6.14,5.57,10.72,4.2,4.35,11.44,5.2
"2',5'-DIDEOXY-ADENOSINE3'-MONOPHOSPHATE",5.39,2.51,4.74,4.32,4.93,5.06,5.59,4.27,5.06,24.37,23.19,5.95,5.07,11.82,5.0,3.92,11.59,5.11
2'-Deoxycytidine,5.16,10.14,3.9,4.32,4.54,4.99,6.46,3.84,5.11,5.52,15.09,5.3,5.4,10.45,4.36,3.98,11.65,5.14
2'-Deoxyguanosine-5'-Diphosphate,5.19,3.2,4.46,4.73,4.47,4.93,6.32,4.75,5.12,3.03,13.47,7.12,5.05,10.82,5.07,4.27,11.6,5.22
2'-Deoxyguanosine-5'-Triphosphate,5.19,2.73,4.49,4.76,4.49,4.92,6.23,4.84,5.12,9.53,8.97,5.96,5.05,10.84,5.08,4.28,11.57,5.17
2'-Deoxyuridine3'-Monophosphate,5.13,5.93,5.77,4.77,4.91,5.04,5.66,3.79,5.27,3.24,11.71,4.32,5.13,11.07,4.28,4.1,11.51,5.19
2'-Monophosphoadenosine-5'-Diphosphate,5.32,5.62,5.76,6.85,5.38,4.93,5.37,4.95,5.07,5.63,11.6,6.24,5.06,11.61,5.28,4.5,10.99,5.1
2'-O-AcetylAdenosine-5-Diphosphoribose,5.32,7.26,4.74,4.9,5.15,4.98,5.37,4.84,5.08,3.19,16.22,6.61,5.06,10.66,5.12,4.53,11.1,5.57
2'-cytidylicacid,5.11,7.14,4.01,4.13,5.21,4.96,5.26,3.73,5.07,4.69,11.07,4.48,5.31,10.58,6.01,4.04,11.49,5.29
2'-deoxy-N-(naphthalen-1-ylmethyl)guanosine5'-(dihydrogenphosphate),6.02,3.5,5.81,4.82,4.54,4.86,7.17,4.79,5.1,3.1,12.83,6.31,5.05,10.67,5.13,4.54,11.39,5.14
"2'-deoxycytidine-2'-deoxyadenosine-3',5'-monophosphate",5.67,6.11,4.53,4.83,4.84,4.91,6.02,4.35,5.07,5.97,11.39,6.57,5.08,11.56,5.26,4.24,11.73,5.14
2'-fluoro-2'-deoxyuridine3'-monophosphate,5.08,4.42,5.73,4.4,5.22,4.92,5.62,4.34,5.12,3.86,21.85,4.31,5.04,10.89,4.46,4.03,11.45,5.26
2(S)-Amino-6-BoronohexanoicAcid,4.85,8.26,3.33,4.17,4.44,5.06,3.57,4.12,5.08,4.12,17.12,4.55,5.11,10.56,5.41,4.53,10.82,5.22
"2,2'-{[9-(HYDROXYIMINO)-9H-FLUORENE-2,7-DIYL]BIS(OXY)}DIACETICACID",5.0,5.71,5.1,4.61,5.88,4.96,6.12,4.09,5.08,5.48,9.48,6.61,5.09,11.93,5.76,4.32,11.42,5.08
"2,2,2-TRIFLUORO-1-{5-[(3-PHENYL-5,6-DIHYDROIMIDAZO[1,2-A]PYRAZIN-7(8H)-YL)CARBONYL]THIOPHEN-2-YL}ETHANE-1,1-DIOL",5.36,3.26,5.67,6.48,5.06,4.98,7.28,4.72,5.07,4.07,13.89,6.57,5.04,10.92,5.02,4.99,10.93,5.11
"2,3,-Dihydroxybenzoylserine",5.14,4.43,6.67,6.14,4.59,5.16,5.94,4.2,5.07,4.35,11.63,4.36,5.05,11.5,4.59,3.82,10.84,5.05
"2,3,4,5,6-PentafluorobenzylAlcohol",4.99,3.73,4.06,4.79,4.61,5.08,4.82,4.33,5.08,4.99,11.9,6.57,5.07,11.78,4.21,4.07,11.04,5.1
"2,3,5,6-Tetrafluoro-4-Methoxy-Benzamide",5.18,6.91,5.22,4.87,4.98,5.13,4.76,4.56,5.06,4.86,11.36,6.8,5.07,11.64,4.24,4.5,11.62,5.14
"2,3-DIMETHOXY-12H-[1,3]DIOXOLO[5,6]INDENO[1,2-C]ISOQUINOLIN-6-IUM",5.16,8.47,6.53,6.42,5.48,4.93,5.54,4.42,5.09,5.03,13.87,4.95,5.04,11.58,5.81,4.39,11.02,5.1
"2,3-Dicarboxy-4-(2-Chloro-Phenyl)-1-Ethyl-5-Isopropoxycarbonyl-6-Methyl-Pyridinium",5.1,2.34,7.26,7.07,5.49,5.21,7.22,4.61,5.09,3.52,11.57,5.85,5.06,12.71,5.64,4.48,11.41,5.27
"2,3-DifluorobenzylAlcohol",4.91,1.75,4.65,5.73,4.61,5.09,4.67,4.32,5.08,4.25,11.3,4.54,5.04,11.7,4.23,4.01,10.85,5.06
"2,3-Dihydroxy-BenzoicAcid",4.77,5.95,3.4,4.35,4.37,5.09,4.74,3.91,5.07,6.06,15.32,4.47,5.07,11.89,4.28,3.94,11.64,5.11
"2,4,6-Triaminoquinazoline",5.15,7.93,3.8,3.93,5.06,5.07,5.19,4.59,5.07,5.5,9.22,4.38,5.04,10.53,3.63,4.57,10.86,5.06
"2,4-Diamino-5-(3,4,5-Trimethoxy-Benzyl)-Pyrimidin-1-Ium",5.13,5.45,7.22,7.28,4.68,4.99,6.89,4.48,5.1,5.26,13.23,6.81,5.05,11.77,5.83,4.56,11.25,5.03
"2,4-Diamino-5-Methyl-6-[(3,4,5-Trimethoxy-N-Methylanilino)Methyl]Pyrido[2,3-D]Pyrimidine",5.18,7.68,6.63,4.95,6.23,5.08,7.52,7.74,5.08,12.56,12.13,6.44,5.09,11.63,6.26,6.27,11.25,5.05
"2,4-Diamino-6-Phenyl-5,6,7,8,-Tetrahydropteridine",5.07,6.31,6.24,5.84,4.91,5.28,6.59,4.29,5.06,5.03,11.02,5.94,5.04,11.69,4.99,4.08,11.43,5.08
"2,4-Diamino-6-[N-(2',5'-Dimethoxybenzyl)-N-Methylamino]Quinazoline",5.34,6.25,4.92,4.49,5.44,5.1,6.62,7.14,5.08,5.3,12.09,6.22,5.03,11.61,4.77,6.15,11.19,5.05
"2,4-Diamino-6-[N-(3',4',5'-Trimethoxybenzyl)-N-Methylamino]Pyrido[2,3-D]Pyrimidine",5.4,5.43,6.21,6.4,5.19,5.02,7.18,7.06,5.07,11.36,10.64,6.01,5.05,11.98,5.09,5.5,11.19,5.04
"2,4-Diamino-6-[N-(3',5'-Dimethoxybenzyl)-N-Methylamino]Pyrido[2,3-D]Pyrimidine",5.46,6.06,5.34,5.35,5.27,5.03,5.72,6.44,5.08,8.82,8.56,5.7,5.04,11.78,5.0,5.28,11.43,5.04
"2,4-DifluorobenzylAlcohol2,4-Difluoro-1-(Hydroxymethyl)Benzene",4.83,16.17,4.4,4.71,4.61,5.07,4.52,4.55,5.09,6.11,7.62,4.63,5.05,10.51,3.92,4.42,10.9,5.11
"2,4-Dihydroxy-7-(Methyloxy)-2h-1,4-Benzoxazin-3(4h)-One",5.19,12.34,3.49,4.04,4.94,5.0,5.4,4.5,5.07,8.62,16.39,4.54,5.93,11.49,4.32,4.4,11.3,5.11
"2,4-Dihydroxy-TransCinnamicAcid",4.89,13.26,5.15,5.55,4.79,5.15,6.43,4.35,5.11,8.76,8.65,4.6,5.05,11.94,5.43,4.1,11.57,5.33
"2,5-Anhydroglucitol-1,6-Biphosphate",5.3,4.95,3.21,2.95,5.04,5.0,6.03,4.12,5.1,5.85,12.07,5.99,5.08,11.28,4.14,4.04,11.11,5.15
"2,5-DI-(TERT-BUTYL)-1,4,BENZOHYDROQUINONE",5.09,6.07,4.82,5.03,4.81,4.83,4.9,4.29,5.12,3.74,12.84,5.58,5.05,11.65,5.38,4.09,11.57,5.17
"2,5-DICHLORO-N-(5-CHLORO-1,3-BENZOXAZOL-2-YL)BENZENESULFONAMIDE",5.22,5.41,3.5,4.08,4.77,5.44,6.38,4.67,5.09,6.81,12.55,6.85,5.04,11.44,5.03,4.26,11.27,5.13
"2,5-DICHLORO-N-[5-METHOXY-7-(6-METHOXYPYRIDIN-3-YL)-1,3-BENZOXAZOL-2-YL]BENZENESULFONAMIDE",5.38,6.97,4.54,4.45,5.45,5.35,6.79,4.91,5.05,18.58,11.87,6.56,5.04,11.49,5.66,5.16,11.46,5.08
"2,6,8-Trimethyl-3-Amino-9-Benzyl-9-MethoxynonanoicAcid",5.35,4.92,5.98,5.88,5.33,5.3,5.2,4.24,5.25,2.21,2.58,5.25,5.04,10.63,4.76,4.17,10.83,5.24
"2,6-Diamino-(S)-9-[2-(Phosphonomethoxy)Propyl]Purine",5.2,5.5,5.25,5.59,4.83,5.04,5.13,4.57,5.07,3.03,12.81,6.2,5.05,10.83,4.7,4.19,11.35,5.29
"2,6-Diamino-HexanoicAcidAmide",5.09,2.79,3.53,4.02,4.43,5.07,4.35,4.4,5.06,5.59,5.73,4.36,5.07,10.62,4.54,4.28,10.86,5.06
"2,6-Dihydroanthra/1,9-Cd/Pyrazol-6-One",4.88,2.21,4.89,4.41,4.98,5.04,5.43,4.74,5.08,5.77,6.58,5.81,5.06,11.93,5.82,4.59,12.0,5.1
2-((9H-PURIN-6-YLTHIO)METHYL)-5-CHLORO-3-(2-METHOXYPHENYL)QUINAZOLIN-4(3H)-ONE,5.35,2.96,5.26,5.94,4.58,4.95,5.25,4.33,5.18,16.53,7.48,6.18,5.04,11.74,5.64,3.9,11.39,5.16
"2-(1,1-DIMETHYLETHYL)9-FLUORO-3,6-DIHYDRO-7H-BENZ[H]-IMIDAZ[4,5-F]ISOQUINOLIN-7-ONE",5.4,7.9,6.47,5.7,6.29,5.16,6.61,4.78,5.07,6.19,11.22,6.98,5.08,12.49,6.0,4.56,11.84,5.1
"2-(1,3-thiazol-4-yl)-1H-benzimidazole-5-sulfonamide",5.13,9.01,4.17,5.0,4.54,5.98,5.42,5.05,5.06,6.68,11.35,6.25,5.04,10.4,4.98,4.57,11.61,5.1
2-(1H-pyrazol-3-yl)-1H-benzimidazole,4.88,5.23,3.28,4.9,4.49,5.12,5.19,4.2,5.08,6.61,12.39,8.18,5.05,11.58,4.55,4.45,11.44,5.11
"2-(1H-pyrrol-1-ylcarbonyl)benzene-1,3,5-triol",5.13,5.37,4.82,4.82,4.63,5.18,5.46,4.26,5.07,4.07,11.08,5.97,5.08,11.8,4.55,4.24,12.48,5.33
"2-(2,6-DIFLUOROPHENOXY)-N-(2-FLUOROPHENYL)-9-ISOPROPYL-9H-PURIN-8-AMINE",5.33,3.01,6.72,6.82,5.33,5.19,6.59,4.86,5.23,4.2,11.39,5.44,5.14,12.3,6.18,4.91,11.37,5.33
"2-(2-CHLORO-4-FLUOROPHENOXY)-2-METHYL-N-[(1R,2S,3S,5S,7S)-5-(METHYLSULFONYL)-2-ADAMANTYL]PROPANAMIDE",5.4,4.4,7.85,7.38,5.58,4.89,6.1,4.8,5.25,4.51,15.5,5.24,5.12,11.71,6.46,4.63,11.44,6.05
2-(2-HYDROXY-CYCLOPENTYL)-PENT-4-ENAL,5.43,4.63,3.6,4.04,4.68,5.14,5.96,4.34,5.06,5.57,38.95,5.04,5.06,11.43,5.99,4.62,11.36,5.56
"2-(2-Hydroxy-1,1-Dihydroxymethyl-Ethylamino)-EthanesulfonicAcid",4.91,3.49,3.43,4.18,4.6,5.06,3.99,4.48,5.08,3.51,17.71,4.49,5.11,10.48,5.74,4.36,10.91,5.11
2-(2-Hydroxy-5-Methoxy-Phenyl)-1h-Benzoimidazole-5-Carboxamidine,5.12,4.58,3.6,4.22,4.99,4.88,6.08,4.53,5.07,3.86,16.25,5.45,5.04,11.61,4.53,4.57,11.79,5.11
2-(2-Hydroxy-Phenyl)-1h-Indole-5-Carboxamidine,5.14,6.93,5.14,4.46,4.95,5.08,5.92,4.16,5.13,6.17,18.5,6.4,5.06,10.47,5.74,4.92,11.98,5.35
2-(2-Hydroxy-Phenyl)-3h-Benzoimidazole-5-Carboxamidine,5.15,4.84,4.39,4.74,5.0,5.08,6.5,4.39,5.06,4.89,10.68,6.66,5.04,11.66,4.55,4.67,11.74,5.13
2-(2-METHYLPHENYL)-1H-INDOLE-5-CARBOXIMIDAMIDE,5.14,9.0,5.58,5.83,5.06,4.98,6.03,4.31,5.08,3.09,7.92,6.02,5.04,10.69,5.88,5.28,11.21,5.18
2-(2-METHYLPHENYL)-1H-INDOLE-6-CARBOXIMIDAMIDE,5.13,6.07,5.73,5.49,5.23,5.1,4.88,4.42,5.07,5.16,10.89,6.07,5.05,11.7,6.46,5.02,11.06,5.08
"2-(2-QUINOLIN-3-YLPYRIDIN-4-YL)-1,5,6,7-TETRAHYDRO-4H-PYRROLO[3,2-C]PYRIDIN-4-ONE",5.28,10.64,5.67,5.21,5.86,5.19,5.4,4.57,5.06,7.15,13.42,6.32,5.03,12.17,7.21,4.51,11.7,5.66
2-(2-{2-[(BIPHENYL-4-YLMETHYL)-AMINO]-3-MERCAPTO-PENTANOYLAMINO}-ACETYLAMINO)-3-METHYL-BUTYRICACIDMETHYLESTER,5.45,12.61,5.48,5.2,5.01,5.12,6.55,4.66,5.09,10.61,22.82,5.67,5.09,11.61,5.0,4.49,11.32,5.22
"2-(2-{2-[2-(2-{2-[2-(2-Ethoxy-Ethoxy)-Ethoxy]-Ethoxy}-Ethoxy)-Ethoxy]-Ethoxy}-Ethoxy)-Ethanol,PolyethyleneglycolPeg400",4.79,7.14,3.66,3.53,4.57,5.01,4.2,4.06,5.08,5.65,11.7,3.1,5.03,10.21,3.63,3.77,11.49,5.06
2-(2f-Benzothiazolyl)-5-Styryl-3-(4f-Phthalhydrazidyl)TetrazoliumChloride,5.27,6.92,7.37,6.46,5.2,5.12,6.05,4.62,5.08,6.8,14.46,6.84,5.03,12.19,5.19,4.48,11.55,5.28
2-(3'-Methoxyphenyl)Benzimidazole-4-Carboxamide,5.02,2.55,5.17,5.66,5.01,5.05,6.15,4.84,5.08,3.24,13.29,6.32,5.03,11.69,6.54,4.66,11.39,5.04
"2-(3,4-DIHYDROXYPHENYL)-8-(1,1-DIOXIDOISOTHIAZOLIDIN-2-YL)-3-HYDROXY-6-METHYL-4H-CHROMEN-4-ONE",5.38,7.58,5.1,4.8,4.84,5.31,6.65,5.06,5.06,7.17,12.64,6.04,5.1,11.68,5.64,5.43,11.37,5.12
"2-(3-((4,5,7-trifluorobenzo[d]thiazol-2-yl)methyl)-1H-pyrrolo[2,3-b]pyridin-1-yl)aceticacid",5.39,4.18,5.98,6.28,5.18,5.0,7.68,4.77,5.05,6.78,15.77,6.32,5.04,11.63,4.76,4.51,10.49,5.33
"2-(3-AMINO-2,5,6-TRIMETHOXYPHENYL)ETHYL5-CHLORO-2,4-DIHYDROXYBENZOATE",5.13,6.96,6.91,6.89,4.71,5.08,6.44,4.51,5.08,2.29,23.09,5.73,6.02,11.54,4.12,4.73,11.56,5.04
"2-(3-FLUORO-4-HYDROXYPHENYL)-7-VINYL-1,3-BENZOXAZOL-5-OL",5.09,5.25,4.67,4.87,5.28,5.02,6.71,6.51,5.05,3.48,12.13,6.52,5.03,11.54,5.68,4.9,11.67,5.18
2-(3-GUANIDINOPHENYL)-3-MERCAPTOPROPANOICACID,5.28,8.95,6.73,6.22,4.92,4.89,5.72,5.44,5.13,5.03,11.83,5.67,5.05,11.63,4.94,5.03,11.4,5.32
2-(3-METHYLPHENYL)-1H-INDOLE-5-CARBOXIMIDAMIDE,4.97,2.56,4.33,5.32,5.04,4.94,6.66,4.19,5.1,2.98,11.95,6.0,5.19,11.34,5.11,4.69,11.48,5.16
"2-(4-(AMINOMETHYL)PIPERIDIN-1-YL)-N-(3_CYCLOHEXYL-4-OXO-2,4-DIHYDROINDENO[1,2-C]PYRAZOL-5-YL)ACETAMIDE",5.08,6.62,3.72,4.67,5.36,5.17,5.69,4.85,5.1,6.11,12.17,5.85,5.31,10.75,6.34,4.45,11.44,5.34
2-(4-CARCOXY-5-ISOPROPYLTHIAZOLYL)BENZOPIPERIDINE,5.22,5.03,6.69,6.5,5.31,5.36,6.77,4.04,5.07,4.68,14.8,6.27,5.05,10.62,6.35,4.52,11.6,5.74
2-(4-CHLORO-PHENYLAMINO)-NICOTINICACID,5.11,4.12,5.04,5.72,5.08,4.89,5.73,4.5,5.06,5.39,18.59,5.8,5.11,11.62,4.27,4.37,11.62,5.04
"2-(4-CHLOROBENZYLAMINO)-4-(PHENYLAMINO)PYRAZOLO[1,5-A][1,3,5]TRIAZINE-8-CARBONITRILE",5.27,2.04,7.23,6.94,4.98,5.18,6.49,4.41,5.06,3.29,15.76,6.56,5.05,11.73,5.99,4.45,11.29,5.21
2-(4-Chlorophenyl)-5-Quinoxalinecarboxamide,5.01,9.62,5.67,5.21,5.15,5.2,4.72,4.71,5.08,3.96,12.96,4.9,5.04,11.68,6.1,4.86,11.21,5.05
"2-(4-ETHYLPIPERAZIN-1-YL)-4-(PHENYLAMINO)PYRAZOLO[1,5-A][1,3,5]TRIAZINE-8-CARBONITRILE",5.37,8.43,6.92,7.3,4.95,5.32,6.67,4.79,5.54,6.0,9.64,5.15,5.08,11.57,5.93,4.64,11.32,5.29
2-(4-HYDROXY-3-NITROPHENYL)ACETICACID,4.95,7.12,3.35,4.0,4.67,5.07,4.69,4.12,5.16,3.29,15.05,5.42,5.05,11.61,3.89,4.21,11.65,5.11
2-(4-HYDROXY-5-PHENYL-1H-PYRAZOL-3-YL)-1H-BENZOIMIDAZOLE-5-CARBOXAMIDINE,5.24,4.45,4.44,4.42,5.45,5.9,5.67,4.31,5.07,4.13,10.51,5.83,5.04,11.66,6.17,4.74,11.52,5.07
2-(4-HYDROXY-PHENYL)BENZOFURAN-5-OL,5.06,5.97,4.43,4.93,4.94,4.84,6.42,4.22,5.02,6.23,15.69,6.13,5.04,11.05,4.8,4.4,11.61,5.11
"2-(4-fluorophenyl)-N-{[3-fluoro-4-(1H-pyrrolo[2,3-b]pyridin-4-yloxy)phenyl]carbamoyl}acetamide",5.54,6.61,6.73,6.34,5.7,4.89,7.09,4.81,5.12,5.92,11.57,6.82,5.7,11.44,5.33,4.86,11.63,5.25
2-(4-hydroxyphenyl)benzo[b]thiophen-6-ol,5.19,5.05,3.27,3.8,5.18,4.95,5.25,4.58,5.07,5.39,11.79,7.18,5.05,11.45,3.97,4.4,11.71,5.06
2-(5-CHLORO-2-THIENYL)-N-{(3S)-1-[(1S)-1-METHYL-2-MORPHOLIN-4-YL-2-OXOETHYL]-2-OXOPYRROLIDIN-3-YL}ETHANESULFONAMIDE,5.27,7.83,5.22,4.39,5.3,4.97,5.81,4.69,5.45,0.24,4.94,6.67,5.04,12.11,3.76,4.65,11.31,6.09
2-(5-CHLORO-2-THIENYL)-N-{(3S)-1-[(1S)-1-METHYL-2-MORPHOLIN-4-YL-2-OXOETHYL]-2-OXOPYRROLIDIN-3-YL}ETHENESULFONAMIDE,5.29,8.47,5.75,6.31,5.51,4.92,6.0,4.4,5.38,2.81,7.05,6.66,5.04,11.53,4.22,4.65,11.15,5.98
"2-(5-HYDROXY-NAPHTHALEN-1-YL)-1,3-BENZOOXAZOL-6-OL",5.14,16.3,4.45,4.77,5.24,4.89,7.01,4.96,5.02,10.65,7.45,6.99,5.06,11.65,5.27,4.94,11.61,5.14
"2-(6-CHLORO-3-{[2,2-DIFLUORO-2-(1-OXIDO-2-PYRIDINYL)ETHYL]AMINO}-2-OXO-1(2H)-PYRAZINYL)-N-[(2-FLUOROPHENYL)METHYL]ACETAMIDE",5.6,2.13,4.08,5.47,5.73,5.03,6.22,4.38,5.07,3.73,11.34,6.21,5.05,11.62,5.85,4.33,11.03,5.16
"2-(6-CHLORO-3-{[2,2-DIFLUORO-2-(2-PYRIDINYL)ETHYL]AMINO}-2-OXO-1(2H)-PYRAZINYL)-N-[(2-FLUORO-3-METHYL-6-PYRIDINYL)METHYL]ACETAMIDE",5.59,3.45,5.41,4.16,5.39,4.91,6.47,4.77,5.07,4.85,15.89,6.55,5.03,11.86,5.76,4.54,11.5,5.09
"2-(6-CHLORO-3-{[2,2-DIFLUORO-2-(2-PYRIDINYL)ETHYL]AMINO}-2-OXO-1(2H)-PYRAZINYL)-N-[(2-FLUORO-6-PYRIDINYL)METHYL]ACETAMIDE",5.57,3.38,4.3,5.0,5.32,4.95,5.65,4.79,5.07,5.06,15.63,6.01,5.04,11.75,5.74,4.58,10.91,5.09
"2-(6-HYDROXY-1,3-BENZOTHIAZOL-2-YL)-1,3-THIAZOL-4(5H)-ONE",5.17,5.17,5.29,5.21,5.68,4.98,6.55,4.63,5.07,6.12,20.49,6.6,5.03,11.97,5.98,4.62,11.63,5.05
2-(6-methylpyridin-2-yl)-N-pyridin-4-ylquinazolin-4-amine,5.31,4.96,6.14,6.46,5.22,5.0,6.46,4.77,5.07,5.34,11.74,6.85,5.05,10.63,5.0,4.39,11.35,5.1
"2-(6-{[(3-chloro-2-methylphenyl)sulfonyl]amino}pyridin-2-yl)-N,N-diethylacetamide",5.52,21.21,4.26,4.15,5.01,5.35,4.91,4.6,5.09,10.67,14.86,6.38,5.05,11.61,4.88,4.79,11.6,5.75
2-(Acetylamino)-2-Deoxy-6-O-Methyl-Alpha-D-Allopyranose,5.08,5.84,4.53,4.63,6.14,4.99,5.28,4.57,5.25,13.5,11.16,3.96,5.2,11.88,4.33,5.06,10.86,5.2
"2-(Beta-D-Glucopyranosyl)-5-Methyl-1,2,3-Benzimidazole",5.12,5.0,3.53,3.91,4.7,5.07,5.16,3.56,5.17,5.03,10.64,5.07,5.04,10.48,4.88,3.83,11.37,5.19
"2-(Beta-D-Glucopyranosyl)-5-Methyl-1,3,4-Benzothiazole",5.35,4.38,4.94,3.88,4.93,5.32,5.87,3.77,5.11,2.86,9.28,4.92,5.03,10.73,3.89,4.05,11.38,5.1
"2-(Beta-D-Glucopyranosyl)-5-Methyl-1,3,4-Oxadiazole",5.22,7.54,3.93,3.26,5.42,5.01,5.27,3.61,5.21,9.34,11.02,4.1,5.04,11.49,5.83,4.05,11.25,5.1
"2-(CYCLOHEXYLMETHYLAMINO)-4-(PHENYLAMINO)PYRAZOLO[1,5-A][1,3,5]TRIAZINE-8-CARBONITRILE",5.49,5.53,7.0,6.61,5.12,4.93,5.77,4.66,5.14,8.6,14.51,7.36,5.13,11.48,6.95,4.79,11.1,5.74
2-(Carboxymethoxy)-5-[(2s)-2-({(2s)-2-[(3-Carboxypropanoyl)Amino]-3-Phenylpropanoyl}Amino)-3-Oxo-3-(Pentylamino)Propyl]BenzoicAcid,5.56,6.56,3.96,4.6,4.75,5.15,6.74,4.44,5.15,8.3,16.26,5.08,5.03,12.13,6.13,4.74,11.45,5.22
2-(ETHOXYMETHYL)-4-(4-FLUOROPHENYL)-3-[2-(2-HYDROXYPHENOXY)PYRIMIDIN-4-YL]ISOXAZOL-5(2H)-ONE,5.09,10.08,5.24,5.63,5.41,5.71,6.71,4.56,5.09,14.86,12.0,5.77,5.04,11.94,5.09,4.55,11.42,5.22
2-(N-Morpholino)-EthanesulfonicAcid,4.84,3.49,3.18,4.16,4.68,5.11,4.13,4.46,5.04,2.32,12.73,4.53,5.17,10.57,4.4,4.66,11.47,5.08
"2-(Oxalyl-Amino)-4,5,6,7-Tetrahydro-Thieno[2,3-C]Pyridine-3-CarboxylicAcid",5.37,1.88,5.95,6.04,4.8,5.08,5.16,4.29,5.45,3.05,13.08,5.25,5.43,11.56,5.01,4.4,11.65,5.16
"2-(Oxalyl-Amino)-4,7-Dihydro-5h-Thieno[2,3-C]Pyran-3-CarboxylicAcid",5.24,15.51,5.58,6.34,4.91,5.07,5.04,4.16,5.15,10.71,4.53,5.13,5.51,11.17,5.03,4.5,11.59,5.12
"2-(Oxalyl-Amino)-4,7-Dihydro-5h-Thieno[2,3-C]Thiopyran-3-CarboxylicAcid",5.2,2.72,4.6,5.24,5.02,5.16,6.54,4.12,5.08,2.9,14.33,5.01,5.1,11.47,5.0,4.38,11.62,5.14
2-(Oxalyl-Amino)-BenzoicAcid,4.94,5.17,3.88,4.06,4.83,5.01,5.27,4.15,5.07,6.3,7.04,4.73,5.17,11.61,3.5,4.37,11.64,5.16
2-(Thiomethylene)-4-MethylpentanoicAcid,5.12,4.19,6.08,6.01,4.64,5.06,5.83,6.69,5.09,2.06,11.78,5.34,5.17,10.6,4.97,6.07,10.76,5.33
"2-(cycloheptylmethyl)-1,1-dioxido-1-benzothiophen-6-ylsulfamate",5.11,11.94,6.59,4.18,5.64,4.9,6.14,7.91,5.07,5.84,5.01,4.99,5.08,11.63,6.7,6.12,11.59,5.14
2-(cyclohexylamino)benzoicacid,4.96,3.23,6.25,5.2,4.85,5.27,4.12,4.17,5.06,4.82,12.11,5.81,5.06,11.63,4.65,4.24,11.52,5.14
2-(hydrazinocarbonyl)-3-phenyl-1H-indole-5-sulfonamide,5.36,10.88,4.59,6.75,5.2,6.31,5.85,4.42,5.15,8.62,20.6,5.89,5.11,11.64,5.53,4.47,11.52,6.05
"2-(methylamino)-N-(4-methyl-1,3-thiazol-2-yl)-5-[(4-methyl-4H-1,2,4-triazol-3-yl)sulfanyl]benzamide",5.04,3.07,4.43,4.53,5.05,5.01,6.2,4.3,5.03,6.18,11.34,6.21,5.12,11.67,4.56,4.67,11.47,5.05
2-(methylsulfanyl)-5-(thiophen-2-ylmethyl)-1H-imidazol-4-ol,5.02,8.37,4.2,3.98,4.7,5.07,4.98,4.61,5.16,4.88,19.8,4.28,5.07,11.23,3.8,4.32,11.34,5.12
2-({2-[(3-HYDROXYPHENYL)AMINO]PYRIMIDIN-4-YL}AMINO)BENZAMIDE,5.27,7.7,7.41,7.98,6.41,5.28,5.47,5.66,5.05,7.36,13.72,4.97,6.08,12.29,7.26,5.33,11.55,5.09
"2-({4-[(5-CHLORO-1H-INDOL-2-YL)SULFONYL]PIPERAZIN-1-YL}CARBONYL)THIENO[3,2-B]PYRIDINE4-OXIDE",5.29,4.36,4.36,5.14,5.42,6.04,5.74,4.69,5.79,6.99,12.48,7.33,5.03,11.74,5.92,4.9,11.55,6.14
2-({4-[4-(pyridin-4-ylmethyl)-1H-pyrazol-3-yl]phenoxy}methyl)quinoline,5.28,6.66,4.26,5.34,5.23,4.85,7.26,5.37,5.07,7.11,13.7,7.01,5.1,10.4,5.27,4.96,11.61,5.04
2-({5-CHLORO-2-[(2-METHOXY-4-MORPHOLIN-4-YLPHENYL)AMINO]PYRIMIDIN-4-YL}AMINO)-N-METHYLBENZAMIDE,5.54,9.03,6.35,6.35,6.75,4.84,6.96,7.02,5.48,3.17,8.91,5.76,6.65,12.29,7.15,6.06,11.75,5.63
2-({6-[(3-Chlorophenyl)amino]-9-isopropyl-9H-purin-2-yl}amino)ethanol,5.22,3.03,5.01,5.21,5.15,4.89,6.34,4.37,5.1,2.66,10.36,6.63,5.07,10.93,4.99,4.15,11.22,5.14
"2-({[2,3,5,6-TETRAFLUORO-3'-(TRIFLUOROMETHOXY)BIPHENYL-4-YL]AMINO}CARBONYL)CYCLOPENTA-1,3-DIENE-1-CARBOXYLICACID",5.51,5.99,6.02,6.02,5.73,5.0,6.11,5.09,5.06,7.12,12.74,6.85,5.37,11.61,4.92,4.75,11.49,5.08
"2-({[3,5-DIFLUORO-3'-(TRIFLUOROMETHOXY)BIPHENYL-4-YL]AMINO}CARBONYL)CYCLOPENT-1-ENE-1-CARBOXYLICACID",5.68,7.79,4.4,4.75,5.47,4.86,6.14,4.54,5.08,4.56,11.53,5.55,5.58,11.56,4.86,4.71,11.51,5.1
"2-({[3-(3,4-dihydroisoquinolin-2(1H)-ylsulfonyl)phenyl]carbonyl}amino)benzoicacid",5.22,5.7,5.74,5.86,5.12,5.26,5.67,4.52,5.06,5.95,10.87,6.29,5.14,10.79,6.99,4.49,11.57,5.09
"2-ACETAMIDO-2-DEOXY-BETA-D-GLUCOPYRANOSE(BETA1-4)-2-ACETAMIDO-1,6-ANHYDRO-3-O-[(R)-1-CARBOXYETHYL]-2-DEOXY-BETA-D-GLUCOPYRANOSE-L-ALANYL-GAMMA-D-GLUTAMYL-MESO-DIAMINOPIMELYL-D-ALANINE",5.44,6.01,4.29,4.97,4.68,4.96,6.35,4.23,5.12,5.05,13.82,5.41,5.03,11.41,5.15,4.44,10.65,5.39
2-ACETYLAMINO-4-METHYL-PENTANOICACID(1-FORMYL-2-PHENYL-ETHYL)-AMIDE,5.3,5.55,4.14,4.68,5.14,5.28,6.18,5.14,5.11,2.41,10.95,4.42,5.02,11.5,4.4,6.37,11.06,5.41
"2-AMINO-4-(2,4-DICHLOROPHENYL)-N-ETHYLTHIENO[2,3-D]PYRIMIDINE-6-CARBOXAMIDE",5.19,7.21,5.87,6.47,5.14,5.0,4.16,4.78,5.1,7.95,15.98,6.3,5.1,11.42,5.78,4.79,11.53,5.14
"2-AMINO-4-FLUORO-5-[(1-METHYL-1H-IMIDAZOL-2-YL)SULFANYL]-N-(1,3-THIAZOL-2-YL)BENZAMIDE",5.17,4.78,7.19,5.95,5.67,5.24,5.81,4.56,5.02,4.36,12.51,6.02,5.09,11.66,4.45,4.48,11.29,5.07
2-ANILINO-6-CYCLOHEXYLMETHOXYPURINE,5.32,17.16,4.21,5.42,5.32,5.28,5.86,4.16,5.05,6.8,61.15,6.73,5.59,11.81,6.26,4.02,10.74,5.23
"2-Acetamido-2-Deoxy-D-Glucono-1,5-Lactone",4.98,5.78,3.06,3.76,4.82,5.05,3.82,3.8,5.44,2.14,12.81,4.44,5.07,11.1,4.01,4.0,10.98,5.15
"2-Amino-3-(3-Hydroxy-7,8-Dihydro-6h-Cyclohepta[D]-4-Isoxazolyl)PropionicAcid",5.35,5.37,4.09,4.2,4.95,5.09,3.87,3.92,5.11,4.43,12.99,6.47,5.28,11.63,5.89,4.25,10.82,5.43
2-Amino-3-(5-Tert-Butyl-3-(Phosphonomethoxy)-4-Isoxazolyl)PropionicAcid,5.19,5.07,4.6,4.99,4.52,4.91,5.3,3.95,5.08,3.71,13.99,5.94,5.07,11.45,5.61,3.8,10.97,5.17
2-Amino-3-Hydroxy-3-Phosphonooxy-PropionicAcid,4.94,6.8,4.85,4.8,4.78,5.07,4.06,3.43,5.09,6.18,18.97,3.48,5.1,10.99,4.37,3.78,11.62,5.19
2-Amino-3-Oxo-4-Sulfo-ButyricAcid,4.95,4.45,4.35,4.17,4.46,5.08,4.08,3.87,5.12,3.82,10.32,4.2,5.11,11.48,4.2,3.94,11.58,5.39
2-Amino-6-Chloropyrazine,4.76,3.52,4.43,5.27,4.57,5.07,4.29,4.68,5.07,4.95,13.35,4.65,5.06,10.35,4.45,4.43,11.61,5.08
"2-Amino-7-[2-(2-Hydroxy-1-Hydroxymethyl-Ethylamino)-Ethyl]-1,7-Dihydro-Purin-6-One",5.12,2.7,4.71,4.64,4.52,5.0,3.91,4.09,5.43,4.38,12.94,4.62,5.05,10.58,4.71,3.89,10.53,5.92
"2-Amino-N,3,3-Trimethylbutanamide",4.93,10.19,4.54,3.9,4.37,5.05,3.32,4.08,5.06,15.58,11.92,3.87,5.14,10.52,4.23,4.07,11.6,5.1
2-Aminobenzylalcohol,4.76,4.83,3.64,3.89,4.44,5.03,4.18,4.43,5.09,4.36,14.98,6.16,5.04,10.41,4.21,4.32,11.57,5.04
"2-CHLORO-N-[(1R,2R)-1-HYDROXY-2,3-DIHYDRO-1H-INDEN-2-YL]-6H-THIENO[2,3-B]PYRROLE-5-CARBOXAMIDE",5.3,5.54,5.36,5.69,5.05,6.0,5.88,7.08,5.12,2.94,10.2,8.14,5.04,11.72,4.03,4.99,11.46,5.42
"2-CHLORO-N-[(3R)-2-OXO-1,2,3,4-TETRAHYDROQUINOLIN-3-YL]-6H-THIENO[2,3-B]PYRROLE-5-CARBOXAMIDE",5.08,4.23,6.0,5.69,5.2,5.73,5.75,6.44,5.1,6.19,12.64,5.81,5.05,11.71,4.35,5.03,11.32,5.45
2-Chlorodideoxyadenosine,5.22,4.62,5.18,6.03,4.91,4.91,6.99,4.4,5.07,5.81,12.25,6.2,5.11,11.61,4.92,4.44,11.59,5.1
2-Chlorophenol,4.76,6.09,3.1,3.53,4.29,5.04,4.19,4.5,5.03,4.08,12.66,6.3,5.04,10.38,2.93,4.61,11.55,5.14
2-Cyclopropylmethylenepropanal,4.91,2.76,4.57,4.63,4.24,5.05,6.34,4.18,5.07,4.2,11.51,5.28,5.04,10.28,4.26,4.4,11.06,5.61
"2-DEOXY-3,4-BIS-O-[3-(4-HYDROXYPHENYL)PROPANOYL]-L-THREO-PENTARICACID",5.16,6.37,3.01,3.18,5.14,5.03,5.55,4.03,5.11,4.7,10.75,6.16,5.06,11.61,3.67,4.43,11.57,5.41
2-Deoxy-2-AminoGlucitol-6-Phosphate,5.03,4.1,3.92,4.32,4.62,5.04,4.41,3.79,5.07,17.82,14.52,5.66,5.17,11.02,4.83,4.08,11.47,5.09
2-Deoxy-2-Aminogalactose,4.87,4.09,3.34,3.02,4.76,5.06,2.8,3.3,5.57,4.16,10.5,4.85,5.08,10.83,4.45,3.72,10.62,5.67
2-Deoxy-D-Glucitol6-(E)-Vinylhomophosphonate,5.22,5.72,5.59,5.56,4.79,5.03,4.83,4.53,5.14,1.59,23.0,5.08,5.08,11.23,4.39,4.18,11.42,5.44
2-Deoxy-Glucitol-6-Phosphate,5.01,6.03,4.15,4.38,4.8,5.02,5.1,3.96,5.09,5.27,13.4,6.13,5.11,11.16,4.92,4.2,11.33,5.09
2-Deoxy-Glucose-6-Phosphate,5.23,2.03,4.24,3.5,4.65,5.02,4.19,4.65,5.27,3.27,12.73,3.69,5.05,11.49,4.72,4.57,11.22,5.14
2-Ethoxyethanol,4.76,3.13,3.68,3.19,4.4,5.09,4.07,3.74,5.08,2.84,9.9,3.71,5.03,10.26,4.3,3.81,11.57,5.05
"2-HYDROXY-3,5-DIIODOBENZOICACID",4.89,6.45,4.13,4.21,4.99,4.94,5.91,4.21,5.07,8.44,10.55,5.33,5.06,11.85,5.59,4.29,11.58,5.07
2-HYDROXY-5-(2-MERCAPTO-ETHYLSULFAMOYL)-BENZOICACID,5.07,4.74,3.87,3.79,4.92,4.96,4.32,3.98,5.08,4.11,11.99,4.73,5.04,11.62,5.18,4.22,11.59,5.56
"2-HYDROXYMETHYL-6-OCTYLSULFANYL-TETRAHYDRO-PYRAN-3,4,5-TRIOL",5.21,5.6,4.51,4.4,4.85,5.19,5.41,3.09,5.2,16.53,15.86,5.05,5.08,11.53,4.05,3.74,10.69,5.14
"2-Hexyloxy-6-Hydroxymethyl-Tetrahydro-Pyran-3,4,5-Triol",5.15,5.63,7.51,6.43,4.5,5.08,4.16,3.49,5.08,2.34,15.83,4.77,5.05,10.53,3.11,3.68,10.52,5.05
"2-Hexyloxy-6-Hydroxymethyl-Tetrahydro-Pyran-3,5-Diol",5.18,13.35,7.65,6.46,4.91,5.04,6.4,3.87,5.08,2.72,11.05,5.57,5.08,11.22,3.68,3.98,10.81,5.1
2-HydroxyethylDisulfide,4.76,7.94,4.25,5.05,4.25,5.09,4.34,4.31,5.12,6.64,16.28,3.55,5.04,10.18,3.91,4.36,11.11,5.09
"2-MERCAPTO-N-[1,2,3,10-TETRAMETHOXY-9-OXO-5,6,7,9-TETRAHYDRO-BENZO[A]HEPTALEN-7-YL]ACETAMIDE",5.55,4.98,5.83,6.61,5.03,4.87,5.9,4.68,5.08,3.8,11.04,5.53,5.04,11.56,5.78,4.76,11.14,5.1
"2-METHYL-2-(4-{[({4-METHYL-2-[4-(TRIFLUOROMETHYL)PHENYL]-1,3-THIAZOL-5-YL}CARBONYL)AMINO]METHYL}PHENOXY)PROPANOICACID",5.24,4.83,6.52,7.12,5.74,4.81,7.11,4.5,5.06,4.16,10.36,5.52,5.39,11.58,4.82,4.83,11.3,5.05
2-Methoxy-6-{(E)-[(4-methylphenyl)imino]methyl}phenol,4.88,6.47,5.53,6.01,4.89,4.92,6.24,3.76,5.07,6.27,11.4,4.69,5.05,11.89,6.61,4.33,11.51,5.14
2-Methoxyestradiol,5.29,12.51,8.61,8.48,5.65,4.97,7.26,4.75,5.15,17.09,10.52,6.03,5.14,11.48,5.3,4.71,11.16,5.36
2-Methyl-2-Propanol,4.76,12.36,3.83,4.31,4.41,5.09,3.73,4.22,5.09,3.35,11.94,4.31,5.04,10.09,4.07,4.34,11.32,5.15
2-Methyl-3-(2-Aminothiazolo)Propanal,4.98,7.13,4.77,5.0,5.04,4.99,7.01,4.4,5.03,6.33,14.13,4.51,5.27,11.23,4.19,4.66,11.48,5.09
2-Nonyl-4-quinolinol1-oxide,5.1,6.36,6.12,5.94,5.28,5.05,6.23,4.22,5.1,6.12,14.12,4.84,5.04,11.78,4.99,4.63,10.99,5.08
2-OXOHEPTYLPHOSPHONICACID,5.26,2.75,5.49,4.48,4.55,5.06,4.65,4.59,5.15,4.17,11.68,4.29,5.09,10.83,5.49,4.46,11.38,5.17
2-PHENYL-4H-BENZO[H]CHROMEN-4-ONE,5.02,5.11,5.86,5.41,4.9,5.81,6.91,4.59,5.02,5.05,14.24,6.18,5.05,11.64,4.18,4.69,11.67,5.15
"2-Phenyl-1-[4-(2-Piperidin-1-Yl-Ethoxy)-Phenyl]-1,2,3,4-Tetrahydro-Isoquinolin-6-Ol",5.3,3.42,5.48,5.59,5.84,5.48,7.08,5.94,5.08,3.12,13.76,7.28,5.06,11.68,7.11,5.15,11.62,5.13
2-Pyridinethiol,4.76,7.21,3.73,3.32,4.54,5.04,3.6,4.27,5.06,5.78,4.47,5.03,5.04,10.55,3.66,4.08,11.62,5.06
2-Thiomethyl-3-PhenylpropanoicAcid,5.04,6.89,7.26,6.85,4.61,5.1,6.09,7.29,5.11,3.66,15.32,4.57,5.07,11.32,6.06,6.23,11.3,5.96
"2-[(1S)-1-BENZYL-2-SULFANYLETHYL]-1H-IMIDAZO[4,5-C]PYRIDIN-5-IUM",5.25,6.25,4.83,4.89,5.0,5.29,6.0,5.41,5.1,6.76,21.2,7.33,5.03,11.84,3.73,5.74,11.57,5.11
"2-[(2',3',4'-TRIFLUOROBIPHENYL-2-YL)OXY]ETHANOL",5.2,6.72,3.43,5.24,5.31,4.92,5.27,4.51,5.17,2.63,11.24,6.8,5.09,10.47,3.84,4.04,11.33,5.14
"2-[(2,4-DICHLOROBENZOYL)AMINO]-5-(PYRIMIDIN-2-YLOXY)BENZOICACID",5.3,2.68,4.16,4.11,5.19,5.02,6.07,4.46,5.05,4.28,16.46,5.95,5.17,11.25,5.0,4.4,11.27,5.06
"2-[(2-chloro-4-iodophenyl)amino]-N-{[(2R)-2,3-dihydroxypropyl]oxy}-3,4-difluorobenzamide",5.47,4.7,4.92,4.94,5.71,6.03,5.14,6.5,5.08,2.12,11.63,7.34,5.0,11.12,4.99,6.44,11.21,5.01
"2-[(2-methoxyethyl)amino]-4-(4-oxo-1,2,3,4-tetrahydro-9H-carbazol-9-yl)benzamide",5.17,5.14,4.44,4.38,5.89,4.9,5.95,4.73,5.09,10.77,11.78,6.45,5.55,11.61,4.45,4.97,11.42,5.07
2-[(3-Hydroxy-2-Methyl-5-Phosphonooxymethyl-Pyridin-4-Ylmethyl)-Imino]-5-Phosphono-Pent-3-EnoicAcid,5.33,15.1,4.59,4.6,4.75,5.02,6.09,4.35,5.07,16.81,25.49,3.1,5.09,12.21,5.13,4.38,11.58,5.09
"2-[(4-ETHYNYL-2-FLUOROPHENYL)AMINO]-3,4-DIFLUORO-N-(2-HYDROXYETHOXY)BENZAMIDE",5.3,10.2,4.87,4.89,5.16,5.88,5.85,5.29,5.08,5.8,19.68,5.27,5.0,10.47,6.83,5.29,11.57,5.04
"2-[(5,6-DIPHENYLFURO[2,3-D]PYRIMIDIN-4-YL)AMINO]ETHANOL",5.06,6.15,5.89,5.59,5.21,5.6,5.88,4.23,5.07,5.89,11.09,6.02,5.04,10.95,5.01,4.23,10.79,5.1
2-[(5-hex-1-yn-1-ylfuran-2-yl)carbonyl]-N-methylhydrazinecarbothioamide,4.9,3.03,5.03,4.51,5.47,4.98,4.21,4.42,5.06,2.67,10.45,4.81,5.03,11.65,5.35,4.23,11.6,5.04
2-[(7-HYDROXY-NAPHTHALEN-1-YL)-OXALYL-AMINO]-BENZOICACID,5.24,4.52,4.87,5.23,4.72,5.79,5.01,6.43,5.05,5.17,11.55,5.93,5.9,11.64,4.54,4.4,11.68,5.07
2-[(Formyl-Hydroxy-Amino)-Methyl]-HeptanoicAcid[1-(2-Hydroxymethyl-Pyrrolidine-1-Carbonyl)-2-Methyl-Propyl]-Amide,6.62,2.52,5.92,4.57,5.74,4.93,5.4,6.52,5.09,5.74,9.17,5.35,5.07,11.62,4.41,5.28,10.69,5.15
"2-[({2-[(1Z)-3-(DIMETHYLAMINO)PROP-1-ENYL]-4-FLUOROPHENYL}SULFONYL)AMINO]-5,6,7,8-TETRAHYDRONAPHTHALENE-1-CARBOXYLICACID",5.3,5.32,5.36,5.49,5.38,5.17,6.6,5.27,5.06,5.98,4.57,6.16,5.39,11.6,4.93,5.71,11.55,5.72
2-[1-(4-chlorobenzoyl)-5-methoxy-2-methyl-1H-indol-3-yl]-n-[(1R)-1-(hydroxymethyl)propyl]acetamide,5.03,3.71,5.5,4.86,5.19,4.83,6.37,5.03,5.11,9.43,11.27,6.09,5.02,11.39,5.0,4.6,11.35,5.21
2-[1-(4-chlorobenzoyl)-5-methoxy-2-methyl-1H-indol-3-yl]-n-[(1S)-1-(hydroxymethyl)propyl]acetamide,5.22,6.34,5.5,4.86,5.19,4.84,6.1,5.03,5.11,5.65,12.48,6.36,5.02,11.39,5.0,4.6,11.35,5.21
"2-[2-(1,3-Dioxo-1,3-Dihydro-2h-Isoindol-2-Yl)Ethyl]-4-(4'-Ethoxy-1,1'-Biphenyl-4-Yl)-4-OxobutanoicAcid",5.25,6.03,6.24,5.88,5.96,5.54,6.1,4.57,5.36,5.54,14.0,5.92,5.06,10.48,5.89,4.46,10.89,6.09
2-[2-(2-Cyclohexyl-2-Guanidino-Acetylamino)-Acetylamino]-N-(3-Mercapto-Propyl)-Propionamide,5.26,7.81,4.81,4.61,5.25,4.87,5.73,4.61,5.07,3.55,27.82,6.16,5.04,10.88,5.8,4.68,11.29,5.11
"2-[2-(2-FLUOROPHENYL)PYRIDIN-4-YL]-1,5,6,7-TETRAHYDRO-4H-PYRROLO[3,2-C]PYRIDIN-4-ONE",5.15,5.49,5.2,5.27,5.64,5.21,6.02,4.38,5.07,5.08,8.94,8.21,5.04,11.76,7.78,4.34,11.52,5.11
2-[2-(4-Chloro-Phenylsulfanyl)-Acetylamino]-3-(4-Guanidino-Phenyl)-Propionamide,5.19,3.01,6.64,7.06,5.22,4.87,6.57,4.54,5.07,2.82,10.49,6.59,5.08,11.84,6.48,5.03,11.33,5.05
2-[2-ETHANESULFONYLAMINO-3-(1H-INDOL-3-YL)-PROPIONYLAMINO]-PENTANEDIOICACID5-AMIDE1-(4-CARBAMIMIDOYL-BENZYLAMIDE),5.28,3.02,5.23,5.53,5.34,4.88,6.85,4.34,5.08,21.82,8.61,6.09,5.03,11.84,5.06,4.4,11.61,5.11
2-[2-ETHANESULFONYLAMINO-3-(5-PROPOXY-1H-INDOL-3-YL)-PROPIONYLAMINO]-PENTANEDIOICACID5-AMIDE1-(4-CARBAMIMIDOYL-BENZYLAMIDE),5.67,3.54,4.41,4.94,5.64,4.85,7.42,4.49,5.09,3.32,11.59,5.58,5.11,11.7,4.77,4.58,11.58,5.09
"2-[3,4-Dihydroxy-2-Hydroxymethyl-5-(2-Hydroxy-Nonyl)-Tetrahydro-Furan-2-Yloxy]-6-Hydroxymethyl-TetraHydro-Pyran-3,4,5-Triol",5.07,6.01,4.73,5.33,4.63,4.97,5.33,3.76,5.51,4.66,10.91,4.81,5.05,10.62,5.05,3.91,10.5,5.71
"2-[3-(2-Hydroxy-1,1-Dihydroxymethyl-Ethylamino)-Propylamino]-2-Hydroxymethyl-Propane-1,3-Diol",4.8,13.18,3.54,4.11,4.35,5.04,3.92,4.18,5.08,5.37,11.57,3.41,5.06,10.64,5.21,4.45,11.22,5.08
"2-[3-(5-Mercapto-[1,3,4]thiadiazol-2-yl)-ureido]-N-methyl-3-phenyl-propionamide",5.21,5.76,4.05,4.18,5.01,4.99,5.12,4.24,5.09,5.65,12.35,4.79,5.03,11.33,4.28,4.19,11.54,5.08
"2-[3-(5-Mercapto-[1,3,4]thiadiazol-2yl)-ureido]-N-methyl-3-pentafluorophenyl-propionamide",5.46,3.25,4.22,3.91,5.33,4.93,5.06,4.61,5.04,5.92,12.66,7.44,5.11,11.41,6.48,4.16,11.5,5.04
2-[3-({Methyl[1-(2-Naphthoyl)Piperidin-4-Yl]Amino}Carbonyl)-2-Naphthyl]-1-(1-Naphthyl)-2-OxoethylphosphonicAcid,5.07,3.28,4.36,4.88,5.44,6.05,6.89,4.27,5.1,3.12,10.65,7.72,5.01,10.57,6.02,4.43,11.47,5.56
"2-[3-chloro-6-[2,2-difluoro-2-(1-oxidopyridin-1-ium-2-yl)ethyl]imino-1-hydroxypyridin-2-yl]-N-[(1R)-1-(3-chlorophenyl)ethyl]acetamide",5.32,10.15,4.2,5.33,5.4,5.3,6.23,4.43,5.07,2.76,8.23,7.09,5.04,11.77,6.26,5.04,11.56,5.1
"2-[4-(2,4-Dichlorophenoxy)Phenoxy]PropanoicAcid",5.12,9.74,8.18,7.67,5.18,4.87,7.95,4.62,5.06,18.43,5.53,5.54,5.56,11.27,5.71,4.37,11.34,5.09
2-[4-(3-METHYL-1H-PYRAZOL-4-YL)PHENYL]ETHANAMINE,4.95,3.2,3.78,4.72,4.74,5.45,5.63,4.68,5.08,4.25,10.82,5.17,5.05,11.45,3.59,4.92,11.5,5.03
"2-[4-(4-Chlorophenyl)Cyclohexylidene]-3,4-Dihydroxy-1(2h)-Naphthalenone",5.1,3.84,5.84,5.98,5.13,5.68,6.81,4.1,5.1,3.82,11.86,6.29,5.06,11.97,5.43,4.6,11.12,5.82
"2-[4-(4-Hydroxy-3-Isopropyl-Phenoxy)-3,5-Dimethyl-Phenyl]-2h-[1,2,4]Triazine-3,5-Dione",5.27,5.69,6.87,5.24,5.47,4.88,5.97,6.38,5.1,5.49,16.23,5.55,5.16,10.92,6.0,5.29,11.61,5.82
"2-[4-(DIMETHYLAMINO)PHENYL]-6-HYDROXY-3-METHYL-1,3-BENZOTHIAZOL-3-IUM",5.33,3.91,3.54,4.16,4.91,4.85,6.55,4.57,5.06,6.05,13.93,6.69,5.04,10.76,4.24,4.83,11.68,5.09
"2-[4-({[(3,5-DICHLOROPHENYL)AMINO]CARBONYL}AMINO)PHENOXY]-2-METHYLPROPANOICACID",5.33,7.03,4.6,4.4,4.96,4.9,5.18,4.3,5.07,4.55,16.03,6.24,5.25,11.62,4.2,4.64,11.45,5.08
2-[4-[(Z)-2-Acetamido-3-oxo-3-[[(3S)-2-oxo-1-[(4-phenylphenyl)methyl]azepan-3-yl]amino]prop-1-enyl]-2-formylphenyl]aceticacid,6.15,2.17,4.87,5.89,5.58,4.84,6.02,4.4,5.1,4.13,12.74,5.86,5.03,11.36,6.01,4.51,11.57,5.13
"2-[4-[4-[(5-cyclopropyl-1H-pyrazol-3-yl)amino]quinazolin-2-yl]iminocyclohexa-2,5-dien-1-yl]acetonitrile",5.49,5.37,5.91,7.19,5.14,4.9,5.96,6.44,5.23,4.76,12.52,6.89,5.03,12.28,5.31,5.8,11.72,5.54
"2-[5,6-BIS-(4-METHOXY-PHENYL)-FURO[2,3-D]PYRIMIDIN-4-YLAMINO]-ETHANOL",5.09,2.45,5.59,5.37,5.25,4.85,4.91,4.36,5.08,3.55,11.5,6.83,5.05,10.68,5.35,4.12,10.93,5.04
"2-[5-Methanesulfonylamino-2-(4-Aminophenyl)-6-Oxo-1,6-Dihydro-1-Pyrimidinyl]-N-(3,3,3-Trifluoro-1-Isopropyl-2-Oxopropyl)Acetamide",5.35,8.0,5.75,6.21,5.44,5.44,5.12,4.52,5.07,5.08,12.17,6.42,5.04,11.54,4.45,4.76,11.39,5.07
2-[METHYL-(5-GERANYL-4-METHYL-PENT-3-ENYL)-AMINO]-ETHYL-DIPHOSPHATE,4.9,4.75,4.18,4.96,4.35,4.85,6.81,4.61,5.06,8.6,12.46,6.53,5.05,11.25,4.28,4.99,11.52,5.14
2-[N'-(4-AMINO-BUTYL)-HYDRAZINOCARBONYL]-PYRROLIDINE-1-CARBOXYLICACIDBENZYLESTER,5.28,2.59,3.49,4.39,4.82,5.61,6.03,4.37,5.07,4.05,11.16,4.42,5.05,11.59,3.8,4.3,11.55,5.09
2-[Trans-(4-Aminocyclohexyl)Amino]-6-(Benzyl-Amino)-9-Cyclopentylpurine,5.67,5.65,5.3,6.64,5.09,4.97,7.26,4.89,5.08,5.78,15.66,5.36,5.04,11.93,5.01,4.66,11.74,5.11
2-[{4-[(2S)-2-{[(Allyloxy)carbonyl]amino}-3-({4-[3-hydroxy-2-(methoxycarbonyl)phenoxy]butyl}amino)-3-oxopropyl]phenyl}(carboxycarbonyl)amino]benzoicacid,5.37,2.77,5.77,5.23,4.84,5.4,5.05,4.6,5.08,3.34,11.67,6.68,5.83,11.71,5.85,6.0,11.08,5.19
2-acetylamino-2-deoxy-b-D-allopyranose,4.97,7.11,2.68,2.64,5.07,5.15,3.69,3.42,5.62,2.98,17.54,4.71,5.06,10.76,3.46,3.79,10.75,5.86
"2-amino-4-[2,4-dichloro-5-(2-pyrrolidin-1-ylethoxy)phenyl]-N-ethylthieno[2,3-d]pyrimidine-6-carboxamide",5.39,3.06,5.65,5.74,5.5,4.99,4.3,5.35,5.34,3.35,11.67,6.05,5.05,11.43,6.15,4.64,11.49,5.3
"2-amino-5-[3-(1-ethyl-1H-pyrazol-5-yl)-1H-pyrrolo[2,3-b]pyridin-5-yl]-N,N-dimethylbenzamide",5.19,2.53,5.85,6.62,5.55,4.95,7.05,5.15,5.07,4.34,11.46,6.81,5.04,12.16,5.46,4.94,11.63,5.2
2-amino-6-[2-(1H-indol-6-yl)ethyl]pyrimidin-4(3H)-one,5.14,8.94,3.2,4.07,5.07,4.95,5.71,3.9,5.07,4.46,14.51,6.37,5.04,11.28,4.41,3.85,11.27,5.07
"2-amino-N-(4-methyl-1,3-thiazol-2-yl)-5-[(4-methyl-4H-1,2,4-triazol-3-yl)sulfanyl]benzamide",5.07,6.36,4.57,4.67,4.98,4.93,5.33,4.61,5.03,3.92,11.12,5.98,5.12,11.66,4.88,4.62,11.55,5.05
2-butyl-1-hydroxyguanidine,4.76,11.85,3.82,4.02,4.8,5.05,4.7,4.66,5.08,10.77,11.51,3.75,5.04,10.64,3.82,4.77,11.28,5.05
"2-chloro-4-{[(1R,3Z,7S,7aS)-7-hydroxy-1-(trifluoromethyl)tetrahydro-1H-pyrrolo[1,2-c][1,3]oxazol-3-ylidene]amino}-3-methylbenzonitrile",5.52,6.68,5.06,4.22,6.1,4.85,5.35,5.78,5.37,8.23,12.92,6.48,5.04,11.69,5.93,5.28,11.15,5.47
2-chloro-5-[(1S)-1-hydroxy-3-oxo-2H-isoindol-1-yl]benzenesulfonamide,5.53,6.46,6.58,4.86,4.77,6.08,6.24,4.98,5.14,5.66,12.19,7.53,5.1,10.73,6.84,5.1,11.63,5.89
2-chloro-5-nitro-N-phenylbenzamide,5.12,2.97,4.43,4.36,4.69,6.25,5.2,4.34,5.08,3.02,11.91,5.66,5.1,11.64,4.09,4.48,11.05,5.37
"2-deoxy-2,3-dehydro-N-acetylneuraminicacid",5.2,13.07,4.87,4.76,5.26,4.98,4.88,4.29,5.16,5.68,15.32,4.28,5.43,11.82,4.11,4.49,10.85,5.13
2-deoxy-2-fluoro-alpha-D-mannosylfluoride,4.92,4.67,3.44,3.7,4.62,4.95,5.1,3.46,5.4,9.94,10.24,5.48,5.07,10.24,3.71,3.81,10.79,5.31
2-deoxy-2-fluoro-α-D-glucose,5.07,6.95,3.4,2.99,4.51,5.05,4.64,3.67,5.6,4.55,15.16,5.02,5.05,10.85,3.23,4.0,10.55,5.74
2-deoxyglucose,4.91,4.3,3.48,5.26,4.38,5.01,4.36,3.96,5.1,2.27,11.04,3.57,5.09,10.49,4.92,4.28,11.48,5.19
2-fluoro-4-[4-(4-fluorophenyl)-1H-pyrazol-3-yl]pyridine,5.08,6.14,4.59,4.83,5.08,4.83,5.35,4.31,5.07,4.67,13.13,6.4,5.16,11.43,5.09,4.63,11.44,5.13
"2-fluoro-6-{[2-({2-methoxy-4-[(methylsulfonyl)methyl]phenyl}amino)-7H-pyrrolo[2,3-d]pyrimidin-4-yl]amino}benzamide",5.59,5.0,5.13,5.98,6.01,5.07,6.75,6.33,5.06,8.41,11.34,6.49,5.23,11.99,6.11,5.87,11.63,5.21
2-mercaptobenzothiazole,4.94,4.7,5.32,5.52,4.61,5.08,5.28,4.3,5.46,8.8,11.23,4.41,5.12,11.46,3.67,4.39,11.61,5.36
"2-methyl-3,5,7,8-tetrahydro-4H-thiopyrano[4,3-d]pyrimidin-4-one",5.11,6.09,4.5,5.38,4.99,5.06,5.68,4.96,5.2,6.11,16.98,4.27,5.05,11.49,5.04,4.32,11.58,5.16
2-phospho-D-glycericacid,4.81,7.36,3.35,5.03,4.36,5.1,5.17,3.53,5.11,8.71,10.85,4.46,5.1,10.56,5.78,3.9,10.92,5.22
"2-{2-[(3,5-dimethylphenyl)amino]pyrimidin-4-yl}-N-[(1S)-2-hydroxy-1-methylethyl]-4-methyl-1,3-thiazole-5-carboxamide",5.5,2.85,5.75,6.9,5.47,5.29,7.3,7.12,5.06,3.57,12.1,6.69,5.17,12.02,6.72,5.32,11.66,5.04
"2-{2-hydroxy-[1,1'-biphenyl]-3-yl}-1H-1,3-benzodiazole-5-carboximidamide",5.37,4.35,3.74,4.33,5.12,5.11,6.12,4.29,5.05,7.6,8.38,6.66,5.03,11.6,5.22,4.66,11.3,5.08
"2-{3-[(2S)-4,4-difluoro-2-(pyrrolidin-1-ylcarbonyl)pyrrolidin-1-yl]-3-oxopropyl}-isoindole-1,3(2H)-dione",6.16,4.72,6.53,5.28,6.14,5.1,3.7,4.95,5.19,7.0,11.04,6.17,5.03,10.91,6.1,5.89,11.46,5.8
"2-{3-[4-(4-Fluorophenyl)-3,6-Dihydro-1(2h)-Pyridinyl]Propyl}-8-Methyl-4(3h)-Quinazolinone",5.24,8.48,5.28,4.78,5.54,4.84,5.72,5.9,5.17,5.39,10.34,6.36,5.04,10.84,6.42,4.92,11.51,5.59
"2-{4-[(4-imidazo[1,2-a]pyridin-3-ylpyrimidin-2-yl)amino]piperidin-1-yl}-N-methylacetamide",5.63,7.21,5.1,5.15,5.88,4.88,5.9,4.81,5.06,7.4,13.03,5.17,5.05,11.91,6.82,4.69,11.42,5.09
2-{4-[4-(4-Chloro-Phenoxy)-Benzenesulfonyl]-Tetrahydro-Pyran-4-Yl}-N-Hydroxy-Acetamide,5.87,6.67,5.76,3.99,6.27,6.66,7.9,7.57,5.07,4.9,14.69,6.67,5.96,10.89,4.42,5.53,11.42,5.29
2-{4-[4-({4-[2-methyl-1-(1-methylethyl)-1H-imidazol-5-yl]pyrimidin-2-yl}amino)phenyl]piperazin-1-yl}-2-oxoethanol,5.75,2.49,6.49,7.02,6.54,4.89,7.04,7.45,5.08,5.81,12.03,4.94,5.14,11.72,5.55,6.21,11.76,5.24
2-{4-[5-(4-chlorophenyl)-4-pyrimidin-4-yl-1H-pyrazol-3-yl]piperidin-1-yl}-2-oxoethanol,5.26,3.33,6.4,6.44,5.55,5.39,5.09,6.82,5.08,4.45,16.33,7.46,5.04,11.52,4.02,5.0,11.35,5.19
2-{5-[3-(6-BENZOYL-1-PROPYLNAPHTHALEN-2-YLOXY)PROPOXY]INDOL-1-YL}ETHANOICACID,5.32,2.95,5.35,5.56,4.95,6.06,6.58,4.73,5.07,2.84,10.5,6.83,5.55,11.66,5.17,4.31,11.2,5.16
2-{5-[3-(7-PROPYL-3-TRIFLUOROMETHYLBENZO[D]ISOXAZOL-6-YLOXY)PROPOXY]INDOL-1-YL}ETHANOICACID,5.9,3.37,6.73,6.02,5.74,4.86,6.31,5.7,5.08,3.54,11.57,6.16,5.2,11.66,5.72,4.44,11.41,5.08
"2-{[(1R,2S)-2-aminocyclohexyl]amino}-4-[(3-methylphenyl)amino]pyrimidine-5-carboxamide",5.43,6.08,6.68,6.63,5.7,4.95,7.14,6.29,5.07,5.43,11.04,6.27,6.31,12.28,6.94,5.18,11.87,5.2
"2-{[(6-OXO-1,6-DIHYDROPYRIDIN-3-YL)METHYL]AMINO}-N-[4-PROPYL-3-(TRIFLUOROMETHYL)PHENYL]BENZAMIDE",5.36,5.85,6.08,6.65,5.13,4.92,5.07,5.42,5.05,6.63,14.23,5.88,5.07,11.37,5.15,5.32,11.03,5.07
2-{[4-(4-pyridin-4-yl-1H-pyrazol-3-yl)phenoxy]methyl}quinoline,5.11,6.3,4.39,4.33,5.45,5.04,7.17,4.87,5.07,10.27,11.58,6.76,5.04,10.72,5.83,4.96,11.61,5.08
2-{[Formyl(Hydroxy)Amino]Methyl}-4-MethylpentanoicAcid,5.11,3.28,5.18,5.92,4.64,5.12,5.56,6.68,5.11,6.78,12.59,4.45,5.18,11.83,4.33,6.14,10.82,5.51
2H-Benzimidazol-2-amine,4.85,11.78,3.65,3.45,4.4,5.07,4.41,4.09,5.09,11.0,12.13,4.72,5.09,11.62,5.96,4.14,11.73,5.11
"2s,4r-4-Methylglutamate",5.07,7.68,3.56,3.93,4.45,5.05,5.03,4.36,5.08,20.87,15.14,4.52,5.15,10.49,5.27,4.62,10.95,5.1
"3''-(Beta-Chloroethyl)-2'',4''-Dioxo-3,5''-Spiro-Oxazolidino-4-Deacetoxy-Vinblastine",5.54,2.56,5.92,5.15,5.5,4.83,8.06,4.69,5.1,3.49,11.16,6.3,5.04,11.96,6.78,5.03,11.6,5.7
3'-Azido-3'-Deoxythymidine-5'-Diphosphate,5.18,2.11,4.45,5.06,5.28,4.87,5.28,5.27,5.14,3.39,11.13,6.07,5.05,11.81,4.84,4.47,11.21,5.32
3'-Deoxy3'-AminoAdenosine-5'-Diphosphate,5.12,9.55,4.9,5.27,5.39,4.91,5.28,5.06,5.08,2.29,8.21,6.32,5.12,11.77,5.16,4.29,11.16,5.08
3'-Oxo-Adenosine,5.18,7.25,4.3,4.55,5.0,5.26,4.82,4.68,5.08,8.2,10.99,5.67,5.04,10.83,4.52,3.94,11.56,5.08
3'-Phosphate-Adenosine-5'-Diphosphate,5.15,6.31,4.93,5.32,5.23,4.95,5.39,4.83,5.07,4.89,11.45,6.43,5.05,11.66,5.25,4.38,10.87,5.1
3'-Phosphate-Adenosine-5'-PhosphateSulfate,5.08,4.07,5.1,5.19,5.17,5.01,6.2,4.79,5.08,7.21,11.48,5.56,5.06,11.49,5.23,4.37,11.05,5.13
3'-THIO-THYMIDINE-5'-PHOSPHATE,5.57,11.84,5.04,4.67,5.26,5.08,5.36,5.48,5.35,4.83,21.72,5.51,5.11,10.8,4.3,4.87,11.19,5.57
3'-Uridinemonophosphate,5.28,8.67,4.19,4.48,5.01,5.03,5.74,4.02,5.11,14.65,14.09,4.28,5.1,10.64,5.21,4.08,11.15,5.23
3'-deoxy-3'-aminothymidinemonophosphate,5.45,2.65,4.9,4.72,5.16,5.0,6.87,5.06,5.15,5.17,12.28,4.32,5.37,10.74,4.96,4.63,11.52,5.51
3'-deoxyguanosine,5.18,11.85,5.01,4.85,4.49,4.86,3.82,4.26,5.46,10.49,11.48,4.88,5.04,10.45,4.82,4.15,11.73,5.14
"3,4-DIHYDRO-4-OXO-3-((5-TRIFLUOROMETHYL-2-BENZOTHIAZOLYL)METHYL)-1-PHTHALAZINEACETICACID",5.4,5.34,4.73,5.31,5.36,4.82,6.12,5.25,5.06,5.12,12.34,5.18,5.05,11.42,6.7,5.27,11.58,5.11
"3,4-Dihydro-2h-Pyrrolium-5-Carboxylate",4.84,14.28,6.04,5.71,4.71,5.11,5.58,4.15,5.09,7.42,9.99,4.66,5.08,10.61,5.49,4.28,10.75,5.29
"3,4-Dihydro-5-Methyl-Isoquinolinone",4.89,6.33,3.87,4.77,5.0,5.08,4.56,3.98,5.09,4.86,11.19,4.61,5.04,11.02,6.09,4.58,11.32,5.14
"3,4-Dihydroxy-1-Methylquinolin-2(1h)-One",4.88,3.04,4.69,4.43,4.59,5.08,4.21,4.38,5.28,3.19,13.05,4.71,5.37,11.58,4.55,4.07,11.64,5.3
"3,4-DihydroxycinnamicAcid",4.89,6.24,3.34,3.38,4.7,5.01,4.82,4.61,5.43,9.88,1.92,4.05,5.07,11.54,5.08,4.66,11.62,5.97
"3,5,3',5'-Tetrachloro-Biphenyl-4,4'-Diol",5.25,8.58,4.86,4.17,5.61,5.32,5.65,4.51,5.07,3.56,7.06,6.35,5.11,11.52,3.79,4.6,11.46,5.1
"3,5-Diiodotyrosine",5.14,9.46,3.77,5.8,5.71,5.04,6.33,4.13,5.09,3.03,13.03,6.51,5.02,10.8,4.09,4.17,10.77,5.11
"3,5-Dimethyl-1h-Pyrazole-4-CarboxylicAcidEthylEster",4.88,3.41,4.81,4.42,4.47,4.95,4.3,4.24,5.41,5.46,17.08,4.13,5.04,10.62,3.96,4.04,11.54,6.11
"3,5-Dinitrocatechol",4.77,3.76,3.54,3.76,4.63,4.97,3.71,4.89,5.05,2.78,11.56,4.43,5.08,11.61,5.05,4.67,11.28,5.13
"3,5-diiodothyropropionicacid",4.95,4.61,5.53,4.25,6.25,4.87,6.87,4.52,5.09,2.84,10.73,6.21,5.06,11.58,7.39,4.6,10.94,5.21
"3,6,9,12,15-PENTAOXAHEPTADECAN-1-OL",4.78,5.98,3.66,3.53,4.57,5.01,4.2,4.06,5.08,6.2,24.56,3.37,5.03,10.21,3.63,3.77,11.49,5.06
"3,6,9,12,15-PENTAOXATRICOSAN-1-OL",4.82,3.14,5.5,5.36,4.33,5.01,5.22,3.82,5.08,5.16,12.96,3.66,5.04,10.43,3.89,3.85,11.12,5.04
"3,6-DIAMINO-5-CYANO-4-(4-ETHOXYPHENYL)THIENO[2,3-B]PYRIDINE-2-CARBOXAMIDE",5.28,3.34,5.57,5.87,4.82,4.95,4.97,4.42,5.41,5.04,15.65,6.95,5.1,11.68,5.92,4.08,11.17,5.12
"3,6-dihydroxy-xanthene-9-propionicacid",5.07,7.52,4.93,4.46,5.75,5.03,6.47,4.05,5.06,3.32,14.84,5.15,5.04,11.53,5.51,4.17,11.33,5.15
"3,8,9,10-tetrahydroxy-7-hydroxymethyl-6-oxa-1,3-diaza-spiro[4.5]decane-2,4-dione",4.91,8.24,3.4,4.39,5.29,5.04,3.3,3.61,5.63,2.56,8.21,4.54,5.05,11.61,4.43,4.19,11.3,6.09
"3,8-DIBROMO-7-HYDROXY-4-METHYL-2H-CHROMEN-2-ONE",4.92,4.87,7.56,7.22,4.93,5.09,4.26,4.82,5.05,2.22,11.89,4.87,5.07,12.52,6.16,4.62,11.3,5.14
3-(1H-BENZIMIDAZOL-2-YL)-1H-INDAZOLE,4.98,3.21,3.77,5.0,5.02,5.03,4.86,4.28,5.07,6.73,21.79,5.48,5.03,11.75,5.61,4.4,11.56,5.11
"3-(1H-indol-3-yl)-4-(1-{2-[(2S)-1-methylpyrrolidinyl]ethyl}-1H-indol-3-yl)-1H-pyrrole-2,5-dione",5.52,2.57,6.03,7.06,5.76,5.37,7.37,4.9,5.03,5.37,11.21,6.17,5.03,11.48,5.01,4.57,11.49,5.15
"3-(1H-indol-3-yl)-4-{1-[2-(1-methylpyrrolidin-2-yl)ethyl]-1H-indol-3-yl}-1H-pyrrole-2,5-dione",5.44,7.79,6.03,7.06,5.76,5.31,7.04,4.9,5.03,15.34,8.23,6.19,5.03,11.48,5.01,4.57,11.49,5.15
3-(1h-Indol-3-Yl)-2-[4-(4-Phenyl-Piperidin-1-Yl)-Benzenesulfonylamino]-PropionicAcid,5.42,7.62,4.93,5.17,4.8,6.2,6.34,4.7,5.09,4.28,13.61,5.81,5.23,11.48,4.95,4.56,11.21,5.73
3-(2-AMINOQUINAZOLIN-6-YL)-4-METHYL-N-[3-(TRIFLUOROMETHYL)PHENYL]BENZAMIDE,5.45,6.65,4.98,6.31,5.87,5.65,6.74,7.65,5.03,4.58,14.91,7.29,5.08,11.59,4.96,6.05,11.41,5.04
3-(2-Aminoethyl)-4-(Aminomethyl)HeptanedioicAcid,4.99,3.59,4.54,5.46,4.43,5.01,4.59,4.46,5.1,2.39,4.66,5.28,5.06,11.07,4.49,4.53,10.8,5.07
3-(2-Benzothiazolylthio)-1-PropanesulfonicAcid,5.12,8.41,5.43,5.36,4.94,5.31,5.4,4.62,5.09,2.71,8.63,4.86,5.3,11.57,3.68,4.23,11.71,5.19
"3-(2-CHLOROPHENYL)-1-(2-{[(1S)-2-HYDROXY-1,2-DIMETHYLPROPYL]AMINO}PYRIMIDIN-4-YL)-1-(4-METHOXYPHENYL)UREA",5.45,2.63,6.74,5.94,5.21,5.18,7.31,4.97,5.14,3.28,12.13,5.84,6.26,11.87,5.85,4.66,11.4,5.21
"3-(2-aminoquinazolin-6-yl)-1-(3,3-dimethylindolin-6-yl)-4-methylpyridin-2(1H)-one",5.3,5.11,4.97,5.08,5.87,5.3,6.34,5.23,5.08,9.72,11.35,6.36,5.09,11.92,4.22,4.93,11.54,5.17
3-(2-aminoquinazolin-6-yl)-4-methyl-1-[3-(trifluoromethyl)phenyl]pyridin-2(1H)-one,5.57,5.68,5.08,4.43,5.65,4.85,5.84,4.73,5.18,6.64,12.23,7.47,5.05,11.86,4.91,4.97,11.53,5.09
"3-(3,5-Dibromo-4-Hydroxy-Benzoyl)-2-Ethyl-Benzofuran-6-SulfonicAcid(4-Sulfamoyl-Phenyl)-Amide",5.42,2.52,4.14,5.16,4.85,4.92,7.31,4.57,5.08,5.77,4.79,7.23,5.04,11.46,4.95,4.8,11.46,5.14
"3-(3,5-Dibromo-4-Hydroxy-Benzoyl)-2-Ethyl-Benzofuran-6-SulfonicAcidDimethylamide",5.34,1.57,4.54,5.5,4.73,4.94,6.38,5.06,5.07,5.04,12.01,7.21,5.04,11.47,6.28,4.89,11.44,5.1
"3-(3,5-Dibromo-4-Hydroxy-Benzoyl)-2-Ethyl-Benzofuran-6-SulfonicAcid[4-(Thiazol-2-Ylsulfamoyl)-Phenyl]-Amide",5.32,6.8,4.71,5.96,4.8,4.92,6.64,4.33,5.06,2.29,27.08,7.4,5.04,11.49,4.98,4.49,11.28,5.09
3-(3-FLUORO-4-HYDROXYPHENYL)-7-HYDROXY-1-NAPHTHONITRILE,5.3,4.1,4.94,4.92,5.61,5.07,4.77,5.42,5.14,6.45,4.44,6.89,5.33,11.46,4.71,5.14,11.6,5.06
"3-(3-aminophenyl)-N-(3-chlorophenyl)pyrazolo[1,5-a]pyrimidin-5-amine",5.29,2.01,7.62,7.39,5.3,5.03,7.33,4.11,5.06,4.6,14.6,8.76,5.1,12.33,6.14,4.42,11.5,5.05
"3-(3-methoxybenzyl)-1H-pyrrolo[2,3-b]pyridine",5.18,1.98,3.95,5.85,4.73,5.0,5.47,4.35,5.09,3.63,12.53,6.21,5.05,11.61,5.69,4.42,11.68,5.03
"3-(4-Amino-1-Tert-Butyl-1h-Pyrazolo[3,4-D]Pyrimidin-3-Yl)Phenol",5.12,7.12,5.21,5.12,5.14,5.3,7.24,5.35,5.02,5.45,12.92,4.89,5.04,12.01,5.46,4.66,11.54,5.13
"3-(4-CHLOROPHENYL)-5-(METHYLTHIO)-4H-1,2,4-TRIAZOLE",4.8,3.72,3.86,4.89,4.95,5.42,4.16,4.33,5.09,2.16,11.27,5.15,5.38,11.25,3.86,4.61,11.46,5.06
3-(4-DIETHYLAMINO-2-HYDROXY-PHENYL)-2-METHYL-PROPIONICACID,4.89,6.46,4.98,5.34,4.89,4.89,6.25,4.74,5.21,6.89,11.39,4.56,5.52,11.63,3.99,4.81,11.17,5.77
"3-(4-Fluorophenyl)-1-Hydroxy-2-(Pyridin-4-Yl)-1h-Pyrrolo[3,2-B]Pyridine",5.15,7.69,6.06,6.17,4.78,5.45,5.53,4.4,5.06,5.52,7.14,6.07,5.03,11.55,5.49,4.46,11.32,5.08
3-(4-HYDROXY-PHENYL)PYRUVICACID,4.85,3.05,5.25,4.97,4.53,4.95,4.66,4.1,5.07,3.4,11.65,4.65,5.08,11.85,3.78,4.13,11.63,5.07
"3-(4-HYDROXYPHENYL)-4,5-DIHYDRO-5-ISOXAZOLE-ACETICACIDMETHYLESTER",4.97,7.21,5.78,4.66,4.83,4.96,5.24,4.26,5.03,3.07,15.17,6.6,5.04,11.48,4.39,4.15,10.93,5.19
3-(4-nitrophenyl)-1H-pyrazole,4.94,6.37,4.39,4.63,4.51,5.57,4.8,4.25,5.12,7.62,12.38,4.58,5.04,10.55,4.08,4.21,11.51,5.15
3-(4-{2-[2-(2-bromo-acetylamino)-ethyldisulfanyl]-ethylcarbamoyl}-cyclohexylcarbamoyl)-pyrazine-2-carboxylicacid,5.32,5.46,3.92,4.25,4.94,5.37,6.59,4.2,5.09,4.03,10.0,4.3,5.06,11.63,6.4,4.43,11.28,5.1
3-(5-methoxy-1H-indol-3-yl)propanoicacid,5.09,5.03,5.63,6.61,5.05,5.03,5.21,4.8,5.08,13.46,12.45,4.11,5.07,11.59,4.78,4.49,11.55,5.18
3-(5-{[4-(AMINOMETHYL)PIPERIDIN-1-YL]METHYL}-1H-INDOL-2-YL)-1H-INDAZOLE-6-CARBONITRILE,5.56,11.15,5.98,5.33,5.79,4.97,7.03,6.36,5.08,8.09,4.1,6.68,5.04,11.71,5.78,5.01,11.59,5.13
3-(5-{[4-(AMINOMETHYL)PIPERIDIN-1-YL]METHYL}-1H-INDOL-2-YL)QUINOLIN-2(1H)-ONE,5.42,5.49,5.79,5.62,5.45,4.91,6.1,6.77,5.12,6.78,11.23,6.62,5.05,10.75,5.56,6.19,11.6,5.24
3-(6-CYCLOHEXYLMETHOXY-9H-PURIN-2-YLAMINO)-BENZENESULFONAMIDE,5.37,5.12,4.68,5.99,5.7,6.27,4.8,5.51,5.06,5.55,10.65,5.95,6.0,11.87,6.07,5.43,10.76,5.3
3-(6-HYDROXY-NAPHTHALEN-2-YL)-BENZO[D]ISOOXAZOL-6-OL,5.3,2.66,3.78,5.17,5.58,4.84,5.83,6.03,5.07,3.67,12.16,8.09,5.03,10.44,5.22,5.34,11.44,5.11
"3-(9-HYDROXY-1,3-DIOXO-4-PHENYL-2,3-DIHYDROPYRROLO[3,4-C]CARBAZOL-6(1H)-YL)PROPANOICACID",5.31,7.55,5.2,5.4,5.5,5.74,5.18,4.63,5.28,6.57,9.79,5.93,6.57,11.54,5.37,4.74,12.27,5.52
"3-(CARBOXYMETHOXY)THIENO[2,3-B]PYRIDINE-2-CARBOXYLICACID",4.93,2.83,3.28,3.45,4.63,5.02,5.41,3.5,5.06,2.36,5.07,5.84,5.29,11.66,5.24,4.15,11.37,5.07
3-(HYDROXY-PHENYL-PHOSPHINOYLOXY)-8-METHYL-8-AZA-BICYCLO[3.2.1]OCTANE-2-CARBOXYLICACIDMETHYLESTER,5.21,7.04,6.44,5.46,4.99,6.99,5.96,4.69,5.27,17.74,12.78,6.0,5.04,11.63,5.36,4.45,11.43,6.03
"3-(HYDROXYMETHYL)-1-METHYL-5-(2-METHYLAZIRIDIN-1-YL)-2-PHENYL-1H-INDOLE-4,7-DIONE",5.25,7.93,5.45,6.14,5.24,5.32,7.05,4.31,5.23,6.52,11.56,6.18,5.04,11.63,6.38,4.19,11.68,5.9
3-(INDOL-3-YL)LACTATE,4.99,5.15,4.34,4.06,4.9,5.11,5.22,3.77,5.09,4.63,10.48,5.11,5.04,10.65,4.36,4.01,11.45,5.26
3-(Oxalyl-Amino)-Naphthalene-2-CarboxylicAcid,5.01,4.81,3.74,4.24,4.98,5.34,5.2,4.52,5.06,3.67,8.8,6.42,5.08,11.58,3.69,4.19,11.69,5.18
3-(Prop-2-Ene-1-Sulfinyl)-Propene-1-Thiol,4.76,4.06,4.2,4.59,4.68,5.03,6.01,4.42,5.07,8.94,12.09,4.65,5.04,10.46,4.72,4.53,11.63,5.5
3-({1-[3-CARBAMIMIDOYL-1-(4-CARBAMIMIDOYL-BENZYLCARBAMOYL)-PROPYLCARBAMOYL]-2-METHYL-BUTYLSULFAMOYL}-METHYL)-BENZOICACID,5.59,5.02,6.1,4.66,5.25,4.86,6.8,4.41,5.09,2.13,13.89,5.8,5.09,11.88,5.33,4.53,11.51,5.22
"3-({2-[(2-AMINO-6-METHYLPYRIMIDIN-4-YL)ETHYNYL]BENZYL}AMINO)-1,3-OXAZOL-2(3H)-ONE",5.28,4.83,6.0,5.65,4.94,5.07,5.5,4.57,5.08,9.68,11.93,6.23,5.19,12.66,6.72,4.26,11.34,5.12
3-({2-[(4-{[6-(CYCLOHEXYLMETHOXY)-9H-PURIN-2-YL]AMINO}PHENYL)SULFONYL]ETHYL}AMINO)PROPAN-1-OL,5.43,4.01,4.2,4.01,5.85,6.63,4.99,5.86,5.06,2.21,10.99,5.81,6.07,11.63,6.0,5.13,10.72,5.08
"3-({4-[(5-CHLORO-1,3-BENZODIOXOL-4-YL)AMINO]PYRIMIDIN-2-YL}AMINO)BENZAMIDE",5.27,6.05,6.84,7.49,6.14,5.06,6.18,4.86,5.12,4.53,17.29,5.26,6.56,11.73,7.4,4.77,11.12,5.05
"3-({4-[(5-chloro-1,3-benzodioxol-4-yl)amino]pyrimidin-2-yl}amino)benzenesulfonamide",5.34,6.02,6.94,7.15,6.25,5.64,6.22,5.14,5.16,4.02,10.89,5.72,6.61,11.6,6.36,5.03,10.96,5.49
3-({4-[(6-CHLORO-1-BENZOTHIEN-2-YL)SULFONYL]-2-OXOPIPERAZIN-1-YL}METHYL)BENZENECARBOXIMIDAMIDE,5.48,4.09,5.51,6.22,5.58,5.16,6.33,5.96,5.41,2.67,10.07,5.54,5.04,12.02,5.63,4.85,11.64,5.14
"3-({[(3S)-3,4-dihydroxybutyl]oxy}amino)-1H,2'H-2,3'-biindol-2'-one",5.64,3.6,6.04,5.06,5.21,5.18,5.1,4.02,5.11,6.0,8.79,6.67,5.47,11.29,4.99,4.04,11.41,5.54
"3-({[3,5-DIFLUORO-3'-(TRIFLUOROMETHOXY)BIPHENYL-4-YL]AMINO}CARBONYL)THIOPHENE-2-CARBOXYLICACID",5.6,2.92,5.35,6.09,5.16,4.93,5.73,4.54,5.04,3.15,11.76,6.67,5.33,11.58,5.56,4.41,11.49,5.07
"3-AMINO-3-BENZYL-9-CARBOXAMIDE[4.3.0]BICYCLO-1,6-DIAZANONAN-2-ONE",5.53,5.3,4.86,4.24,5.25,5.11,6.2,4.49,5.24,3.39,10.11,6.15,5.03,11.92,6.61,4.85,11.1,5.97
"3-AMINO-3-BENZYL-[4.3.0]BICYCLO-1,6-DIAZANONAN-2-ONE",5.12,4.97,6.06,5.95,6.04,5.5,6.19,4.07,5.08,7.19,12.53,5.8,5.03,11.77,6.71,4.03,11.43,5.08
3-AMINO-AZACYCLOTRIDECAN-2-ONE,4.89,4.84,3.93,4.92,4.44,5.12,4.03,4.33,5.07,7.06,18.09,5.08,5.19,10.5,4.93,4.2,11.66,5.13
3-Amino-4-Oxybenzyl-2-Butanone,5.07,6.25,4.09,4.25,4.3,5.18,5.01,3.75,5.08,3.27,12.88,3.84,5.05,10.55,4.48,4.15,10.82,5.07
3-BROMO-6-HYDROXY-2-(4-HYDROXYPHENYL)-1H-INDEN-1-ONE,5.42,5.56,4.09,4.55,5.04,4.94,4.26,4.97,5.07,7.75,16.6,5.85,5.04,12.12,4.99,4.53,11.72,5.16
3-Bromo-7-Nitroindazole,5.08,6.38,4.0,3.97,5.03,5.04,5.57,4.65,5.07,3.71,26.77,4.63,5.03,11.93,5.0,4.41,11.71,5.1
"3-CARBOXAMIDO-1,3,5(10)-ESTRATRIEN-17(R)-SPIRO-2'(5',5'-DIMETHYL-6'OXO)TETRAHYDROPYRAN",5.49,6.09,5.52,5.4,5.42,4.86,5.97,4.69,5.46,3.16,10.02,5.47,5.05,11.45,6.73,4.51,11.52,6.04
3-CHLORO-2-(4-HYDROXYPHENYL)-2H-INDAZOL-5-OL,5.22,4.56,4.13,5.14,4.97,4.92,5.94,5.44,5.05,4.99,11.16,5.93,5.36,10.57,4.26,4.43,11.35,5.1
"3-Carbamimidamido-1,1-diphenylurea",5.19,8.24,4.55,4.62,4.59,5.49,6.39,4.29,5.15,6.38,15.1,7.82,5.04,11.34,3.69,4.25,11.47,5.27
"3-Carboxy-N,N,N-Trimethyl-2-(Octanoyloxy)Propan-1-Aminium",5.14,4.92,5.05,6.71,4.63,5.23,5.59,4.38,5.08,6.91,17.67,3.18,5.25,11.28,4.09,4.28,10.99,5.11
"3-Decyl-2,5-Dioxo-4-Hydroxy-3-Pyrroline",5.08,3.79,6.33,5.77,5.05,5.18,4.46,4.11,5.1,7.82,21.01,4.58,5.05,11.68,5.51,4.6,10.78,5.15
3-ETHYL-2-(4-HYDROXYPHENYL)-2H-INDAZOL-5-OL,4.92,8.32,5.19,4.58,4.9,4.9,4.68,4.48,5.08,2.7,12.18,6.67,5.03,12.23,4.2,4.22,12.02,5.09
3-FLUORO-4-HYDROXYBENZALDEHYDEO-(CYCLOHEXYLCARBONYL)OXIME,4.96,9.41,4.37,5.46,4.85,4.99,6.26,4.37,5.08,15.68,25.36,6.11,5.1,11.47,5.88,4.68,10.75,5.17
3-FLUORO-5-MORPHOLIN-4-YL-N-[1-(2-PYRIDIN-4-YLETHYL)-1H-INDOL-6-YL]BENZAMIDE,5.76,7.61,5.31,5.07,5.49,4.89,6.71,4.48,5.04,3.18,8.69,7.27,5.27,11.46,5.39,4.51,11.29,5.05
3-FLUORO-5-MORPHOLIN-4-YL-N-[3-(2-PYRIDIN-4-YLETHYL)-1H-INDOL-5-YL]BENZAMIDE,6.18,41.57,5.47,5.98,6.31,4.86,6.61,4.67,5.05,33.31,13.24,6.24,5.1,11.64,6.06,4.73,11.15,5.07
3-FLUORO-N-[1-(4-FLUOROPHENYL)-3-(2-THIENYL)-1H-PYRAZOL-5-YL]BENZENESULFONAMIDE,5.46,5.49,5.55,4.51,5.12,6.49,5.71,4.67,5.08,8.86,11.69,6.02,5.05,12.11,5.22,4.54,11.57,5.11
3-FORMYL-2-HYDROXY-5-METHYL-HEXANOICACIDHYDROXYAMIDE,5.23,6.3,4.52,4.93,4.85,5.03,4.16,6.06,5.09,3.46,14.62,4.47,5.06,11.52,4.34,6.53,10.92,5.16
"3-Fluoro-4-{[(2R)-2-hydroxy-2-(5,5,8,8-tetramethyl-5,6,7,8-tetrahydro-2-naphthalenyl)acetyl]amino}benzoicacid",5.51,8.11,5.41,5.55,6.02,4.86,6.41,4.37,5.08,9.68,15.27,5.09,5.1,11.53,5.74,4.9,11.61,5.39
3-Fluoro-L-tyrosine,4.91,3.49,4.08,5.58,5.4,4.91,5.0,4.22,5.09,6.89,13.01,4.95,5.08,11.24,4.3,4.41,10.7,5.15
3-Hydroxy-MyristicAcid,4.96,6.94,3.95,4.41,4.37,5.13,4.56,3.77,5.09,5.24,22.61,3.98,5.05,10.5,5.85,4.09,11.11,5.13
3-Hydroxybutyryl-CoenzymeA,5.34,3.49,5.32,5.71,5.3,4.99,5.75,4.4,5.07,6.7,9.78,6.89,5.05,11.79,5.4,4.44,11.19,5.06
3-Hydroxyhippuricacid,4.81,4.82,5.18,5.55,4.33,5.49,5.33,4.12,5.05,5.85,10.95,4.48,5.06,11.34,3.82,4.06,11.61,5.16
"3-Hydroxymethyl-5-Aziridinyl-1methyl-2-[1h-Indole-4,7-Dione]-Propanol",4.98,2.68,4.54,4.96,4.85,5.05,6.68,4.57,5.28,5.3,11.4,5.95,5.04,11.75,5.0,4.3,11.62,5.16
3-Hydroxypropyl3-[(7-carbamimidoyl-1-naphthyl)carbamoyl]benzenesulfonate,5.1,4.57,5.39,5.18,5.03,5.03,5.92,4.51,5.05,5.83,16.62,6.03,5.08,11.28,6.03,4.56,11.61,5.07
"3-Mercapto-1-(1,3,4,9-Tetrahydro-B-Carbolin-2-Yl)-Propan-1-One",5.23,3.65,5.15,4.22,4.46,4.9,4.95,4.35,5.18,3.42,11.02,4.56,5.01,11.34,5.34,4.23,11.56,5.63
3-Mercuri-4-Aminobenzenesulfonamide,5.14,10.44,5.44,5.71,4.81,4.94,6.4,4.83,5.07,2.79,11.31,5.39,5.12,11.6,4.19,4.57,11.47,5.27
3-Methoxybenzamide,4.91,7.74,4.45,4.05,4.43,5.01,4.64,4.41,5.08,2.9,10.96,5.07,5.04,11.72,4.19,4.09,11.61,5.11
3-Methylphenylalanine,5.05,2.89,4.13,6.12,4.75,5.04,5.43,3.81,5.11,2.91,13.41,4.49,5.13,11.26,2.87,4.07,11.34,5.18
3-Nitro-4-(2-Oxo-Pyrrolidin-1-Yl)-Benzenesulfonamide,4.91,6.54,4.85,4.26,4.79,6.35,5.18,4.3,5.07,7.44,11.21,4.71,6.28,11.56,5.62,4.21,11.65,5.16
3-OXO-N-[(3S)-2-OXOPYRROLIDIN-3-YL]DODECANAMIDE,5.37,7.29,6.1,6.24,4.9,4.94,4.31,5.35,5.11,5.59,14.0,4.34,5.07,11.68,4.96,4.43,11.59,5.09
3-Oxiran-2ylalanine,4.78,6.98,3.57,3.7,4.39,4.98,5.68,4.05,5.08,4.92,15.4,4.81,5.11,10.57,3.93,4.16,11.03,5.1
"3-PYRIDIN-4-YL-2,4-DIHYDRO-INDENO[1,2-.C.]PYRAZOLE",5.17,4.8,5.12,5.56,6.33,5.1,5.89,6.95,5.15,5.62,16.83,5.62,5.0,11.93,5.0,6.18,11.79,5.18
"3-Phenyl-1,2-Propandiol",4.79,2.91,4.21,3.83,4.38,5.07,4.5,4.02,5.13,7.33,16.8,4.59,5.07,10.8,4.2,4.12,11.59,5.58
3-Phosphoglycerol,4.87,5.26,3.5,3.95,4.5,5.06,4.05,3.92,5.11,7.12,13.66,3.84,5.1,10.44,5.83,4.0,11.42,5.24
3-Phosphono-D-alanine,5.27,5.88,6.07,5.88,4.75,5.1,5.34,4.07,5.09,5.25,11.7,3.68,5.17,10.49,5.32,4.45,11.15,5.13
"3-Pyridin-4-Yl-2,4-Dihydro-Indeno[1,2-.C.]Pyrazole",5.15,6.53,6.33,5.78,5.18,4.94,5.44,4.67,5.07,2.8,11.17,6.12,5.07,11.43,5.9,4.63,10.83,5.11
3-Thiaoctanoyl-CoenzymeA,5.6,7.87,6.07,6.1,5.63,5.11,6.25,4.93,5.08,6.14,10.82,6.29,5.05,11.56,5.61,4.5,10.96,5.09
3-Tyrosine,4.9,3.25,4.47,4.97,4.58,5.08,4.33,3.77,5.07,3.1,11.86,4.67,5.07,11.48,2.9,4.07,11.5,5.15
"3-[(1E,7E)-8-(2,6-dioxo-1,2,3,6-tetrahydropyrimidin-4-yl)-3,6-dioxa-2,7-diazaocta-1,7-dien-1-yl]benzoicacid",5.22,11.38,4.12,4.33,4.75,5.1,6.37,4.04,5.1,6.73,5.61,5.71,5.03,11.65,4.19,4.14,11.57,5.34
3-[(1s)-1-(Dimethylamino)Ethyl]Phenol,5.05,3.49,4.36,4.99,4.5,5.09,6.45,5.14,5.02,6.63,11.35,4.66,5.07,11.64,3.22,4.89,11.66,5.11
"3-[(2,2-DIMETHYLPROPANOYL)AMINO]-N-1,3-THIAZOL-2-YLPYRIDINE-2-CARBOXAMIDE",5.05,3.06,7.07,6.36,5.43,5.04,5.14,5.0,5.03,3.42,11.58,6.58,5.06,11.67,4.53,4.58,11.08,5.11
3-[(3-(2-CARBOXYETHYL)-4-METHYLPYRROL-2-YL)METHYLENE]-2-INDOLINONE,5.43,8.68,5.72,6.4,5.02,5.42,5.65,4.22,5.44,7.85,37.6,5.55,5.57,11.76,5.39,4.51,11.79,6.25
3-[(3-sec-butyl-4-hydroxybenzoyl)amino]azepan-4-yl4-(2-hydroxy-5-methoxybenzoyl)benzoate,5.29,7.06,6.75,6.22,5.94,5.77,6.02,4.72,5.09,6.74,13.63,7.97,5.08,11.76,7.12,5.0,11.66,5.14
3-[(4'-cyanobiphenyl-4-yl)oxy]-N-hydroxypropanamide,5.02,8.26,6.52,5.65,4.84,4.8,5.95,5.15,5.12,4.69,15.54,6.41,5.09,11.5,4.57,4.69,11.36,5.17
"3-[(4-AMINO-1-TERT-BUTYL-1H-PYRAZOLO[3,4-D]PYRIMIDIN-3-YL)METHYL]PHENOL",5.41,6.1,6.16,5.43,5.36,5.04,5.3,4.61,5.07,4.75,17.44,4.64,5.04,11.35,6.12,4.59,11.45,5.11
"3-[(4-fluorophenyl)sulfanyl]-N-(4-methyl-1,3-thiazol-2-yl)-6-[(4-methyl-4H-1,2,4-triazol-3-yl)sulfanyl]pyridine-2-carboxamide",5.33,6.2,5.31,4.61,5.13,4.93,4.96,4.98,5.04,9.26,11.61,6.66,5.22,11.69,5.46,4.55,11.16,5.03
"3-[(5s)-1-Acetyl-3-(2-Chlorophenyl)-4,5-Dihydro-1h-Pyrazol-5-Yl]Phenol",5.15,5.16,6.15,5.93,4.56,5.61,6.98,4.64,5.01,6.48,12.2,5.38,5.04,10.58,4.29,4.37,11.49,5.13
"3-[1-(3-AMINOPROPYL)-1H-INDOL-3-YL]-4-(1H-INDOL-3-YL)-1H-PYRROLE-2,5-DIONE",5.39,6.93,4.37,4.8,5.51,5.21,4.64,4.23,5.04,5.29,11.98,5.49,5.03,12.93,5.02,4.75,11.69,5.1
"3-[1-(3-Aminopropyl)-1h-Indol-3-Yl]-4-(1-Methyl-1h-Indol-3-Yl)-1h-Pyrrole-2,5-Dione",5.31,7.76,5.19,5.25,5.51,5.54,5.3,4.68,5.02,12.13,16.04,6.68,5.03,12.93,5.02,4.63,12.11,5.13
"3-[3-(2,3-Dihydroxy-Propylamino)-Phenyl]-4-(5-Fluoro-1-Methyl-1h-Indol-3-Yl)-Pyrrole-2,5-Dione",5.33,3.28,4.5,5.7,5.75,5.0,5.5,5.11,5.59,13.77,13.27,6.95,5.03,11.27,4.85,4.92,10.74,5.87
"3-[3-(3-methyl-6-{[(1S)-1-phenylethyl]amino}-1H-pyrazolo[4,3-c]pyridin-1-yl)phenyl]propanamide",5.43,5.34,4.92,4.38,5.61,5.12,6.87,5.65,5.07,8.06,11.18,6.35,5.04,12.39,5.62,4.64,11.25,5.07
3-[3-(4-methylpiperazin-1-yl)-7-(trifluoromethyl)quinoxalin-5-yl]phenol,5.42,2.65,5.93,6.12,5.07,4.99,6.29,4.4,5.27,2.58,10.37,6.84,5.04,11.44,4.86,4.65,11.31,5.15
"3-[3-chloro-5-(5-{[(1S)-1-phenylethyl]amino}isoxazolo[5,4-c]pyridin-3-yl)phenyl]propan-1-ol",5.63,6.76,5.01,6.09,5.82,5.44,7.06,5.08,5.1,5.16,8.74,6.91,5.03,10.27,4.88,4.76,11.59,5.14
3-[4-(1-formylpiperazin-4-yl)-benzylidenyl]-2-indolinone,5.09,4.97,5.52,6.43,4.99,4.86,5.93,4.61,5.1,7.3,16.99,5.41,5.14,11.52,5.01,4.61,11.61,5.89
"3-[4-(2,4-Dimethyl-Thiazol-5-Yl)-Pyrimidin-2-Ylamino]-Phenol",5.22,3.21,6.69,6.81,5.49,4.99,6.68,4.81,5.03,4.48,13.47,5.37,5.43,12.18,6.61,5.17,12.08,5.07
"3-[4-AMINO-1-(1-METHYLETHYL)-1H-PYRAZOLO[3,4-D]PYRIMIDIN-3-YL]PHENOL",5.2,7.09,5.37,5.75,5.15,5.27,5.42,4.83,5.03,2.86,10.94,5.75,5.04,12.33,5.6,4.66,11.95,5.14
3-[5-(1H-IMIDAZOL-1-YL)-7-METHYL-1H-BENZIMIDAZOL-2-YL]-4-[(PYRIDIN-2-YLMETHYL)AMINO]PYRIDIN-2(1H)-ONE,5.33,7.03,4.0,4.31,5.31,4.92,5.89,4.69,5.06,5.05,12.03,5.67,5.21,11.71,5.23,4.45,11.28,5.06
3-[5-(2-nitropent-1-en-1-yl)furan-2-yl]benzoicacid,5.02,7.27,5.62,6.33,4.49,5.43,5.06,4.56,5.09,5.69,11.33,4.47,5.04,11.53,6.19,4.52,11.34,5.13
3-[5-(3-nitrophenyl)thiophen-2-yl]propanoicacid,4.95,4.54,4.71,5.07,5.22,5.02,6.04,4.61,5.39,3.89,10.4,5.86,5.06,11.58,4.39,4.37,11.37,5.18
"3-[Aminoethylphosphoryl]-[1,2-Di-Palmitoyl]-Sn-Glycerol",5.28,6.5,7.21,6.83,4.79,5.01,5.88,5.01,5.09,2.83,9.38,6.11,5.06,11.62,6.23,5.33,10.88,5.08
"3-[[(METHYLAMINO)SULFONYL]AMINO]-2-OXO-6-PHENYL-N-[3,3,3-TRIFLUORO-1-(1-METHYLETHYL)-2-OXOPHENYL]-1(2H)-PYRIDINEACETAMIDE",5.49,8.45,4.22,4.4,5.91,5.74,5.24,4.56,5.1,1.8,13.0,5.81,5.04,11.57,6.66,4.47,11.6,5.29
3-amino-5-phenylpentane,5.13,2.36,3.7,4.04,5.38,7.21,6.22,4.66,5.14,3.38,11.7,6.18,5.05,11.63,4.17,4.6,11.59,5.63
3-cyclohexyl-D-alanyl-N-(3-chlorobenzyl)-L-prolinamide,5.75,2.86,5.13,4.08,5.39,4.94,6.54,5.3,5.06,2.75,13.32,5.54,5.09,11.7,5.32,4.93,11.63,5.09
"3-fluoro-4-[2-hydroxy-2-(5,5,8,8-tetramethyl-5,6,7,8,-tetrahydro-naphtalen-2-yl)-acetylamino]-benzoicacid",5.66,5.39,5.41,5.55,6.02,4.84,5.97,4.37,5.08,4.33,22.74,5.69,5.1,11.53,5.74,4.9,11.61,5.39
3-fluoro-N-1H-indol-5-yl-5-morpholin-4-ylbenzamide,5.23,4.51,3.45,4.21,5.82,4.91,5.95,4.16,5.09,5.47,13.18,6.5,5.06,10.97,5.07,4.12,11.46,5.15
3-hydroxyglutaricacid,4.76,8.56,3.59,4.18,4.35,5.06,4.09,3.63,5.09,2.84,5.79,4.25,5.05,10.88,5.67,3.93,11.48,5.13
3-isobutyl-1-methyl-7H-xanthine,5.11,7.73,4.13,4.96,4.92,5.04,4.53,4.26,5.13,4.41,11.94,5.39,5.13,10.77,4.28,4.21,10.98,5.48
"3-methyl-N-(pyridin-4-ylmethyl)imidazo[1,2-a]pyrazin-8-amine",4.96,2.37,5.15,5.27,4.68,4.87,5.28,4.58,5.06,4.3,11.32,4.35,5.05,11.4,4.01,4.54,11.36,5.02
3-phenyl-5-(1H-pyrazol-3-yl)isoxazole,4.92,3.06,3.65,2.72,4.96,5.59,5.34,4.3,5.08,5.44,20.35,5.46,5.05,10.78,4.38,4.4,11.65,5.72
3-phospho-D-glycericacid,4.85,2.22,4.22,4.75,4.42,5.1,4.3,3.76,5.09,4.02,11.95,4.35,5.12,10.5,5.87,4.15,11.18,5.14
3-pyridin-4-yl-1H-indazole,5.03,3.04,5.33,5.87,4.82,4.87,5.35,4.4,5.07,4.32,21.1,5.63,5.19,11.66,3.97,4.5,11.47,5.05
3-sulfino-L-alanine,4.81,2.95,3.96,4.05,4.5,5.11,3.92,3.84,5.1,2.81,11.89,4.31,5.06,10.61,4.83,4.14,11.18,5.12
3-{3-[(DIMETHYLAMINO)METHYL]-1H-INDOL-7-YL}PROPAN-1-OL,4.82,3.31,4.72,4.39,5.16,4.99,6.09,5.44,5.08,5.53,11.77,4.52,5.09,11.6,4.96,4.62,11.63,5.11
"3-{5-[AMINO(IMINIO)METHYL]-1H-INDOL-2-YL}-5-METHOXY-1,1'-BIPHENYL-2-OLATE",5.29,7.24,4.33,5.32,5.09,5.36,7.8,4.59,5.08,7.74,13.11,5.94,5.04,10.65,5.63,5.37,11.73,5.09
3-{6-[(8-HYDROXY-QUINOLINE-2-CARBONYL)-AMINO]-2-THIOPHEN-2-YL-HEXANOYLAMINO}-4-OXO-BUTYRIACID,5.71,5.99,5.78,5.89,5.65,5.57,5.32,4.53,5.1,3.12,20.28,5.43,5.1,11.8,4.97,6.2,11.48,5.09
"3-{[(1R)-1-phenylethyl]amino}-4-(pyridin-4-ylamino)cyclobut-3-ene-1,2-dione",5.4,6.46,5.68,6.09,4.89,6.31,6.13,4.34,5.07,5.2,30.23,5.9,5.08,11.42,4.94,4.6,11.37,5.12
"3-{[(2,2-dioxido-1,3-dihydro-2-benzothien-5-yl)amino]methylene}-5-(1,3-oxazol-5-yl)-1,3-dihydro-2H-indol-2-one",5.29,7.68,5.24,6.83,5.71,4.83,6.18,4.8,5.69,3.42,20.92,5.96,5.98,12.93,5.86,4.71,11.74,6.22
3-{[(3-FLUORO-3'-METHOXYBIPHENYL-4-YL)AMINO]CARBONYL}THIOPHENE-2-CARBOXYLICACID,5.23,3.33,6.4,6.14,4.86,5.12,7.06,4.54,5.05,3.01,13.75,5.96,5.15,11.53,4.32,4.44,11.4,5.09
"3-{[(9-CYANO-9,10-DIHYDRO-10-METHYLACRIDIN-9-YL)CARBONYL]AMINO}PROPANOICACID",5.25,7.19,5.62,6.14,5.12,5.52,5.6,4.19,5.17,5.85,11.46,5.49,5.54,11.69,4.67,4.28,11.32,5.49
"3-{[4-([amino(imino)methyl]aminosulfonyl)anilino]methylene}-2-oxo-2,3-dihydro-1H-indole",5.27,7.9,6.38,7.07,5.88,7.0,5.97,4.3,5.34,2.6,8.67,5.56,5.62,11.8,6.41,3.98,11.82,5.96
3-{[4-(but-2-yn-1-yloxy)phenyl]sulfonyl}propane-1-thiol,4.99,5.4,4.57,5.2,5.4,4.89,4.11,6.39,5.06,5.15,11.39,4.74,5.22,11.7,4.23,5.12,11.31,5.14
"3H-pyrazolo[4,3-d]pyrimidin-7-ol",4.87,4.56,3.26,4.1,4.57,5.07,4.46,4.13,5.05,4.11,10.53,4.94,5.04,11.31,4.4,4.28,11.62,5.09
3[N-Morpholino]PropaneSulfonicAcid,4.8,5.91,3.61,4.11,4.64,5.03,4.08,4.32,5.07,5.14,11.21,4.44,5.19,10.62,4.59,4.22,11.59,5.08
"3ar,5r,6s,7r,7ar-5-Hydroxymethyl-2-Methyl-5,6,7,7a-Tetrahydro-3ah-Pyrano[3,2-D]Thiazole-6,7-Diol",5.12,2.41,4.09,5.13,5.38,4.99,4.77,3.65,5.18,3.86,15.73,6.01,5.04,12.15,3.41,3.84,10.81,5.13
"3h-Indole-5,6-Diol",5.02,6.21,3.69,3.43,4.68,5.03,4.75,4.02,5.1,5.57,17.27,4.88,5.18,11.59,3.74,4.03,11.64,5.14
4'-Deoxy-4'-Acetylyamino-Pyridoxal-5'-Phosphate,5.11,1.9,4.21,4.17,4.56,5.03,6.09,4.17,5.06,4.14,12.21,4.05,5.04,11.51,5.64,4.35,11.53,5.09
4'-Hydroxyflavanone,5.15,2.7,4.68,4.2,4.45,4.93,5.58,4.35,5.05,3.85,11.67,7.18,5.85,11.96,3.68,4.45,11.49,5.2
"4'-[(1R)-1-amino-2-(2,5-difluorophenyl)ethyl]biphenyl-3-carboxamide",5.23,5.92,4.41,4.48,5.0,4.81,7.78,4.43,5.08,2.38,11.16,6.22,5.12,11.54,4.38,4.31,11.36,5.1
"4,4'-PROPANE-2,2-DIYLDIPHENOL",4.93,4.26,3.74,4.07,5.11,5.04,4.41,4.1,5.17,2.19,11.66,6.65,5.05,11.96,3.38,4.22,11.6,5.14
"4,4'-cyclohexane-1,1-diyldiphenol",4.97,5.65,4.62,4.04,5.21,4.89,5.82,4.28,5.06,8.76,4.73,6.16,5.04,11.56,4.94,4.57,11.11,5.07
"4,5-bis(4-methoxyphenyl)-2-thiophen-2-yl-1H-imidazole",5.09,11.8,4.8,5.81,4.95,5.43,5.36,4.39,5.05,12.12,18.77,5.88,5.06,11.52,4.97,4.61,11.39,5.06
"4,6-DIDEOXY-4-{[4-[(4-O-HEXOPYRANOSYLHEXOPYRANOSYL)OXY]-5,6-DIHYDROXY-3-(HYDROXYMETHYL)CYCLOHEX-2-EN-1-YL]AMINO}HEXOPYRANOSYL-(1->4)HEXOPYRANOSYL-(1->4)HEXOPYRANOSE",4.84,3.31,4.1,4.63,4.84,4.95,4.32,4.53,5.22,3.47,13.72,5.88,5.04,10.42,5.24,4.55,10.83,5.49
"4,6-Dideoxy-4-{[4,5,6-Trihydroxy-3-(Hydroxymethyl)Cyclohex-2-En-1-Yl]Amino}-Alpha-D-Lyxo-Hexopyranosyl-(1->4)-Alpha-D-Threo-Hexopyranosyl-(1->6)-Alpha-L-Threo-Hexopyranose",5.06,6.66,3.89,4.24,4.69,4.91,5.29,4.43,5.11,4.25,11.03,6.66,5.04,10.34,4.51,4.39,10.95,5.18
"4,6-dideoxy-4-amino-alpha-D-glucose",4.99,5.1,3.33,3.31,4.8,5.02,5.12,3.66,5.26,5.29,15.52,4.37,5.27,10.84,4.06,4.31,10.59,5.66
"4,7-DioxosebacicAcid",4.86,5.29,3.88,4.33,4.27,5.07,5.64,4.19,5.1,5.27,11.61,4.85,5.07,10.79,5.78,4.08,11.48,5.36
"4-((3r,4s,5r)-4-Amino-3,5-Dihydroxy-Hex-1-Ynyl)-5-Fluoro-3-[1-(3-Methoxy-1h-Pyrrol-2-Yl)-Meth-(Z)-Ylidene]-1,3-Dihydro-Indol-2-One",5.47,2.57,5.96,5.55,5.51,5.18,5.47,4.71,5.18,3.23,12.23,6.44,6.02,11.78,5.86,4.93,11.49,5.7
"4-(1,3-Benzodioxol-5-Yl)-5-(5-Ethyl-2,4-Dihydroxyphenyl)-2h-Pyrazole-3-CarboxylicAcid",5.04,5.68,5.15,5.54,4.77,5.42,5.14,4.85,5.17,2.65,12.7,5.99,5.04,11.44,5.8,4.7,11.48,5.12
4-(1-Amino-1-Carboxy-Ethyl)-BenzoicAcid,5.07,3.42,4.24,4.17,4.44,5.08,4.97,4.0,5.06,4.65,7.61,4.96,5.04,11.56,4.31,3.98,11.58,5.12
4-(1-Benzyl-3-Carbamoylmethyl-2-Methyl-1h-Indol-5-Yloxy)-ButyricAcid,5.18,1.94,5.36,5.67,5.39,4.94,6.94,4.63,5.09,3.78,11.3,5.0,5.09,10.79,4.99,4.47,11.43,5.35
4-(1-methyl-1-phenylethyl)phenol,5.02,7.44,3.83,3.97,5.11,5.21,5.3,4.14,5.12,3.13,8.64,6.65,5.05,11.96,3.38,4.22,11.67,5.13
4-(1H-IMIDAZOL-1-YL)PHENOL,4.9,5.06,3.33,2.88,4.75,4.92,3.96,3.8,5.04,4.39,9.83,6.75,5.08,11.02,3.15,3.68,11.47,5.1
"4-(1h-Imidazol-4-Yl)-3-(5-Ethyl-2,4-Dihydroxy-Phenyl)-1h-Pyrazole",5.06,6.45,5.43,6.35,5.42,5.12,4.87,4.73,5.06,5.59,12.37,8.6,5.04,11.53,4.93,4.6,11.64,5.24
"4-(2,2,2-TRIFLUOROETHYL)-L-PHENYLALANINE",5.0,5.43,3.49,5.47,4.43,4.88,6.37,3.73,5.1,5.71,10.66,4.92,5.05,11.26,3.3,4.23,11.05,5.14
"4-(2,4-Dimethyl-1,3-thiazol-5-yl)-N-[4-(trifluoromethyl)phenyl]-2-pyrimidinamine",5.96,7.12,6.27,6.7,5.74,4.8,5.05,4.69,5.04,2.52,7.97,5.34,5.07,12.18,6.43,5.42,11.8,5.05
"4-(2,4-Dimethyl-Thiazol-5-Yl)-Pyrimidin-2-Ylamine",5.0,3.23,4.47,4.54,5.13,4.89,5.9,4.72,5.06,3.35,11.13,4.99,5.36,11.65,6.23,5.06,11.37,5.08
"4-(2,4-dichlorophenyl)-5-phenyldiazenyl-pyrimidin-2-amine",5.12,4.99,5.67,5.54,5.24,5.29,5.91,4.54,5.06,2.45,11.78,8.49,5.14,11.51,5.87,4.57,11.18,5.06
"4-(2,5-DIAMINO-5-HYDROXY-PENTYL)-PHENOL",5.04,4.9,4.75,5.47,5.06,4.85,5.71,4.19,5.07,4.81,11.99,5.66,5.33,10.79,3.87,4.43,11.62,5.11
"4-(2,5-Dichloro-Thiophen-3-Yl)-Pyrimidin-2-Ylamine",4.91,13.62,4.06,4.59,4.68,4.9,4.99,4.4,5.05,7.24,4.86,5.83,5.12,11.99,5.83,4.55,11.27,5.05
"4-(2-(1H-IMIDAZOL-4-YL)ETHYLAMINO)-2-(PHENYLAMINO)PYRAZOLO[1,5-A][1,3,5]TRIAZINE-8-CARBONITRILE",5.6,3.77,6.88,6.06,4.9,4.95,6.83,4.99,5.06,5.34,14.65,6.98,5.19,12.25,5.55,5.74,11.19,5.24
"4-(2-AMINOETHOXY)-3,5-DICHLORO-N-[3-(1-METHYLETHOXY)PHENYL]BENZAMIDE",5.27,2.74,6.64,5.55,4.95,4.8,6.82,5.05,5.07,3.06,6.12,7.04,5.14,11.6,3.73,4.46,11.49,5.04
4-(2-AMINOETHYL)BENZENESULFONAMIDE,5.1,3.54,3.74,4.01,4.58,4.96,4.99,4.67,5.08,3.85,22.17,6.79,5.06,10.92,3.93,4.57,11.37,5.05
4-(2-AMINOPHENYL)-4-OXOBUTANOICACID,4.92,5.33,4.3,4.49,4.32,5.14,4.62,4.7,5.07,5.18,16.47,4.86,5.11,10.65,4.51,4.57,11.48,5.17
4-(2-HYDROXYBENZYLAMINO)-N-(3-(4-FLUOROPHENOXY)PHENYL)PIPERIDINE-1-SULFONAMIDE,5.57,6.44,6.54,5.65,5.25,4.94,6.69,4.71,5.08,6.04,15.32,6.23,5.28,11.22,7.06,4.93,10.94,5.14
"4-(2-amino-1,3-thiazol-4-yl)phenol",4.96,7.51,3.51,4.22,5.05,5.08,4.72,4.58,5.05,5.46,12.82,5.13,5.11,11.17,4.8,4.4,11.52,5.08
"4-(2-amino-1-methyl-1H-imidazo[4,5-b]pyridin-6-yl)phenol",4.99,4.3,3.27,3.96,5.65,4.86,5.02,4.38,5.08,1.81,11.33,7.13,5.14,11.82,6.07,4.22,11.47,5.12
"4-(2-aminoethoxy)-N-(2,5-diethoxyphenyl)-3,5-dimethylbenzamide",5.12,6.18,7.1,7.02,4.91,4.85,6.73,4.67,5.05,5.21,14.3,5.56,5.8,11.16,5.03,4.18,11.57,5.05
"4-(2-aminoethoxy)-N-(3-chloro-2-ethoxy-5-piperidin-1-ylphenyl)-3,5-dimethylbenzamide",5.16,5.31,4.46,5.71,5.24,5.09,6.23,5.73,5.06,5.42,13.12,6.44,5.21,10.99,6.77,5.08,11.36,5.04
"4-(2-aminoethoxy)-N-(3-chloro-5-piperidin-1-ylphenyl)-3,5-dimethylbenzamide",5.14,3.3,6.11,6.33,5.38,4.88,5.53,4.94,5.05,2.8,13.91,5.81,5.07,11.02,5.59,5.07,11.14,5.03
4-(2-aminoethyl)-2-cyclohexylphenol,4.85,5.46,4.63,3.97,5.52,5.05,3.83,4.5,5.07,6.69,18.21,5.68,5.03,11.9,5.72,4.5,11.06,5.05
4-(2-aminoethyl)-2-ethylphenol,4.79,5.22,4.81,4.71,5.24,5.08,5.39,4.42,5.08,3.2,11.84,4.64,5.08,11.75,3.78,4.49,11.48,5.05
"4-(2-chlorophenyl)-8-(2-hydroxyethyl)-6-methylpyrrolo[3,4-e]indole-1,3(2H,6H)-dione",5.17,5.81,6.37,6.33,5.27,5.95,5.04,4.83,5.82,1.78,21.52,6.85,6.12,12.82,5.56,4.7,11.78,5.18
4-(2-methoxyethoxy)-6-methylpyrimidin-2-amine,4.76,2.21,4.47,4.23,4.4,5.02,5.98,4.15,5.05,4.06,10.06,4.19,5.09,10.79,3.35,4.28,11.42,5.06
"4-(2-{[4-{[3-(4-Chlorophenyl)Propyl]Sulfanyl}-6-(1-Piperazinyl)-1,3,5-Triazin-2-Yl]Amino}Ethyl)Phenol",5.33,8.33,5.66,6.52,5.27,4.93,6.67,7.49,5.09,6.02,13.16,5.73,5.07,11.5,4.74,5.13,11.66,5.14
4-(3-Pyridin-2-Yl-1h-Pyrazol-4-Yl)Quinoline,5.24,6.76,3.48,3.96,5.28,5.0,5.73,5.02,5.06,6.03,15.02,6.17,5.04,10.72,5.0,4.37,11.63,5.1
4-(3-amino-1H-indazol-5-yl)-N-tert-butylbenzenesulfonamide,5.21,2.67,4.69,5.75,5.44,6.49,5.0,4.76,5.29,6.11,13.82,6.09,5.06,11.55,5.01,4.41,11.52,5.92
4-(3-{[5-(trifluoromethyl)pyridin-2-yl]oxy}benzyl)piperidine-1-carboxylicacid,5.19,4.04,5.94,5.37,5.16,4.88,7.23,4.59,5.1,2.89,13.14,5.86,5.02,10.65,5.08,4.27,11.54,5.1
4-(4-CHLOROPHENYL)-4-[4-(1H-PYRAZOL-4-YL)PHENYL]PIPERIDINE,5.0,7.05,4.92,4.18,5.52,4.98,5.14,4.79,5.24,5.77,11.63,8.17,5.03,11.33,5.28,5.4,11.59,5.97
4-(4-Chlorophenyl)Imidazole,4.88,7.41,7.22,6.51,4.42,4.99,4.6,4.28,5.08,3.65,13.37,6.43,5.09,10.47,3.61,4.64,11.32,5.11
4-(4-HYDROXYPHENYL)-1-NAPHTHALDEHYDEOXIME,5.14,7.21,4.03,4.74,4.82,5.06,5.84,3.57,5.17,8.0,10.54,6.39,5.03,11.21,4.92,4.24,11.6,5.43
"4-(4-METHYLPIPERAZIN-1-YL)-N-[5-(2-THIENYLACETYL)-1,5-DIHYDROPYRROLO[3,4-C]PYRAZOL-3-YL]BENZAMIDE",5.23,2.94,4.89,5.25,5.43,4.81,5.37,5.2,5.09,3.32,11.66,6.38,5.25,11.55,5.69,4.83,11.17,5.08
4-(4-STYRYL-PHENYLCARBAMOYL)-BUTYRICACID,4.94,3.45,4.23,5.02,4.59,5.07,5.02,4.25,5.2,8.1,11.36,5.53,5.2,11.81,5.41,4.3,10.8,5.74
"4-(4-chlorobenzyl)-1-(7H-pyrrolo[2,3-d]pyrimidin-4-yl)piperidin-4-aminium",5.7,5.99,4.49,4.69,5.29,4.89,6.17,7.43,5.06,5.45,12.73,5.47,5.02,11.57,6.36,5.5,11.45,5.06
4-(4-hydroxy-3-methylphenyl)-6-phenylpyrimidin-2(5H)-one,5.28,5.95,4.59,4.94,5.11,5.49,5.92,4.29,5.05,2.56,11.66,5.06,5.05,10.71,4.46,4.56,11.66,5.15
"4-(4-methoxy-1H-pyrrolo[2,3-b]pyridin-3-yl)pyrimidin-2-amine",5.3,5.01,6.52,5.89,5.24,5.03,5.67,4.5,5.06,9.68,12.35,4.92,5.06,12.2,5.9,4.92,11.47,5.11
"4-(4-propoxy-1H-pyrrolo[2,3-b]pyridin-3-yl)pyrimidin-2-amine",5.3,2.19,4.55,5.46,5.44,5.03,6.07,4.01,5.05,7.14,17.47,5.41,5.08,12.33,6.09,5.25,11.38,5.1
"4-(5,11-DIOXO-5H-INDENO[1,2-C]ISOQUINOLIN-6(11H)-YL)BUTANOATE",4.98,6.58,3.77,4.79,4.85,5.24,5.37,4.26,5.24,5.11,31.52,6.28,5.04,11.54,6.22,4.23,10.69,5.45
4-(5-BENZENESULFONYLAMINO-1-METHYL-1H-BENZOIMIDAZOL-2-YLMETHYL)-BENZAMIDINE,5.5,4.43,3.94,4.36,4.86,6.42,6.14,4.55,5.08,6.57,20.3,5.86,5.05,11.6,4.38,4.21,11.65,5.09
4-(5-Bromo-2-Oxo-2h-Indol-3-Ylazo)-Benzenesulfonamide,5.37,5.67,4.37,6.03,4.72,5.67,5.69,4.21,5.08,4.33,20.74,5.27,5.74,11.48,5.17,4.45,11.63,5.68
"4-(5-phenyl-1H-pyrrolo[2,3-b]pyridin-3-yl)benzoicacid",5.02,3.5,3.63,4.5,5.19,4.85,4.48,4.73,5.09,4.07,10.98,5.41,5.07,11.87,5.0,4.79,11.67,5.16
4-(6-CYCLOHEXYLMETHOXY-9H-PURIN-2-YLAMINO)--BENZAMIDE,5.38,6.25,4.84,5.53,5.54,4.9,4.76,4.38,5.04,6.43,12.67,5.36,5.3,11.63,5.97,4.79,11.22,5.06
"4-(6-HYDROXY-1H-INDAZOL-3-YL)BENZENE-1,3-DIOL",5.07,5.49,4.99,5.57,5.14,5.02,5.83,6.15,5.08,4.89,13.16,5.47,5.05,11.71,5.23,4.87,11.95,5.15
"4-(6-HYDROXY-BENZO[D]ISOXAZOL-3-YL)BENZENE-1,3-DIOL",5.25,4.44,5.16,4.88,5.25,4.89,6.01,6.09,5.07,2.42,11.26,6.9,5.04,10.33,4.11,5.3,11.42,5.14
"4-(6-{[(1R)-1-(hydroxymethyl)propyl]amino}imidazo[1,2-b]pyridazin-3-yl)benzoicacid",5.1,5.21,5.89,6.25,5.41,4.82,7.14,4.56,5.08,2.65,10.04,5.28,5.05,11.5,4.61,4.52,10.96,5.59
"4-(6-{[(4-METHYLCYCLOHEXYL)AMINO]METHYL}-1,4-DIHYDROINDENO[1,2-C]PYRAZOL-3-YL)BENZOICACID",5.55,10.29,4.86,5.55,5.29,4.88,6.59,4.93,5.08,46.61,4.85,6.49,5.04,11.57,6.25,4.45,11.37,5.11
"4-(Aminosulfonyl)-N-[(2,3,4-Trifluorophenyl)Methyl]-Benzamide",5.35,3.43,7.33,7.52,4.92,5.74,5.37,5.04,5.06,8.3,13.02,6.9,5.06,10.94,7.08,4.95,10.8,5.08
"4-(Aminosulfonyl)-N-[(2,4,6-Trifluorophenyl)Methyl]-Benzamide",5.4,5.16,6.72,7.0,4.97,5.81,5.58,4.57,5.06,6.43,18.85,5.83,5.05,10.7,6.87,4.52,10.93,5.07
"4-(Aminosulfonyl)-N-[(2,4-Difluorophenyl)Methyl]-Benzamide",5.37,11.53,7.31,7.41,4.99,5.79,5.33,4.9,5.07,5.02,11.72,5.79,5.05,10.65,7.08,4.87,11.15,5.08
"4-(Aminosulfonyl)-N-[(2,5-Difluorophenyl)Methyl]-Benzamide",5.23,5.2,7.67,7.59,4.98,5.76,6.87,4.8,5.07,4.73,12.01,7.13,5.06,10.67,7.07,4.57,11.22,5.12
"4-(Aminosulfonyl)-N-[(3,4,5-Trifluorophenyl)Methyl]-Benzamide",5.34,3.61,6.98,7.25,5.02,5.71,5.96,4.71,5.07,5.77,12.52,7.29,5.05,11.07,7.31,4.45,11.42,5.08
4-(Aminosulfonyl)-N-[(4-Fluorophenyl)Methyl]-Benzamide,5.17,5.02,7.69,7.29,5.08,5.82,5.86,4.71,5.06,6.14,12.37,5.49,5.04,10.73,7.66,4.6,11.38,5.14
4-(BENZHYDRYLOXY)-1-[3-(1H-TETRAAZOL-5-YL)PROPYL]PIPERIDINE,5.32,2.11,3.91,4.47,5.09,5.7,6.03,4.51,5.05,3.95,11.52,5.74,5.06,11.22,4.85,4.49,11.3,5.09
4-(Fluorophenyl)-1-Cyclopropylmethyl-5-(2-Amino-4-Pyrimidinyl)Imidazole,5.12,6.0,5.9,6.76,5.64,5.03,4.72,4.51,5.06,5.19,8.83,6.78,5.04,11.53,4.99,4.26,11.42,5.09
4-(Hydroxymethyl)Benzamidine,4.79,8.52,4.22,4.96,4.4,4.89,5.34,4.27,5.07,17.51,19.01,5.51,5.05,10.56,4.06,4.51,11.63,5.04
4-(METHYLSULFONYL)BENZENECARBOXIMIDAMIDE,4.9,7.5,5.51,4.07,4.93,5.76,5.74,4.46,5.08,6.18,13.87,4.79,5.04,11.53,4.43,4.36,11.58,5.28
"4-(N,N-Dimethylamino)cinnamoyl-CoA",5.25,9.33,5.19,5.44,5.21,5.07,5.98,4.35,5.08,8.75,3.31,5.94,5.04,11.64,5.6,4.4,11.27,5.19
4-(acetylamino)-N-(4-fluorophenyl)-1H-pyrazole-3-carboxamide,5.06,3.66,4.41,4.24,4.72,5.02,5.65,4.82,5.06,3.99,14.08,5.19,5.07,11.52,3.81,4.76,11.62,5.17
4-(dimethylamino)-N-[7-(hydroxyamino)-7-oxoheptyl]benzamide,5.37,7.23,6.32,6.02,5.05,4.87,7.17,6.07,5.07,5.21,16.59,4.58,5.04,11.61,6.56,5.5,11.57,5.26
4-(quinolin-3-ylmethyl)piperidine-1-carboxylicacid,5.2,5.59,4.35,6.19,5.09,4.99,6.17,5.34,5.16,4.17,13.39,5.07,5.21,10.92,4.32,4.94,11.58,5.13
"4-({(2R,5S)-2,5-DIMETHYL-4-[(2R)-3,3,3-TRIFLUORO-2-HYDROXY-2-METHYLPROPANOYL]PIPERAZIN-1-YL}CARBONYL)BENZONITRILE",5.87,4.89,5.46,6.06,5.79,5.76,5.24,5.31,5.22,5.21,20.11,5.06,5.19,11.69,4.55,5.03,11.54,5.32
"4-({4-[(4-AMINOBUT-2-YNYL)OXY]PHENYL}SULFONYL)-N-HYDROXY-2,2-DIMETHYLTHIOMORPHOLINE-3-CARBOXAMIDE",5.69,6.66,4.58,5.17,6.92,6.62,6.23,7.08,5.17,6.82,14.88,5.43,5.06,11.63,4.09,6.35,11.42,6.19
4-({4-[(6-CHLORO-1-BENZOTHIEN-2-YL)SULFONYL]-2-OXOPIPERAZIN-1-YL}METHYL)BENZENECARBOXIMIDAMIDE,5.5,4.66,4.53,6.1,5.6,5.05,6.16,5.86,5.13,4.95,12.52,5.17,5.04,11.76,5.14,4.99,11.62,5.11
"4-({5-[(4-AMINOCYCLOHEXYL)AMINO][1,2,4]TRIAZOLO[1,5-A]PYRIMIDIN-7-YL}AMINO)BENZENESULFONAMIDE",6.19,5.92,5.06,4.29,5.1,4.94,6.82,4.72,5.06,6.85,11.27,6.01,5.36,12.61,5.0,4.59,11.04,5.51
4-({[(4-METHYLPIPERAZIN-1-YL)AMINO]CARBONOTHIOYL}AMINO)BENZENESULFONAMIDE,5.25,14.79,6.88,6.74,5.01,4.9,5.97,4.6,5.15,19.85,21.75,5.88,5.23,11.58,3.48,4.67,11.51,5.71
4-({[4-(3-METHYLBENZOYL)PYRIDIN-2-YL]AMINO}METHYL)BENZENECARBOXIMIDAMIDE,5.18,5.34,5.03,5.91,5.06,5.76,5.85,5.17,5.06,5.93,12.37,6.18,5.06,11.47,4.31,4.69,11.46,5.04
"4-AMINO-2-HEXYLOXY-6-HYDROXYMETHYL-TETRAHYDRO-PYRAN-3,5-DIOL",5.16,5.59,7.18,5.97,4.61,4.99,4.23,3.67,5.08,2.64,11.86,4.93,5.05,11.51,5.19,3.63,10.85,5.06
"4-AMINO-2-OCTYLOXY-6-HYDROXYMETHYL-TETRAHYDRO-PYRAN-3,5-DIOL",5.14,2.75,7.18,5.97,4.61,5.03,4.27,3.67,5.08,2.9,12.5,4.48,5.05,11.44,5.49,3.63,10.85,5.06
4-AMINO-N-[(2-SULFANYLETHYL)CARBAMOYL]BENZENESULFONAMIDE,5.13,9.97,4.92,4.83,4.77,4.97,3.96,4.12,5.07,6.62,18.57,4.64,5.1,11.5,4.19,4.37,11.42,5.17
"4-Amino-2-[(3-chlorophenyl)amino]-5-(4-fluorobenzoyl)-1,3-thiazol-3-ium",5.67,5.84,4.74,5.16,4.51,6.3,6.25,4.36,5.08,3.3,11.28,6.26,5.55,11.62,5.14,4.41,11.07,5.05
4-AminoHexanoicAcid,4.88,6.0,5.57,5.31,4.69,5.05,4.72,3.98,5.26,3.67,3.83,4.14,5.05,10.29,4.38,4.06,11.42,5.95
4-BROMO-3-(CARBOXYMETHOXY)-5-(4-HYDROXYPHENYL)THIOPHENE-2-CARBOXYLICACID,5.1,4.7,4.92,3.23,5.27,4.82,4.65,3.78,5.06,5.13,11.25,4.95,5.05,11.79,5.91,4.12,11.67,5.1
4-BROMO-3-(CARBOXYMETHOXY)-5-PHENYLTHIOPHENE-2-CARBOXYLICACID,5.04,6.68,5.45,3.87,5.17,5.14,5.35,3.62,5.07,5.22,10.93,5.18,5.04,11.48,5.84,4.21,10.86,5.14
4-BROMO-3-(CARBOXYMETHOXY)-5-[3-(CYCLOHEXYLAMINO)PHENYL]THIOPHENE-2-CARBOXYLICACID,5.28,2.18,6.77,6.48,5.59,5.01,5.29,4.03,5.06,3.46,13.99,5.15,5.16,11.67,6.34,4.41,11.15,5.12
"4-CHLORO-6-(4-PIPERAZIN-1-YL-1H-PYRAZOL-5-YL)BENZENE-1,3-DIOL",5.16,5.38,5.26,6.1,5.55,4.95,5.05,5.29,5.03,4.78,13.28,5.83,5.04,10.77,5.81,4.61,11.64,5.08
"4-CHLORO-6-(4-{4-[4-(METHYLSULFONYL)BENZYL]PIPERAZIN-1-YL}-1H-PYRAZOL-5-YL)BENZENE-1,3-DIOL",5.26,8.37,5.92,6.22,5.5,5.89,6.79,5.06,5.03,8.09,23.73,5.68,5.06,11.17,6.09,4.88,11.28,5.12
4-Carbamoyl-4-{[6-(Difluoro-Phosphono-Methyl)-Naphthalene-2-Carbonyl]-Amino}-ButyricAcid,5.48,6.45,5.72,4.58,5.0,5.47,5.93,4.33,5.05,5.45,22.97,5.96,5.06,10.69,4.34,4.46,11.63,5.06
"4-Carboxy-5-(1-Pentyl)Hexylsulfanyl-1,2,3-Triazole",5.0,4.81,3.92,3.97,4.86,5.07,4.02,3.66,5.09,3.01,10.5,4.42,5.06,10.64,5.59,3.88,11.62,5.13
4-Deoxy-Alpha-D-Glucose,5.05,2.29,4.77,4.27,4.72,5.15,5.28,4.11,5.5,3.69,11.73,4.22,5.06,11.17,3.06,4.18,11.58,5.77
4-HYDROXY-3-NITROPHENYLACETYL-EPSILON-AMINOCAPROICACIDANION,5.06,3.69,4.48,5.67,4.76,5.07,5.47,4.02,5.08,5.15,13.05,5.06,5.05,11.61,5.15,4.23,11.13,5.1
4-HYDROXY-5-IODO-3-NITROPHENYLACETYL-EPSILON-AMINOCAPROICACIDANION,5.05,6.01,4.46,5.29,5.31,5.05,5.73,4.3,5.08,5.02,13.07,5.38,5.14,11.16,6.79,4.18,10.98,5.09
4-HYDROXY-N'-(4-ISOPROPYLBENZYL)BENZOHYDRAZIDE,5.09,6.98,5.64,5.71,4.56,4.82,6.26,4.23,5.05,4.72,11.57,6.66,5.05,11.95,3.87,4.56,11.57,5.08
4-HYDROXY-N-PROPARGYL-1(R)-AMINOINDAN,5.13,9.3,4.86,4.22,5.24,4.99,4.89,4.54,5.05,5.06,12.74,4.55,5.1,11.62,5.24,4.59,11.74,5.15
"4-HYDROXYBENZALDEHYDEO-(3,3-DIMETHYLBUTANOYL)OXIME",5.09,5.12,5.23,4.72,4.36,5.07,4.29,4.19,5.1,4.63,12.18,6.5,5.04,11.97,5.17,4.53,11.36,5.67
4-HYDROXYBENZALDEHYDEO-(CYCLOHEXYLCARBONYL)OXIME,4.93,2.4,4.78,5.32,4.36,4.96,6.11,4.34,5.07,5.13,12.25,5.86,5.1,11.81,5.56,4.4,11.51,5.52
"4-Hydroxy-1,2,5-oxadiazole-3-carboxylicacid",4.76,5.71,3.63,3.61,4.28,5.01,4.6,3.84,5.09,14.76,12.27,4.08,5.05,10.56,4.07,3.78,11.61,5.21
4-Hydroxy-2-Butanone,4.76,6.23,4.87,4.12,4.45,4.99,3.75,3.83,5.1,2.17,14.06,3.29,5.04,10.21,5.14,3.86,10.76,5.09
4-Hydroxy-3-[(1s)-3-Oxo-1-Phenylbutyl]-2h-Chromen-2-One,5.16,6.22,5.3,6.12,4.79,5.17,7.11,3.82,5.08,4.47,15.43,7.16,5.03,11.56,5.01,4.34,11.52,5.12
4-Hydroxy-AconitateIon,4.84,4.15,5.36,5.8,4.87,5.04,4.23,3.94,5.12,3.28,23.09,4.97,5.1,11.5,4.86,4.32,11.58,5.49
4-Hydroxybutan-1-Aminium,4.76,3.97,3.12,4.16,5.6,5.03,3.47,3.95,5.06,5.81,16.36,3.58,5.04,10.29,4.3,3.67,11.54,5.06
4-Iodo-L-phenylalanine,4.84,8.44,5.95,6.69,4.49,4.95,6.05,4.1,5.09,5.5,12.98,4.7,5.08,11.2,3.1,4.3,10.74,5.09
4-Iodopyrazole,4.76,6.8,5.93,6.13,4.38,5.04,4.17,4.4,5.07,13.06,39.1,4.34,5.04,10.34,2.95,4.59,11.59,5.07
4-METHYL-PENTANOICACID{1-[4-GUANIDINO-1-(THIAZOLE-2-CARBONYL)-BUTYLCARBAMOYL]-2-METHYL-PROPYL}-AMIDE,5.14,4.75,4.03,5.35,5.41,5.55,5.69,4.41,5.05,5.94,18.25,5.37,5.04,12.03,5.63,4.57,11.32,5.1
"4-Methyl-5-[(2Z)-2-{[4-(4-morpholinyl)phenyl]imino}-2,5-dihydro-4-pyrimidinyl]-1,3-thiazol-2-amine",5.4,5.8,5.91,5.03,4.91,4.86,8.2,4.42,5.06,5.96,14.58,5.5,5.31,11.35,5.43,4.31,11.64,5.15
4-Methyl-Histidine,5.01,4.75,4.55,5.84,4.79,5.03,4.89,4.28,5.1,2.74,10.04,4.38,5.03,10.44,3.5,4.18,11.51,5.12
4-Methylimidazole,4.76,6.46,4.66,3.78,4.54,5.09,4.14,4.13,5.06,5.25,14.45,4.32,5.04,10.3,4.18,4.21,11.49,5.1
4-Methylpiperazin-1-YlCarbonylGroup,4.76,5.92,3.83,4.07,4.36,5.04,3.93,4.11,5.34,2.48,11.43,4.36,5.06,10.57,4.4,4.17,11.29,5.95
4-Methylthio-Alpha-D-Mannose,5.07,18.15,2.63,2.74,4.74,5.21,5.13,4.16,5.67,5.99,4.16,4.35,5.05,10.95,3.9,4.24,11.21,5.83
4-Morpholin-4-Yl-Piperidine-1-CarboxylicAcid[1-(3-Benzenesulfonyl-1-Propyl-Allylcarbamoyl)-2-Phenylethyl]-Amide,5.6,5.94,5.41,5.04,5.19,7.28,6.53,4.65,5.06,13.95,5.17,6.52,5.04,12.12,4.15,5.16,11.59,6.02
4-NITRO-BENZYLPHOSPHONOBUTANOYL-GLYCINE,5.02,7.32,6.18,6.0,4.55,4.85,7.1,4.23,5.08,3.66,14.98,5.53,5.07,11.58,4.23,4.35,11.33,5.13
"4-O-(4,6-Dideoxy-4-{[4,5,6-Trihydroxy-3-(Hydroxymethyl)Cyclohex-2-En-1-Yl]Amino}-Beta-D-Lyxo-Hexopyranosyl)-Alpha-D-Erythro-Hexopyranose",5.11,3.46,4.04,4.5,4.69,4.93,5.78,4.64,5.2,3.29,11.13,6.16,5.04,10.34,4.5,4.61,10.7,5.28
"4-O-(4,6-Dideoxy-4-{[4-[(4-O-Hexopyranosylhexopyranosyl)Oxy]-5,6-Dihydroxy-3-(Hydroxymethyl)Cyclohex-2-En-1-Yl]Amino}Hexopyranosyl)Hexopyranose",5.11,4.8,4.1,4.63,4.84,4.93,5.78,4.53,5.22,6.26,11.31,6.37,5.04,10.42,5.24,4.55,10.83,5.49
"4-Oxo-2-Phenylmethanesulfonyl-Octahydro-Pyrrolo[1,2-a]Pyrazine-6-CarboxylicAcid[1-(N-Hydroxycarbamimidoyl)-Piperidin-4-Ylmethyl]-Amide",5.38,2.48,6.54,6.0,5.81,5.1,6.0,5.26,5.12,8.87,7.21,6.71,5.04,11.72,4.36,5.02,11.59,5.15
4-OxosebacicAcid,4.99,5.01,3.63,3.67,4.35,5.05,5.79,4.35,5.29,3.92,10.26,4.28,5.07,10.39,4.11,4.42,11.26,5.51
4-PHENOXY-N-(PYRIDIN-2-YLMETHYL)BENZAMIDE,5.14,2.72,5.86,5.7,5.23,5.17,7.6,4.39,5.04,4.68,10.81,6.21,5.04,10.7,6.49,4.54,11.52,5.08
4-PIPERIDIN-4-YLBUTANAL,4.88,6.35,4.92,4.33,4.47,5.04,4.61,4.75,5.02,3.16,10.64,3.52,5.09,10.5,4.26,4.45,11.49,5.13
4-Sulfonamide-[1-(4-Aminobutane)]Benzamide,5.12,5.06,6.48,7.03,5.14,5.78,5.57,4.36,5.06,7.5,15.49,6.22,5.04,10.25,6.13,4.69,11.26,5.08
4-Sulfonamide-[4-(Thiomethylaminobutane)]Benzamide,5.0,4.37,6.59,7.3,5.17,5.88,5.16,5.17,5.06,4.5,10.57,5.17,5.04,10.27,6.04,4.55,11.22,5.1
"4-[(10s,14s,18s)-18-(2-Amino-2-Oxoethyl)-14-(1-Naphthylmethyl)-8,17,20-Trioxo-7,16,19-Triazaspiro[5.14]Icos-11-En-10-Yl]BenzylphosphonicAcid",5.63,3.13,6.57,6.74,5.59,4.83,6.59,5.98,5.06,2.92,10.98,5.74,5.04,11.67,6.12,4.82,11.58,5.11
"4-[(1E,7E)-8-(2,6-DIOXO-1,2,3,6-TETRAHYDROPYRIMIDIN-4-YL)-3,6-DIOXA-2,7-DIAZAOCTA-1,7-DIEN-1-YL]BENZOICACID",5.22,6.75,4.07,4.0,4.6,4.98,6.53,4.19,5.18,3.11,15.07,5.72,5.04,11.59,4.36,4.11,11.56,5.47
4-[(1S)-1-(3-fluoro-4-methoxyphenyl)-2-(2-methoxy-5-nitrophenyl)ethyl]-1H-imidazol-2-amine,5.26,4.82,4.0,5.2,5.49,5.25,7.33,4.57,5.09,5.51,16.66,6.16,5.34,11.72,4.42,5.34,11.62,5.18
"4-[(1S,2R,5S)-4,4,8-TRIMETHYL-3-OXABICYCLO[3.3.1]NON-7-EN-2-YL]PHENOL",5.21,4.68,7.05,5.97,5.05,5.1,5.53,4.33,5.11,4.13,10.93,6.89,5.04,11.7,4.93,4.27,11.06,5.11
"4-[(1S,2S,5S)-5-(HYDROXYMETHYL)-6,8,9-TRIMETHYL-3-OXABICYCLO[3.3.1]NON-7-EN-2-YL]PHENOL",5.25,14.81,4.76,4.84,4.96,5.04,6.32,4.3,5.11,6.17,16.07,6.9,5.04,11.8,3.91,4.22,11.63,5.17
"4-[(1S,2S,5S)-5-(HYDROXYMETHYL)-8-METHYL-3-OXABICYCLO[3.3.1]NON-7-EN-2-YL]PHENOL",5.17,5.5,4.37,4.36,4.93,5.03,4.88,4.11,5.25,6.95,7.48,5.99,5.06,10.83,4.02,4.22,11.12,5.16
"4-[(1S,2S,5S,9R)-5-(HYDROXYMETHYL)-8,9-DIMETHYL-3-OXABICYCLO[3.3.1]NON-7-EN-2-YL]PHENOL",5.23,6.43,5.53,4.02,4.78,4.96,7.03,4.48,5.31,3.94,11.14,5.93,5.04,11.41,4.29,4.71,10.8,5.97
4-[(2-{4-[(CYCLOPROPYLCARBAMOYL)AMINO]-1H-PYRAZOL-3-YL}-1H-BENZIMIDAZOL-6-YL)METHYL]MORPHOLIN-4-IUM,5.37,4.45,5.24,6.43,5.56,4.92,6.45,7.37,5.07,2.26,11.11,8.37,5.04,10.6,6.86,5.15,11.61,5.1
"4-[(3-BROMO-4-O-SULFAMOYLBENZYL)(4-CYANOPHENYL)AMINO]-4H-[1,2,4]-TRIAZOLE",5.42,5.09,4.67,6.01,6.29,4.86,6.6,7.31,5.07,4.34,10.03,5.87,5.66,11.63,4.37,5.64,11.62,5.72
"4-[(3-CHLORO-4-{[(2R)-3,3,3-TRIFLUORO-2-HYDROXY-2-METHYLPROPANOYL]AMINO}PHENYL)SULFONYL]-N,N-DIMETHYLBENZAMIDE",5.4,4.26,4.05,4.96,5.73,6.74,5.19,4.84,5.06,7.23,4.9,6.09,5.32,11.74,3.94,4.52,11.17,5.18
"4-[(3AS,4R,7R,8AS,8BR)-2-(1,3-BENZODIOXOL-5-YLMETHYL)-7-HYDROXY-1,3-DIOXODECAHYDROPYRROLO[3,4-A]PYRROLIZIN-4-YL]BENZENECARBOXIMIDAMIDE",5.43,5.33,6.0,6.1,5.54,5.02,6.08,4.95,5.06,4.88,15.49,5.4,5.04,11.38,6.29,4.98,11.65,5.15
"4-[(3R)-3-Amino-4-(2,4,5-trifluorophenyl)butanoyl]-3-(2,2,2-trifluoroethyl)-1,4-diazepan-2-one",5.22,5.2,7.02,6.48,5.78,5.01,7.01,5.75,5.36,5.81,14.74,7.7,5.07,12.03,4.16,5.14,11.48,5.17
4-[(3R)-3-{[2-(4-FLUOROPHENYL)-2-OXOETHYL]AMINO}BUTYL]BENZAMIDE,5.23,6.06,5.28,4.06,5.34,5.69,5.52,4.51,5.11,6.56,11.69,6.48,5.04,10.96,5.54,4.94,11.33,5.31
4-[(3S)-1-AZABICYCLO[2.2.2]OCT-3-YLAMINO]-3-(1H-BENZIMIDAZOL-2-YL)-6-CHLOROQUINOLIN-2(1H)-ONE,5.77,9.4,4.78,5.53,5.98,4.9,6.12,6.85,5.89,11.29,12.09,6.19,5.05,11.69,5.67,6.34,11.33,6.08
"4-[(4-Imidazo[1,2-a]Pyridin-3-Ylpyrimidin-2-Yl)Amino]Benzenesulfonamide",5.63,3.28,6.28,6.79,6.12,6.14,5.33,6.27,5.06,5.85,10.04,6.08,5.39,12.32,7.26,6.1,11.59,5.11
4-[(4-METHYL-1-PIPERAZINYL)METHYL]-N-[3-[[4-(3-PYRIDINYL)-2-PYRIMIDINYL]AMINO]PHENYL]-BENZAMIDE,5.57,12.36,5.07,4.98,5.14,4.9,7.7,4.43,5.06,2.79,14.74,6.67,5.05,11.96,4.99,4.2,11.6,5.01
"4-[(4-O-SULFAMOYLBENZYL)(4-CYANOPHENYL)AMINO]-4H-[1,2,4]-TRIAZOLE",5.34,4.41,5.51,5.65,6.32,4.85,6.76,6.87,5.09,4.67,9.61,6.07,5.4,11.55,3.92,5.21,11.61,5.89
4-[(5-CHLOROINDOL-2-YL)SULFONYL]-2-(2-METHYLPROPYL)-1-[[5-(PYRIDIN-4-YL)PYRIMIDIN-2-YL]CARBONYL]PIPERAZINE,5.23,5.01,6.67,6.06,5.43,7.27,5.3,5.66,5.1,8.62,12.62,6.01,5.06,11.27,6.47,4.91,11.37,5.64
"4-[(5-ISOPROPYL-1,3-THIAZOL-2-YL)AMINO]BENZENESULFONAMIDE",5.67,3.19,6.57,6.87,5.15,4.95,5.14,5.5,5.07,4.06,13.72,5.59,5.41,11.35,5.94,5.45,11.51,5.15
4-[(5-{[4-(3-CHLOROPHENYL)-3-OXOPIPERAZIN-1-YL]METHYL}-1H-IMIDAZOL-1-YL)METHYL]BENZONITRILE,5.3,4.87,5.18,4.43,5.19,4.89,6.04,4.61,5.14,5.07,13.05,6.53,5.35,10.73,6.36,5.47,11.2,5.06
4-[(6-Amino-4-Pyrimidinyl)Amino]Benzenesulfonamide,5.34,3.58,6.02,5.94,5.0,4.95,5.29,4.79,5.06,3.01,10.13,4.35,5.5,10.6,4.42,4.72,11.3,5.39
4-[(6-chloropyrazin-2-yl)amino]benzenesulfonamide,5.26,2.79,5.45,5.78,5.06,6.26,4.82,4.49,5.06,4.42,10.95,6.78,5.66,11.51,5.31,4.63,11.28,5.33
"4-[(7-OXO-7H-THIAZOLO[5,4-E]INDOL-8-YLMETHYL)-AMINO]-N-PYRIDIN-2-YL-BENZENESULFONAMIDE",5.36,14.46,4.19,5.97,5.36,4.92,6.62,4.71,5.06,11.26,8.81,6.84,5.3,11.91,6.2,4.56,12.13,5.11
"4-[(7R,7AS)-7-HYDROXY-1,3-DIOXOTETRAHYDRO-1H-PYRROLO[1,2-C]IMIDAZOL-2(3H)-YL]-1-NAPHTHONITRILE",5.32,5.15,5.75,5.48,5.19,5.41,4.63,4.51,5.19,3.02,11.74,6.49,5.61,11.56,5.98,4.67,11.62,5.15
"4-[(E)-(3,5-DIAMINO-1H-PYRAZOL-4-YL)DIAZENYL]PHENOL",5.07,4.48,3.75,4.74,5.09,4.99,6.03,4.33,5.09,4.82,10.35,6.53,5.12,10.71,3.74,4.63,11.63,5.02
"4-[1-allyl-7-(trifluoromethyl)-1H-indazol-3-yl]benzene-1,3-diol",5.41,3.48,5.8,5.53,5.37,5.07,5.26,4.75,5.05,4.96,30.6,5.86,5.03,12.3,5.64,4.67,11.71,5.19
"4-[3-(1,4-diazepan-1-ylcarbonyl)-4-fluorobenzyl]phthalazin-1(2H)-one",5.11,2.9,7.69,6.99,5.86,5.0,5.14,7.57,5.11,2.7,10.52,6.82,5.02,11.63,6.94,5.97,11.45,5.29
4-[3-(1H-BENZIMIDAZOL-2-YL)-1H-INDAZOL-6-YL]-2-METHOXYPHENOL,5.1,8.01,4.29,4.79,5.26,5.45,6.3,4.74,5.08,6.01,14.72,6.3,5.03,11.55,5.94,4.63,11.62,5.12
"4-[3-(2-Chloro-4,5-difluoro-benzoyl)ureido]-3-trifluoromethoxybenzoicacid",5.48,7.03,6.33,6.69,5.59,4.79,6.45,6.11,5.04,8.37,14.52,7.21,5.42,11.17,5.23,5.04,11.51,5.09
"4-[3-(3-NITROPHENYL)-1,2,4-OXADIAZOL-5-YL]BUTANOICACID",5.13,5.39,4.02,5.13,4.68,4.92,5.34,4.45,5.14,6.69,12.27,5.67,5.11,10.59,4.39,4.39,11.42,5.21
4-[3-(4-CHLOROPHENYL)-1H-PYRAZOL-5-YL]PIPERIDINE,5.01,5.61,6.3,6.12,4.98,4.93,5.41,4.55,5.03,5.82,14.15,6.06,5.07,10.31,5.06,4.36,11.61,5.09
4-[3-(4-FLUOROPHENYL)-1H-PYRAZOL-4-YL]PYRIDINE,4.91,4.53,4.61,4.23,5.21,4.88,5.41,4.33,5.07,2.82,10.48,6.37,5.13,11.42,3.53,4.58,11.43,5.09
"4-[3-(4-chlorophenyl)-2,1-benzisoxazol-5-yl]pyrimidin-2-amine",5.05,3.87,3.48,3.48,5.16,5.38,6.03,4.2,5.07,2.69,13.1,6.17,5.09,11.53,5.33,4.75,11.29,5.04
"4-[3-(dibenzylamino)phenyl]-2,4-dioxobutanoicacid",5.18,7.45,4.52,5.3,5.12,6.2,6.4,4.46,5.28,3.87,13.74,4.54,5.25,11.53,4.23,4.57,11.41,5.19
"4-[3-Hydroxyanilino]-6,7-Dimethoxyquinazoline",5.09,5.16,4.97,5.3,5.04,4.95,6.74,5.71,5.05,9.34,3.42,4.63,5.12,11.62,5.0,4.51,11.22,5.02
"4-[3-Methylsulfanylanilino]-6,7-Dimethoxyquinazoline",5.08,7.16,4.96,5.4,5.1,5.12,6.68,5.68,5.04,7.3,13.97,5.79,5.12,11.59,5.0,4.5,11.2,5.02
"4-[3-Oxo-3-(5,5,8,8-Tetramethyl-5,6,7,8-Tetrahydro-Naphthalen-2-Yl)-Propenyl]-BenzoicAcid",5.28,6.78,4.33,4.64,5.11,4.82,6.87,4.28,5.33,2.78,11.43,6.67,5.03,10.5,6.5,4.53,11.47,6.07
4-[4-(1-Amino-1-Methylethyl)Phenyl]-5-Chloro-N-[4-(2-Morpholin-4-Ylethyl)Phenyl]Pyrimidin-2-Amine,5.63,7.54,7.19,7.0,5.77,4.84,7.37,6.04,5.04,3.62,11.73,5.77,5.07,11.84,5.0,4.97,11.65,5.06
"4-[4-(2,3-DIHYDRO-1,4-BENZODIOXIN-6-YL)-3-METHYL-1H-PYRAZOL-5-YL]-6-ETHYLBENZENE-1,3-DIOL",5.03,3.34,4.84,5.65,4.8,5.52,5.56,4.6,5.13,4.81,11.15,7.09,5.04,11.47,5.97,4.72,11.61,5.15
"4-[4-(2,5-DIOXO-PYRROLIDIN-1-YL)-PHENYLAMINO]-4-HYDROXY-BUTYRICACID",5.1,19.27,5.41,6.3,4.6,4.86,4.78,4.27,5.29,9.54,17.66,4.61,5.48,11.59,4.04,4.25,11.59,5.86
4-[4-(4-Methyl-2-Methylamino-Thiazol-5-Yl)-Pyrimidin-2-Ylamino]-Phenol,5.36,4.7,5.63,6.33,5.5,5.4,4.8,4.48,5.04,7.17,11.38,7.27,5.37,12.83,6.33,4.74,12.01,5.07
"4-[4-(4-methoxyphenyl)-5-methyl-1H-pyrazol-3-yl]benzene-1,3-diol",5.15,3.38,3.95,5.01,4.67,4.86,5.91,4.66,5.08,3.64,32.5,6.39,5.05,11.2,5.79,4.37,11.91,5.11
4-[5-(2-CARBOXY-1-FORMYL-ETHYLCARBAMOYL)-PYRIDIN-3-YL]-BENZOICACID,5.11,5.38,4.9,3.75,4.92,4.85,6.52,4.65,5.03,5.6,12.04,5.76,5.07,11.68,5.4,4.56,11.55,5.12
4-[5-(3-IODO-PHENYL)-2-(4-METHANESULFINYL-PHENYL)-1H-IMIDAZOL-4-YL]-PYRIDINE,5.3,3.16,4.94,5.86,5.36,5.61,5.97,4.59,5.05,4.43,11.41,7.2,5.04,11.52,5.0,4.74,11.37,5.05
4-[5-(4-FLUORO-PHENYL)-2-(4-METHANESULFINYL-PHENYL)-3H-IMIDAZOL-4-YL]-PYRIDINE,5.2,2.79,5.0,5.16,5.43,5.68,5.45,4.32,5.06,4.47,13.39,7.25,5.03,11.51,4.99,4.87,11.35,5.03
"4-[5-(Trans-4-Aminocyclohexylamino)-3-Isopropylpyrazolo[1,5-a]Pyrimidin-7-Ylamino]-N,N-Dimethylbenzenesulfonamide",5.75,4.62,6.47,6.73,5.52,4.9,6.43,4.59,5.07,4.72,10.73,5.74,5.04,11.66,6.69,4.56,11.71,5.26
4-[5-[2-(1-Phenyl-Ethylamino)-Pyrimidin-4-Yl]-1-Methyl-4-(3-Trifluoromethylphenyl)-1h-Imidazol-2-Yl]-Piperidine,6.26,35.44,4.63,4.41,6.21,5.06,5.88,4.41,5.06,6.93,67.12,6.75,5.04,11.74,5.5,4.67,11.26,5.19
"4-[8-(3-nitrophenyl)-1,7-naphthyridin-6-yl]benzoicacid",5.1,7.65,4.27,4.46,5.05,4.83,6.55,4.48,5.06,8.04,17.51,6.11,5.05,11.1,5.64,4.5,11.57,5.07
4-[Hydroxy-[Methyl-Phosphinoyl]]-3-Oxo-ButanoicAcid,4.83,4.89,6.78,5.98,4.66,5.03,3.88,4.34,5.12,2.51,11.09,5.05,5.04,11.48,4.21,4.26,11.57,5.69
4-[[(1E)-2-(4-CHLOROPHENYL)ETHENYL]SULFONYL]-1-[[1-(4-PYRIDINYL)-4-PIPERIDINYL]METHYL]PIPERAZINONE,5.29,6.54,6.52,5.47,5.28,4.85,5.97,4.68,5.56,4.69,11.09,5.77,5.04,11.55,3.89,4.43,11.34,6.05
4-[[2-[[4-chloro-3-(trifluoromethyl)phenyl]amino]-3H-benzimidazol-5-yl]oxy]-N-methyl-pyridine-2-carboxamide,5.63,3.42,5.01,5.11,5.59,4.85,6.46,4.51,5.07,4.08,13.17,7.0,5.06,11.68,5.0,4.69,11.49,5.05
4-amino-N-[4-(benzyloxy)phenyl]butanamide,4.89,4.99,4.2,4.76,4.44,4.94,4.77,4.51,5.08,5.55,13.2,5.24,5.14,11.99,4.01,4.23,11.41,5.1
"4-bromo-6-(6-hydroxy-1,2-benzisoxazol-3-yl)benzene-1,3-diol",5.2,8.41,6.05,6.41,5.47,4.86,5.7,6.27,5.02,3.92,14.53,6.97,5.04,10.06,4.79,5.85,11.51,5.13
"4-chloro-6-{5-[(2-morpholin-4-ylethyl)amino]-1,2-benzisoxazol-3-yl}benzene-1,3-diol",5.27,5.72,6.58,7.04,5.63,5.07,6.15,4.66,5.06,5.65,11.82,5.96,5.07,11.27,4.93,4.54,11.47,5.11
"4-chloro-N-[(2S)-2-methyl-2,3-dihydro-1H-indol-1-yl]-3-sulfamoylbenzamide",5.4,6.25,5.67,5.5,5.23,6.43,6.78,5.02,5.07,2.73,10.06,5.37,5.37,11.64,4.67,4.76,11.48,5.72
4-guanidinobenzoicacid,4.87,5.08,3.77,4.26,4.29,4.87,5.59,4.13,5.08,7.45,38.41,4.78,5.04,11.49,4.13,3.96,11.63,5.2
4-hydroxycoumarin,4.98,5.22,3.6,3.97,4.46,5.11,5.32,4.22,5.04,5.48,15.29,4.92,5.1,11.88,4.28,4.29,11.61,5.14
4-methoxybenzenesulfinate,4.88,9.53,4.77,6.1,4.57,4.99,2.81,4.34,5.06,9.84,5.66,5.83,5.05,11.74,4.42,4.16,10.95,5.06
"4-methyl-7,8-dihydro-5H-thiopyrano[4,3-d]pyrimidin-2-amine",4.85,3.31,3.96,4.91,4.9,5.07,5.81,4.65,5.03,5.01,13.01,4.51,5.06,10.79,3.91,4.89,11.42,5.07
4-methyl-umbelliferyl-N-acetyl-chitobiose,4.96,5.84,3.55,4.27,4.78,4.81,5.5,4.2,5.1,6.23,15.33,5.0,5.09,11.52,5.76,4.14,11.28,5.11
4-phospho-L-threonicacid,4.98,2.97,3.57,4.25,4.51,5.05,4.43,3.52,5.08,3.5,14.85,4.34,5.09,11.31,4.37,4.05,11.2,5.08
"4-{2,4-Bis[(3-Nitrobenzoyl)Amino]Phenoxy}PhthalicAcid",5.16,4.99,7.11,5.38,5.2,4.99,7.3,4.54,5.05,4.16,18.76,6.29,5.06,11.85,4.18,4.69,11.56,5.05
4-{2-[(3-Nitrobenzoyl)Amino]Phenoxy}PhthalicAcid,5.2,6.6,6.73,4.43,4.95,5.11,7.33,4.53,5.07,3.69,16.0,5.89,5.07,11.58,4.12,4.72,11.48,5.09
"4-{2-[(7-amino-2-furan-2-yl[1,2,4]triazolo[1,5-a][1,3,5]triazin-5-yl)amino]ethyl}phenol",5.15,6.08,9.06,9.02,4.51,4.92,5.68,4.29,5.07,8.04,12.15,6.56,5.03,11.44,8.03,4.66,11.34,5.08
"4-{3-CHLORO-4-[3-(2,4-DICHLORO-BENZOYL)-UREIDO]-PHENOXY}-BUTYRICACID",5.34,4.88,4.47,5.94,5.31,4.84,5.47,5.0,5.07,5.54,15.38,5.02,5.65,11.38,5.0,4.11,11.31,5.11
"4-{4-[(5-hydroxy-2-methylphenyl)amino]quinolin-7-yl}-1,3-thiazole-2-carbaldehyde",5.25,5.01,3.89,5.42,5.54,4.86,5.94,4.73,5.03,4.73,11.1,6.56,5.91,10.89,4.22,4.74,11.5,5.06
"4-{4-[2-(1A,7A-DIMETHYL-4-OXY-OCTAHYDRO-1-OXA-4-AZA-CYCLOPROPA[A]NAPHTHALEN-4-YL)-ACETYLAMINO]-PHENYLCARBAMOYL}-BUTYRICACID",5.44,4.53,5.1,6.21,5.4,4.95,6.1,4.32,5.08,4.46,10.4,5.19,5.54,11.6,4.57,4.43,11.34,5.33
"4-{4-[3-(2,4-DICHLORO-BENZOYL)-UREIDO]-2,3-DIMETHYL-PHENOXY}-BUTYRICACID",5.19,5.31,5.85,5.87,5.84,5.96,5.87,4.83,5.06,5.83,12.25,5.23,5.82,11.42,4.4,4.45,11.46,5.16
"4-{4-[4-(3-AMINOPROPOXY)PHENYL]-1H-PYRAZOL-5-YL}-6-CHLOROBENZENE-1,3-DIOL",5.17,6.7,6.19,6.31,5.48,4.83,7.06,5.03,5.07,2.59,14.4,5.28,5.06,11.28,5.85,4.41,11.26,5.07
"4-{5-[(1Z)-1-(2-IMINO-4-OXO-1,3-THIAZOLIDIN-5-YLIDENE)ETHYL]-2-FURYL}BENZENESULFONAMIDE",5.19,5.26,5.32,7.11,5.06,4.9,5.68,4.61,5.07,5.69,21.06,6.99,5.04,12.99,5.86,4.75,10.88,5.1
"4-{5-[(Z)-(2,4-DIOXO-1,3-THIAZOLIDIN-5-YLIDENE)METHYL]FURAN-2-YL}BENZENESULFONAMIDE",5.21,4.34,3.97,6.59,4.55,5.84,5.37,5.3,5.32,9.06,12.18,5.46,5.04,12.06,6.03,4.91,11.53,5.17
"4-{5-[(Z)-(2-IMINO-4-OXO-1,3-THIAZOLIDIN-5-YLIDENE)METHYL]-2-FURYL}-N-METHYLBENZENESULFONAMIDE",5.15,3.55,5.18,6.88,4.68,5.71,5.85,5.06,5.3,8.87,14.22,5.19,5.04,12.64,6.43,4.25,11.53,5.12
"4-{5-[(Z)-(2-IMINO-4-OXO-1,3-THIAZOLIDIN-5-YLIDENE)METHYL]FURAN-2-YL}-2-(TRIFLUOROMETHYL)BENZENESULFONAMIDE",5.27,5.55,6.29,6.56,5.07,6.01,6.07,5.68,5.1,2.24,11.65,5.27,5.04,12.47,6.72,4.85,11.11,5.11
"4-{5-[(Z)-(2-IMINO-4-OXO-1,3-THIAZOLIDIN-5-YLIDENE)METHYL]FURAN-2-YL}BENZENESULFONAMIDE",5.15,4.44,5.89,7.16,4.87,5.71,5.95,5.65,5.08,4.44,10.48,4.98,5.04,12.67,6.05,4.77,11.36,5.1
"4-{5-[(Z)-(2-IMINO-4-OXO-1,3-THIAZOLIDIN-5-YLIDENE)METHYL]FURAN-2-YL}BENZOICACID",5.15,7.42,4.55,6.02,4.98,4.82,5.92,5.05,5.25,4.48,14.31,4.91,5.04,12.39,5.54,4.56,11.48,5.14
"4-{[(1R,2S)-1,2-dihydroxy-2-methyl-3-(4-nitrophenoxy)propyl]amino}-2-(trifluoromethyl)benzonitrile",5.61,5.23,5.14,5.59,5.36,4.82,7.21,5.95,5.67,5.67,14.44,7.29,5.67,11.52,4.51,4.86,11.05,5.17
"4-{[(2,6-difluorophenyl)carbonyl]amino}-N-[(3S)-piperidin-3-yl]-1H-pyrazole-3-carboxamide",5.46,3.13,5.28,5.69,5.3,5.15,5.41,4.64,5.16,2.53,4.79,6.12,5.01,10.82,4.99,4.77,11.5,5.06
"4-{[(2-Oxo-1,2-dihydro-3H-indol-3-ylidene)methyl]amino}-N-(1,3-thiazol-2-yl)benzenesulfonamide",5.12,3.98,5.94,6.83,5.31,4.9,6.13,3.92,5.17,5.41,9.63,5.24,5.81,12.39,5.23,4.04,11.88,5.79
"4-{[(2R)-2-(2-methylphenyl)pyrrolidin-1-yl]carbonyl}benzene-1,3-diol",5.21,4.39,7.23,6.83,5.03,5.86,6.42,5.13,5.11,5.15,15.92,6.1,5.02,11.16,6.72,4.69,11.55,5.43
4-{[(2S)-3-(tert-butylamino)-2-hydroxypropyl]oxy}-3H-indole-2-carbonitrile,5.21,16.18,6.71,7.68,5.29,5.06,7.38,4.58,5.09,5.48,11.99,6.91,5.65,11.66,7.15,5.01,11.57,5.14
4-{[(CYCLOHEXYLAMINO)CARBONYL]AMINO}BUTANOICACID,4.93,4.77,4.36,4.35,4.68,5.09,4.54,3.64,5.06,5.42,12.71,3.65,5.04,11.13,3.85,3.9,10.74,5.11
"4-{[(E)-(5-Oxo-2-phenyl-1,3-oxazol-4(5H)-ylidene)methyl]amino}butanoicacid",4.96,9.57,4.14,4.75,4.93,5.95,4.63,4.22,5.1,9.95,10.93,7.55,5.04,11.56,5.02,4.28,11.62,5.69
"4-{[(E)-2-(5-CHLOROTHIEN-2-YL)VINYL]SULFONYL}-1-(1H-PYRROLO[3,2-C]PYRIDIN-2-YLMETHYL)PIPERAZIN-2-ONE",5.1,4.63,5.06,5.21,4.74,4.92,6.06,4.75,5.24,2.24,10.42,5.87,5.03,11.67,5.04,4.59,11.52,5.98
"4-{[1-METHYL-2,4-DIOXO-6-(3-PHENYLPROP-1-YN-1-YL)-1,4-DIHYDROQUINAZOLIN-3(2H)-YL]METHYL}BENZOICACID",5.72,4.79,5.02,5.85,4.83,4.88,5.62,4.35,5.06,6.03,11.15,6.36,5.07,11.65,4.88,4.49,11.6,5.09
4-{[1-Methyl-5-(2-Methyl-Benzoimidazol-1-Ylmethyl)-1h-Benzoimidazol-2-Ylmethyl]-Amino}-Benzamidine,5.56,2.01,5.85,5.78,4.77,4.94,6.6,4.37,5.07,4.93,12.46,5.76,5.04,11.73,4.8,5.26,11.62,5.1
4-{[4-(1-CYCLOPROPYL-2-METHYL-1H-IMIDAZOL-5-YL)PYRIMIDIN-2-YL]AMINO}-N-METHYLBENZENESULFONAMIDE,5.46,3.4,5.73,6.27,6.45,6.21,5.02,6.33,5.04,5.27,13.84,6.56,5.44,12.71,6.04,5.2,11.76,5.23
"4-{[4-(4-fluoro-3-methylphenyl)-1,3-thiazol-2-yl]amino}-2-hydroxybenzoicacid",5.46,6.72,6.65,6.48,4.76,4.88,6.85,4.45,5.03,3.35,29.43,5.44,5.06,11.45,5.0,4.48,11.47,5.05
4-{[4-AMINO-6-(CYCLOHEXYLMETHOXY)-5-NITROSOPYRIMIDIN-2-YL]AMINO}BENZAMIDE,5.22,3.1,5.61,4.86,5.38,4.92,4.87,4.35,5.05,2.59,17.66,5.89,5.82,11.74,6.25,4.52,11.57,5.06
"4-{[4-{[(1R,2R)-2-(dimethylamino)cyclopentyl]amino}-5-(trifluoromethyl)pyrimidin-2-yl]amino}-N-methylbenzenesulfonamide",6.32,4.55,4.25,5.43,5.81,4.98,6.33,6.41,5.06,6.48,11.43,6.03,5.42,12.19,5.59,5.4,11.89,5.13
"4-{[5-(CYCLOHEXYLAMINO)[1,2,4]TRIAZOLO[1,5-A]PYRIMIDIN-7-YL]AMINO}BENZENESULFONAMIDE",5.35,6.67,6.36,5.39,5.09,6.26,5.81,4.57,5.06,5.33,12.24,5.51,5.42,12.42,5.0,4.87,10.9,5.56
"4-{[5-(CYCLOHEXYLMETHOXY)[1,2,4]TRIAZOLO[1,5-A]PYRIMIDIN-7-YL]AMINO}BENZENESULFONAMIDE",5.39,9.66,5.39,4.08,4.95,6.19,5.36,4.17,5.06,6.47,14.45,5.93,5.58,11.6,5.53,4.65,10.87,5.44
"4-{[5-(CYCLOHEXYLOXY)[1,2,4]TRIAZOLO[1,5-A]PYRIMIDIN-7-YL]AMINO}BENZENESULFONAMIDE",5.25,7.85,4.95,4.69,4.79,6.29,6.5,4.35,5.06,5.87,7.4,5.65,5.59,12.33,5.38,4.77,10.9,5.64
4-{[5-chloro-4-(1H-indol-3-yl)pyrimidin-2-yl]amino}-N-ethylpiperidine-1-carboxamide,5.59,4.81,5.75,6.91,5.47,4.9,5.07,5.08,5.09,2.53,11.25,8.63,5.09,12.08,5.26,4.86,11.68,5.38
4R-Fluoro-N6-ethanimidoyl-L-lysine,5.6,4.86,3.33,4.73,4.46,4.93,5.18,4.59,5.1,5.54,11.6,5.04,5.05,10.71,4.44,4.77,10.87,5.1
5'-Deoxy-5'-(Methylthio)-Tubercidin,5.29,4.34,4.73,4.14,5.02,5.17,5.23,4.58,5.07,2.25,11.3,5.63,5.17,11.47,5.19,4.45,11.4,5.07
5'-Deoxy-5'-Methylthioadenosine,5.41,5.08,4.56,4.07,5.06,5.07,5.32,4.7,5.08,7.7,14.05,4.85,5.12,10.82,4.97,4.64,11.33,5.08
5'-O-(L-Cysteinylsulfamoyl)adenosine,5.91,7.14,4.7,4.76,5.11,4.97,6.84,5.08,5.08,6.79,18.61,5.36,5.05,10.76,4.87,4.78,11.17,5.16
5'-O-(N-Ethyl-Sulfamoyl)Adenosine,5.15,7.23,4.7,4.37,5.13,5.06,5.35,4.93,5.07,5.11,15.02,5.85,5.11,10.6,4.42,4.49,10.88,5.28
5'-deoxy-5'-piperidin-1-ylthymidine,5.58,7.98,4.37,4.76,5.17,5.06,5.1,4.83,5.06,15.23,11.13,4.9,5.19,10.74,3.9,4.42,11.51,5.16
5'-{[4-(aminooxy)butyl](methyl)amino}-5'-deoxy-8-ethenyladenosine,5.39,4.47,4.6,4.18,5.83,5.19,5.98,4.36,5.08,5.91,16.24,5.68,5.04,11.59,5.43,4.36,11.68,5.08
"5,5-dimethyl-2-morpholin-4-yl-5,6-dihydro-1,3-benzothiazol-7(4H)-one",5.0,8.91,5.69,4.85,5.01,5.19,6.26,4.37,5.39,7.57,11.9,5.41,6.09,11.77,4.73,4.44,10.92,5.17
"5,6,7,8-TETRAHYDRO[1]BENZOTHIENO[2,3-D]PYRIMIDIN-4(3H)-ONE",5.2,5.53,4.09,3.32,4.55,5.19,5.65,4.05,5.28,3.96,12.2,4.97,5.03,10.86,4.74,4.04,11.41,5.16
"5,6-Cyclic-Tetrahydropteridine",5.03,4.92,5.35,5.14,4.95,5.01,5.8,4.18,5.19,7.22,12.24,4.82,5.03,11.5,6.07,4.3,10.99,5.14
"5,6-DIPHENYL-N-(2-PIPERAZIN-1-YLETHYL)FURO[2,3-D]PYRIMIDIN-4-AMINE",5.39,4.07,6.17,5.49,5.43,5.05,7.5,4.71,5.05,2.46,11.26,6.8,5.05,10.9,4.92,4.89,10.94,5.14
"5,6-dichloro-1-beta-D-ribofuranosyl-1H-benzimidazole",5.22,7.39,4.97,4.21,4.6,5.02,6.14,3.87,5.81,3.35,16.15,6.07,6.29,10.62,6.25,4.43,11.21,5.13
"5,7,2′-trihydroxy-6,8-dimethoxyflavone",4.94,4.86,5.32,5.87,4.91,5.91,7.73,4.34,5.11,6.45,12.66,4.97,5.07,11.8,5.36,4.51,11.59,5.17
"5,7-DIHYDROXY-2-(3,4,5-TRIHYDROXYPHENYL)-4H-CHROMEN-4-ONE",5.11,6.07,5.05,5.02,4.87,4.87,5.87,4.65,5.05,5.61,16.41,5.97,5.08,11.5,4.56,4.77,11.44,5.16
"5,7-Dichlorokynurenicacid",5.18,7.02,4.77,5.95,4.83,5.05,4.3,4.7,5.03,7.39,18.59,5.33,5.12,10.97,4.31,4.87,11.61,5.14
"5,8-Di-Amino-1,4-Dihydroxy-Anthraquinone",5.18,3.06,6.54,6.08,4.55,5.15,4.96,4.34,5.1,5.08,10.84,6.06,5.16,13.31,6.21,4.26,11.83,5.14
"5-(2-ETHOXYETHYL)-5-[4-(4-FLUOROPHENOXY)PHENOXY]PYRIMIDINE-2,4,6(1H,3H,5H)-TRIONE",5.44,12.03,4.97,4.48,5.33,5.09,6.28,6.39,5.15,6.71,11.87,5.71,6.02,12.09,4.82,5.6,11.23,5.52
"5-(2-Fluoro-5-{(1E)-3-[3-hydroxy-2-(methoxycarbonyl)phenoxy]-1-propen-1-yl}phenyl)-1,2-oxazole-3-carboxylicacid",5.38,5.16,5.52,4.95,4.82,5.77,5.53,4.53,5.31,3.05,11.16,6.37,5.09,11.65,5.0,4.59,11.55,5.43
"5-(2-PHENYLPYRAZOLO[1,5-A]PYRIDIN-3-YL)-1H-PYRAZOLO[3,4-C]PYRIDAZIN-3-AMINE",5.37,2.39,5.94,6.79,5.38,5.75,5.82,5.22,5.08,4.59,11.27,7.08,5.03,11.58,6.37,4.61,11.28,5.05
"5-(2-chlorophenyl)-1,3,4-thiadiazole-2-sulfonamide",4.84,9.79,6.26,6.52,5.16,5.74,5.15,5.36,5.2,25.59,12.82,5.81,5.04,10.68,4.91,5.04,11.52,5.13
"5-(2-hydroxyethyl)nonane-1,9-diol",4.8,8.15,4.25,4.05,4.61,5.01,4.19,4.78,5.09,9.97,22.03,4.21,5.04,10.35,3.96,3.86,11.0,5.05
"5-(3-HYDROXYPHENYL)ISOTHIAZOL-3(2H)-ONE1,1-DIOXIDE",5.13,3.16,6.23,5.85,4.87,5.11,4.78,4.64,5.21,4.24,13.28,4.7,5.03,11.47,4.55,4.37,11.63,5.21
5-(3-{3-[3-HYDROXY-2-(METHOXYCARBONYL)PHENOXY]PROPENYL}PHENYL)-4-(HYDROXYMETHYL)ISOXAZOLE-3-CARBOXYLICACID,4.97,4.47,5.36,5.22,4.88,5.48,6.16,4.38,5.2,6.37,35.66,5.47,5.06,12.21,5.31,4.74,11.46,5.86
"5-(4-CHLORO-5-PHENYL-3-THIENYL)-1,2,5-THIADIAZOLIDIN-3-ONE1,1-DIOXIDE",5.2,2.48,6.39,6.4,4.78,5.78,5.21,4.17,5.09,4.59,11.7,6.96,5.05,11.53,4.41,4.42,10.61,5.53
"5-(4-METHOXYBIPHENYL-3-YL)-1,2,5-THIADIAZOLIDIN-3-ONE1,1-DIOXIDE",5.2,3.66,6.22,6.25,4.97,5.39,5.34,3.89,5.2,5.56,13.85,6.3,5.13,10.89,5.16,4.12,10.55,5.75
"5-(4-METHYL-BENZOYLAMINO)-BIPHENYL-3,4'-DICARBOXYLICACID3-DIMETHYLAMIDE-4'-HYDROXYAMIDE",5.63,4.77,3.88,4.81,5.15,5.26,6.54,4.59,5.05,3.89,10.95,5.55,5.08,11.52,5.37,4.71,11.43,5.05
"5-(4-Methoxyphenoxy)-2,4-Quinazolinediamine",5.18,4.5,5.42,3.86,5.27,5.0,7.27,4.65,5.08,8.78,10.41,6.99,5.03,11.25,5.0,4.61,11.37,5.05
"5-(4-Morpholin-4-Yl-Phenylsulfanyl)-2,4-Quinazolinediamine",5.25,3.99,5.1,5.95,5.25,4.86,6.45,5.07,5.09,3.81,11.55,4.91,5.08,11.41,4.76,4.28,11.45,5.63
"5-(4-PHENOXYPHENYL)-5-(4-PYRIMIDIN-2-YLPIPERAZIN-1-YL)PYRIMIDINE-2,4,6(2H,3H)-TRIONE",5.44,7.67,5.15,5.04,5.83,5.29,7.34,5.06,5.09,4.41,13.09,5.18,5.24,11.4,6.28,5.11,11.57,5.22
"5-(5-CHLORO-2,4-DIHYDROXYPHENYL)-N-ETHYL-4-(4-METHOXYPHENYL)-1H-PYRAZOLE-3-CARBOXAMIDE",5.07,6.14,7.33,6.58,5.48,5.46,6.52,5.08,5.14,6.0,11.0,6.2,5.04,10.94,6.2,5.13,11.02,5.11
"5-(5-CHLORO-2,4-DIHYDROXYPHENYL)-N-ETHYL-4-(4-METHOXYPHENYL)ISOXAZOLE-3-CARBOXAMIDE",5.14,3.61,8.42,7.52,4.95,5.48,7.39,4.73,5.3,5.28,11.61,6.3,5.09,11.45,7.76,4.59,11.49,5.12
"5-(5-CHLORO-2,4-DIHYDROXYPHENYL)-N-ETHYL-4-PIPERAZIN-1-YL-1H-PYRAZOLE-3-CARBOXAMIDE",5.41,3.15,5.74,6.29,5.67,5.21,6.63,5.59,5.07,3.63,12.38,6.7,5.04,10.45,6.2,5.24,11.57,5.1
"5-(5-CHLORO-2-THIENYL)-N-{(3S)-1-[(1S)-1-METHYL-2-MORPHOLIN-4-YL-2-OXOETHYL]-2-OXOPYRROLIDIN-3-YL}-1H-1,2,4-TRIAZOLE-3-SULFONAMIDE",5.28,3.97,6.18,5.93,5.61,4.96,5.47,5.02,5.49,6.25,13.22,6.66,5.04,11.53,4.89,4.79,11.34,6.02
"5-(5-chloro-2,4-dihydroxyphenyl)-N-ethyl-4-[4-(morpholin-4-ylmethyl)phenyl]isoxazole-3-carboxamide",5.2,7.39,8.94,8.35,5.21,5.47,7.45,5.34,5.23,6.92,19.2,6.02,5.1,11.67,8.3,4.55,11.5,5.14
"5-(5-chloro-7H-pyrrolo[2,3-d]pyrimidin-4-yl)-4,5,6,7-tetrahydro-1H-imidazo[4,5-c]pyridine",5.15,5.56,3.66,4.62,5.21,5.01,6.29,4.61,5.02,3.27,12.67,4.42,5.03,11.54,4.93,5.26,11.43,5.11
"5-(Aminomethyl)-6-(2,4-Dichlorophenyl)-2-(3,5-Dimethoxyphenyl)Pyrimidin-4-Amine",5.28,5.95,4.19,4.88,5.14,5.41,6.93,6.02,5.07,4.98,10.96,6.37,5.05,11.48,5.63,6.1,11.53,5.05
5-(DIMETHYLAMINO)-1-NAPHTHALENESULFONICACID(DANSYLACID),5.11,5.19,4.39,5.16,4.76,5.16,6.65,4.11,5.1,4.01,11.34,4.74,5.1,11.66,4.08,4.37,11.42,5.18
5-(DIMETHYLAMINO)-2-NAPHTHALENESULFONICACID,5.21,2.16,3.92,4.86,4.86,4.95,6.58,3.95,5.1,4.88,13.58,4.96,5.12,11.65,4.89,4.23,11.58,5.13
"5-(HEXAHYDRO-2-OXO-1H-THIENO[3,4-D]IMIDAZOL-6-YL)PENTANAL",5.28,6.29,5.48,5.09,5.16,4.93,6.48,4.71,5.1,4.85,10.89,5.51,5.04,11.44,5.33,4.69,11.67,5.84
"5-(dodecylthio)-1H-1,2,3-triazole-4-carboxylicacid",5.12,6.46,3.84,4.24,4.75,5.05,4.21,3.77,5.16,10.17,10.8,4.91,5.06,10.65,5.06,3.96,11.66,5.22
"5-ACETAMIDO-5,6-DIHYDRO-4-HYDROXY-6-ISOBUTOXY-4H-PYRAN-2-CARBOXYLICACID",5.15,6.41,5.98,6.59,5.75,4.93,4.85,4.42,5.09,9.4,12.56,5.43,5.04,11.97,5.62,4.14,11.34,5.16
5-ALPHA-PREGNANE-3-BETA-OL-HEMISUCCINATE,5.18,11.08,4.86,3.79,4.81,5.04,7.78,5.03,5.14,5.34,12.25,5.2,5.08,11.5,4.41,4.67,11.65,5.58
"5-AMINO-3-{[4-(AMINOSULFONYL)PHENYL]AMINO}-N-(2,6-DIFLUOROPHENYL)-1H-1,2,4-TRIAZOLE-1-CARBOTHIOAMIDE",5.71,8.71,5.43,5.89,4.94,4.94,6.48,4.52,5.06,7.57,13.13,5.05,5.76,11.94,5.07,4.84,11.56,5.06
5-AMINO-6-CYCLOHEXYL-4-HYDROXY-2-ISOBUTYL-HEXANOICACID,5.81,4.8,4.23,4.09,4.51,5.04,7.24,3.77,5.08,9.26,9.24,6.43,5.32,11.59,5.44,4.0,10.83,5.15
5-AMINO-NAPHTALENE-2-MONOSULFONATE,4.91,2.86,4.08,4.61,4.73,5.02,5.3,4.06,5.12,3.0,11.88,5.16,5.06,11.53,4.29,4.38,11.63,5.19
"5-Alpha-Androstane-3-Beta,17beta-Diol",5.05,7.86,8.09,7.71,4.79,5.06,7.03,4.95,5.08,9.66,10.46,6.03,5.05,11.62,7.49,4.78,11.04,5.69
5-Amidino-Benzimidazole,5.06,7.11,4.36,4.91,4.72,4.82,5.47,4.06,5.06,7.77,11.3,6.81,5.24,11.52,4.68,4.38,11.67,5.09
"5-Amino-1h-Pyrimidine-2,4-Dione",4.78,4.42,5.65,4.62,4.43,5.11,3.22,4.71,5.07,4.61,11.33,4.11,5.08,10.74,3.04,4.49,11.67,5.06
"5-BETA-ANDROSTANE-3,17-DIONE",5.15,6.73,7.32,6.8,5.26,4.99,6.85,5.26,5.12,10.22,13.63,6.21,5.04,11.75,5.25,4.81,11.21,5.91
"5-Bromo-N-[(2S)-2,3-dihydroxypropoxy]-3,4-difluoro-2-[(2-fluoro-4-iodophenyl)amino]benzamide",5.68,6.46,7.09,7.42,5.23,5.61,5.0,5.72,5.08,3.04,5.79,6.33,5.01,11.3,6.95,5.67,11.29,5.03
5-Bromonicotinamide,4.81,12.41,4.81,5.68,4.34,5.02,4.47,4.27,5.11,5.75,35.22,4.85,5.06,11.58,3.99,4.19,11.66,5.5
5-CHLORO-6-METHYL-N-(2-PHENYLETHYL)-2-PYRIDIN-2-YLPYRIMIDIN-4-AMINE,5.17,8.29,7.14,6.48,5.59,5.47,6.2,4.54,5.07,5.52,11.71,5.66,5.04,11.8,5.64,4.41,11.22,5.07
"5-CHLORO-N-((1R,2S)-2-(4-(2-OXOPYRIDIN-1(2H)-YL)BENZAMIDO)CYCLOPENTYL)THIOPHENE-2-CARBOXAMIDE",5.52,6.3,6.44,5.78,5.41,5.4,5.89,5.01,5.1,8.27,12.8,6.75,5.09,10.74,6.24,4.72,11.65,5.16
5-CHLORO-N-(2-(4-(2-OXOPYRIDIN-1(2H)-YL)BENZAMIDO)ETHYL)THIOPHENE-2-CARBOXAMIDE,5.2,7.87,5.86,5.88,5.19,5.43,5.4,4.66,5.08,2.64,13.68,6.16,5.08,10.62,6.01,4.94,11.64,5.48
5-CHLORO-N-{(3S)-1-[(1S)-1-METHYL-2-MORPHOLIN-4-YL-2-OXOETHYL]-2-OXOPYRROLIDIN-3-YL}-1-BENZOTHIOPHENE-2-SULFONAMIDE,5.32,6.74,6.96,7.08,6.31,4.89,5.73,5.81,5.31,23.72,8.69,6.36,5.05,12.1,5.73,5.07,11.15,5.59
"5-CHLORO-THIOPHENE-2-CARBOXYLICACID((3S,4S)-4-FLUORO-1-{[2-FLUORO-4-(2-OXO-2H-PYRIDIN-1-YL)-PHENYLCARBAMOYL]-METHYL}-PYRROLIDIN-3-YL)-AMIDE",5.76,6.21,5.26,5.47,6.15,5.44,5.46,7.22,5.3,0.73,11.85,6.68,5.27,10.83,7.1,4.57,11.1,5.65
5-CYANO-FURAN-2-CARBOXYLICACID[5-HYDROXYMETHYL-2-(4-METHYL-PIPERIDIN-1-YL)-PHENYL]-AMIDE,5.02,5.53,5.68,4.9,5.45,6.24,5.81,6.46,5.06,3.81,12.47,5.57,5.11,11.44,3.9,5.42,11.02,5.08
"5-CYANO-N-(2,5-DIMETHOXYBENZYL)-6-ETHOXYPYRIDINE-2-CARBOXAMIDE",5.19,5.18,3.7,5.69,5.33,5.32,5.11,4.65,5.06,6.4,10.88,5.57,5.04,11.49,6.22,4.55,11.35,5.08
"5-Carbamoyl-1,1':4',1''-terphenyl-3-carboxylicacid",4.99,3.99,3.1,3.27,5.01,4.82,6.52,4.08,5.09,6.19,15.61,5.48,5.04,10.95,5.38,3.99,10.56,5.26
5-Chloro-1h-Indole-2-CarboxylicAcid[1-(4-Fluorobenzyl)-2-(4-Hydroxypiperidin-1yl)-2-Oxoethyl]Amide,5.38,4.92,7.24,6.56,5.5,6.46,5.76,4.48,5.57,12.69,5.51,5.64,5.2,12.21,4.13,4.48,11.55,5.97
5-Chloro-1h-Indole-2-CarboxylicAcid{[Cyclopentyl-(2-Hydroxy-Ethyl)-Carbamoyl]-Methyl}-Amide,5.28,10.62,4.33,5.42,5.5,5.97,5.87,4.69,5.78,4.64,6.65,4.9,5.18,11.94,4.97,5.22,11.07,6.14
5-Chloro-N-{(3S)-1-[(2S)-1-(4-morpholinyl)-1-oxo-2-propanyl]-2-oxo-3-pyrrolidinyl}-1H-indole-2-sulfonamide,5.53,3.22,5.11,4.5,6.18,4.81,5.73,5.06,5.6,3.86,14.35,8.31,5.03,11.64,6.67,4.72,11.45,6.08
"5-Chloro-thiophene-2-carboxylicacid((3S,4S)-1-{[2-fluoro-4-(2-oxo-2H-pyridin-1-yl)-phenylcarbamoyl]-methyl}-4-hydroxy-pyrrolidin-3-yl)-amide",5.59,6.8,5.42,5.15,6.13,5.47,5.85,6.34,5.33,3.67,10.71,6.91,5.24,11.41,6.14,4.55,11.32,5.21
"5-Chloryl-2,4,6-Quinazolinetriamine",5.18,,3.16,3.29,4.31,5.16,6.28,3.9,5.07,,,5.17,5.03,10.09,3.49,4.0,10.82,5.09
"5-ETHYL-3-METHYL-1,5-DIHYDRO-4H-PYRAZOLO[4,3-C]QUINOLIN-4-ONE",4.97,2.32,4.43,4.44,4.93,4.99,4.77,4.33,5.5,4.29,14.59,4.91,5.02,11.6,5.88,4.15,11.5,6.12
"5-FLUORO-1-[4-(4-PHENYL-3,6-DIHYDROPYRIDIN-1(2H)-YL)BUTYL]QUINAZOLINE-2,4(1H,3H)-DIONE",5.2,4.32,5.15,5.03,5.28,5.09,6.44,4.66,5.48,5.23,11.65,5.59,5.04,11.7,4.99,4.88,11.53,5.74
5-HYDROXY-2-(4-HYDROXYPHENYL)-1-BENZOFURAN-7-CARBONITRILE,5.11,3.34,4.12,3.71,5.05,4.82,5.9,5.75,5.01,4.43,11.47,6.62,5.04,10.96,4.96,4.87,11.62,5.17
5-HYDROXY-3-[(1R)-1-(1H-PYRROL-2-YL)ETHYL]-2H-INDOL-2-ONE,5.36,5.02,3.39,4.13,5.21,5.21,5.73,4.25,5.25,2.47,14.63,6.05,5.1,11.3,6.49,4.64,11.7,5.58
"5-Heptyl-6-hydroxy-1,3-benzothiazole-4,7-dione",4.97,3.76,5.46,5.93,5.13,5.33,6.32,4.78,5.05,5.33,15.52,4.57,5.32,11.69,4.18,4.7,10.81,5.08
5-Hydroxy-N-Propargyl-1(R)-Aminoindan,5.13,5.78,5.97,5.71,5.46,5.0,5.58,5.78,5.05,6.94,11.16,5.18,5.04,11.02,4.57,4.81,11.22,5.09
5-Hydroxymethyl-Chonduritol,4.9,2.89,3.7,3.7,4.51,5.15,4.71,4.15,5.09,4.21,12.17,5.46,5.14,11.41,4.99,4.13,11.38,5.22
5-Iodouracil,4.78,3.61,6.21,5.87,4.72,5.11,3.1,4.89,5.06,5.44,13.56,4.26,5.1,11.31,4.65,4.58,11.58,5.09
"5-METHYL-3-(9-OXO-1,8-DIAZA-TRICYCLO[10.6.1.013,18]NONADECA-12(19),13,15,17-TETRAEN-10-YLCARBAMOYL)-HEXANOICACID",5.94,9.8,6.39,6.45,6.05,5.12,7.04,5.41,5.16,2.74,7.83,5.92,5.0,11.62,5.05,5.28,11.59,5.23
"5-Methoxy-1,2-Dimethyl-3-(4-Nitrophenoxymethyl)Indole-4,7-Dione",5.54,7.44,6.11,5.97,4.94,4.99,6.48,4.4,5.08,7.41,12.2,5.08,5.13,11.72,6.06,4.41,11.38,5.33
"5-Methoxy-1,2-Dimethyl-3-(Phenoxymethyl)Indole-4,7-Dione",5.41,6.33,5.82,5.45,5.05,5.17,6.0,4.43,5.08,6.05,13.32,5.62,5.07,11.73,5.89,4.39,11.33,5.22
"5-Methyl-5-(4-Phenoxy-Phenyl)-Pyrimidine-2,4,6-Trione",5.27,6.2,3.55,4.26,5.04,5.65,6.94,4.5,5.08,5.3,11.97,4.96,5.04,11.79,4.52,4.81,11.3,5.24
5-N-Allyl-Arginine,5.07,4.49,4.07,4.39,4.57,5.06,6.58,4.09,5.06,4.48,13.6,4.54,5.08,10.65,3.75,4.41,10.75,5.68
5-Nitroindazole,4.89,4.64,4.4,3.86,4.79,4.94,5.34,4.26,5.02,4.21,11.22,4.76,5.19,11.52,4.07,4.44,11.47,5.15
5-O-phosphono-alpha-D-ribofuranosyldiphosphate,5.27,6.8,3.29,3.5,4.91,4.93,5.9,4.33,5.09,3.23,11.44,6.19,5.07,12.07,3.62,4.42,11.14,5.33
"5-Phenylsulfanyl-2,4-Quinazolinediamine",5.02,7.95,5.04,6.06,4.99,5.1,6.27,4.87,5.07,5.43,21.06,4.61,5.03,11.4,4.72,4.53,11.01,5.12
5-PhosphoarabinonicAcid,5.16,5.15,3.71,4.31,4.61,5.05,5.16,3.22,5.08,5.8,11.46,4.11,5.08,11.29,4.34,3.95,11.07,5.09
"5-QUINOXALIN-6-YLMETHYLENE-THIAZOLIDINE-2,4-DIONE",5.23,3.26,3.07,3.69,4.59,4.83,6.53,4.58,5.15,4.75,14.78,6.51,5.05,11.64,4.75,4.54,11.46,5.78
5-Thio-a/B-D-Mannopyranosylamine,4.87,9.53,3.01,3.73,4.98,5.14,4.48,3.93,5.1,13.01,10.56,4.6,5.05,11.33,6.62,3.83,11.42,5.63
"5-[(1S)-1-(3-chlorophenyl)ethoxy]quinazoline-2,4-diamine",5.32,3.12,4.56,5.25,5.25,4.99,6.21,4.91,5.1,4.63,11.29,7.05,5.08,11.45,4.51,5.76,11.28,5.32
5-[(2-AMINOETHYL)AMINO]-6-FLUORO-3-(1H-PYRROL-2-YL)BENZO[CD]INDOL-2(1H)-ONE,5.3,5.36,4.03,4.46,5.53,5.16,4.93,5.32,5.32,11.12,15.65,6.7,5.72,11.58,6.32,5.49,11.64,5.66
5-[(2-methyl-5-{[3-(trifluoromethyl)phenyl]carbamoyl}phenyl)amino]pyridine-3-carboxamide,5.36,5.06,5.52,6.31,5.3,4.93,6.28,4.94,5.03,6.95,39.49,6.75,5.08,11.84,4.98,5.41,11.38,5.01
"5-[(3R)-3-(5-methoxy-2',6'-dimethylbiphenyl-3-yl)but-1-yn-1-yl]-6-methylpyrimidine-2,4-diamine",5.72,13.01,5.62,5.39,5.45,5.11,6.92,6.01,5.08,2.8,13.23,5.91,5.07,11.6,4.58,5.52,11.63,5.04
"5-[(3R)-3-(5-methoxy-3',5'-dimethylbiphenyl-3-yl)but-1-yn-1-yl]-6-methylpyrimidine-2,4-diamine",5.51,5.25,5.71,4.97,5.55,4.97,7.91,5.79,5.08,5.26,12.97,7.15,5.15,11.55,4.53,5.5,11.61,5.03
"5-[(3R)-3-(5-methoxy-4'-methylbiphenyl-3-yl)but-1-yn-1-yl]-6-methylpyrimidine-2,4-diamine",5.47,4.59,5.5,5.61,5.62,4.95,7.76,5.85,5.09,6.32,12.46,5.52,5.13,11.55,4.79,5.45,11.59,5.03
"5-[(3R)-3-(5-methoxybiphenyl-3-yl)but-1-yn-1-yl]-6-methylpyrimidine-2,4-diamine",5.43,2.96,5.2,4.34,5.52,5.43,7.87,5.8,5.08,6.43,11.46,7.02,5.15,11.55,4.58,5.33,11.46,5.04
"5-[(4-AMINOCYCLOHEXYL)AMINO]-7-(PROPAN-2-YLAMINO)PYRAZOLO[1,5-A]PYRIMIDINE-3-CARBONITRILE",5.71,3.29,7.91,7.72,5.22,5.28,7.35,5.83,5.06,4.31,13.61,6.78,5.03,11.6,7.72,4.79,11.62,5.57
"5-[(4-Methylphenyl)Sulfanyl]-2,4-Quinazolinediamine",5.08,3.86,5.09,6.26,5.03,5.05,7.18,5.13,5.07,19.81,12.3,5.37,5.03,11.55,4.77,4.7,11.53,5.05
"5-[(E)-(5-CHLORO-2-OXO-1,2-DIHYDRO-3H-INDOL-3-YLIDENE)METHYL]-N-[2-(DIETHYLAMINO)ETHYL]-2,4-DIMETHYL-1H-PYRROLE-3-CARBOXAMIDE",5.37,5.64,5.56,6.39,5.73,5.2,6.04,4.66,5.87,4.73,12.33,5.75,5.8,12.38,5.84,4.85,11.98,6.63
"5-[(Z)-(5-Chloro-2-oxo-1,2-dihydro-3H-indol-3-ylidene)methyl]-N,2,4-trimethyl-1H-pyrrole-3-carboxamide",5.37,5.89,5.49,5.53,5.72,5.27,5.87,4.22,5.61,8.3,16.32,6.74,5.74,12.41,5.84,4.8,11.69,6.44
"5-[(phenylsulfonyl)amino]-1,3,4-thiadiazole-2-sulfonamide",5.22,3.42,5.48,6.5,5.04,5.35,5.41,5.25,5.11,4.19,12.82,5.82,5.2,11.28,4.24,4.99,11.74,5.34
"5-[1-(3,4-Dimethoxy-Benzoyl)-1,2,3,4-Tetrahydro-Quinolin-6-Yl]-6-Methyl-3,6-Dihydro-[1,3,4]Thiadiazin-2-One",5.16,5.08,6.46,6.32,4.96,5.71,6.53,4.55,5.05,5.6,19.55,6.99,5.35,11.54,6.32,4.51,11.2,5.13
"5-[1-(4-methoxyphenyl)-1H-benzimidazol-6-yl]-1,3,4-oxadiazole-2(3H)-thione",5.26,9.49,5.43,5.8,5.19,4.93,5.52,4.59,5.08,2.42,16.19,6.61,5.04,11.34,4.98,4.75,11.49,5.09
5-[2-(1H-pyrrol-1-yl)ethoxy]-1H-indole,5.05,6.6,3.62,3.64,4.71,4.85,6.17,4.06,5.08,6.31,13.14,5.52,5.09,11.51,5.55,4.0,11.54,5.11
"5-[2-(4-hydroxyphenyl)ethyl]benzene-1,3-diol",4.94,3.46,4.27,4.83,4.98,4.96,6.4,4.32,5.04,3.66,32.4,5.78,5.05,11.85,4.48,4.13,11.35,5.07
"5-[3-(2,5-dimethoxyphenyl)prop-1-yn-1-yl]-6-ethylpyrimidine-2,4-diamine",5.19,6.95,4.95,4.63,5.38,5.17,6.22,5.42,5.08,14.85,11.11,5.84,5.19,11.85,6.83,5.56,11.18,5.04
"5-[3-(2-METHOXYPHENYL)-1H-PYRROLO[2,3-B]PYRIDIN-5-YL]-N,N-DIMETHYLPYRIDINE-3-CARBOXAMIDE",5.15,4.72,4.63,6.09,5.68,5.08,5.59,4.97,5.07,4.27,12.12,6.4,5.04,11.58,5.7,4.98,11.61,5.22
5-[3-(BENZYLAMINO)PHENYL]-4-BROMO-3-(CARBOXYMETHOXY)THIOPHENE-2-CARBOXYLICACID,5.35,4.33,6.07,5.14,5.34,5.13,5.33,4.05,5.06,2.32,11.82,5.19,5.2,11.35,5.71,4.41,11.62,5.13
5-[4-(1-Carboxymethyl-2-Oxo-Propylcarbamoyl)-Benzylsulfamoyl]-2-Hydroxy-BenzoicAcid,5.18,4.07,4.29,4.49,4.77,6.24,6.05,4.07,5.06,5.25,23.94,4.42,5.07,11.6,4.63,4.02,11.07,5.07
"5-[4-(2-Hydroxyethyl)-1-piperidinyl]-5-phenyl-2,4,6(1H,3H,5H)-pyrimidinetrione",5.39,4.52,5.76,5.06,4.96,6.35,5.1,4.54,5.12,4.63,10.3,6.7,5.03,11.94,5.28,4.41,11.62,5.37
"5-[4-Tert-Butylphenylsulfanyl]-2,4-Quinazolinediamine",5.18,5.54,4.73,5.69,5.09,4.85,7.42,4.89,5.06,5.54,18.37,7.04,5.02,11.57,4.85,4.65,11.56,5.09
"5-[5,6-BIS(METHYLOXY)-1H-BENZIMIDAZOL-1-YL]-3-{[1-(2-CHLOROPHENYL)ETHYL]OXY}-2-THIOPHENECARBOXAMIDE",5.2,5.71,5.03,5.06,6.14,5.99,7.88,6.22,5.08,3.62,10.5,5.89,5.08,12.09,5.03,6.19,11.4,5.43
"5-amino-2,4,6-tribromobenzene-1,3-dicarboxylicacid",5.3,7.05,4.28,4.46,5.33,5.06,5.1,4.71,5.49,5.29,12.18,4.58,5.07,11.68,4.98,4.57,11.56,6.04
5-androstenedione,5.33,5.86,6.74,6.46,4.86,5.0,6.2,4.63,5.12,5.02,19.03,5.86,5.24,10.75,5.06,4.4,11.35,5.4
"5-benzyl-1,3-thiazol-2-amine",4.96,4.71,5.11,5.28,4.51,5.25,4.23,4.4,5.1,5.88,14.33,4.4,5.1,11.86,4.69,4.4,11.6,5.1
5-beta-D-ribofuranosylnicotinamideadeninedinucleotide,5.12,4.36,5.53,5.41,5.46,4.95,6.48,4.84,5.09,5.61,12.38,6.1,5.05,11.41,5.67,4.46,11.14,5.12
5-bromo-N-(3-chloro-2-(4-(prop-2-ynyl)piperazin-1-yl)phenyl)furan-2-carboxamide,5.25,3.29,4.88,4.71,4.94,4.85,6.66,5.08,5.11,3.11,11.27,5.97,5.11,10.78,5.15,4.74,11.33,5.17
5-chloro-N-[(3R)-1-(2-{[2-fluoro-4-(2-oxopyridin-1(2H)-yl)phenyl]amino}-2-oxoethyl)pyrrolidin-3-yl]thiophene-2-carboxamide,5.61,7.43,4.29,5.21,5.96,5.33,5.12,6.11,5.08,10.23,11.22,7.54,5.31,11.09,6.71,4.58,11.24,5.63
"5-chloro-N-{4-[(1R)-1,2-dihydroxyethyl]phenyl}-1H-indole-2-carboxamide",5.24,2.84,4.71,5.68,4.67,5.46,6.25,4.1,5.85,2.91,10.4,6.26,5.19,11.31,5.23,4.14,11.57,5.76
"5-ethoxy-4-(1-methyl-7-oxo-3-propyl-6,7-dihydro-1H-pyrazolo[4,3-d]pyrimidin-5-yl)thiophene-2-sulfonamide",5.43,7.59,7.07,6.41,5.4,5.11,5.82,7.05,5.07,3.08,8.65,4.38,5.04,11.54,6.62,4.62,11.35,5.16
5-fluoro-beta-L-gulosylfluoride,5.18,4.8,3.8,4.32,4.65,5.07,5.66,4.32,5.13,6.57,15.12,4.76,5.05,10.29,3.29,4.2,11.3,5.41
5-fluorotryptophan,5.18,6.16,4.65,6.76,4.63,5.03,5.69,4.68,5.08,5.19,12.2,6.1,5.04,11.46,4.41,4.56,11.37,5.29
5-fluorouridine,5.45,6.75,3.95,4.43,4.82,5.1,4.34,4.68,5.79,3.54,11.07,4.54,5.45,10.67,4.49,4.41,10.77,6.09
"5-hydroxymethyl-5,6-dihydrofolicacid",5.25,3.99,5.4,4.49,4.61,4.85,5.82,4.29,5.06,2.75,13.73,4.72,5.04,11.66,6.03,4.47,10.97,5.06
5-hydroxynaphthalene-1-sulfonamide,4.95,6.8,4.58,4.68,4.87,5.11,5.34,4.37,5.09,5.19,13.08,5.72,5.05,11.37,5.99,4.55,11.58,5.3
5-hydroxyvalericacid,4.76,8.78,3.25,3.32,4.3,5.09,4.38,3.89,5.18,2.59,8.28,3.34,5.04,10.37,4.88,3.81,11.52,5.24
5-iodotubercidin,5.28,9.21,3.79,4.07,4.67,5.01,5.57,5.06,5.47,10.15,13.71,6.27,5.05,11.47,6.13,4.42,11.45,5.12
"5-methoxy-N,N-dimethyltryptamine",5.04,8.56,6.35,6.89,5.45,5.04,4.84,4.93,5.08,4.64,11.97,4.55,5.04,11.53,4.93,4.73,11.65,5.1
"5-methyl-N-[4-(trifluoromethyl)phenyl][1,2,4]triazolo[1,5-a]pyrimidin-7-amine",5.61,2.91,6.38,5.71,4.62,4.91,5.91,4.18,5.03,3.42,11.42,5.38,5.04,12.11,5.05,4.46,11.27,5.09
5-methyltetrahydrofolicacid,5.38,6.73,5.07,4.94,4.86,4.89,5.97,4.3,5.08,8.35,11.35,5.53,5.03,11.62,5.01,4.53,10.92,5.07
5-monophosphate-9-beta-D-ribofuranosylxanthine,5.38,7.57,3.48,4.04,4.47,4.98,5.96,3.98,5.1,11.5,12.37,5.12,5.04,10.71,4.88,4.76,11.11,5.15
5-phenyl-1H-indazol-3-amine,4.9,5.58,5.07,3.68,4.99,4.87,5.53,4.29,5.23,6.02,11.54,4.74,5.05,10.73,4.01,4.16,11.53,5.17
5-phospho-D-arabinohydroxamicacid,4.89,1.8,4.22,4.55,5.29,5.05,2.81,3.58,5.07,4.24,13.73,4.37,5.1,11.61,6.26,4.19,11.52,5.08
"5-{3-[3-(2,4-DICHLORO-BENZOYL)-UREIDO]-2-METHYL-PHENOXY}-PENTANOICACID",5.08,3.44,5.13,6.41,5.29,4.83,6.28,4.43,5.11,17.67,12.32,6.37,5.92,11.5,4.64,4.47,11.41,5.46
"5-{4-[(3,5-DIFLUOROBENZYL)AMINO]PHENYL}-6-ETHYLPYRIMIDINE-2,4-DIAMINE",5.57,6.54,6.9,4.57,5.18,4.99,7.02,5.29,5.06,5.53,18.87,6.41,5.08,11.49,5.09,4.85,11.56,5.03
"5-{[(4-AMINO-3-CHLORO-5-FLUOROPHENYL)SULFONYL]AMINO}-1,3,4-THIADIAZOLE-2-SULFONAMIDE",5.13,5.5,5.49,4.54,5.17,5.05,5.9,5.83,5.08,2.3,11.13,5.05,5.44,10.94,4.93,4.91,11.21,5.21
"5-{[1-(2,3-dichlorobenzyl)piperidin-4-yl]methoxy}quinazoline-2,4-diamine",5.66,6.19,4.71,5.61,5.64,5.08,7.15,5.81,5.05,8.42,14.43,5.67,5.03,11.38,4.51,4.91,11.01,5.17
"5-{[1-(2-fluorobenzyl)piperidin-4-yl]methoxy}quinazoline-2,4-diamine",5.39,3.34,4.78,5.07,5.77,5.03,5.51,5.1,5.05,2.82,20.35,5.79,5.07,11.36,4.83,5.12,11.14,5.11
5beta-dihydrotestosterone,5.12,8.58,8.91,8.49,4.96,5.06,7.2,5.7,5.06,3.74,13.39,5.36,5.06,11.68,7.56,4.89,11.12,5.2
"6,6-DIMETHYL-1-[3-(2,4,5-TRICHLOROPHENOXY)PROPOXY]-1,6-DIHYDRO-1,3,5-TRIAZINE-2,4-DIAMINE",5.32,3.36,5.4,4.85,6.17,5.08,5.75,5.27,5.17,4.17,11.04,4.41,5.04,10.83,7.16,6.46,11.52,5.45
"6-(1,1-Dimethylallyl)-2-(1-Hydroxy-1-Methylethyl)-2,3-Dihydro-7h-Furo[3,2-G]Chromen-7-One",5.06,2.1,7.18,6.68,4.96,5.05,5.83,4.63,5.08,6.49,11.36,5.63,5.04,11.63,5.16,5.07,11.63,5.15
"6-(2,4-DIAMINO-6-ETHYLPYRIMIDIN-5-YL)-4-(3-METHOXYPROPYL)-2,2-DIMETHYL-2H-1,4-BENZOXAZIN-3(4H)-ONE",5.16,4.04,6.64,4.36,5.15,5.21,6.2,4.76,5.08,2.56,11.04,6.21,5.23,11.36,6.8,4.83,11.35,5.15
"6-(2,6-DICHLOROPHENYL)-2-{[3-(HYDROXYMETHYL)PHENYL]AMINO}-8-METHYLPYRIDO[2,3-D]PYRIMIDIN-7(8H)-ONE",5.27,5.75,7.59,7.05,5.44,4.82,6.15,5.32,5.0,2.75,6.64,6.99,5.25,11.8,5.08,4.89,11.79,5.06
6-(2-HYDROXY-CYCLOPENTYL)-7-OXO-HEPTANAMIDINE,5.21,2.56,3.48,4.54,4.59,5.2,6.07,4.52,5.08,5.5,8.62,5.34,5.07,11.59,6.21,4.55,10.83,5.14
"6-(2-fluorophenyl)-N-(pyridin-3-ylmethyl)imidazo[1,2-a]pyrazin-8-amine",5.23,3.18,5.11,5.59,4.66,5.24,6.46,4.46,5.03,3.8,11.63,6.25,5.04,11.17,5.91,4.65,10.57,5.04
"6-(3,4-DIHYDROXYBENZYL)-3-ETHYL-1-(2,4,6-TRICHLOROPHENYL)-1H-PYRAZOLO[3,4-D]PYRIMIDIN-4(5H)-ONE",5.5,4.68,6.7,6.55,4.96,5.24,5.89,5.05,5.28,4.82,14.8,6.76,5.04,11.26,5.33,5.09,11.43,5.9
6-(3-AMINOPHENYL)-N-(TERT-BUTYL)-2-(TRIFLUOROMETHYL)QUINAZOLIN-4-AMINE,5.26,3.17,4.86,4.38,5.25,4.88,6.48,4.64,5.05,5.74,10.84,6.27,5.03,11.53,5.66,4.62,11.46,5.1
"6-(3-AMINOPROPYL)-4,9-DIMETHYLPYRROLO[3,4-C]CARBAZOLE-1,3(2H,6H)-DIONE",5.81,4.63,5.07,5.19,5.33,4.91,4.82,5.07,5.12,13.12,11.33,4.91,6.6,11.52,6.03,4.52,11.77,5.03
"6-(3-BROMO-2-NAPHTHYL)-1,3,5-TRIAZINE-2,4-DIAMINE",4.89,3.1,4.11,4.74,4.96,5.37,5.43,4.66,5.07,4.78,14.61,5.55,5.07,11.65,4.34,4.3,11.46,5.05
"6-(3-METHYL-1,4-DIOXO-1,4-DIHYDRONAPHTHALEN-2-YL)HEXANOICACID",5.06,5.99,4.0,3.75,4.71,4.99,5.29,4.36,5.09,16.31,18.03,5.25,5.07,11.98,4.83,4.48,10.57,5.7
"6-(4-{(1S,2S)-2-AMINO-1-[(DIMETHYLAMINO)CARBONYL]-3-[(3S)-3-FLUOROPYRROLIDIN-1-YL]-3-OXOPROPYL}PHENYL)-1H-[1,2,4]TRIAZOLO[1,5-A]PYRIDIN-4-IUM",6.12,2.88,3.62,4.17,5.67,4.83,5.48,5.09,5.06,6.08,10.38,7.4,5.04,11.55,7.05,4.85,11.35,5.19
"6-(4-{[2-(3-iodobenzyl)-3-oxocyclohex-1-en-1-yl]amino}phenyl)-5-methyl-4,5-dihydropyridazin-3(2H)-one",5.68,14.72,5.6,5.84,5.43,5.22,5.21,8.04,5.07,13.78,23.66,6.2,5.04,11.81,5.63,7.44,11.45,5.08
"6-(5-BROMO-2-HYDROXYPHENYL)-2-OXO-4-PHENYL-1,2-DIHYDROPYRIDINE-3-CARBONITRILE",5.23,6.11,5.13,5.36,5.16,5.16,7.12,5.51,5.36,7.55,12.91,6.37,5.06,11.76,5.52,4.76,11.63,5.52
6-(CYCLOHEXYLMETHOXY)-8-ISOPROPYL-9H-PURIN-2-AMINE,5.43,3.32,3.81,4.25,4.76,4.96,5.04,4.33,5.05,3.83,13.92,4.39,5.08,11.34,5.63,4.65,11.4,5.17
6-(Hydroxyethyldithio)-8-(Aminomethylthio)OctanoicAcid,4.93,4.19,3.94,3.98,4.48,4.93,5.36,4.26,5.24,2.82,12.21,4.2,5.09,10.49,4.15,4.43,11.63,5.83
6-(N-Phenylcarbamyl)-2-Naphthalenecarboxamidine,5.18,2.1,4.3,4.69,4.78,5.03,5.94,4.37,5.04,5.57,8.57,5.48,5.07,11.59,5.59,4.13,11.37,5.13
6-(Oxalyl-Amino)-1h-Indole-5-CarboxylicAcid,4.98,2.18,4.52,4.15,4.56,5.21,4.45,4.07,5.08,4.96,16.9,5.45,5.42,11.62,3.9,4.18,11.53,5.1
6-(cyclohexylamino)-9-[2-(4-methylpiperazin-1-yl)-ethyl]-9H-purine-2-carbonitrile,5.38,5.38,7.23,6.0,5.4,5.1,6.26,6.39,5.11,3.16,10.95,5.41,5.05,11.68,4.98,5.81,11.06,5.42
"6-AMINO-BENZO[DE]ISOQUINOLINE-1,3-DIONE",4.99,8.07,3.97,3.9,4.94,5.2,5.4,4.62,5.57,6.67,14.61,5.85,5.1,11.65,6.05,4.64,11.11,5.84
"6-Aminohexyl-uridine-C1,5'-diphosphate",5.45,6.26,5.79,5.75,4.97,4.93,7.46,4.14,5.09,3.0,16.55,6.12,5.31,10.55,4.23,4.3,11.09,5.12
"6-BROMO-13-THIA-2,4,8,12,19-PENTAAZATRICYCLO[12.3.1.1~3,7~]NONADECA-1(18),3(19),4,6,14,16-HEXAENE13,13-DIOXIDE",5.15,5.16,5.69,6.37,6.42,4.92,6.27,4.57,5.18,5.47,18.28,4.96,6.2,13.24,5.83,4.42,10.9,5.4
6-CARBAMIMIDOYL-2-[2-HYDROXY-5-(3-METHOXY-PHENYL)-INDAN-1-YL]-HEXANOICACID,5.22,5.91,4.34,6.14,5.77,4.86,5.34,4.61,5.11,7.8,9.94,6.42,5.03,11.42,6.39,4.45,11.22,5.13
6-CARBAMIMIDOYL-2-[2-HYDROXY-6-(4-HYDROXY-PHENYL)-INDAN-1-YL]-HEXANOICACID,5.31,9.13,4.68,4.51,6.15,4.79,5.9,4.29,5.09,7.24,7.86,6.92,5.03,11.86,6.75,4.6,10.85,5.13
6-CARBAMIMIDOYL-4-(3-HYDROXY-2-METHYL-BENZOYLAMINO)-NAPHTHALENE-2-CARBOXYLICACIDMETHYLESTER,5.2,2.91,5.68,5.01,5.0,4.83,6.58,5.62,5.12,3.63,12.08,6.44,5.16,11.67,4.53,4.92,11.53,5.09
6-CHLORO-3-(3-METHYLISOXAZOL-5-YL)-4-PHENYLQUINOLIN-2(1H)-ONE,5.25,6.94,4.9,5.6,5.46,5.19,6.47,4.38,5.44,2.85,10.8,7.35,5.1,11.65,5.12,4.35,11.31,6.04
"6-CHLORO-3-(DICHLOROMETHYL)-3,4-DIHYDRO-2H-1,2,4-BENZOTHIADIAZINE-7-SULFONAMIDE1,1-DIOXIDE",5.57,5.77,5.69,6.59,5.08,4.87,7.2,4.71,5.23,6.84,11.46,4.78,5.08,11.59,7.4,4.57,11.69,6.05
"6-CHLORO-9-HYDROXY-1,3-DIMETHYL-1,9-DIHYDRO-4H-PYRAZOLO[3,4-B]QUINOLIN-4-ONE",5.1,3.13,4.58,6.33,4.77,5.04,6.14,4.11,5.07,4.14,17.37,7.78,5.04,11.48,5.83,4.25,11.38,5.06
6-CHLORO-N-{(3S)-1-[(1S)-1-METHYL-2-(4-MORPHOLINYL)-2-OXOETHYL]-2-OXO-3-PYRROLIDINYL}-2-NAPHTHALENESULFONAMIDE,5.68,4.72,5.43,4.08,5.97,4.78,5.63,4.63,5.56,3.09,7.22,7.86,5.06,12.13,4.85,4.71,11.42,5.95
6-CHLORO-N-{(3S)-1-[(1S)-1-METHYL-2-MORPHOLIN-4-YL-2-OXOETHYL]-2-OXOPYRROLIDIN-3-YL}-1-BENZOTHIOPHENE-2-SULFONAMIDE,5.37,4.93,5.62,6.58,6.39,4.94,5.65,6.14,5.55,17.87,11.9,6.36,5.04,12.03,5.6,5.47,11.13,5.66
6-CYCLOHEXYLMETHOXY-2-(3'-CHLOROANILINO)PURINE,5.25,3.22,4.79,5.45,5.33,4.93,4.34,4.59,5.06,2.86,12.35,5.63,5.23,11.81,5.98,4.45,10.8,5.09
6-CYCLOHEXYLMETHYLOXY-2-(4'-HYDROXYANILINO)PURINE,5.24,5.93,5.67,4.82,5.49,4.88,4.66,4.26,5.04,13.99,12.21,5.59,5.67,11.82,6.37,4.68,10.7,5.08
"6-CYCLOHEXYLMETHYLOXY-5-NITROSO-PYRIMIDINE-2,4-DIAMINE",5.03,9.48,4.47,4.42,4.81,4.94,3.37,3.93,5.06,4.83,14.84,4.52,5.04,11.45,4.99,3.94,10.97,5.06
6-Carboxymethyluracil,5.09,2.25,4.1,4.32,4.35,5.11,4.89,4.2,5.09,4.85,12.2,3.62,5.03,10.75,3.84,4.05,11.5,5.38
6-Chloro-2-(2-Hydroxy-Biphenyl-3-Yl)-1h-Indole-5-Carboxamidine,5.15,7.07,6.38,5.53,5.49,5.12,6.88,4.32,5.17,2.94,11.28,7.07,5.03,10.87,5.67,4.92,11.7,5.14
"6-ChloropurineRiboside,5'-Monophosphate",5.34,5.14,3.49,3.9,4.88,5.01,5.41,5.19,5.18,5.49,13.33,3.38,5.05,10.67,5.02,4.47,11.03,5.13
6-DeoxyerythronolideB,5.22,6.75,6.72,5.68,5.11,4.93,5.65,4.42,5.09,8.74,4.42,5.4,5.21,11.52,5.38,4.23,11.6,5.14
"6-ETHYL-5-PHENYLPYRIMIDINE-2,4-DIAMINE",5.03,2.8,7.44,5.99,4.92,5.7,4.85,5.03,5.07,2.58,10.57,6.67,5.07,11.57,3.79,4.72,11.52,5.05
"6-ETHYL-5-[9-(3-METHOXYPROPYL)-9H-CARBAZOL-2-YL]PYRIMIDINE-2,4-DIAMINE",5.15,5.42,7.29,5.33,5.17,5.65,6.62,4.89,5.08,5.81,11.53,7.06,5.04,11.67,5.56,4.65,11.55,5.05
6-FLUORO-2-[2-HYDROXY-3-(2-METHYL-CYCLOHEXYLOXY)-PHENYL]-1H-INDOLE-5-CARBOXAMIDINE,5.61,17.73,6.19,5.77,5.69,5.16,6.76,4.78,5.07,10.17,12.36,6.04,5.1,10.85,6.81,5.06,10.97,5.18
"6-HYDROXY-1,3-BENZOTHIAZOLE-2-SULFONAMIDE",5.14,4.86,7.58,7.02,4.84,5.66,5.21,7.49,5.07,4.26,24.81,6.62,5.12,11.65,4.78,6.04,11.64,5.09
"6-Hydroxy-5-undecyl-4,7-benzothiazoledione",5.14,10.43,5.76,6.18,5.38,5.08,5.64,4.62,5.06,9.81,17.03,5.33,5.19,11.79,3.98,4.86,11.27,5.07
6-Hydroxy-6-Methyl-Heptan-3-One,4.84,9.36,5.08,5.83,4.38,5.05,4.95,4.38,5.08,17.11,12.16,3.36,5.1,10.6,4.77,4.16,11.52,5.17
"6-METHYL-2(PROPANE-1-SULFONYL)-2H-THIENO[3,2-D][1,2,3]DIAZABORININ-1-OL",4.96,6.83,3.9,4.58,5.22,5.15,5.34,4.63,5.07,8.22,12.03,5.89,5.04,10.96,4.3,4.44,11.63,5.14
6-MORPHOLIN-4-YL-9H-PURINE,5.15,4.86,5.49,4.49,4.94,5.07,4.4,4.35,5.03,4.51,12.74,5.37,5.06,11.55,3.79,4.57,11.42,5.09
6-Nitroindazole,4.93,6.52,4.1,4.74,4.97,4.88,4.63,4.37,5.06,5.45,15.27,5.85,5.03,11.43,4.22,4.42,11.62,5.07
6-O-CyclohexylmethylGuanine,5.13,4.38,4.08,4.21,4.72,5.0,5.29,3.94,5.05,2.8,9.3,4.5,5.14,11.25,5.86,4.34,10.62,5.14
6-O-PhosphorylInosineMonophosphate,5.65,5.72,2.74,2.7,4.93,5.06,5.34,5.43,5.07,5.87,11.09,4.36,5.05,11.36,4.71,4.47,11.2,5.14
6-O-benzylguanine,5.08,4.96,4.17,4.58,4.82,5.06,5.07,4.61,5.07,6.2,12.2,4.41,5.04,11.55,4.65,4.39,11.23,5.06
"6-PHENYL[5H]PYRROLO[2,3-B]PYRAZINE",5.15,3.42,3.84,4.35,5.15,4.82,5.73,4.48,5.05,4.8,11.73,6.43,5.04,11.76,6.68,4.59,11.58,5.07
6-[(5-CHLORO-3-METHYL-1-BENZOFURAN-2-YL)SULFONYL]PYRIDAZIN-3(2H)-ONE,4.99,4.58,4.76,4.33,5.9,4.95,6.21,5.26,5.08,4.9,10.38,5.22,5.06,11.95,7.05,5.27,11.4,5.53
6-[(Z)-AMINO(IMINO)METHYL]-N-[3-(CYCLOPENTYLOXY)PHENYL]-2-NAPHTHAMIDE,5.25,3.08,5.19,5.17,4.9,4.87,5.91,4.35,5.03,4.18,11.18,5.98,5.12,11.56,5.87,4.23,11.1,5.07
6-[(Z)-Amino(Imino)Methyl]-N-[4-(Aminomethyl)Phenyl]-4-(Pyrimidin-2-Ylamino)-2-Naphthamide,5.36,5.13,5.74,5.32,5.62,4.9,7.39,4.52,5.03,3.42,11.66,5.77,5.08,12.3,6.16,4.96,11.58,5.03
"6-[1-(3,5,5,8,8-Pentamethyl-5,6,7,8-Tetrahydronaphthalen-2-Yl)Cyclopropyl]Pyridine-3-CarboxylicAcid",5.32,6.95,8.03,7.71,5.32,5.1,7.33,5.83,5.07,3.96,12.87,5.67,5.08,12.18,7.71,4.69,11.16,5.74
6-[2-(1H-INDOL-6-YL)ETHYL]PYRIDIN-2-AMINE,5.1,5.1,3.25,3.96,5.27,4.98,5.85,4.3,5.07,6.15,12.56,5.57,5.06,10.67,4.8,4.3,11.56,5.03
"6-[4-(2-fluorophenyl)-1,3-oxazol-5-yl]-N-(1-methylethyl)-1,3-benzothiazol-2-amine",5.38,5.66,5.76,6.07,5.53,5.42,5.07,4.68,5.07,8.74,14.47,6.29,5.04,11.63,5.0,4.91,11.14,5.05
"6-[N-(1-Isopropyl-1,2,3,4-Tetrahydro-7-Isoquinolinyl)Carbamyl]-2-Naphthalenecarboxamidine",5.23,3.0,6.22,6.6,5.28,5.98,6.08,4.48,5.05,5.16,11.2,5.6,5.06,10.78,8.15,4.61,11.49,5.1
"6-[N-(1-Isopropyl-3,4-Dihydro-7-Isoquinolinyl)Carbamyl]-2-Naphthalenecarboxamidine",5.27,11.15,6.3,6.72,5.04,6.04,6.31,4.66,5.05,5.81,11.34,5.6,5.07,11.82,7.71,4.67,11.03,5.06
6-[N-(4-(Aminomethyl)Phenyl)Carbamyl]-2-Naphthalenecarboxamidine,5.16,2.88,4.61,4.95,4.88,4.87,6.88,4.38,5.05,2.62,10.26,5.96,5.08,11.59,5.35,4.27,11.45,5.03
"6-[N-(4-Ethyl-1,2,3,4-Tetrahydro-6-Isoquinolinyl)Carbamyl]-2-Naphthalenecarboxamidine",5.3,5.38,5.26,5.71,5.51,6.02,5.99,4.82,5.06,3.96,21.41,5.49,5.06,10.75,6.6,4.77,10.87,5.06
6-bromoindirubin-3'-oxime,5.32,4.95,5.29,4.66,5.51,5.0,6.43,5.3,5.28,2.74,11.13,6.29,6.22,12.42,7.44,4.74,11.36,5.98
"6-chloro-N-pyrimidin-5-yl-3-{[3-(trifluoromethyl)phenyl]amino}-1,2-benzisoxazole-7-carboxamide",5.92,5.5,6.28,5.71,5.36,4.95,6.77,7.44,5.03,6.19,11.79,6.47,5.1,11.56,5.98,5.78,11.41,5.05
"6-ethyl-5-[(2S)-1-(3-methoxypropyl)-2-phenyl-1,2,3,4-tetrahydroquinolin-7-yl]pyrimidine-2,4-diamine",5.46,11.7,7.8,5.8,5.19,4.87,7.53,4.99,5.09,8.08,15.02,8.11,5.33,11.74,5.67,5.01,10.91,5.1
6-fluoro-2-(2-hydroxy-3-isobutoxy-phenyl)-1H-benzoimidazole-5-carboxamidine,5.41,11.32,4.94,5.67,5.56,4.98,5.51,5.13,5.07,7.06,12.28,6.63,5.05,11.49,6.27,5.11,11.33,5.06
"6-hydroxy-1,6-dihydropurinenucleoside",5.35,6.08,4.0,3.85,4.7,5.06,5.34,3.77,5.46,2.31,4.95,5.81,5.04,10.6,4.65,3.84,10.78,5.87
6-hydroxydopaquinone,4.91,4.0,4.7,4.18,5.1,5.35,4.94,4.03,5.08,7.6,5.32,5.43,5.05,11.54,5.39,4.48,11.58,5.12
6-phenyl-4(R)-(7-phenyl-heptanoylamino)-hexanoicacid,5.12,4.08,5.54,4.79,5.17,5.25,6.83,4.3,5.1,5.47,10.49,5.6,5.02,11.61,4.22,4.75,10.99,5.1
6-phospho-D-gluconicacid,4.98,5.91,4.95,4.57,4.63,5.05,3.85,3.36,5.08,4.77,12.44,4.34,5.07,11.28,4.3,4.08,10.98,5.08
6-{4-[4-(4-CHLOROPHENYL)PIPERIDIN-4-YL]PHENYL}-9H-PURINE,5.29,4.98,3.85,4.27,5.57,5.03,5.31,4.24,5.05,5.28,11.36,7.82,5.05,11.64,5.8,4.45,11.06,5.14
6-{4-[HYDROXY-(4-NITRO-PHENOXY)-PHOSPHORYL]-BUTYRYLAMINO}-HEXANOICACID,5.13,4.5,5.23,5.75,4.58,4.91,7.41,4.51,5.19,4.16,11.24,5.57,5.04,11.52,5.08,4.35,11.29,5.72
6-{[(CYCLOHEXYLAMINO)CARBONYL]AMINO}HEXANOICACID,5.01,6.85,3.86,4.17,4.76,5.12,4.64,3.67,5.07,26.07,16.09,3.93,5.04,11.4,4.14,4.04,10.61,5.11
"6S-5,6,7,8-Tetrahydrobiopterin",5.25,7.71,4.25,4.62,4.97,4.99,5.1,6.96,5.06,3.06,16.91,5.94,5.05,11.83,5.02,5.66,11.58,5.11
"7,8-dihydroinosine",5.12,4.7,3.62,4.52,5.27,5.2,4.8,3.91,5.45,4.43,10.55,6.23,5.04,11.67,5.24,4.18,11.35,5.12
"7,8-dihydroxy-4-phenyl-2H-chromen-2-one",4.97,5.68,3.97,5.44,4.96,5.11,6.23,3.87,5.07,6.19,6.87,5.07,5.16,12.17,6.76,4.13,11.61,5.14
"7-(1,1-Dioxo-1h-Benzo[D]Isothiazol-3-Yloxymethyl)-2-(Oxalyl-Amino)-4,7-Dihydro-5h-Thieno[2,3-C]Pyran-3-CarboxylicAcid",5.39,2.8,4.28,5.9,5.04,5.45,5.59,4.2,5.23,4.26,11.22,6.33,5.18,11.56,5.96,4.36,10.89,5.14
"7-(1-ETHYL-PROPYL)-7H-PYRROLO-[3,2-F]QUINAZOLINE-1,3-DIAMINE",5.0,3.08,6.72,5.16,5.06,5.06,6.61,6.32,5.07,8.27,20.53,6.6,5.05,12.2,5.16,4.72,11.6,5.05
"7-(5-DEOXY-BETA-D-RIBOFURANOSYL)-5-IODO-7H-PYRROLO[2,3-D]PYRIMIDIN-4-AMINE",5.35,3.97,3.71,3.91,4.9,5.05,5.52,6.03,5.11,2.81,12.21,5.22,5.05,11.59,6.01,4.68,11.29,5.2
7-HYDROXY-4-METHYL-3-(2-HYDROXY-ETHYL)COUMARIN,4.98,7.32,4.05,4.07,5.03,5.03,6.21,4.3,5.1,7.07,17.01,5.2,5.03,12.16,5.72,4.55,11.0,5.09
7-Hydroxy-2-Oxo-Chromene-3-CarboxylicAcidEthylEster,4.95,9.58,5.72,5.26,4.53,4.86,4.96,4.26,5.09,3.56,11.37,6.83,5.19,12.1,4.5,4.37,11.41,5.12
7-Hydroxystaurosporine,5.57,9.59,5.77,6.5,6.13,5.03,5.36,6.9,7.78,9.68,10.63,6.4,6.75,13.27,6.44,5.74,12.75,6.85
7-METHOXY-1-METHYL-9H-BETA-CARBOLINE,4.94,5.83,4.18,4.41,5.02,5.0,5.58,4.44,5.1,4.3,11.12,5.9,5.03,10.35,5.43,4.62,10.35,5.03
7-Nitroindazole,4.84,6.33,4.07,3.94,5.0,5.14,4.47,4.69,5.05,5.33,11.93,5.81,5.08,11.29,4.96,4.28,12.19,5.06
"7-PYRIDIN-2-YL-N-(3,4,5-TRIMETHOXYPHENYL)-7H-PYRROLO[2,3-D]PYRIMIDIN-2-AMINE",5.31,1.85,6.28,6.16,5.53,4.95,7.36,5.33,5.43,3.22,12.83,5.41,5.54,12.43,5.69,5.28,11.86,5.09
"7-[2-METHOXY-1-(METHOXYMETHYL)ETHYL]-7H-PYRROLO[3,2-F]QUINAZOLINE-1,3-DIAMINE",5.14,4.49,6.26,4.63,4.87,5.06,7.13,4.55,5.07,10.27,17.58,6.0,5.05,12.09,5.01,4.88,11.6,5.05
"7-[4-(Dimethylamino)Phenyl]-N-Hydroxy-4,6-Dimethyl-7-Oxo-2,4-Heptadienamide",5.1,2.68,7.02,7.48,6.86,6.36,5.85,6.71,5.07,2.69,13.51,5.95,5.05,11.58,5.44,6.53,11.62,5.35
7-ethyl-10-hydroxycamptothecin,5.24,6.02,7.58,7.38,5.72,4.99,4.27,5.35,5.06,5.67,15.84,7.78,5.04,11.65,7.19,4.86,11.54,5.11
7-methyl-5'-guanylicacid,5.33,2.43,4.94,4.1,4.47,5.17,5.36,4.56,5.52,2.99,16.32,5.56,5.04,10.58,5.15,4.65,11.26,5.98
"7-methyl-7,8-dihydroguanosine-5'-diphosphate",5.16,5.5,4.25,4.93,5.91,5.04,5.09,5.08,5.22,6.64,11.32,5.28,5.04,11.74,5.57,4.51,11.15,5.15
7-methyl-GpppA,5.11,4.95,4.91,4.93,4.96,5.01,7.52,4.53,5.23,2.72,11.52,6.67,5.05,11.03,5.08,4.32,10.97,5.25
7-methyl-guanosine-5'-triphosphate,5.17,2.59,4.31,4.84,4.59,5.03,5.18,4.56,5.56,3.08,10.76,5.98,5.04,10.77,5.16,4.63,11.23,5.62
7-methyl-guanosine-5'-triphosphate-5'-guanosine,5.38,6.22,6.61,5.4,5.12,4.9,5.14,5.26,5.08,4.22,11.63,6.33,5.04,11.55,5.16,4.46,11.3,5.09
7-thionicotinamide-adenine-dinucleotidephosphate,5.43,5.92,6.03,6.59,5.44,4.79,5.9,4.83,5.07,5.83,11.65,6.27,5.05,11.43,5.78,4.41,11.22,5.1
"7-{2,6-DICHLORO-4-[3-(2-CHLORO-BENZOYL)-UREIDO]-PHENOXY}-HEPTANOICACID",5.37,6.56,4.03,4.24,5.67,5.08,6.48,4.97,5.06,4.84,10.87,5.47,5.7,11.38,4.33,4.42,11.51,5.16
7-{[(CYCLOHEXYLAMINO)CARBONYL]AMINO}HEPTANOICACID,5.04,5.03,3.86,4.17,4.81,5.22,4.43,3.67,5.07,8.57,16.68,4.12,5.04,11.38,4.11,4.04,10.61,5.11
"8,9,10-trihydroxy-7-hydroxymethyl-3-methyl-6-oxa-1,3-diaza-spiro[4.5]decane-2,4-dione",5.04,4.89,3.37,3.4,5.81,4.99,3.0,4.13,5.53,1.86,11.42,5.74,5.04,11.97,5.16,4.07,11.2,5.94
"8-(2,5-Dimethoxy-Benzyl)-2-Fluoro-9-Pent-9h-Purin-6-Ylamine",5.31,1.36,4.1,4.36,4.94,5.3,4.85,4.64,5.08,6.98,12.02,6.71,5.04,11.67,4.9,4.53,11.55,5.03
"8-(2,5-Dimethoxy-Benzyl)-2-Fluoro-9h-Purin-6-Ylamine",5.07,5.9,4.13,4.89,4.84,5.01,5.63,4.44,5.07,12.8,6.33,5.5,5.04,11.77,4.65,4.32,11.36,5.16
"8-(2-CHLOROPHENYLAMINO)-2-(2,6-DIFLUOROPHENYLAMINO)-9-ETHYL-9H-PURINE-1,7-DIIUM",5.32,4.92,5.09,6.84,5.59,5.01,6.18,4.97,5.08,5.6,18.57,5.51,5.35,11.48,5.26,5.48,11.66,5.1
"8-(2-Chloro-3,4,5-Trimethoxy-Benzyl)-2-Fluoro-9-Pent-4-Ylnyl-9h-Purin-6-Ylamine",5.48,3.44,6.44,6.56,5.23,5.09,6.01,4.77,5.08,3.24,33.83,5.99,5.05,11.7,4.87,4.57,11.57,5.08
"8-(2-Chloro-3,4,5-Trimethoxy-Benzyl)-9-Pent-4-Ylnyl-9h-Purin-6-Ylamine",5.34,5.34,6.07,6.53,5.13,5.49,6.38,4.51,5.07,6.94,12.68,6.12,5.05,11.63,4.78,4.41,11.34,5.06
"8-(6-BROMO-BENZO[1,3]DIOXOL-5-YLSULFANYL)-9-(3-ISOPROPYLAMINO-PROPYL)-ADENINE",5.26,5.76,5.66,6.02,4.72,5.04,4.27,4.66,5.06,3.47,10.71,5.61,5.07,11.72,5.01,4.86,11.27,5.13
8-(Pyrimidin-2-Ylamino)Naphthalene-2-Carboximidamide,5.26,12.84,4.16,5.22,4.78,5.12,5.03,4.67,5.03,2.39,13.12,4.89,5.4,11.62,5.28,4.81,11.6,5.07
"8-BENZO[1,3]DIOXOL-,5-YLMETHYL-9-BUTYL-9H-",5.35,6.13,6.99,5.38,4.71,5.08,5.28,4.41,5.08,10.22,13.46,5.43,5.04,11.52,4.88,4.58,11.37,5.07
"8-Benzo[1,3]Dioxol-,5-Ylmethyl-9-Butyl-2-Fluoro-9h-Purin-6-Ylamine",5.45,6.43,6.31,5.95,4.74,4.93,5.3,4.65,5.09,2.66,13.22,5.32,5.04,11.62,4.9,4.9,11.43,5.09
8-Bromo-Adenosine-5'-Monophosphate,5.33,7.85,3.04,2.77,5.36,4.95,5.31,4.4,5.07,9.89,3.72,3.93,5.08,10.91,4.6,4.43,11.16,5.34
8-azaguanine,4.99,2.31,4.39,4.51,4.72,5.0,5.25,4.06,5.29,6.06,6.32,4.61,5.04,11.38,3.89,4.02,10.89,5.29
"8-bromo-4-(2-chlorophenyl)-N-(2-hydroxyethyl)-6-methyl-1,3-dioxo-1,2,3,6-tetrahydropyrrolo[3,4-e]indole-7-carboxamide",5.25,3.51,5.88,5.98,5.76,5.24,4.3,4.56,5.9,4.25,7.0,5.59,5.56,11.8,5.75,4.48,11.69,5.17
8-chlorotheophylline,5.14,4.04,5.2,5.62,4.42,5.03,4.74,4.3,5.0,5.69,11.72,4.68,5.07,10.69,5.41,4.26,10.98,5.11
"8-ethyl-3,10,10-trimethyl-4,5,6,8,10,12-hexahydropyrazolo[4',3':6,7]cyclohepta[1,2-b]pyrrolo[2,3-f]indol-9(1H)-one",5.52,4.42,4.94,4.75,5.09,4.92,6.62,4.71,5.08,4.38,12.31,7.14,5.3,11.51,5.7,4.86,11.45,5.91
"9,10-Deepithio-9,10-Didehydroacanthifolicin",5.16,5.39,6.18,6.12,5.5,4.96,5.84,6.1,5.08,5.6,11.52,5.36,5.04,10.77,5.96,6.1,10.73,5.09
9-(2-carboxyethyl)-10-methylanthraceneendoperoxide,5.31,8.01,3.96,4.41,4.75,4.96,6.6,4.62,5.07,7.92,11.45,5.17,5.03,11.13,4.78,4.38,11.32,5.26
"9-(4-Hydroxyphenyl)-2,7-Phenanthroline",5.2,7.48,2.99,4.21,5.4,4.83,6.08,4.62,5.04,2.49,11.08,6.48,5.05,11.6,5.46,4.59,11.63,5.1
"9-(5,5-Difluoro-5-Phosphonopentyl)Guanine",5.58,6.29,6.03,5.52,4.41,5.03,5.73,4.42,5.07,5.38,11.77,4.61,5.05,10.87,4.9,4.11,11.35,5.47
"9-ACETYL-2,3,4,9-TETRAHYDRO-1H-CARBAZOL-1-ONE",4.98,5.39,5.09,5.35,5.07,5.06,4.35,4.23,5.12,6.36,13.8,5.11,5.09,11.57,6.73,4.24,11.37,5.51
"9-Butyl-8-(2,5-Dimethoxy-Benzyl)-2-Fluoro-9h-Purin-6-Ylamine",5.35,3.35,4.72,4.29,4.97,5.12,6.69,5.12,5.08,3.46,13.15,5.33,5.04,11.66,4.87,4.74,11.54,5.04
"9-Butyl-8-(2,5-Dimethoxy-Benzyl)-9h-Purin-6-Ylamine",5.28,2.82,4.88,4.48,4.96,5.46,6.46,4.32,5.09,3.15,13.78,5.57,5.04,11.63,4.93,4.43,11.1,5.04
"9-Butyl-8-(2-Chloro-3,4,5-Trimethoxy-Benzyl)-9h-Purin-6-Ylamine",5.24,6.65,6.49,6.38,5.16,5.34,5.98,4.42,5.08,6.09,9.47,4.93,5.05,11.56,4.7,4.26,11.28,5.07
"9-Butyl-8-(3,4,5-Trimethoxybenzyl)-9h-Purin-6-Amine",5.22,2.77,6.72,6.57,4.76,5.41,6.28,4.35,5.08,4.44,11.4,4.95,5.04,11.12,4.88,4.44,11.09,5.03
9-Butyl-8-(3-Methoxybenzyl)-9h-Purin-6-Amine,5.31,5.33,5.42,5.42,4.84,5.4,6.43,4.29,5.09,4.52,14.08,5.17,5.04,11.52,4.83,4.33,11.3,5.04
9-Butyl-8-(4-Methoxybenzyl)-9h-Purin-6-Amine,5.27,16.23,6.25,5.89,4.8,5.18,5.78,4.28,5.09,5.78,4.33,5.21,5.05,11.46,4.87,4.27,11.16,5.04
9-CYCLOPENTYL-6-[2-(3-IMIDAZOL-1-YL-PROPOXY)-PHENYLAMINO]-9H-PURINE-2-CARBONITRILE,5.57,6.37,6.06,6.04,5.04,5.08,5.47,5.39,5.07,2.96,6.63,6.98,5.13,11.55,5.27,5.73,11.63,5.12
"9-DEAZAINOSINE-2',3'-O-ETHYLIDENEPHOSPHONATE",6.19,2.86,6.09,5.4,5.9,5.03,5.81,4.35,5.15,5.35,10.73,5.29,5.04,10.76,7.04,4.7,11.29,5.1
9-Deazaadenine,4.97,5.82,4.83,4.15,4.43,5.11,5.92,4.34,5.08,3.28,11.2,4.34,5.16,11.45,3.52,4.23,11.62,5.11
9-Deazaguanine,5.23,1.95,3.95,4.31,4.66,5.06,5.43,4.23,5.12,4.14,12.09,5.29,5.05,11.11,3.71,4.25,11.04,5.56
"9-HYDROXY-4-PHENYL-6H-PYRROLO[3,4-C]CARBAZOLE-1,3-DIONE",5.33,4.36,5.34,5.81,5.43,4.94,6.2,4.63,5.41,5.7,14.61,5.63,6.48,11.29,6.15,4.5,11.69,5.71
"9-HYDROXY-6-(3-HYDROXYPROPYL)-4-(2-METHOXYPHENYL)PYRROLO[3,4-C]CARBAZOLE-1,3(2H,6H)-DIONE",5.5,5.88,4.31,5.37,5.54,5.2,6.33,4.5,5.82,5.26,11.46,5.67,6.43,11.61,5.62,4.85,11.7,5.73
"9-Hydroxy-8-Methoxy-6-Nitro-Phenanthrol[3,4-D][1,3]Dioxole-5-CarboxylicAcid",5.22,5.44,4.51,5.17,4.53,5.06,5.09,4.12,5.22,7.56,12.74,6.04,5.99,11.66,4.24,4.09,11.46,6.13
9-Methylguanine,4.8,7.57,4.63,4.59,4.58,5.08,5.21,4.15,5.07,9.6,11.98,5.31,5.05,11.76,3.94,3.83,10.72,5.06
9-aminocamptothecin,5.24,7.47,7.2,7.13,5.5,4.93,5.13,5.13,5.11,7.26,19.58,6.63,5.04,11.56,7.39,4.6,11.58,5.23
9-deazainosine,5.19,6.28,7.23,6.39,5.59,5.2,5.42,3.73,5.12,6.19,19.07,5.9,5.03,10.61,6.4,4.04,11.22,5.1
ABT-510,5.67,6.18,4.6,3.95,4.86,4.98,5.36,4.55,5.1,5.72,12.96,6.29,5.04,11.43,4.14,4.57,11.49,5.17
AC-(D)PHE-PRO-BOROHOMOLYS-OH,5.69,4.6,4.49,4.68,5.67,5.12,5.83,4.41,5.08,5.41,12.36,5.46,5.03,11.81,5.54,4.21,11.64,5.09
AC-(D)PHE-PRO-BOROHOMOORNITHINE-OH,5.74,8.2,4.47,5.2,5.62,5.12,6.27,4.47,5.08,6.83,19.24,5.6,5.04,11.98,5.24,4.46,11.63,5.1
AC-(D)PHE-PRO-BOROLYS-OH,5.62,5.58,4.32,4.65,5.69,5.12,5.81,4.42,5.08,2.75,10.22,5.44,5.03,11.87,5.32,4.23,11.64,5.09
ADisubstitutedSuccinylCaprolactamHydroxymateMmp3inhibitor,5.72,3.27,5.59,6.44,5.9,5.05,5.22,5.72,5.35,2.76,10.46,5.98,5.05,11.74,3.7,5.81,11.54,5.25
AICAribonucleotide,5.22,8.14,3.31,2.92,4.9,5.1,4.21,4.64,5.07,6.2,3.34,4.56,5.13,11.44,4.33,4.55,11.31,5.08
AL4623,5.32,5.95,8.69,8.4,5.43,5.0,5.64,6.04,5.51,6.96,12.91,5.85,5.04,11.72,8.22,5.4,10.97,5.92
AL5300,5.69,6.23,8.77,8.41,5.78,5.07,5.47,7.33,5.15,10.14,3.12,5.27,5.03,11.64,8.35,5.64,11.31,5.16
AL5424,5.54,6.15,8.68,8.73,5.88,4.92,5.48,7.83,5.4,2.63,15.56,6.08,5.04,11.82,8.17,6.2,10.83,6.04
AL5927,5.35,5.67,7.99,7.72,4.87,4.93,6.5,6.0,5.08,2.22,16.27,6.28,5.05,11.67,7.59,5.19,10.99,5.06
AL6528,5.67,10.5,8.74,8.82,5.12,4.92,7.25,7.49,5.57,6.77,13.71,6.32,5.04,11.62,8.61,5.78,11.48,6.1
AL7089A,5.72,5.02,7.61,7.79,5.44,5.16,7.33,6.42,5.79,7.97,14.94,6.32,5.04,11.84,7.81,5.52,11.24,6.15
AL7099A,5.84,2.45,7.61,7.79,5.44,5.15,7.24,6.42,5.79,4.31,11.75,6.27,5.04,11.84,7.81,5.52,11.24,6.15
AL7182,5.6,4.87,8.71,8.56,5.34,4.98,6.05,5.91,5.34,4.74,8.32,6.03,5.07,11.76,8.13,5.83,11.47,6.06
ALPHA-HYDROXYFARNESYLPHOSPHONICACID,5.19,2.15,5.1,4.63,4.98,5.06,6.46,4.25,5.09,6.83,12.08,5.83,5.11,10.77,6.6,4.2,11.42,5.09
AMD-070,5.22,13.15,4.29,4.62,5.04,5.32,6.88,4.37,5.07,2.81,12.23,7.81,5.03,11.32,6.84,5.06,11.05,5.09
AMG-131,5.47,4.31,4.25,5.12,5.67,4.9,6.53,5.58,5.06,2.98,10.15,6.62,5.15,11.51,4.99,4.41,11.25,5.3
AMG-222,6.12,9.47,5.04,4.83,5.49,4.82,6.19,4.55,5.09,5.3,15.78,6.96,5.08,11.64,4.18,4.73,11.41,5.29
AMG-510,5.93,3.09,5.09,6.58,5.73,5.29,7.56,4.84,5.06,7.08,10.6,6.17,5.03,11.98,5.65,4.89,11.6,5.17
AR-9281,5.72,11.63,4.14,3.98,5.63,4.94,4.65,6.84,5.25,18.3,11.13,4.8,5.07,11.02,4.12,6.51,11.67,5.12
AS-8112,5.26,9.01,7.07,7.16,5.08,4.89,5.68,5.38,5.11,18.98,10.51,5.78,5.28,11.81,4.33,5.33,11.49,5.24
AT-7519,5.2,4.18,5.0,5.15,5.51,5.18,4.79,4.57,5.03,4.22,10.52,6.13,5.04,10.67,4.98,4.71,11.64,5.02
ATP,5.07,10.59,4.83,5.1,5.12,4.93,5.63,4.83,5.08,9.03,9.83,6.09,5.07,11.52,5.23,4.37,10.91,5.12
AUROVERTINB,5.24,4.68,5.81,6.5,4.63,5.01,5.32,5.03,5.38,6.11,11.33,5.25,5.15,11.55,7.07,4.76,11.47,6.07
AV-412,5.36,6.1,4.98,5.24,6.05,4.95,5.89,7.15,5.03,5.37,10.71,5.85,5.11,11.53,5.82,4.95,11.16,5.01
AZD-7325,5.59,4.42,6.7,6.42,5.44,5.54,6.01,4.39,5.08,2.84,10.75,6.4,5.03,11.54,5.04,4.56,11.54,5.11
AZD-8330,6.41,5.8,5.73,7.12,5.61,4.89,6.38,6.15,5.07,5.33,11.22,5.8,5.78,11.74,5.77,4.57,11.55,5.03
Abacavir,5.15,22.71,7.16,6.26,5.08,5.05,6.23,4.65,5.08,27.42,11.95,6.0,5.05,11.5,5.45,4.41,11.71,5.19
Abarelix,5.96,3.35,6.14,5.63,5.91,4.9,5.88,5.36,5.07,5.83,12.48,7.11,5.03,11.87,5.6,4.94,11.08,5.08
Abemaciclib,5.49,7.65,7.41,7.65,5.81,4.91,7.49,6.34,5.28,8.01,12.77,6.41,5.27,12.15,6.06,6.09,11.56,5.1
Abexinostat,5.54,5.29,4.68,3.25,5.16,4.83,8.25,4.6,5.07,4.64,12.36,5.06,5.29,11.68,6.21,4.37,11.46,5.19
Abiraterone,5.33,2.09,6.82,6.67,6.08,5.03,7.57,5.62,5.03,4.14,10.95,7.01,5.08,11.48,5.64,5.38,11.27,5.09
Acalabrutinib,5.57,3.23,5.62,6.31,5.16,4.81,6.37,4.4,5.05,5.3,12.46,7.32,5.05,11.61,7.05,4.64,11.39,5.06
Acamprosate,4.82,4.51,4.04,4.19,4.91,5.06,4.45,4.29,5.07,7.96,10.74,3.41,5.12,10.51,5.02,4.3,11.47,5.17
Acarbose,4.92,2.62,4.16,4.59,4.67,4.98,3.98,4.38,5.11,3.27,12.23,5.6,5.03,10.35,5.16,4.47,11.13,5.18
AcarboseDerivedHexasaccharide,5.06,4.42,3.93,4.61,4.84,4.91,5.29,4.48,5.14,4.78,15.4,6.66,5.04,10.42,5.24,4.32,11.04,5.48
Acebutolol,4.9,8.2,4.63,5.76,5.07,4.89,6.74,5.01,5.07,5.87,12.43,4.93,5.84,11.74,4.33,4.48,10.9,5.07
Aceclofenac,5.04,7.04,4.83,6.08,5.15,5.07,5.47,4.27,5.5,10.76,31.86,5.8,5.22,11.07,4.97,4.28,11.52,5.41
Acefylline,5.03,2.92,4.33,4.48,4.72,5.02,4.35,4.17,5.17,3.46,11.92,4.55,5.09,10.67,4.02,4.12,10.75,5.23
Acemetacin,5.02,4.13,4.66,6.13,5.18,5.37,6.62,4.74,5.09,4.51,14.57,6.16,5.13,11.58,5.0,4.56,11.32,5.25
Acenocoumarol,5.09,2.88,4.5,4.44,4.78,4.95,5.88,3.99,5.06,4.15,12.92,5.54,5.05,11.66,4.97,4.47,11.27,5.12
Acepromazine,5.18,4.54,4.77,5.46,5.82,5.1,6.65,4.3,5.06,6.7,14.07,6.6,5.7,12.23,4.6,4.73,11.65,5.33
Aceprometazine,5.22,2.79,5.24,6.34,5.94,4.99,5.61,4.43,5.05,3.14,12.56,5.14,5.73,12.29,4.49,4.68,11.44,5.25
Acetaminophen,4.84,9.44,4.22,4.76,4.33,4.94,3.85,4.08,5.06,4.38,7.02,4.35,5.07,10.43,4.29,4.05,11.61,5.16
Acetazolamide,5.03,2.88,6.14,7.02,5.34,5.12,5.36,5.81,5.08,3.83,10.8,4.47,5.05,11.57,6.19,5.32,11.64,5.21
AceticAcidSalicyloyl-Amino-Ester,5.06,5.21,5.37,5.14,4.4,5.55,5.04,4.25,5.11,5.53,36.19,6.4,5.04,11.99,3.92,4.43,11.45,5.41
AcetoaceticAcid,4.76,5.24,4.0,4.4,4.33,5.09,3.62,3.84,5.22,7.62,13.76,3.38,5.05,10.33,5.74,3.96,11.46,5.3
Acetoacetyl-CoA,5.35,2.4,5.27,5.57,5.31,4.98,5.65,4.33,5.08,3.84,15.5,7.17,5.05,11.8,5.3,4.42,11.19,5.07
Acetohexamide,5.02,4.29,4.26,4.42,5.26,4.95,4.71,4.1,5.05,3.96,10.37,4.59,5.02,11.51,5.45,4.45,10.92,5.39
Acetohydroxamicacid,4.76,3.82,4.16,3.49,4.36,5.05,4.1,3.76,5.06,3.69,11.75,4.01,5.04,10.2,4.18,3.95,11.32,5.27
Acetophenazine,5.95,5.14,4.79,5.92,6.04,4.91,6.64,4.46,5.13,16.93,4.25,6.53,6.18,12.29,4.27,4.54,11.44,5.07
Acetylcarnitine,4.95,3.92,4.15,4.43,4.43,5.05,5.16,4.24,5.13,6.17,12.27,5.54,5.16,11.27,3.72,4.4,11.06,5.8
Acetylcysteine,5.13,10.81,4.95,6.89,4.37,5.07,5.49,4.26,5.15,21.0,8.4,4.1,5.05,10.64,4.28,4.46,11.55,5.33
Acetyldigitoxin,5.21,5.2,4.74,5.12,5.15,5.08,7.91,4.67,5.34,5.68,13.92,6.66,5.04,10.78,5.7,4.56,10.8,5.77
Acetylsalicylicacid,4.88,8.17,3.74,5.53,4.84,5.07,5.12,4.23,5.08,6.72,11.89,5.17,5.05,11.68,5.26,4.63,11.37,5.25
Acetylsulfisoxazole,5.02,4.19,4.59,4.06,5.15,6.65,5.55,4.16,5.1,2.24,11.79,4.83,5.22,11.62,5.86,4.17,11.42,5.66
Acidyellow54freeacid,5.54,6.12,5.46,4.25,4.99,4.95,6.49,4.09,5.07,7.11,10.48,5.6,5.71,11.6,5.36,4.13,11.35,5.06
Acitretin,5.3,9.21,7.05,6.14,4.98,5.17,6.72,4.44,5.17,2.55,8.25,5.35,5.04,11.67,7.95,4.1,11.63,6.07
Aclidinium,7.87,4.03,7.56,7.15,6.84,5.6,7.82,8.59,5.12,3.15,13.78,6.76,5.92,11.78,7.48,7.14,11.58,5.23
Acrivastine,5.26,4.92,7.33,7.32,6.23,5.26,6.41,4.39,5.06,4.15,14.19,6.6,5.15,11.97,5.27,4.76,10.87,5.08
Acyclovir,4.91,5.65,4.3,4.68,4.35,5.04,4.47,4.13,5.07,6.0,13.86,4.23,5.04,10.62,4.68,3.85,11.53,5.04
Adapalene,5.28,7.3,6.81,6.96,5.41,5.44,6.96,4.26,5.22,2.91,10.57,6.31,5.23,11.53,5.01,4.28,11.39,5.64
Adefovirdipivoxil,5.22,4.99,7.02,6.5,4.87,5.2,6.3,4.06,5.04,2.45,13.6,6.0,5.04,10.56,4.37,4.02,11.47,5.15
Ademetionine,5.33,9.9,5.26,5.52,5.17,5.08,5.38,4.36,5.08,5.48,12.07,6.07,5.08,10.91,4.55,4.47,11.2,5.12
Adenine,5.06,2.83,5.24,4.48,4.36,5.08,3.59,3.81,5.07,5.71,10.9,4.46,5.2,11.29,4.06,3.92,11.21,5.1
Adenosine,5.02,1.7,3.67,3.83,4.89,5.05,4.74,4.4,5.08,4.5,12.35,4.51,5.12,10.49,3.98,4.23,11.14,5.1
Adenosine-2'-5'-Diphosphate,5.39,24.48,3.86,3.59,5.23,5.0,5.35,5.37,5.07,12.38,10.28,6.03,5.06,11.09,5.15,4.61,11.13,5.23
Adenosine-3'-5'-Diphosphate,5.19,2.26,3.47,3.38,5.04,5.01,5.89,5.17,5.07,2.6,15.02,4.76,5.05,10.94,5.08,4.41,10.98,5.13
Adenosine-5'-Ditungstate,5.07,3.23,3.82,3.18,5.22,5.09,5.64,4.71,5.08,3.57,13.97,6.66,5.11,10.68,5.18,4.43,10.82,5.09
"Adenosine-5'-[Beta,Gamma-Methylene]Triphosphate",5.56,5.88,4.91,5.19,5.23,5.03,5.2,4.94,5.09,5.29,17.05,6.79,5.06,11.59,5.21,4.36,11.14,5.27
"Adenosine-5'-diphosphate-2',3'-vanadate",5.16,8.0,4.75,5.12,5.72,4.93,5.29,4.61,5.08,2.99,8.44,5.65,5.05,11.62,5.06,4.5,11.29,5.07
Adenosine-5-Diphosphoribose,5.01,5.72,4.58,4.8,5.1,4.95,4.54,4.92,5.08,4.54,17.43,4.59,5.06,10.64,5.18,4.42,11.11,5.38
Adenosine5'-[γ-thio]triphosphate,5.1,3.35,4.97,4.97,5.1,4.99,5.37,4.94,5.08,5.05,11.66,6.35,5.06,11.62,5.24,4.42,11.04,5.1
Adenosine5'-phosphosulfate,5.06,4.71,4.91,4.85,5.07,5.02,6.08,4.8,5.09,10.92,12.79,4.94,5.07,10.97,5.01,4.38,11.04,5.15
AdenosinePhosphonoaceticAcid,5.51,13.84,5.52,4.83,4.98,5.07,5.17,4.34,5.08,2.66,15.12,5.99,5.08,10.61,4.6,4.31,11.03,5.11
Adenosinemonotungstate,5.29,4.87,3.72,3.41,5.04,5.15,5.06,4.67,5.08,3.78,11.63,5.84,5.15,10.58,4.46,4.44,10.73,5.1
Adenosinephosphate,5.34,7.31,2.75,2.75,4.93,5.04,5.0,5.03,5.08,2.86,10.57,4.45,5.07,10.68,4.37,4.4,11.02,5.13
Adenylate-3'-phosphate-[[2'-deoxy-uridine-5'-phosphate]-3'-phosphate],5.48,4.84,5.32,5.17,5.35,4.94,6.78,4.39,5.07,5.04,14.73,6.42,5.06,11.46,5.28,4.33,11.11,5.11
Adenylosuccinicacid,5.67,7.16,4.45,4.49,5.28,5.09,5.68,5.43,5.04,3.87,15.66,4.91,5.05,10.6,5.03,4.4,10.73,5.14
Adinazolam,5.28,4.38,7.62,6.94,4.71,4.97,7.18,4.39,5.06,5.11,11.9,5.73,5.04,11.64,6.2,4.62,11.6,5.08
Ado-P-Ch2-P-Ps-Ado,5.37,3.05,4.13,4.79,5.49,5.05,6.09,5.27,5.08,4.55,20.88,6.19,5.05,11.67,5.42,4.54,11.13,5.1
Aeruginosin98-B,5.33,4.9,5.22,6.15,6.19,4.96,5.98,4.85,5.09,5.38,25.93,6.38,5.02,11.73,8.1,5.29,11.56,5.1
Aetiocholanolone,5.17,7.0,5.53,4.68,5.16,4.99,6.69,4.8,5.13,5.4,12.76,6.33,5.04,11.77,5.49,4.73,11.21,5.86
Afamelanotide,6.05,4.38,5.23,6.1,6.12,4.89,5.8,4.43,5.11,2.47,11.15,6.36,5.01,10.46,5.84,4.76,10.95,5.12
Afatinib,5.54,6.26,5.08,5.01,6.15,5.17,5.06,7.95,5.02,2.52,10.5,5.58,5.15,11.27,5.0,5.32,11.25,4.97
Afimoxifene,5.1,2.57,6.76,6.88,5.73,5.37,6.3,4.66,5.06,13.56,14.29,8.66,5.04,11.0,7.11,4.97,11.65,5.17
Agomelatine,5.12,2.8,3.36,4.93,4.97,5.06,5.06,5.55,5.08,4.03,11.26,5.1,5.12,11.52,3.65,6.24,11.52,5.08
Ajmaline,5.36,2.66,5.75,4.9,5.73,5.39,5.7,4.33,5.58,4.49,8.12,6.39,5.06,11.84,7.43,5.06,11.58,6.01
"Al-6619,[2h-Thieno[3,2-E]-1,2-Thiazine-6-Sulfonamide,2-(3-Hydroxyphenyl)-3-(4-Morpholinyl)-,1,1-Dioxide]",5.33,2.94,7.54,7.76,5.63,6.33,5.32,8.27,5.03,2.6,10.46,6.02,5.04,11.65,8.61,6.84,11.28,5.15
"Al-6629,[2h-Thieno[3,2-E]-1,2-Thiazine-6-Sulfonamide,2-(3-Methoxyphenyl)-3-(4-Morpholinyl)-,1,1-Dioxide]",5.75,4.83,7.35,7.65,5.5,4.95,4.66,8.16,5.08,4.62,10.36,5.9,5.04,11.68,8.48,7.35,11.03,5.25
Alanine,4.76,3.69,3.37,3.45,4.41,5.08,4.27,3.34,5.09,2.63,10.23,4.52,5.04,10.3,4.56,3.58,10.88,5.19
Albendazole,5.24,8.02,3.93,4.51,4.49,4.89,5.37,4.11,5.04,5.67,9.81,5.51,5.08,11.83,4.69,4.25,11.16,5.16
Alclofenac,5.02,3.92,3.22,3.88,4.95,4.99,5.25,4.34,5.1,3.23,10.35,4.55,5.07,10.72,3.87,4.34,11.47,5.32
Alclometasone,5.44,6.13,7.66,7.14,5.18,4.95,5.73,4.87,5.78,3.7,15.38,5.55,5.1,11.92,7.44,5.11,11.57,6.04
Aldosterone,5.33,7.18,5.11,5.02,4.85,5.03,6.97,4.66,5.08,8.64,12.68,6.16,5.17,10.88,3.91,4.81,11.06,6.01
Aldoxorubicin,5.25,4.85,5.85,5.89,5.23,5.31,7.18,4.66,5.17,4.16,13.3,6.27,5.04,12.24,5.33,4.73,11.53,6.01
Alectinib,5.53,4.5,6.15,6.15,5.57,4.87,6.84,6.83,5.47,4.58,10.55,6.09,5.16,10.62,6.01,5.04,11.29,6.01
Aleglitazar,5.45,13.08,4.65,4.67,5.46,5.04,5.24,6.3,5.06,5.69,8.48,5.86,5.04,11.56,6.09,5.56,11.02,5.12
Alendronicacid,5.05,12.4,6.57,5.81,4.59,5.07,5.23,4.76,5.06,5.61,12.74,3.52,5.09,11.23,5.6,4.44,11.61,5.1
Alfacalcidol,5.64,4.07,6.45,6.39,5.99,4.96,8.39,6.46,5.42,3.26,15.36,7.05,5.19,11.62,7.2,5.87,10.81,6.2
Alfuzosin,5.1,3.19,5.31,6.25,5.35,4.97,5.36,4.51,5.06,5.48,11.2,4.82,5.1,10.76,5.38,4.39,11.35,5.08
Alisertib,5.79,15.42,6.57,6.71,5.99,5.03,7.7,5.15,5.02,7.24,14.53,6.4,5.22,11.53,6.09,5.13,11.49,5.03
Aliskiren,5.57,5.65,5.78,6.57,6.46,5.02,6.13,6.53,5.06,6.26,15.37,5.91,5.71,12.25,4.4,5.56,10.87,5.1
Alizapride,5.24,13.89,6.12,5.49,5.32,5.05,5.01,6.0,5.04,4.41,10.76,6.6,5.12,11.61,4.85,5.55,11.07,5.14
Allopurinol,4.92,5.68,4.87,4.04,4.34,5.06,4.77,4.45,5.05,3.29,12.88,5.09,5.07,11.32,3.97,3.94,11.72,5.1
Allosamizoline,5.06,5.2,4.08,4.8,5.94,4.96,5.45,4.35,5.09,5.62,12.5,3.88,5.14,12.54,4.04,4.47,11.31,5.11
Almitrine,5.23,4.84,4.37,4.93,5.15,4.91,5.61,4.22,5.59,5.62,10.98,5.72,5.07,11.59,5.01,4.41,11.6,6.03
Almotriptan,5.07,8.13,5.54,7.33,5.29,4.95,4.4,5.8,5.06,8.17,11.64,4.35,5.0,11.61,4.75,4.84,11.59,5.12
Alosetron,5.11,7.82,5.49,6.51,4.76,4.97,6.05,4.27,5.09,4.62,14.21,4.98,5.01,11.66,7.14,4.44,11.59,5.14
Alpelisib,5.87,2.61,3.47,4.93,5.44,5.43,6.37,4.91,5.06,3.42,11.34,5.96,5.1,11.85,6.69,4.7,11.54,5.31
"Alpha,Beta-Methyleneadenosine-5'-Triphosphate",5.26,2.65,4.3,4.79,4.99,4.95,5.24,4.7,5.08,3.18,14.36,6.43,5.06,10.44,5.12,4.38,11.12,5.12
Alpha-AminobutyricAcid,4.8,6.09,4.98,5.5,4.66,5.06,4.38,3.65,5.08,2.82,13.55,3.11,5.04,10.36,4.56,4.11,10.81,5.16
Alpha-AminoisobutyricAcid,4.76,10.77,3.95,4.34,4.7,5.08,3.64,3.99,5.11,3.08,15.24,4.65,5.04,10.34,4.85,3.96,11.51,5.19
Alpha-Benzyl-Aminobenzyl-PhosphonicAcid,5.49,7.09,4.66,3.77,4.57,5.16,5.53,4.38,5.07,4.3,10.91,6.02,5.05,11.82,4.39,4.37,11.63,5.06
Alpha-D-Fucose,4.8,7.27,3.33,3.01,4.71,5.04,3.51,3.47,5.32,6.41,15.98,4.39,5.06,11.19,2.89,4.18,10.79,5.78
Alpha-D-Glucose-1-Phosphate-6-Vanadate,5.15,1.74,5.43,6.04,4.81,5.02,5.36,4.67,5.07,2.91,19.66,4.39,5.1,11.48,3.63,4.56,11.17,5.23
"Alpha-D-Glucose1,6-Bisphosphate",5.23,8.16,4.3,3.74,4.76,4.99,4.87,4.58,5.07,14.46,14.1,5.1,5.06,11.6,4.42,4.45,11.05,5.39
Alpha-Hydroxy-Beta-Phenyl-PropionicAcid,4.85,2.57,3.97,4.54,4.31,5.16,6.21,4.04,5.15,6.66,9.24,4.75,5.05,10.76,3.62,4.24,10.82,5.95
Alpha-L-Fucose,4.78,3.27,3.33,3.01,4.71,5.03,2.47,3.47,5.32,2.7,11.73,3.4,5.06,11.19,2.89,4.18,10.79,5.78
Alpha-Methyl-N-Acetyl-D-Glucosamine,5.11,5.91,3.36,3.75,5.15,5.18,4.4,3.78,5.28,5.06,10.73,5.02,5.06,10.71,3.27,3.91,10.84,5.13
Alpha-MethylisocitricAcid,5.12,7.73,4.42,5.84,4.7,5.1,4.44,4.02,5.06,2.39,18.35,4.75,5.13,11.4,3.69,3.98,10.96,5.23
Alprazolam,5.28,5.52,8.23,7.2,4.63,4.97,7.31,4.35,5.04,5.0,12.32,5.86,5.04,11.6,6.32,4.47,11.57,5.07
Alprenolol,4.9,8.26,7.01,7.53,5.96,5.17,5.69,4.64,5.12,4.55,20.2,6.33,5.04,11.46,7.02,5.24,11.0,5.14
Alprostadil,4.9,8.12,3.93,4.64,5.13,5.13,3.69,4.84,5.22,6.15,12.43,4.69,5.06,11.49,5.52,4.46,10.82,6.11
Alrestatin,4.93,5.0,4.56,5.49,5.0,4.89,5.78,4.42,5.36,6.22,15.29,5.13,5.04,11.07,6.64,4.31,11.12,5.37
Alsterpaullone,5.62,18.95,4.61,4.89,5.25,6.45,6.42,4.62,5.42,6.25,8.79,5.57,5.08,11.42,5.01,5.97,11.52,6.19
Aluminiummonostearate,4.8,3.67,4.55,6.34,4.34,5.05,4.2,4.49,5.08,6.57,10.69,4.99,5.05,10.56,5.48,4.26,11.22,5.09
Alvespimycin,5.62,6.37,4.85,6.06,5.24,5.02,6.52,5.15,5.08,4.52,20.18,5.27,5.04,11.73,6.53,4.63,11.72,5.15
Alvimopan,5.95,6.01,8.12,7.25,5.21,5.12,6.29,5.51,5.17,4.95,5.64,6.58,5.03,11.55,5.71,5.35,11.58,5.27
Alvocidib,5.29,2.12,4.98,5.26,5.37,5.77,5.04,5.3,5.08,4.77,11.58,5.02,5.22,11.57,5.0,5.4,11.6,5.05
Ambenonium,5.18,11.96,4.02,4.61,4.76,5.49,4.79,4.44,5.08,5.18,9.16,5.15,5.1,10.68,4.02,4.68,11.57,5.5
Ambrisentan,5.22,6.46,4.29,4.35,5.21,5.48,6.51,4.25,5.11,9.17,2.32,6.3,5.03,11.59,4.24,4.37,11.58,5.66
Ambroxol,4.98,8.97,5.97,6.96,5.09,5.01,5.4,4.86,5.07,3.57,12.04,5.44,5.12,11.58,4.24,4.6,11.16,5.12
Ambroxolacefyllinate,5.58,3.46,6.7,6.46,4.88,4.97,5.07,4.6,5.07,5.32,11.5,5.47,5.41,10.72,3.89,4.28,10.96,5.71
Amcinonide,5.33,4.83,7.92,6.62,5.45,4.83,5.84,4.77,5.44,4.09,11.46,5.46,5.04,10.84,5.82,5.0,10.86,5.97
Amelubant,5.34,8.1,5.24,6.05,4.64,4.87,5.82,4.8,5.34,3.19,8.91,5.59,5.05,11.47,5.17,4.62,11.59,5.22
Amibegron,5.41,7.9,5.34,4.31,5.32,5.42,4.88,4.85,5.12,5.63,11.64,5.4,5.08,11.73,3.88,4.75,11.19,5.56
AmidoPhenylPyruvicAcid,4.84,6.26,5.42,5.09,4.48,4.86,6.14,4.46,5.05,5.04,16.09,5.09,5.06,11.41,4.24,4.37,11.6,5.07
Amifostine,4.98,6.52,6.15,5.74,4.65,5.08,5.47,4.42,5.07,12.42,17.12,3.93,5.18,10.56,3.7,4.68,11.58,5.08
Amiloride,4.89,5.31,4.84,5.04,5.09,5.16,5.8,4.32,5.05,5.26,11.99,4.91,5.04,11.64,5.98,4.42,11.55,5.1
Amineptine,5.24,3.49,4.6,4.48,5.25,5.14,5.68,4.31,5.1,8.78,11.45,5.1,5.04,11.5,4.88,4.31,10.87,5.48
Aminocaproicacid,4.76,2.85,3.78,3.95,4.46,5.09,3.88,4.25,5.08,7.57,13.09,4.86,5.05,10.25,5.02,4.51,11.48,5.09
Aminodi(Ethyloxy)Ethylaminocarbonylbenzenesulfonamide,5.1,39.34,6.14,6.9,4.73,5.69,5.89,4.48,5.07,15.36,6.72,4.29,5.04,10.46,5.9,4.23,11.53,5.07
Aminoglutethimide,4.99,6.32,7.2,6.53,5.01,5.45,4.62,4.14,5.11,6.23,11.06,5.92,5.03,10.65,4.51,4.0,11.65,5.82
Aminohippuricacid,5.01,6.19,5.57,5.59,4.33,4.98,4.84,4.21,5.06,3.61,8.94,4.56,5.04,11.35,3.2,4.08,11.64,5.1
Aminolevulinicacid,4.76,3.09,4.0,4.41,4.5,5.05,3.9,4.08,5.09,4.13,11.04,4.0,5.05,10.35,4.39,4.32,11.65,5.32
Aminooxyaceticacid,4.76,8.37,3.26,3.68,4.31,5.09,4.08,3.64,5.08,6.17,11.68,4.26,5.04,10.43,4.74,3.93,11.06,5.19
Aminophosphonicacid-guanylateester,5.28,6.43,5.5,5.58,4.54,4.88,4.76,4.35,5.11,5.45,10.98,6.01,5.04,10.53,5.15,4.11,11.09,5.16
Aminopterin,5.37,4.59,6.89,5.53,5.22,4.87,6.24,5.07,5.05,3.38,12.23,6.91,5.04,10.64,4.99,5.14,11.52,5.05
Aminosalicylicacid,4.94,2.72,3.79,4.37,4.45,5.02,4.61,4.05,5.07,7.93,5.22,4.86,5.07,11.97,4.2,4.19,11.49,5.04
Amisulpride,5.12,2.82,7.73,7.1,5.11,5.5,5.11,6.33,5.06,3.31,11.85,5.58,5.97,11.77,4.61,5.39,11.25,5.07
Amlexanox,5.12,4.07,4.82,6.24,4.92,4.95,6.81,4.01,5.11,3.16,10.22,5.94,5.04,11.49,6.9,4.01,11.42,5.25
Amlodipine,5.17,5.26,3.94,4.41,5.69,5.89,6.41,4.67,5.09,4.33,9.35,5.9,5.04,11.3,5.36,4.84,11.59,5.51
Amodiaquine,5.66,5.14,4.6,4.47,5.05,4.92,6.48,4.55,5.07,4.43,10.28,5.25,5.21,10.74,5.0,4.3,10.81,5.28
Amoxicillin,5.62,6.51,4.73,5.39,4.94,4.99,4.93,4.31,5.12,4.59,18.71,6.1,5.07,11.58,5.96,4.78,11.52,5.18
AmphotericinB,5.1,8.37,6.11,5.66,5.43,4.97,5.15,4.49,5.08,3.5,15.03,3.85,5.28,11.02,5.71,4.72,11.37,5.45
Ampicillin,5.57,10.01,4.41,5.43,4.83,5.12,5.84,4.34,5.21,13.31,11.35,5.85,5.06,11.45,6.04,4.8,11.34,5.23
Amprenavir,5.73,10.73,8.47,7.48,5.22,6.83,6.55,5.55,5.07,2.53,7.41,5.77,5.05,11.65,6.17,5.42,11.58,5.05
Amrinone,4.82,8.58,6.72,4.08,4.41,5.61,4.04,3.85,5.07,2.28,20.78,4.66,5.06,11.7,3.55,3.91,11.63,5.07
Amrubicin,5.45,3.16,4.05,4.01,4.97,5.52,5.75,4.42,5.46,5.15,17.19,5.54,5.03,11.69,5.73,4.7,11.28,6.1
Amsacrine,5.57,6.4,5.52,4.6,5.1,5.2,5.79,4.8,5.11,5.15,14.92,7.02,5.16,11.19,4.85,4.57,11.59,5.15
Amuvatinib,5.23,7.27,5.53,6.07,4.89,4.99,6.59,4.41,5.09,5.6,13.05,5.94,5.05,11.39,5.47,4.46,10.73,5.07
Amylmetacresol,4.82,7.02,7.07,6.4,4.82,4.94,6.85,5.05,5.09,12.11,14.75,5.99,5.09,11.67,4.78,4.99,11.44,5.07
Anagrelide,5.17,5.48,4.03,5.92,5.17,5.49,5.6,4.38,5.82,2.32,10.99,6.45,5.07,10.62,4.2,3.88,11.49,6.24
Anatibant,5.55,5.21,8.66,8.64,5.93,4.98,7.47,4.7,5.05,5.56,10.95,5.73,5.04,11.66,7.92,4.82,11.5,5.16
Andrographolide,5.35,10.42,6.39,5.9,4.63,5.1,6.41,4.14,5.13,15.03,10.0,6.44,5.36,11.48,3.72,4.16,11.06,5.24
Androstanedione,5.22,7.36,7.32,6.8,5.26,4.99,7.12,5.26,5.12,6.59,11.8,5.67,5.04,11.75,5.25,4.81,11.21,5.91
Androstenedione,5.3,11.03,6.67,5.86,5.0,5.11,7.18,5.24,5.16,8.06,13.33,5.52,5.17,10.76,5.04,4.69,10.92,5.96
AngiotensinII,5.9,3.03,6.63,6.32,5.56,4.86,7.01,4.46,5.09,4.0,11.38,7.45,5.03,12.08,6.02,4.85,11.6,5.1
Anisindione,4.98,6.09,3.7,4.56,4.77,4.9,4.85,4.18,5.08,2.92,10.56,5.31,5.03,10.68,4.3,4.2,10.75,5.05
Anisodamine,5.52,5.01,7.49,7.0,5.91,5.99,7.02,4.41,5.09,13.73,25.48,5.84,5.46,11.53,6.99,4.77,11.11,5.71
Anisomycin,5.16,9.7,5.99,5.7,5.19,4.95,5.9,4.06,5.19,2.44,14.08,5.55,5.15,11.44,4.2,4.23,11.12,5.58
Annamycin,5.27,5.78,3.84,4.21,5.08,5.09,5.04,4.49,5.44,6.81,12.34,4.76,5.04,10.32,5.95,4.61,10.63,5.94
Anthralin,4.92,6.0,7.22,7.15,4.52,5.57,5.34,4.29,5.2,8.73,14.17,5.49,5.05,12.09,5.68,4.21,11.68,5.17
Anthranilicacid,4.78,9.1,3.97,3.32,4.28,5.06,4.53,4.11,5.08,4.83,27.75,4.69,5.04,11.97,3.74,3.95,11.38,5.19
Antrafenine,5.7,3.16,4.13,4.94,5.16,4.82,6.44,4.45,5.07,4.04,10.81,7.82,5.46,11.25,4.36,4.79,11.44,5.07
Apadenoson,6.02,6.05,6.63,6.32,5.35,5.02,6.31,5.36,5.1,4.36,24.72,6.04,5.1,11.5,5.75,5.36,11.49,5.84
Apalutamide,5.93,3.54,6.41,5.9,5.6,5.34,6.83,4.51,5.08,2.86,28.98,7.04,5.05,11.62,6.76,4.73,11.59,5.12
Apixaban,5.68,8.18,4.48,4.03,5.24,4.84,4.7,4.3,5.08,11.44,25.32,6.24,5.46,11.96,4.79,4.09,11.57,5.08
Aplaviroc,5.28,5.4,6.88,5.95,5.01,4.91,6.47,4.31,5.06,3.62,10.98,5.31,5.05,11.39,4.81,3.94,11.51,5.19
AplyronineA,5.38,5.33,5.0,5.91,5.35,5.02,7.68,4.78,5.07,5.97,11.67,6.36,5.18,11.58,5.19,4.95,11.48,5.67
Apomorphine,5.1,2.26,6.5,6.38,5.44,5.1,7.2,4.53,5.14,5.31,11.5,6.11,5.03,11.65,4.88,5.0,11.35,5.17
Apoptone,5.22,3.68,7.75,7.62,4.48,5.0,8.22,4.91,5.06,4.86,16.63,7.22,5.07,11.57,8.01,4.67,11.31,5.83
Apremilast,5.48,4.92,5.55,5.83,5.14,5.53,6.2,4.73,5.06,3.29,10.22,6.03,5.03,11.63,5.11,5.16,11.25,5.16
Aprepitant,5.67,6.32,4.46,6.17,5.57,5.29,7.4,7.46,5.07,5.11,11.17,5.58,5.04,10.8,7.28,6.26,11.63,5.15
Arabinouridine3'-phosphate,4.99,4.88,4.19,4.48,5.01,5.09,5.52,4.02,5.11,4.27,10.57,4.3,5.1,10.64,5.21,4.08,11.15,5.23
Aranidipine,5.23,2.21,4.19,4.54,5.67,5.69,6.35,4.6,5.1,5.15,10.0,5.19,5.05,11.13,6.58,5.37,11.39,5.68
Arbaclofen,5.04,4.81,5.48,5.95,4.41,5.59,5.56,4.35,5.07,9.3,14.11,4.68,5.07,11.58,3.87,4.23,11.62,5.03
ArbaclofenPlacarbil,5.23,7.79,4.27,4.21,5.05,5.68,6.39,4.39,5.08,13.39,4.72,6.56,5.03,11.18,3.92,4.14,11.36,5.2
Arbutamine,5.0,6.75,5.34,5.98,6.2,5.04,5.86,4.85,5.06,4.65,11.43,6.22,5.04,11.53,4.52,4.95,11.5,5.12
Arbutin,4.97,8.97,3.84,4.46,4.64,4.89,4.51,3.45,5.08,5.04,12.05,4.76,5.05,11.6,3.04,3.8,11.17,5.14
Arformoterol,5.25,3.92,5.7,5.6,5.84,4.97,6.24,5.06,5.23,3.39,11.68,7.1,5.08,11.62,4.29,5.08,11.19,5.99
Argadin,5.93,6.09,4.48,4.56,5.58,4.93,6.35,4.2,5.06,5.5,11.73,4.39,5.06,11.81,4.91,4.28,11.32,5.59
Argatroban,5.63,5.68,5.94,6.18,5.61,6.89,5.31,4.64,5.11,5.82,18.67,5.16,5.04,11.59,5.69,5.64,10.96,5.14
Argifin,5.46,7.4,5.53,5.63,5.09,5.33,6.48,4.75,5.07,21.03,12.38,6.88,5.02,11.13,4.48,4.63,11.5,5.09
Arginine,4.99,10.61,4.76,4.61,4.72,5.07,4.57,4.15,5.08,16.42,10.59,5.22,5.12,10.56,5.42,4.34,10.95,5.17
Argininosuccinate,5.2,7.7,4.1,5.43,4.48,5.06,4.85,4.28,5.09,8.94,27.95,4.43,5.1,10.69,3.54,4.75,10.92,5.15
Arhalofenate,5.15,8.78,4.52,4.7,5.21,5.43,5.25,4.66,5.05,10.27,14.73,5.38,5.2,11.44,5.78,4.3,11.56,5.14
Arimoclomol,5.23,2.61,4.02,4.61,4.88,5.16,6.05,4.31,5.08,7.24,11.44,5.07,5.15,10.89,4.35,4.46,11.59,5.22
Aripiprazole,5.22,2.52,5.56,5.88,5.03,5.15,6.38,4.31,5.3,5.59,9.49,5.26,6.25,10.79,4.81,4.43,11.6,5.94
Armodafinil,5.13,7.69,4.16,4.95,4.79,5.48,6.05,4.32,5.09,6.03,12.31,7.21,5.06,12.02,4.48,4.15,10.8,5.08
Arotinolol,5.18,6.66,5.82,6.24,5.63,5.14,5.67,5.1,5.06,4.68,11.97,4.89,5.05,12.58,7.26,4.67,11.38,5.19
Arsanilicacid,4.98,2.52,4.03,4.5,4.75,4.96,5.13,3.92,5.08,5.83,11.36,6.22,5.24,11.14,6.05,4.24,11.72,5.06
Artenimol,5.1,18.71,4.86,5.48,5.1,4.97,7.41,4.6,5.55,6.84,11.63,6.04,5.05,11.39,6.53,4.63,10.88,6.2
Artesunate,5.11,6.84,4.24,5.35,5.22,4.92,5.8,4.63,5.43,4.74,15.01,6.04,5.04,11.46,7.01,4.47,10.98,6.02
Arzoxifene,5.45,6.62,5.08,5.22,5.89,4.85,7.98,4.89,5.07,5.19,13.82,6.63,5.12,11.46,5.05,4.53,11.57,5.07
Ascorbicacid,4.88,6.32,3.96,3.74,4.62,5.06,4.91,3.89,5.37,8.38,16.02,4.37,5.11,11.75,4.17,3.96,11.6,5.11
Asimadoline,5.47,5.77,6.08,5.59,5.37,5.8,6.26,4.67,5.07,5.89,12.8,7.74,5.03,11.73,5.39,4.93,11.61,5.68
Asoprisnil,5.28,5.93,6.48,6.83,6.69,4.93,6.73,5.66,5.72,5.78,11.93,7.28,5.03,11.74,6.31,5.86,11.31,6.18
Asparagine,4.82,5.61,4.05,4.33,4.39,5.11,3.5,4.16,5.08,11.6,24.56,4.91,5.05,10.45,4.73,4.15,10.85,5.07
Aspartame,5.27,15.36,3.43,3.78,4.82,4.96,4.4,4.07,5.11,18.28,8.22,4.06,5.03,11.39,4.37,4.04,11.17,5.78
AspartateBerylliumTrifluoride,4.98,,3.16,3.29,4.31,4.95,5.17,3.9,5.07,,,4.24,5.03,10.09,3.49,4.0,10.82,5.09
Asparticacid,4.77,3.96,3.29,3.59,4.5,5.08,3.66,3.45,5.07,3.79,13.51,5.08,5.05,10.46,4.97,3.89,10.94,5.1
Astaxanthin,5.14,8.06,7.61,6.88,4.95,4.99,7.06,4.42,5.66,5.61,13.01,7.13,5.07,11.54,5.98,4.54,11.64,6.16
Asunaprevir,5.45,2.92,6.59,6.65,5.81,5.0,5.21,5.82,5.07,2.86,10.4,6.12,5.04,11.62,5.09,5.31,11.59,5.29
Ataluren,5.05,4.73,5.29,6.09,4.76,5.77,6.57,4.59,5.06,5.16,15.78,4.86,5.08,11.58,4.99,4.44,11.57,5.14
Atazanavir,5.62,6.63,5.81,6.18,5.89,4.93,7.11,4.51,5.11,4.65,12.19,5.0,5.03,11.39,6.76,5.31,11.09,5.12
Atenolol,4.95,19.21,4.11,5.33,4.99,5.01,6.4,5.74,5.08,6.27,12.27,5.37,5.07,11.3,4.8,5.35,11.31,5.05
Atorvastatin,5.72,5.14,7.25,6.81,5.55,5.87,5.46,4.32,5.13,4.62,11.62,6.16,5.05,11.6,6.78,4.89,11.48,5.6
Atosiban,5.62,6.06,4.57,5.89,5.8,4.89,5.45,4.77,5.12,9.19,9.26,4.65,5.03,11.95,5.02,4.56,11.38,5.14
Atovaquone,5.46,4.31,6.16,6.32,5.31,4.89,7.16,4.28,5.04,5.62,11.73,6.15,5.04,11.6,5.98,4.46,11.55,5.13
Atracuriumbesylate,5.12,4.29,4.11,5.69,4.95,7.19,7.43,4.55,5.07,4.18,10.46,8.05,5.08,11.79,5.27,4.5,11.05,5.06
Atrasentan,4.93,6.08,4.55,5.66,5.42,5.87,7.92,4.96,5.11,6.65,13.52,7.13,5.04,11.41,6.69,5.49,11.6,5.11
Atropine,5.38,5.0,7.69,7.07,5.66,6.11,7.38,4.39,5.11,2.52,11.17,7.51,5.25,11.55,7.38,5.09,11.53,5.44
Aurothioglucose,4.84,4.25,3.78,3.13,4.61,5.12,4.39,3.19,5.08,4.02,10.05,5.14,5.11,10.6,3.21,3.69,10.92,5.12
Avanafil,5.38,2.88,6.59,6.17,5.81,5.1,7.25,6.74,5.06,3.01,10.87,4.61,5.05,10.77,6.08,6.09,11.38,5.08
Avasimibe,5.55,5.59,6.19,6.98,5.03,5.11,6.58,4.12,5.07,5.18,11.95,7.22,5.04,10.35,6.53,4.32,10.8,5.3
Avatrombopag,5.54,3.23,7.17,6.9,5.78,4.85,5.21,4.9,5.17,3.92,11.44,4.9,5.05,11.64,6.51,5.07,11.6,5.95
Avibactam,5.4,16.31,5.75,4.33,5.14,5.09,4.56,5.22,5.1,8.02,14.63,3.41,5.09,12.06,4.65,4.73,11.48,5.69
Axitinib,5.18,4.14,5.09,5.27,5.15,4.97,6.86,6.09,5.1,2.6,10.9,6.58,5.03,11.55,4.97,5.66,11.38,5.11
Azacitidine,4.93,6.69,3.95,4.14,4.44,5.0,3.74,3.63,5.78,8.57,7.0,3.84,5.34,10.32,4.32,3.88,10.84,5.24
Azathioprine,5.16,3.09,6.39,5.94,5.11,5.05,5.13,3.99,5.06,3.73,24.35,4.52,5.04,11.96,4.23,3.93,10.8,5.11
Azelnidipine,5.38,5.09,6.79,5.07,5.55,5.86,7.17,5.93,5.1,5.93,7.93,6.62,5.05,11.29,7.57,5.77,11.01,5.47
Azidocillin,5.41,5.06,5.0,5.28,4.76,5.33,6.7,4.5,5.52,6.61,12.53,6.6,5.05,11.43,5.98,4.91,11.07,6.13
Azilsartanmedoxomil,5.45,4.94,6.57,5.3,5.6,5.43,7.21,4.73,5.22,5.32,11.89,6.38,5.04,12.17,6.83,4.3,11.43,5.96
Azimilide,5.36,5.67,4.61,6.3,5.05,4.9,6.13,4.48,5.56,5.72,12.83,5.92,5.04,11.92,5.27,4.7,11.19,5.47
Azithromycin,5.2,4.55,5.8,5.94,5.0,4.95,6.67,5.92,5.21,5.16,10.77,5.04,5.03,10.8,6.63,4.9,11.51,5.67
B-2-Octylglucoside,5.11,5.15,7.01,6.21,4.52,4.97,4.92,3.32,5.29,2.42,11.86,5.04,5.06,10.64,4.07,3.73,10.46,5.11
B-nonylglucoside,4.86,5.01,7.51,6.43,4.5,5.05,3.58,3.49,5.08,4.23,11.39,4.27,5.06,10.5,3.45,3.68,10.52,5.05
"BENZYLN-({(2S,3S)-3-[(PROPYLAMINO)CARBONYL]OXIRAN-2-YL}CARBONYL)-L-ISOLEUCYL-L-PROLINATE",5.68,5.38,5.63,5.28,4.98,5.09,5.3,4.54,5.07,6.26,11.82,6.77,5.15,11.3,6.39,4.46,11.51,5.1
BETA-METHYLLACTOSIDE,4.83,10.36,3.87,4.35,4.44,4.98,4.08,4.03,5.11,5.32,14.41,4.39,5.04,10.56,4.13,4.15,10.72,5.32
BIA,5.33,5.28,3.83,4.36,5.6,5.14,5.2,4.34,5.16,15.95,8.73,5.47,5.72,12.38,5.32,4.42,11.58,5.71
"BIS-1,2-{[(Z)-2CARBOXY-2-METHYL-1,3-DIOXANE]-5-YLOXYCARBONYL}-PIPERAZINE",5.28,3.45,3.68,4.19,4.74,4.87,5.23,4.31,5.08,3.86,13.79,5.71,5.12,10.83,3.54,4.53,11.45,5.38
BMS-488043,5.41,6.78,6.29,5.79,5.1,4.88,5.32,4.59,5.11,3.83,12.33,6.56,5.09,11.58,4.99,4.46,11.08,5.63
BMS-564929,5.26,7.53,5.49,6.24,5.85,4.9,5.52,5.61,5.22,6.7,8.02,6.27,5.44,11.28,6.64,5.17,11.08,5.11
BMS184394,5.24,7.41,5.32,5.53,5.58,5.11,6.26,4.21,5.07,4.44,13.65,6.27,5.05,11.7,5.02,4.61,11.55,5.53
BOS172722,5.18,8.09,5.12,5.45,5.4,4.84,6.55,5.1,5.08,3.06,8.55,5.84,5.06,11.62,5.55,5.77,11.69,5.12
"BUT-3-ENYL-[5-(4-CHLORO-PHENYL)-3,6-DIHYDRO-[1,3,4]THIADIAZIN-2-YLIDENE]-AMINE",5.14,25.58,4.54,4.47,5.09,4.97,4.94,3.95,5.06,11.06,18.29,5.13,5.04,11.62,4.99,4.43,11.55,5.06
Bacitracin,5.41,7.66,5.87,6.09,5.64,5.03,5.69,4.74,5.09,12.18,12.39,5.98,5.04,11.35,6.07,4.77,11.56,5.1
Baclofen,4.85,16.51,5.48,5.95,4.41,5.61,5.71,4.35,5.07,10.13,14.08,4.45,5.07,11.58,3.87,4.23,11.62,5.03
BafilomycinA1,5.57,4.76,4.9,5.0,4.96,4.94,8.08,5.42,5.37,4.06,11.62,5.53,5.1,11.01,3.64,5.06,11.14,5.88
BafilomycinB1,5.63,7.23,5.64,5.57,5.09,4.89,8.28,5.53,5.52,11.05,35.41,6.49,5.06,11.56,3.89,4.77,11.47,6.01
Balaglitazone,5.6,5.25,4.59,5.5,4.6,5.02,4.31,4.56,5.34,6.73,11.48,5.3,5.04,11.66,5.5,4.68,11.29,5.93
Balanol,5.23,7.23,6.41,6.59,5.76,5.99,6.6,6.45,5.06,3.49,13.95,6.48,5.1,12.95,6.46,5.95,12.7,5.11
BalanolAnalog1,5.26,2.75,6.43,6.2,4.91,5.58,6.77,4.31,5.03,4.92,13.61,7.86,5.03,11.34,7.94,4.25,11.76,5.1
BalanolAnalog2,5.44,6.48,5.93,5.86,5.18,6.1,7.37,4.48,5.16,7.11,19.04,7.51,5.04,11.71,6.99,4.44,11.74,5.11
Balsalazide,5.01,12.0,5.24,5.89,4.88,5.3,5.0,4.18,5.07,11.59,13.08,6.0,5.05,11.52,4.42,4.05,11.54,5.13
Bambuterol,5.19,2.43,4.43,4.7,5.76,4.83,7.15,4.69,5.12,3.16,13.59,4.55,5.05,11.61,3.69,4.63,10.98,5.59
Bamifylline,5.47,7.13,4.63,6.13,4.87,5.24,5.04,4.34,5.15,5.05,12.77,4.37,5.17,10.94,4.95,4.1,11.32,5.49
Banoxantrone,5.5,5.2,5.32,5.45,4.7,5.37,5.57,4.56,5.08,5.43,15.68,4.89,5.38,12.54,6.12,4.36,11.76,5.09
Barbituricacidderivative,5.11,2.73,5.27,5.03,4.91,5.34,5.35,4.43,5.1,5.74,9.64,6.6,5.05,11.44,4.78,4.48,11.36,5.73
Bardoxolone,5.22,3.47,5.67,4.99,4.9,5.12,7.18,4.67,5.12,3.23,11.68,6.13,5.06,10.59,4.04,4.8,11.05,5.76
Baricitinib,5.85,2.14,5.1,6.0,5.84,4.91,6.47,7.07,5.03,3.02,15.69,6.55,5.14,11.82,5.79,5.63,11.63,5.6
Barnidipine,5.27,6.08,6.17,4.03,5.98,5.44,6.68,5.46,5.27,5.35,11.63,6.66,5.04,10.82,8.05,5.29,11.29,6.19
Batimastat,6.06,9.08,5.19,5.99,7.26,5.26,5.61,6.85,5.25,10.96,11.75,4.59,5.03,11.83,4.35,7.19,10.82,5.22
Bazedoxifene,5.22,5.43,3.99,4.59,5.54,4.83,6.54,5.37,5.08,5.01,12.24,6.5,5.04,11.64,5.4,4.89,11.66,5.11
Bb-3497,5.63,11.01,4.96,5.54,6.05,5.04,5.0,7.06,5.07,13.83,5.13,4.19,5.19,11.8,4.73,5.59,11.6,5.13
Becatecarin,5.3,7.14,6.13,6.21,5.6,5.05,4.57,3.94,5.83,21.31,6.65,6.07,6.57,10.23,6.93,4.19,10.57,6.32
Beclomethasonedipropionate,5.62,4.99,8.32,7.75,5.06,4.87,7.05,4.64,5.54,3.48,13.35,4.59,5.07,11.63,5.75,4.98,10.92,6.13
Becocalcidiol,5.67,5.6,5.17,6.19,5.88,5.08,7.89,5.52,5.24,5.12,10.08,8.13,5.2,11.66,6.35,5.87,11.37,6.1
Bedaquiline,5.32,11.84,4.13,4.74,5.52,5.46,7.44,4.55,5.05,10.71,8.1,7.13,5.04,11.56,5.24,4.6,11.56,5.13
Bedoradrine,5.42,6.01,5.24,5.2,4.77,5.33,5.1,4.56,5.09,17.81,13.88,4.98,5.09,11.57,5.62,4.45,11.36,5.65
Befunolol,4.99,3.15,5.7,7.11,4.95,5.27,7.4,4.27,5.08,3.64,12.68,5.09,5.19,10.76,4.16,4.64,11.38,5.11
Belinostat,5.05,5.24,4.17,4.2,5.16,5.82,5.23,4.97,5.25,6.09,13.64,4.86,5.14,11.56,3.76,4.91,11.72,5.76
Benazepril,5.66,15.07,6.59,5.83,5.35,5.18,5.27,6.32,5.22,5.93,15.28,5.92,5.43,11.0,4.81,4.61,10.93,5.78
Bendamustine,5.11,6.37,3.04,4.8,4.94,4.89,4.71,6.34,5.1,5.24,11.5,4.81,5.35,11.65,3.99,5.4,11.49,5.48
Bendazac,5.01,7.75,3.18,3.67,4.93,5.22,5.36,4.4,5.08,6.27,13.01,5.01,5.1,11.88,5.0,4.36,11.53,5.13
Bendroflumethiazide,5.52,6.31,6.23,4.87,5.2,6.47,5.98,4.75,5.11,5.25,13.94,5.1,5.84,11.43,6.59,4.66,11.57,5.93
Benidipine,5.26,4.92,6.33,4.03,5.91,5.56,7.05,6.01,5.31,4.48,16.26,8.24,5.03,10.72,8.54,4.8,11.31,6.23
Benserazide,4.87,5.59,4.08,5.47,4.78,4.93,5.25,4.16,5.09,4.96,11.18,4.52,5.07,11.53,3.91,4.4,11.18,5.08
Bentiromide,5.3,5.74,3.55,4.3,4.87,5.09,5.66,4.13,5.06,6.29,25.76,5.69,5.06,11.6,4.38,4.29,11.57,5.04
Benzbromarone,5.17,7.38,4.81,5.18,4.5,4.89,7.11,4.43,5.08,3.8,12.51,5.75,5.04,11.01,4.54,4.62,11.4,5.11
Benzodiazepine,4.87,5.56,4.17,4.21,5.07,5.09,4.93,4.5,5.22,7.59,11.85,5.86,5.08,11.4,4.88,4.54,11.61,5.33
Benzoyl-tyrosine-alanine-fluoro-methylketone,5.31,5.52,5.63,4.84,5.71,4.94,4.99,4.39,5.1,6.56,11.08,6.65,5.03,12.11,4.27,5.26,10.92,5.07
BenzoylformicAcid,4.78,2.35,5.24,5.53,4.31,6.49,4.57,4.56,5.06,5.02,15.6,4.28,5.06,11.45,4.12,4.04,11.43,5.46
Benzquinamide,5.23,10.46,7.15,5.64,5.23,5.18,6.78,4.92,5.26,7.94,11.48,5.61,5.09,11.55,3.85,4.57,11.45,5.5
Benzthiazide,5.32,9.97,5.53,6.25,4.99,6.33,6.13,4.92,5.2,12.73,12.27,5.59,5.04,10.62,5.28,4.49,11.48,6.19
BenzylN-[(2S)-5-(diaminomethylamino)-1-[[(2S)-4-fluoro-3-oxobutan-2-yl]amino]-1-oxopentan-2-yl]carbamate,5.49,8.59,5.7,4.65,5.12,5.27,5.83,4.51,5.1,10.6,9.13,6.34,5.08,10.29,4.12,4.99,10.97,5.09
Benzylalcohol,4.77,7.81,4.37,5.39,5.02,5.04,3.98,4.17,5.12,7.9,11.58,6.09,5.04,10.86,4.13,4.07,11.5,5.25
Benzylcysteine,4.96,8.29,5.49,6.25,4.37,5.07,6.32,4.1,5.09,2.38,6.37,3.89,5.08,11.35,6.3,4.39,10.8,5.12
Benzylpenicillin,5.31,3.4,5.77,6.11,4.95,5.08,5.66,4.26,5.13,5.43,13.21,5.94,5.05,11.53,5.88,4.48,11.33,5.24
Bepotastine,5.31,8.0,4.28,5.3,5.14,5.3,4.65,4.5,5.04,8.77,7.93,5.36,5.04,11.6,4.81,4.41,10.96,5.18
Beraprost,5.44,7.94,5.17,5.06,5.38,5.28,6.3,5.51,5.07,8.14,11.85,6.87,5.04,11.48,6.42,5.3,10.85,5.24
Besifloxacin,5.96,3.26,4.53,5.97,5.36,5.47,7.28,4.76,5.12,3.3,13.25,5.33,5.04,11.55,6.13,4.68,11.16,5.17
Beta(2-Thienyl)Alanine,5.23,8.65,4.68,5.51,4.85,5.01,4.46,4.34,5.14,7.29,9.67,4.95,5.22,11.32,3.85,4.27,11.07,5.18
Beta-(2-Naphthyl)-Alanine,4.92,7.73,4.06,5.8,4.63,4.96,6.83,3.75,5.1,4.31,20.94,4.83,5.07,11.15,3.3,4.17,11.5,5.17
Beta-Alanine,4.76,3.47,3.88,4.03,4.56,5.09,4.27,4.16,5.07,4.31,20.31,4.03,5.04,10.28,4.95,4.47,11.66,5.12
Beta-Cyclohexyl-Alanine,5.2,8.8,4.97,4.06,4.68,5.05,5.61,3.6,5.07,2.41,41.08,4.56,5.22,10.56,4.26,3.9,11.18,5.12
Beta-D-GlucopyranoseSpirohydantoin,5.26,6.16,2.96,3.7,5.25,5.08,3.82,3.55,5.64,3.23,10.21,4.62,5.04,11.76,5.43,4.07,10.48,6.1
Beta-D-Glucose,4.82,3.84,2.47,2.44,4.67,5.03,2.53,3.22,5.53,3.83,11.02,2.97,5.06,11.2,2.94,3.83,10.7,5.96
"Beta-Dadf,Msa,MultisubstrateAdductInhibitor",5.28,-2.03,6.85,3.71,5.32,4.98,5.25,4.5,5.06,4.42,5.57,6.8,5.04,11.7,5.81,4.6,11.52,5.11
Betamethasone,5.77,5.27,8.13,7.18,5.78,4.9,6.62,5.26,5.32,4.59,12.78,5.98,5.04,11.32,6.88,5.25,11.15,5.8
Betamethasonephosphate,5.74,6.61,8.04,7.02,5.53,4.97,5.82,4.73,5.13,7.24,13.0,5.75,5.04,11.44,5.75,4.97,11.42,5.76
Betaxolol,5.1,2.85,4.81,5.23,4.92,4.94,5.88,5.37,5.07,2.87,13.35,5.83,5.08,11.46,5.3,4.79,11.48,5.08
Betazole,4.83,4.12,3.92,4.8,4.5,5.06,4.1,4.91,5.08,18.32,11.29,4.62,5.06,10.48,4.05,4.62,11.11,5.09
Betrixaban,5.27,7.81,6.11,5.19,5.48,4.84,6.14,6.18,5.06,3.68,15.39,5.88,5.06,10.88,4.07,5.4,11.25,5.05
Bevantolol,4.98,2.83,4.7,5.61,5.57,5.05,6.31,4.16,5.08,4.45,13.81,6.83,5.04,11.54,4.91,4.7,11.24,5.04
Bezafibrate,5.27,4.2,4.92,6.12,4.83,4.81,5.78,3.99,5.06,6.73,17.6,5.95,5.04,11.66,3.98,4.44,11.31,5.06
Bicalutamide,5.44,3.72,5.84,6.1,5.27,6.09,6.51,4.65,5.11,5.25,11.58,6.93,5.85,11.54,5.45,4.32,11.36,5.17
Bicine,4.76,3.85,3.45,4.37,4.78,5.09,3.66,3.78,5.08,5.35,12.18,4.22,5.04,10.46,4.01,3.95,11.54,5.11
Bictegravir,5.4,5.67,6.4,5.8,5.69,4.97,6.57,5.28,5.17,4.91,11.09,5.9,5.04,11.41,5.78,4.64,11.26,5.66
Bifeprunox,5.13,2.28,5.99,5.11,5.0,4.93,5.83,4.49,5.11,3.81,14.4,6.38,5.21,11.72,4.9,4.54,11.58,5.2
Bilastine,5.4,2.93,6.59,6.15,5.14,4.9,6.28,5.3,5.07,3.09,10.25,5.34,5.02,11.8,3.66,4.62,11.57,5.08
BiliverdineIXAlpha,5.45,4.37,4.24,4.12,4.93,5.16,6.85,4.59,5.18,3.93,10.47,6.03,5.04,11.89,5.26,4.64,11.68,5.85
Bimatoprost,5.08,5.92,6.21,6.68,4.86,5.36,7.72,5.06,5.11,16.18,22.8,5.89,5.05,11.62,5.54,4.45,11.46,5.97
Bimoclomol,5.02,4.42,5.41,5.07,4.7,4.97,5.25,4.45,5.06,2.85,12.31,4.28,5.13,10.65,4.97,4.43,11.62,5.07
Binimetinib,6.04,17.57,4.96,4.9,5.39,4.88,5.89,5.37,5.07,28.16,55.05,5.73,5.04,11.53,4.99,4.58,11.51,5.02
Binodenoson,5.69,10.94,5.18,5.22,4.83,5.05,6.52,4.62,5.09,11.04,11.07,6.98,5.06,10.74,4.64,4.44,10.94,5.13
Biopterin,5.22,2.94,4.68,4.47,4.59,5.22,5.17,3.86,5.19,4.15,11.23,4.1,5.04,11.42,5.68,4.31,11.05,5.94
Biotin,5.48,6.06,4.65,4.43,5.1,4.89,4.22,4.23,5.21,7.76,20.21,5.69,5.04,11.5,5.63,4.56,11.39,5.45
Biperiden,5.09,5.62,4.17,4.2,5.73,5.18,6.14,4.55,5.08,3.59,12.4,7.87,5.05,11.33,6.51,4.47,11.6,5.67
Biphenylalanine,4.94,5.76,3.36,3.58,4.72,4.83,6.82,3.94,5.11,7.41,12.61,6.92,5.09,11.54,3.2,4.31,10.57,5.27
Bis(5-Amidino-2-Benzimidazolyl)MethaneKetone,5.28,4.77,4.34,3.86,4.79,5.22,7.14,4.35,5.07,5.28,10.91,6.91,5.04,11.55,4.88,4.83,11.7,5.09
Bis(5-Amidino-2-Benzimidazolyl)MethaneKetoneHydrate,5.34,6.22,5.04,4.19,4.95,4.88,6.45,4.49,5.07,25.06,12.31,6.96,5.12,11.59,4.72,4.56,11.62,5.07
Bis(5-Amidino-2-Benzimidazolyl)Methanone,5.26,15.48,4.52,3.89,4.79,5.29,7.05,4.35,5.07,17.02,6.43,6.95,5.04,11.55,4.88,4.75,11.65,5.12
Bis(5-Amidino-Benzimidazolyl)Methane,5.34,5.68,4.74,3.99,4.85,4.83,6.46,4.29,5.07,2.7,11.7,6.22,5.06,11.56,4.58,4.3,11.67,5.12
Bis(5-Amidino-Benzimidazolyl)MethaneZinc,5.88,4.36,4.71,4.57,4.59,4.85,7.49,4.68,5.06,5.07,8.86,6.76,5.28,11.43,6.93,5.1,11.28,5.07
Bis(5-Amidino-Benzimidazolyl)MethanoneZinc,5.22,3.84,4.39,4.63,4.68,4.93,5.92,4.02,5.08,3.99,11.57,6.21,5.3,11.63,6.09,4.27,11.67,5.15
Bis(Adenosine)-5'-Pentaphosphate,5.23,2.64,4.91,5.06,5.14,5.04,5.3,4.92,5.08,3.71,12.06,6.97,5.07,11.56,5.23,4.43,10.9,5.11
Bis-NapthylBeta-KetophosphonicAcid,5.51,3.81,4.81,5.96,5.02,6.14,6.08,4.59,5.05,7.48,11.99,6.61,5.21,10.46,5.8,4.43,11.56,5.09
"Bishydroxy[2h-1-Benzopyran-2-One,1,2-Benzopyrone]",5.38,5.67,4.9,5.41,4.66,5.05,6.39,4.67,5.05,4.53,11.22,5.57,5.4,12.25,5.48,4.49,11.61,5.17
Bisoprolol,4.9,7.69,4.9,5.79,4.91,5.0,6.56,4.85,5.06,10.73,12.14,4.89,5.15,11.58,5.04,4.91,11.65,5.04
Bitolterol,5.07,6.01,5.76,5.58,5.67,4.86,7.65,4.56,5.11,4.52,7.76,6.34,5.06,11.81,5.0,4.83,11.43,5.25
Bivalirudin,5.8,14.23,5.33,5.98,5.57,4.95,6.73,4.7,5.1,5.13,12.34,6.69,5.02,10.69,6.0,4.98,11.33,5.18
Bleomycin,5.67,2.98,4.54,4.33,6.05,5.3,7.12,4.81,5.06,5.22,10.38,6.54,5.03,11.7,5.97,4.9,11.17,5.09
Boceprevir,5.81,6.31,5.79,4.34,6.12,4.93,6.91,4.99,5.07,8.35,10.8,7.32,5.03,12.25,7.8,5.02,10.87,5.12
Boldenone,5.51,13.46,8.76,8.72,5.53,5.07,7.09,4.9,5.21,6.35,10.5,5.69,5.09,10.86,6.98,4.74,11.13,5.89
Boldenoneundecylenate,5.57,8.32,7.21,6.83,5.18,4.93,7.96,4.78,5.2,10.81,23.12,7.78,5.15,11.6,6.46,4.61,11.52,5.57
Bopindolol,5.11,1.93,7.18,7.18,5.54,6.48,5.1,4.27,5.05,4.18,12.38,6.72,5.04,10.96,3.94,3.91,10.88,5.28
Bortezomib,5.4,3.48,5.93,6.02,5.65,5.13,5.32,5.03,5.09,17.08,13.13,6.32,5.02,11.78,5.86,5.33,11.24,5.08
Bosentan,5.44,5.14,4.09,4.49,5.17,4.88,7.1,4.41,5.07,3.82,13.11,6.55,5.11,11.66,4.49,4.75,11.6,5.05
Bosutinib,5.65,6.76,4.99,5.97,6.34,5.18,6.07,7.16,5.0,16.71,12.91,6.37,5.17,11.57,5.01,5.85,10.92,5.14
Bradanicline,5.4,6.76,7.54,6.65,5.7,5.54,7.44,4.4,5.03,2.75,10.05,5.45,5.03,11.81,6.55,4.21,11.08,5.08
BrefeldinA,5.25,5.11,4.15,4.03,4.91,5.08,5.9,4.37,5.61,5.14,13.13,4.97,5.8,11.78,6.18,4.37,11.19,6.14
Bremelanotide,6.14,4.25,8.13,7.48,5.93,5.12,7.28,6.14,5.09,4.78,15.56,8.15,5.01,10.58,5.0,6.78,11.2,5.11
Brequinar,5.29,2.4,4.26,5.82,5.63,5.22,6.79,4.77,5.09,4.26,11.65,7.19,5.15,11.7,5.2,4.91,11.56,5.09
BrequinarAnalog,5.33,10.82,3.91,5.56,5.59,5.18,6.57,4.38,5.06,6.36,14.16,6.99,5.3,11.69,5.78,4.45,11.57,5.13
Brexanolone,5.05,6.84,4.64,3.67,5.06,5.1,7.01,4.88,5.07,6.39,13.58,5.41,5.05,11.63,4.58,4.66,11.59,5.49
Brexpiprazole,5.33,3.49,6.07,5.38,6.91,5.15,6.66,5.11,5.19,3.11,10.52,5.22,5.21,11.04,5.52,4.9,11.13,5.13
Brigatinib,6.62,4.47,6.34,6.71,6.53,4.87,7.35,7.29,6.58,4.22,11.39,6.07,6.9,11.93,7.22,5.79,11.68,5.92
Brinzolamide,5.34,5.57,9.0,8.8,5.44,5.23,6.31,6.06,5.38,4.62,11.18,6.32,5.04,11.76,8.52,5.36,10.92,5.72
Brivaracetam,5.11,6.2,5.16,5.9,4.53,4.91,4.62,5.49,5.21,4.69,12.77,4.95,5.11,11.01,3.67,4.51,11.53,5.11
Bromazepam,5.06,5.8,3.67,4.12,4.44,5.18,5.92,4.08,5.05,6.94,11.96,5.39,5.05,11.71,4.33,4.41,11.56,5.42
Bromfenac,5.02,4.57,4.11,5.45,5.11,5.91,5.05,4.64,5.05,9.88,10.67,5.95,5.05,11.7,4.16,4.33,11.3,5.11
Bromo-Willardiine,5.3,3.12,4.07,4.58,4.66,5.09,4.29,5.18,5.13,2.77,11.47,4.95,5.04,11.59,3.87,4.76,11.59,5.48
Bromocriptine,5.37,5.87,6.06,5.36,5.39,5.13,7.55,4.43,5.09,2.85,10.75,6.3,5.04,10.99,6.1,4.43,10.77,5.49
Bromopride,5.1,2.92,3.92,5.38,4.91,4.99,5.28,4.24,5.15,10.0,16.11,5.45,5.28,12.43,4.1,4.25,11.6,5.56
Bromotheophylline,5.03,5.53,5.59,5.29,4.76,5.05,4.72,4.06,5.2,5.88,19.77,4.99,5.06,10.61,4.06,4.21,11.57,5.12
Brotizolam,5.46,6.99,8.13,7.32,5.13,5.33,7.23,5.82,5.01,9.02,19.32,6.04,5.03,11.53,7.31,4.81,11.64,5.12
Bucindolol,5.18,17.15,6.09,7.02,6.69,5.3,6.19,6.55,5.08,6.26,19.01,5.69,5.0,11.24,5.78,6.66,10.89,5.06
Budesonide,5.92,3.09,5.96,6.74,5.34,5.03,5.89,4.72,5.7,5.33,11.32,5.12,5.04,10.81,5.77,5.06,11.39,6.04
Bufexamac,5.64,7.7,5.6,5.1,4.89,4.89,5.95,4.7,5.08,5.77,5.14,5.57,5.14,11.66,4.45,4.55,11.59,5.04
Bufotenine,5.05,8.17,6.28,5.63,5.56,5.03,4.5,5.24,5.07,12.26,15.22,3.48,5.04,11.63,4.98,4.74,11.83,5.15
Bufuralol,5.16,2.8,5.14,5.39,4.99,4.94,7.21,4.51,5.18,4.46,11.24,4.68,5.03,11.52,6.01,4.64,11.59,5.17
Bufylline,5.1,7.38,3.97,4.74,4.66,4.95,5.07,4.45,5.35,5.4,11.5,5.06,5.12,10.66,4.2,4.15,10.8,5.15
Bumetanide,5.24,6.44,4.62,4.56,5.22,5.31,8.08,4.15,5.07,5.45,13.5,5.34,5.8,12.01,5.33,4.78,11.57,5.19
Bupivacaine,5.03,5.46,6.62,5.7,5.24,5.12,5.07,4.13,5.23,5.76,10.47,5.18,5.07,11.66,3.67,4.04,11.11,5.46
Bupranolol,5.02,5.77,7.62,7.98,5.22,4.99,5.92,4.4,5.08,11.74,18.96,6.35,5.07,10.71,7.34,5.15,11.29,5.07
Buprenorphine,5.31,3.02,8.22,6.79,6.52,4.9,7.27,7.77,5.54,3.81,11.34,6.95,5.04,11.62,6.6,5.89,11.59,5.76
Bupropion,4.87,10.12,5.39,5.89,5.1,5.94,5.23,4.45,5.1,4.59,19.59,5.13,5.03,10.74,4.95,4.43,11.0,5.29
Butorphanol,5.67,18.92,7.29,6.39,6.71,4.89,6.23,4.44,5.07,7.14,13.03,6.65,5.04,11.67,6.92,5.93,11.38,5.87
Butylscopolamine,5.38,8.38,5.6,5.12,6.24,5.97,7.11,5.2,5.13,3.89,10.61,6.01,5.45,11.56,7.2,4.65,10.86,5.22
C-(1-Azido-Alpha-D-Glucopyranosyl)Formamide,4.88,5.29,3.48,3.53,5.04,5.16,4.94,4.39,5.49,3.73,21.63,5.88,5.05,11.29,5.18,4.05,10.55,5.87
C-(1-hydrogyl-beta-D-glucopyranosyl)formamide,4.89,7.93,3.54,3.55,4.89,5.06,3.43,3.68,5.16,2.87,11.0,4.25,5.05,11.52,4.09,3.98,11.06,5.4
CA4P,5.05,4.99,5.51,5.76,4.83,4.87,6.77,4.21,5.08,4.52,10.36,4.58,5.05,11.37,3.53,4.43,11.63,5.18
CARBOBENZYLOXY-(L)-LEUCINYL-(L)LEUCINYLMETHOXYMETHYLKETONE,5.35,10.31,3.66,4.2,5.29,5.47,5.2,4.63,5.08,19.6,5.29,5.72,5.53,11.53,5.04,4.77,11.06,5.04
CD564,5.29,3.25,6.69,6.62,5.28,5.92,7.24,4.24,5.1,3.58,11.56,6.27,5.03,11.05,7.08,4.18,11.51,5.81
CEP-1347,6.41,5.35,6.14,6.11,5.91,4.89,6.41,4.76,7.03,2.94,9.93,6.14,6.45,13.15,6.76,4.86,12.54,6.89
"CIS-(1R,2S)-2-AMINO-1,2,3,4-TETRAHYDRONAPHTHALEN-1-OL",4.96,5.18,3.9,4.13,4.58,5.18,5.8,3.82,5.07,7.45,11.31,4.93,5.05,11.52,4.06,4.17,11.62,5.16
CP-271485,5.27,8.41,6.15,5.71,5.27,5.06,6.69,4.24,5.13,3.02,8.36,6.29,5.46,11.41,6.67,4.46,11.48,5.12
CP-526423,5.43,4.35,6.1,5.67,4.92,4.82,6.22,5.06,5.77,4.95,6.85,7.24,5.11,11.44,5.1,4.46,11.17,6.0
CPI-1205,6.01,6.2,6.52,5.3,5.52,5.1,5.67,5.57,5.07,6.05,5.45,6.04,5.48,11.74,5.89,5.04,11.59,5.17
CR665,5.48,3.54,7.15,6.02,5.16,5.02,4.98,4.31,5.12,6.59,13.34,6.03,5.03,11.84,4.5,4.68,11.18,5.08
CRA_10433,5.16,5.83,5.59,5.4,5.12,5.46,6.92,4.55,5.1,2.52,11.17,5.75,5.03,10.7,6.32,4.83,11.58,5.14
CRA_10655,5.2,4.9,4.92,4.95,5.18,5.45,6.11,4.44,5.06,2.93,13.63,6.06,5.05,11.62,6.29,4.58,11.37,5.07
CRA_10656,5.44,4.76,5.45,5.67,5.1,4.99,7.46,4.64,5.06,4.93,11.64,6.2,5.06,11.59,5.97,4.77,11.54,5.04
CRA_10762,5.37,5.88,3.75,5.06,5.4,5.25,6.03,4.52,5.11,5.69,12.09,7.0,5.04,11.55,5.84,4.51,11.48,5.09
CRA_10972,5.35,4.63,5.29,6.66,5.43,5.08,7.17,4.5,5.19,5.54,12.61,6.68,5.08,11.65,6.06,4.76,11.36,5.07
CRA_10991,5.49,5.01,5.98,5.91,5.56,5.21,6.45,5.36,5.11,4.56,10.48,7.13,5.03,10.88,6.07,5.32,11.62,5.06
CRA_11092,5.74,4.8,4.68,5.2,5.86,5.03,6.87,5.18,5.06,9.78,10.87,6.45,5.05,11.51,6.59,5.24,11.33,5.12
CRA_1144,5.09,9.09,5.0,4.44,5.0,5.5,5.23,4.52,5.06,18.29,12.12,6.07,5.04,11.66,4.55,4.6,11.79,5.08
CRA_16847,5.44,5.37,5.61,5.09,5.36,5.17,6.61,4.34,5.06,6.33,13.59,5.47,5.04,11.74,4.97,4.94,11.57,5.08
CRA_17312,5.36,6.94,4.11,4.65,5.39,5.46,6.56,4.44,5.06,2.39,18.75,6.8,5.03,11.72,5.67,4.54,10.86,5.1
CRA_17693,5.47,7.6,4.76,4.95,5.67,5.25,6.42,4.28,5.06,7.47,11.83,6.41,5.06,11.72,5.67,4.68,11.12,5.04
CRA_1801,5.23,10.19,5.17,5.47,5.02,4.86,5.99,4.44,5.07,2.7,15.12,6.56,5.03,11.3,5.75,4.78,11.37,5.06
CRA_1802,5.18,3.95,5.02,4.82,5.11,5.24,5.38,4.41,5.08,4.55,12.44,6.72,5.03,11.6,4.88,4.52,11.65,5.11
CRA_23653,5.29,2.36,4.39,4.17,5.33,5.44,7.49,4.64,5.06,3.59,11.64,6.64,5.03,11.59,5.03,4.42,11.59,5.06
CRA_8696,5.29,6.3,5.32,4.06,5.06,5.74,7.13,4.12,5.11,3.65,7.62,6.05,5.04,10.59,5.73,4.78,11.65,5.16
CRA_9076,5.32,4.23,6.09,6.24,5.43,5.33,6.25,4.4,5.08,3.85,10.58,6.6,5.03,11.62,5.99,4.9,11.62,5.2
CRA_9334,5.31,3.45,4.67,5.04,5.45,5.12,6.48,4.3,5.06,5.05,25.09,6.2,5.05,11.7,4.55,4.61,11.58,5.05
CRA_9678,5.46,3.79,5.34,5.4,5.48,5.0,6.63,4.27,5.07,4.64,9.72,5.71,5.04,11.6,5.61,4.91,11.29,5.37
CRA_9785,5.34,6.94,4.68,4.53,5.07,5.38,5.76,4.61,5.07,4.1,11.31,6.71,5.04,11.64,4.58,4.53,11.61,5.07
CTS-1027,5.55,3.67,4.29,4.21,7.45,4.81,7.61,8.04,5.05,5.74,13.4,6.15,6.02,10.75,3.99,6.54,11.34,5.51
CVT-6883,5.32,4.57,6.61,6.3,6.1,4.9,6.49,4.86,5.4,2.96,10.27,6.16,5.04,11.7,6.85,5.0,11.56,5.2
"CYCLOHEXYLMETHYL-2,3-DIHYDROXY-5-METHYL-HEXYLAMIDE",5.19,4.62,5.46,4.8,5.12,5.05,6.23,4.28,5.07,5.13,16.78,5.45,5.18,11.43,5.5,4.42,11.22,5.07
CZEN002,6.03,4.47,4.69,6.0,6.12,4.89,5.73,4.44,5.12,4.2,11.7,5.94,5.02,10.65,5.81,4.84,10.98,5.2
Cabazitaxel,5.49,10.34,4.43,5.58,4.92,5.18,5.83,4.62,5.13,2.47,17.78,6.59,5.04,11.41,5.78,5.72,10.81,5.76
Cabergoline,5.23,5.17,5.01,5.03,5.18,5.0,6.85,4.74,5.15,5.46,10.61,6.62,5.02,11.59,4.95,4.84,11.66,5.18
Cabotegravir,5.56,8.68,5.59,5.71,5.87,4.99,5.24,4.76,5.08,6.51,11.93,6.18,5.04,11.59,5.64,4.54,11.36,5.13
Cabozantinib,5.33,5.95,6.34,5.44,6.09,5.3,8.28,4.84,5.27,4.91,7.26,5.58,5.35,11.34,5.04,5.92,11.1,5.08
CalanolideA,5.24,2.91,6.86,6.56,4.75,4.97,6.73,4.41,5.73,3.66,11.43,7.18,5.04,11.59,6.18,4.4,10.91,5.2
Calcifediol,5.82,5.94,5.84,5.73,5.89,4.94,8.55,6.44,5.38,12.72,6.38,8.11,5.24,11.65,7.01,6.19,11.36,6.31
Calcipotriol,5.71,8.16,8.46,7.33,5.64,5.11,7.97,7.12,5.25,2.83,10.98,5.41,5.14,11.6,7.36,6.33,11.1,5.84
Calcitriol,5.79,7.33,7.42,6.87,6.1,4.93,8.67,7.38,5.32,4.83,10.73,7.83,5.19,11.61,6.98,6.54,11.1,6.17
CalciumCitrate,4.89,1.79,3.75,3.86,4.43,4.99,4.74,4.6,5.06,3.56,12.63,5.5,5.24,11.56,5.42,4.06,11.07,5.12
Calciumlevulinate,4.88,3.55,4.51,5.13,4.37,5.0,5.72,4.04,5.06,6.16,13.87,4.63,5.05,10.39,4.46,4.21,11.04,5.12
Caldaret,5.14,5.26,3.88,4.08,4.88,5.0,4.64,4.17,5.09,4.04,12.1,4.87,5.33,11.63,5.23,4.39,11.56,5.73
Calusterone,5.26,2.74,8.44,8.04,5.02,5.07,7.12,4.8,5.08,6.8,18.94,5.66,5.21,10.71,6.89,4.78,11.06,5.85
CalyculinA,5.26,5.67,6.46,5.93,5.82,4.92,7.05,7.21,5.1,5.32,20.34,8.5,5.03,11.7,6.28,6.56,11.39,5.63
Cambinol,5.17,8.04,6.33,5.49,4.96,5.05,6.31,4.07,5.1,4.02,10.92,6.84,5.06,10.8,3.67,3.91,11.62,5.12
Camptothecin,5.45,4.05,7.32,7.23,5.57,5.05,5.72,4.56,5.11,7.6,10.21,5.9,5.04,11.58,7.3,4.45,11.38,5.19
Canagliflozin,5.32,6.48,4.36,4.56,5.94,5.27,6.14,4.54,5.14,5.74,12.63,5.78,5.04,11.78,4.42,4.53,11.23,5.4
Canaline,4.84,4.68,3.48,3.55,4.42,5.07,4.46,4.37,5.09,5.81,20.31,4.49,5.05,10.37,4.37,4.23,10.88,5.19
Candesartan,5.31,8.44,7.47,7.24,5.53,4.85,6.81,4.27,5.08,7.04,12.41,6.73,5.04,11.93,7.23,4.29,11.4,5.13
Candesartancilexetil,5.24,7.4,7.5,6.87,5.82,5.11,6.05,4.58,5.14,7.0,10.48,6.04,5.04,11.74,7.82,4.99,11.38,5.91
Candicidin,5.42,9.9,5.5,5.98,5.09,4.96,5.98,5.17,5.1,2.91,8.09,6.27,5.88,11.71,6.23,4.57,11.61,5.13
Candoxatril,6.08,5.1,4.23,4.45,5.32,4.9,6.14,6.81,5.07,5.14,12.69,6.48,5.16,11.58,4.09,5.6,11.26,5.16
Candoxatrilat,5.6,3.07,4.4,4.23,5.0,5.0,6.09,5.7,5.06,3.19,13.9,5.11,5.09,11.51,4.26,5.57,10.92,5.23
Canertinib,5.47,2.93,5.02,5.03,5.94,4.75,4.87,7.55,5.03,3.29,11.9,5.15,5.22,11.03,5.0,5.16,11.16,5.0
Canfosfamide,5.58,6.61,4.02,5.66,5.09,5.17,6.61,4.74,5.08,4.9,11.18,5.89,5.04,12.06,7.81,4.34,11.56,5.58
Cangrelor,5.52,9.76,7.34,6.49,5.79,5.12,6.5,8.22,5.16,3.45,14.63,5.35,5.05,11.63,5.04,5.13,10.96,5.15
Cannabidiol,5.15,6.22,7.14,6.6,5.11,4.97,6.91,4.65,5.1,6.75,13.19,4.23,5.03,10.34,5.92,4.71,11.64,5.14
Cannabidivarin,5.16,4.83,6.7,6.13,5.13,5.22,7.19,4.44,5.15,6.31,15.35,5.53,5.03,10.33,5.9,4.2,11.67,5.15
Capecitabine,5.37,5.06,6.3,4.22,5.33,4.87,4.63,4.32,5.08,8.94,13.54,6.94,5.3,10.57,5.19,4.85,10.82,5.1
Capravirine,5.43,5.14,5.53,5.77,5.56,4.92,6.48,4.54,5.06,3.22,11.66,6.95,5.38,11.66,5.02,5.34,11.31,5.04
Capsaicin,5.09,10.25,6.79,6.81,4.9,4.97,5.03,4.26,5.06,2.59,7.83,4.58,5.05,11.59,5.32,4.38,11.11,5.08
Captopril,5.24,7.5,5.09,4.58,5.23,4.95,5.08,6.54,5.07,7.75,11.61,4.72,5.06,11.08,4.14,4.84,11.64,5.77
Carba-nicotinamide-adenine-dinucleotide,5.34,4.44,5.41,5.88,5.45,5.73,6.31,4.8,5.07,5.75,13.35,6.84,5.06,11.45,5.84,4.5,11.19,5.1
Carbamazepine,5.03,12.54,5.14,4.68,4.8,5.04,4.78,4.19,5.08,2.91,24.79,5.33,5.47,12.02,5.85,4.12,11.64,5.05
Carbenicillin,5.35,6.43,4.59,6.24,5.23,6.04,5.79,4.26,5.2,5.13,10.97,5.24,5.05,11.67,5.57,4.56,11.06,5.29
Carbenoxolone,5.31,7.8,4.27,3.61,4.91,4.92,6.25,4.69,5.53,7.23,15.16,6.32,5.17,10.73,4.42,4.89,11.42,5.74
Carbidopa,5.17,5.48,4.88,5.25,5.49,4.96,4.9,4.11,5.09,5.97,11.75,4.61,5.04,11.11,5.1,4.47,11.66,5.17
Carbocisteine,4.77,4.97,3.87,5.18,4.68,5.11,4.45,3.95,5.08,9.0,14.27,4.14,5.04,10.87,3.96,4.32,10.8,5.09
Carbomycin,5.24,3.5,5.11,5.72,5.09,4.98,4.66,4.71,5.34,4.14,11.5,5.53,5.05,10.67,5.14,4.79,10.87,6.15
Carboprosttromethamine,5.14,12.42,5.98,5.79,4.91,5.03,7.0,5.11,5.27,13.1,11.2,4.46,5.11,11.69,6.38,4.85,11.39,5.17
Carboxin,5.0,6.26,5.91,5.6,4.56,5.06,3.78,4.33,5.05,3.5,10.71,5.11,5.79,11.57,4.37,4.12,11.39,5.14
Carboxyamidotriazole,5.12,5.73,3.82,3.72,4.55,4.88,6.34,5.41,5.06,4.73,15.22,6.68,5.05,11.59,4.96,4.6,11.62,5.03
Carboxyatractyloside,5.35,5.0,5.53,6.06,5.1,5.01,7.95,4.82,5.13,6.86,11.66,6.77,5.04,10.71,7.0,5.29,11.39,5.19
"Carboxymethylthio-3-(3-Chlorophenyl)-1,2,4-Oxadiazol",4.96,9.14,3.7,5.48,4.74,5.34,5.31,4.39,5.1,7.49,11.65,4.96,5.27,11.56,5.96,4.24,11.01,5.73
CarboxymycobactinS,5.68,3.29,4.83,5.33,4.86,4.98,6.45,5.16,5.15,5.81,9.96,6.03,5.04,12.01,7.54,4.83,11.61,5.63
CarboxymycobactinT,5.35,5.82,4.24,4.76,5.09,6.01,6.53,4.97,5.35,2.48,22.27,7.49,5.04,12.39,7.04,4.64,11.24,5.7
Carbutamide,4.92,3.15,4.79,5.03,5.17,6.69,5.24,4.19,5.07,3.01,14.79,4.78,5.19,11.51,5.21,4.24,11.32,5.07
Cardarine,5.23,7.65,8.11,7.92,5.17,4.9,6.69,4.72,5.1,5.45,11.29,6.09,5.27,11.58,6.04,5.0,11.32,5.11
Carfilzomib,5.37,8.55,4.08,5.04,5.7,5.09,7.12,4.59,5.23,8.77,12.31,5.86,5.04,11.76,4.2,4.88,10.84,5.65
Carglumicacid,4.78,11.84,4.04,4.13,4.49,5.03,3.18,4.21,5.09,5.65,22.68,4.93,5.09,11.23,3.63,4.04,10.79,5.14
Cariporide,5.18,6.62,6.02,6.19,5.19,4.87,5.01,4.37,5.06,4.98,11.19,5.31,5.16,10.96,4.34,4.59,11.38,5.14
Cariprazine,5.58,2.42,6.75,6.12,5.89,5.02,5.93,6.0,5.3,7.59,8.09,5.64,5.5,11.58,5.7,5.3,11.64,5.95
Carmustine,4.94,3.45,4.23,4.49,4.51,5.07,5.0,3.89,5.07,4.88,21.43,5.5,5.04,11.41,3.77,4.17,11.59,5.17
Carphenazine,5.95,2.05,5.41,6.05,6.02,5.08,6.64,4.66,5.25,4.59,12.34,6.49,6.18,12.46,4.3,4.5,11.62,5.11
Carteolol,5.07,5.85,6.61,7.31,4.99,5.15,5.74,4.0,5.11,5.13,13.56,4.86,6.22,11.91,4.46,4.68,11.03,5.53
Carvedilol,5.1,8.09,7.67,8.04,5.08,5.45,6.19,4.37,5.07,2.82,8.92,7.74,5.45,11.33,7.13,4.85,11.33,5.18
Caspofungin,5.39,14.58,4.44,5.73,6.8,4.93,6.52,7.58,5.09,13.73,4.34,6.6,5.02,11.85,7.89,6.63,11.09,5.1
Cediranib,5.65,5.37,5.04,5.17,5.51,4.89,6.71,6.07,5.03,6.71,12.0,5.19,5.14,11.17,5.0,5.36,11.31,5.01
Cefacetrile,5.35,3.55,4.6,5.85,4.91,4.97,6.13,4.07,5.11,2.9,13.52,4.9,5.04,11.51,5.05,4.12,11.36,5.15
Cefaclor,5.69,5.73,6.32,5.12,4.85,5.15,6.93,3.59,5.11,5.92,10.51,4.8,5.07,11.66,4.91,4.1,11.42,5.15
Cefadroxil,5.71,6.34,5.36,5.69,4.7,4.88,5.15,3.63,5.08,5.92,11.36,5.81,5.05,11.63,5.13,4.48,11.57,5.13
Cefaloridine,5.58,4.01,5.07,5.88,4.96,5.17,7.31,3.61,5.09,2.31,10.98,5.06,5.05,11.77,5.53,4.03,11.23,5.09
Cefalotin,5.35,7.23,5.04,5.2,4.98,4.88,5.78,3.93,5.13,10.88,11.39,4.8,5.04,11.62,5.0,3.61,11.56,5.26
Cefamandole,5.43,1.91,6.22,5.22,4.77,5.59,6.02,3.9,5.08,4.12,11.54,5.72,5.04,11.45,4.97,3.94,11.46,5.25
Cefazolin,5.38,16.44,5.62,5.74,4.83,4.96,6.37,3.91,5.12,3.05,19.95,5.55,5.04,11.83,5.86,4.36,11.29,5.11
Cefdinir,5.21,5.49,5.84,6.15,4.77,4.91,5.66,4.0,5.06,5.08,13.04,5.31,5.04,11.78,5.74,4.56,11.56,5.1
Cefepime,5.55,3.57,4.62,4.97,5.04,5.1,6.83,4.25,5.07,4.56,12.41,4.64,5.07,11.94,5.84,4.64,11.52,5.13
Cefixime,5.2,10.0,5.31,4.94,4.94,4.9,5.6,4.0,5.05,17.61,5.78,4.78,5.04,11.96,5.84,4.42,11.56,5.12
Cefmetazole,5.27,2.24,4.74,5.95,5.16,5.47,6.15,4.23,5.08,3.54,12.41,5.33,5.05,11.6,5.45,4.54,11.31,5.1
Cefoperazone,5.41,6.35,5.15,4.76,4.94,5.56,5.16,3.94,5.08,13.07,15.83,6.36,5.04,11.73,5.49,4.33,11.47,5.11
Cefotaxime,5.14,6.4,5.26,5.88,4.85,4.88,5.58,3.66,5.09,7.48,13.41,4.53,5.04,11.76,5.83,3.68,11.5,5.14
Cefotiam,5.29,8.93,5.57,5.62,4.91,4.89,6.18,4.03,5.07,7.39,12.38,5.37,5.04,11.65,5.02,4.21,10.98,5.09
Cefradine,5.53,5.15,5.07,4.56,4.98,4.89,6.19,3.77,5.09,5.65,19.62,6.07,5.04,11.64,5.32,3.56,11.49,5.13
Ceftazidime,5.49,2.91,5.1,4.75,4.8,5.77,7.08,3.73,5.08,2.83,13.28,5.06,5.04,11.74,5.75,4.63,11.19,5.09
Ceftibuten,5.34,4.84,4.96,5.17,5.22,4.87,5.33,4.02,5.06,4.61,11.68,4.6,5.05,11.65,5.01,4.04,11.29,5.11
Ceftizoxime,5.2,2.91,5.26,5.2,5.09,4.87,5.22,4.09,5.06,3.35,11.96,5.05,5.04,11.92,5.62,3.99,11.33,5.11
Ceftriaxone,5.52,10.17,5.63,6.31,4.82,4.92,6.75,3.78,5.07,5.24,11.96,6.14,5.04,11.54,5.72,4.09,11.36,5.15
Cefuroxime,5.21,4.36,4.01,4.29,5.03,4.96,5.57,3.67,5.23,5.12,11.78,5.55,5.04,11.64,4.96,4.37,11.62,5.27
Celecoxib,5.27,2.96,5.41,5.41,5.18,4.9,6.38,5.16,5.08,4.32,11.45,6.19,5.05,11.57,5.06,4.9,11.29,5.1
Celiprolol,5.02,1.77,5.32,5.2,4.92,4.89,6.46,5.2,5.06,3.86,11.79,5.26,5.22,11.45,4.84,4.82,11.26,5.1
Cenisertib,5.69,8.84,7.39,7.06,6.46,4.88,5.64,6.22,5.08,3.12,8.89,5.24,6.39,13.12,7.17,5.11,12.46,5.55
Cenobamate,5.05,3.13,5.34,6.1,5.13,4.99,5.24,4.71,5.07,3.49,11.72,4.93,5.03,11.23,6.28,4.18,11.05,5.11
Cephalexin,5.6,4.79,6.3,6.95,4.6,5.11,6.15,3.65,5.08,10.46,11.22,5.45,5.12,11.63,5.15,4.45,11.56,5.16
Cephaloglycin,5.53,6.07,4.94,6.05,4.67,5.06,6.04,3.51,5.12,3.13,16.86,5.55,5.06,10.78,5.07,3.73,11.49,5.17
Ceritinib,5.4,8.94,6.75,7.2,5.31,5.0,5.57,6.39,5.58,5.87,8.1,6.53,5.92,11.57,4.98,5.01,11.46,6.13
Cerivastatin,5.75,8.4,5.05,5.43,5.2,5.02,6.14,4.62,5.07,7.76,12.49,5.96,5.19,11.57,5.65,5.58,11.48,5.55
Cerulenin,5.08,7.06,5.38,5.49,4.89,5.11,5.62,4.4,5.08,5.62,15.21,4.85,5.08,11.44,5.56,4.65,11.54,5.11
Cethromycin,5.32,2.79,5.17,5.33,4.85,4.92,5.7,4.88,5.06,2.57,10.44,6.22,5.05,11.45,5.46,4.89,11.58,5.35
Cetirizine,5.11,2.01,3.17,3.57,5.16,5.63,6.42,4.02,5.1,4.24,14.34,5.4,5.04,11.56,4.23,4.18,11.46,5.34
Cetrorelix,6.25,2.71,6.01,5.98,6.19,4.89,5.68,4.44,5.1,4.57,13.34,6.74,5.03,11.72,6.97,4.82,10.95,5.14
Chenodeoxycholicacid,5.07,9.96,4.32,4.6,4.54,5.05,6.8,4.38,5.11,6.51,11.37,5.11,5.05,11.68,4.5,4.65,10.63,5.78
Chitotriose,5.0,5.41,3.85,4.27,4.97,4.99,5.0,4.25,5.42,5.32,11.31,6.57,5.05,11.44,4.07,4.18,10.67,5.58
Chlorambucil,4.91,29.89,3.38,4.94,4.48,4.86,4.8,3.96,5.08,12.45,3.06,5.98,5.11,11.6,4.17,4.19,11.29,5.68
Chloramphenicol,5.15,7.64,3.47,5.01,4.69,5.1,4.66,4.21,5.12,2.77,11.17,4.76,5.07,11.59,5.33,4.16,11.48,5.12
Chlordiazepoxide,5.16,3.94,3.41,4.93,4.86,5.57,6.82,4.16,5.08,2.56,13.18,7.45,5.03,11.53,5.76,4.46,11.52,5.61
Chlormadinone,5.25,5.74,5.02,4.45,6.0,4.94,7.31,4.76,5.24,8.12,13.24,6.43,5.03,11.19,6.41,4.81,11.28,6.05
Chlormerodrin,4.82,10.0,4.84,3.92,4.5,4.99,4.39,4.32,5.07,2.38,7.81,4.15,5.18,10.49,4.47,4.33,11.54,5.72
Chlormezanone,5.19,7.16,5.79,4.87,4.96,4.98,4.48,4.2,5.17,6.5,13.69,5.11,5.04,11.71,5.77,4.27,10.52,5.87
Chlorobutanol,4.85,4.48,3.96,4.25,4.51,5.01,4.59,4.24,5.03,6.06,23.05,4.39,5.05,10.32,4.5,4.23,11.59,5.15
Chlorothiazide,5.08,14.47,5.89,4.72,4.91,5.21,3.88,4.68,5.14,13.86,19.25,4.3,5.07,11.63,5.03,4.58,11.59,5.76
Chlorphenesin,4.83,2.8,4.1,5.15,5.07,4.86,5.33,4.31,5.07,3.84,11.75,6.03,5.05,10.54,4.39,4.06,11.01,5.05
Chlorthalidone,5.17,4.1,6.58,4.86,4.77,5.33,6.55,4.98,5.14,5.85,12.05,5.18,5.1,10.73,6.84,5.1,11.63,5.89
Chlorzoxazone,5.05,2.81,4.0,3.9,4.5,5.08,5.67,4.32,5.11,4.06,12.95,7.54,5.04,11.65,3.46,4.28,11.38,5.14
Cholecalciferol,5.67,3.34,4.97,5.87,5.82,4.97,8.56,5.58,5.51,4.13,10.93,7.54,5.24,11.65,7.28,5.82,11.12,6.27
Cholesterol,5.12,4.13,4.89,6.04,4.5,5.03,7.0,4.45,5.24,5.49,10.84,6.62,5.07,11.64,6.28,4.62,10.55,6.04
CholicAcid,5.19,7.22,4.29,4.69,4.51,4.95,6.97,4.42,5.24,5.42,25.08,6.15,5.06,11.58,4.44,4.4,10.64,5.62
Choline,4.76,4.21,4.21,4.77,4.43,4.97,3.43,4.3,5.26,20.74,14.55,4.8,5.04,10.34,3.71,4.01,11.52,5.68
Cholinealfoscerate,4.92,3.29,3.49,4.32,4.42,5.01,5.56,4.23,5.08,4.03,10.74,4.68,5.08,11.2,4.26,3.97,11.23,5.18
Cholinesalicylate,4.92,6.18,4.59,4.53,4.4,5.28,5.32,4.19,5.1,5.38,11.26,6.17,5.05,11.94,4.33,3.72,11.43,5.19
Chromiccitrate,4.86,5.92,4.06,3.95,4.43,4.99,3.88,4.66,5.06,4.41,12.96,4.4,5.24,11.56,5.42,4.48,11.15,5.11
Chromiumgluconate,4.77,5.61,4.94,5.64,4.52,4.98,3.72,3.99,5.1,5.83,17.38,4.37,5.04,11.27,3.79,4.21,11.62,5.07
Chromiumnicotinate,4.85,18.21,5.83,5.34,4.29,5.25,4.64,4.46,5.03,7.8,15.49,5.56,5.06,10.76,3.97,4.39,11.45,5.06
CibacronBlue,5.89,5.41,5.24,5.57,4.56,6.71,5.99,4.6,5.1,5.07,19.64,5.84,5.19,12.18,5.27,4.5,11.21,5.37
Ciclesonide,5.47,2.71,5.39,5.65,5.23,4.97,7.34,5.28,5.18,3.51,11.36,6.21,5.04,10.81,5.96,4.95,10.98,6.08
Ciclopirox,4.99,4.92,7.44,6.16,4.91,5.06,3.9,4.61,5.08,16.17,11.18,4.19,5.05,11.62,4.18,4.47,11.4,5.69
Cidofovir,5.22,7.85,4.06,4.32,4.63,5.0,5.66,4.29,5.07,4.63,16.67,4.04,5.08,11.61,4.19,4.39,11.7,5.42
Ciglitazone,5.32,4.67,4.79,5.36,4.65,4.96,5.0,4.41,5.09,4.93,14.39,6.38,5.04,10.64,3.62,5.17,10.98,5.56
Cilansetron,5.26,4.42,5.78,5.93,5.39,5.01,5.9,4.71,5.06,2.25,11.44,6.38,5.02,11.64,6.57,4.53,11.42,5.11
Cilastatin,5.33,7.24,3.92,4.51,4.9,5.34,5.27,3.53,5.25,17.38,11.85,4.68,5.12,11.67,5.09,3.75,10.86,5.78
Cilazapril,5.39,5.32,4.12,4.28,5.86,5.14,7.26,4.84,5.09,8.92,16.34,5.74,5.03,11.57,5.68,4.76,11.08,5.08
Cilazaprilat,5.3,2.64,4.14,4.66,5.82,5.14,7.51,5.6,5.1,7.65,10.93,5.16,5.04,11.76,5.05,5.24,10.84,5.11
Cilnidipine,5.25,5.58,6.38,5.14,5.33,5.78,5.97,4.58,5.11,6.37,10.84,5.81,5.07,11.3,7.26,4.71,11.42,5.84
Cilomilast,5.49,4.61,5.46,4.97,5.12,5.02,6.09,4.52,5.09,2.65,10.17,6.37,6.04,10.8,6.15,4.93,11.16,5.33
Cilostazol,5.16,8.7,4.33,5.74,4.8,5.08,7.2,4.68,5.07,3.03,20.61,4.96,5.88,11.73,4.25,4.71,10.79,5.7
Cimetidine,5.15,4.88,5.85,5.99,4.76,5.08,5.57,5.07,5.08,4.75,12.83,6.11,5.04,11.14,5.04,4.89,11.1,5.07
Cimicoxib,5.43,5.24,5.59,5.53,5.61,4.84,6.12,6.92,5.06,5.55,12.3,6.76,5.13,11.53,4.64,5.56,11.23,5.35
Cinalukast,5.2,5.58,6.82,6.43,5.55,4.92,5.34,4.85,5.07,4.69,11.36,7.67,5.81,11.38,5.78,4.54,11.53,5.19
Cinchocaine,5.27,4.82,6.1,5.92,4.94,5.04,5.07,4.4,5.45,9.48,10.67,4.44,5.77,12.43,6.08,4.55,11.37,5.84
Cinitapride,5.08,3.79,4.55,5.13,4.86,5.07,5.3,4.35,5.06,4.95,12.04,4.81,5.16,11.38,4.81,4.89,10.92,5.06
Cinolazepam,5.23,3.57,6.17,6.61,4.99,5.55,7.61,4.75,5.06,4.78,15.32,6.08,5.46,10.72,4.55,4.42,11.63,5.08
Cinoxacin,5.24,6.13,3.78,4.58,4.81,5.02,4.5,4.42,5.08,9.2,11.61,5.23,5.04,11.69,4.21,4.43,11.41,5.16
Ciprofibrate,5.13,10.02,4.01,6.15,4.85,4.86,6.67,4.2,5.09,6.83,11.46,5.4,5.09,11.55,3.38,4.49,11.29,5.24
Ciprofloxacin,5.95,4.96,4.29,5.76,5.11,5.16,5.13,5.32,5.46,5.19,13.34,5.13,5.53,11.42,6.18,4.45,11.6,5.25
"Cis-[4,5-Bis-(4-Bromophenyl)-2-(2-Ethoxy-4-Methoxyphenyl)-4,5-Dihydroimidazol-1-Yl]-[4-(2-Hydroxyethyl)Piperazin-1-Yl]Methanone",5.53,3.9,4.33,5.64,5.19,5.1,6.03,5.41,5.08,5.14,14.69,5.83,5.14,11.52,7.6,4.28,11.4,5.08
Cisapride,5.8,2.34,7.91,6.99,5.65,5.62,7.26,5.36,5.14,4.48,11.4,5.9,5.04,10.89,6.8,5.47,11.4,5.17
Cisatracurium,5.24,5.88,4.17,5.42,4.83,4.99,6.7,4.28,5.07,10.59,6.5,7.64,5.04,11.61,3.96,4.4,11.14,5.05
Citricacid,4.78,3.36,5.33,5.59,4.43,5.1,4.96,4.05,5.06,3.12,18.06,4.79,5.24,11.56,5.42,4.12,11.55,5.3
Citrulline,4.9,2.98,4.61,4.68,4.43,5.08,3.26,3.98,5.09,4.19,11.18,5.03,5.07,10.57,5.39,4.19,10.79,5.53
Cladribine,5.0,5.7,4.51,5.41,4.85,5.05,7.06,4.35,5.15,4.98,12.41,6.15,5.06,10.56,4.69,4.21,11.71,5.14
Clarithromycin,5.29,5.67,5.33,5.85,5.04,4.99,4.77,5.94,5.19,3.34,12.94,6.09,5.04,10.57,5.45,5.1,11.61,6.25
Clavulanicacid,5.21,10.65,5.29,5.9,4.99,4.99,5.0,5.03,5.22,7.38,13.23,5.26,5.03,12.09,4.37,4.87,11.62,5.1
Clazosentan,5.51,8.36,4.81,4.27,5.7,5.5,6.5,4.54,5.07,5.16,10.24,6.34,5.07,11.65,5.82,4.41,11.59,5.1
Clenbuterol,5.16,3.33,6.27,5.82,5.88,5.34,5.82,4.69,5.2,5.17,12.84,5.52,5.07,10.71,6.65,4.55,11.14,5.94
Clidinium,5.32,6.4,6.18,6.67,6.05,5.6,6.5,6.87,5.08,6.35,11.41,7.73,5.19,11.55,8.43,4.96,11.56,5.13
Clinafloxacin,5.7,3.67,5.16,6.11,5.37,5.45,5.35,5.09,5.09,5.93,12.49,6.27,5.14,11.55,6.23,4.72,11.24,5.25
Clindamycin,5.4,7.94,4.91,4.89,5.74,5.47,5.31,4.26,5.1,8.1,10.88,4.62,5.04,11.95,4.77,4.95,11.21,5.78
Clinofibrate,5.2,3.06,5.48,5.48,4.97,4.83,6.46,4.49,5.06,4.2,10.8,4.9,5.03,11.49,4.96,4.68,10.85,5.12
Clobazam,5.05,3.14,5.45,5.95,5.04,5.19,5.46,4.59,5.19,3.89,16.0,5.69,5.25,10.75,3.84,4.21,11.3,5.1
Clobetasol,6.0,5.99,8.26,7.7,5.76,4.87,7.3,5.19,5.1,7.84,13.38,6.31,5.04,11.57,7.41,5.24,11.38,5.7
Clobetasolpropionate,5.89,6.05,8.64,8.08,5.72,4.86,7.63,5.0,5.45,3.6,12.2,5.52,5.04,10.99,7.26,4.96,11.39,6.1
Clobetasone,5.61,4.49,8.24,7.43,5.68,4.87,7.19,5.31,5.13,3.65,10.43,6.24,5.04,11.56,7.76,5.05,11.27,5.72
Clocortolone,5.19,5.12,7.09,6.4,5.28,4.94,6.49,5.01,5.24,3.83,20.59,7.85,5.09,12.48,7.38,4.84,10.81,6.06
Clocortoloneacetate,5.11,8.77,6.55,6.06,5.37,4.93,6.29,4.72,5.3,4.95,13.58,6.18,5.08,12.34,7.14,4.87,10.81,6.17
Clofarabine,5.35,6.25,4.07,4.21,4.95,4.97,4.68,4.51,5.11,6.33,12.3,6.29,5.04,10.8,5.18,4.43,11.6,5.12
Clofazimine,5.41,4.63,5.23,5.68,5.41,4.82,6.72,4.59,5.07,6.67,15.33,6.41,5.05,11.61,5.45,4.93,10.78,5.13
Clofedanol,5.0,4.08,4.34,3.81,4.97,5.58,5.58,4.39,5.06,5.65,11.68,4.82,5.03,11.59,5.18,4.41,11.61,5.17
Clonazepam,5.12,5.8,4.44,4.56,4.45,6.15,5.39,4.27,5.04,6.97,10.77,4.99,5.07,11.67,5.14,4.14,11.57,5.18
Cloprednol,5.25,4.32,5.64,5.68,5.78,4.9,6.67,4.56,5.74,7.82,12.64,6.7,5.04,10.95,6.12,5.05,11.29,6.13
Cloranolol,4.94,9.49,6.76,7.55,5.55,5.21,6.26,4.93,5.06,2.64,7.91,5.52,5.14,11.17,6.83,4.86,10.69,5.07
Clorazepicacid,5.17,7.62,3.86,4.06,4.72,5.13,6.71,4.21,5.16,7.07,13.31,5.87,5.27,10.82,4.83,4.08,10.74,5.63
Clorindione,4.95,6.03,5.26,4.9,4.63,4.9,4.89,4.21,5.07,5.64,15.52,5.44,5.03,10.44,4.55,4.42,10.8,5.09
Cloxacillin,5.38,6.0,6.86,5.9,5.53,5.72,5.35,4.43,5.17,5.8,13.72,6.29,5.05,11.76,5.58,4.58,11.39,5.19
Clozapine,5.3,9.47,5.99,6.85,5.12,5.14,6.08,5.36,5.7,2.99,11.32,7.5,5.37,11.58,6.22,4.81,10.69,6.09
CoA-S-acetyl5-bromotryptamine,5.25,11.95,5.26,6.42,5.32,5.07,5.95,5.42,5.06,4.75,4.47,6.22,5.03,11.66,5.05,4.54,11.11,5.07
CoA-S-trimethylene-acetyl-tryptamine,5.25,3.5,5.07,5.88,5.43,5.07,5.93,4.6,5.08,4.07,13.19,6.68,5.03,11.64,5.54,4.47,11.1,5.1
Cobicistat,6.29,7.12,5.42,6.03,6.41,5.09,6.77,5.1,5.09,3.39,14.29,6.68,5.03,11.49,4.14,4.98,11.57,5.08
Cobimetinib,5.34,4.53,7.0,7.11,5.59,5.39,7.49,6.6,5.07,5.78,16.79,6.77,5.03,11.48,7.05,5.27,11.56,5.04
Cobiprostone,5.25,5.39,4.0,5.63,5.02,5.05,7.09,5.32,5.09,5.5,12.15,6.25,5.05,10.79,4.63,5.04,10.75,5.72
Codeine,5.36,16.72,5.7,4.77,5.8,5.05,6.69,4.74,5.14,8.2,7.27,4.96,5.04,11.6,5.92,4.46,11.44,5.93
CoenzymeA,5.69,4.91,5.17,5.66,5.38,4.9,5.61,4.32,5.08,3.35,11.26,6.8,5.05,11.74,5.16,4.41,11.16,5.08
CoenzymeApersulfide,5.25,2.03,5.25,5.74,5.36,5.06,5.84,4.31,5.08,4.14,11.86,6.12,5.05,11.75,5.12,4.31,11.15,5.06
CoenzymeM,4.76,9.12,3.9,3.97,4.77,5.04,4.25,4.51,5.07,2.51,7.83,3.21,5.04,10.34,4.61,4.36,11.72,5.14
Colchicine,5.11,2.63,5.62,6.49,4.92,5.24,6.75,4.69,5.07,5.86,13.81,5.79,5.05,11.28,6.21,4.69,11.05,5.33
Colforsin,5.21,4.53,5.17,5.53,4.57,4.95,6.01,4.87,5.9,5.2,13.9,7.79,5.07,10.82,5.86,5.13,11.51,6.38
Compound18,5.19,7.92,6.33,5.93,6.36,4.78,5.36,6.68,5.58,22.1,12.86,6.42,5.04,11.64,4.66,5.51,11.6,5.91
Compound19,5.19,6.14,6.33,5.93,6.36,4.78,5.44,6.68,5.58,2.24,12.03,5.94,5.04,11.64,4.66,5.51,11.6,5.91
Compound4-D,5.23,5.32,5.66,4.93,6.33,5.03,6.74,6.75,5.13,6.8,14.14,6.6,5.04,11.63,5.54,5.22,11.69,5.17
"Compound5,2-(Naphthalen-1-Yl-Oxalyl-Amino)-Benzoicacid",5.11,9.95,4.69,5.65,4.66,5.93,5.22,3.78,5.06,10.53,12.06,6.16,5.55,11.58,4.66,4.24,11.58,5.11
ConcanamycinA,5.8,4.96,5.21,5.24,5.4,5.14,8.32,6.03,5.5,4.03,11.11,7.22,5.05,10.96,5.42,5.57,11.52,6.16
Conivaptan,5.38,10.47,5.53,6.08,5.33,5.45,6.44,5.01,5.07,14.68,13.3,6.24,5.17,11.64,4.92,4.6,11.56,5.07
Copanlisib,5.27,4.49,5.19,5.97,5.55,5.2,6.93,7.4,5.07,4.08,10.2,6.5,5.1,11.58,7.08,5.45,11.69,5.1
CoproporphyrinI,5.51,5.74,5.22,6.03,4.89,5.04,7.07,4.14,5.08,5.08,11.6,6.35,5.02,12.14,5.58,4.18,11.49,5.22
CordycepinTriphosphate,5.23,5.45,5.05,6.36,5.25,4.87,5.26,4.72,5.07,5.48,17.27,6.94,5.11,11.6,5.26,4.39,11.04,5.12
Corticosterone,5.43,4.34,5.64,5.38,4.83,5.08,6.55,4.81,5.37,5.28,15.84,5.95,5.2,10.81,4.27,4.79,11.06,6.12
Cortisone,5.44,5.61,5.61,5.52,4.94,5.0,7.05,5.54,5.35,14.2,10.49,5.21,5.08,10.41,5.11,4.66,10.96,6.11
Cortisoneacetate,5.32,6.84,5.39,5.43,5.59,4.99,7.01,5.14,5.12,5.36,9.49,5.78,5.39,11.7,4.84,4.58,10.83,6.13
Cortivazol,5.42,8.12,3.7,4.57,5.95,4.99,7.77,4.5,5.6,5.34,11.58,6.54,5.04,11.46,5.86,4.76,11.35,6.01
Cositecan,5.28,7.71,7.59,7.7,5.57,5.2,4.06,4.63,5.05,6.48,5.68,5.93,5.04,11.69,7.13,4.61,11.13,5.14
"Cp-166572,2-Hydroxymethyl-4-(4-N,N-Dimethylaminosulfonyl-1-Piperazino)-Pyrimidine",5.11,7.66,5.12,5.31,5.39,5.5,5.29,4.55,5.06,8.66,14.17,6.47,5.31,11.58,4.38,4.91,11.64,5.09
"Cp403700,(S)-1-{2-[(5-Chloro-1h-Indole-2-Carbonyl)-Amino]-3-Phenyl-Propionyl}-Azetidine-3-Carboxylate",5.26,6.24,6.73,5.93,5.13,6.6,6.75,4.58,5.67,7.71,13.84,6.53,5.22,11.82,4.3,5.29,11.62,6.0
Cpad,5.3,7.85,5.0,5.4,5.45,4.9,6.36,5.14,5.08,8.29,5.9,7.21,5.04,11.28,5.15,4.47,11.16,5.09
Creatine,4.84,4.31,3.27,4.27,4.48,5.07,5.12,3.98,5.08,4.95,11.94,4.32,5.08,11.32,3.61,4.12,11.65,5.38
Crisaborole,4.98,7.65,6.65,6.06,5.32,4.9,7.68,5.17,5.18,3.96,12.63,4.98,5.15,11.62,7.22,5.06,11.06,5.16
Cromoglicicacid,5.2,6.05,5.72,5.93,4.57,5.35,5.15,4.13,5.08,4.99,10.89,7.16,5.06,10.82,4.29,4.25,10.98,5.16
Curcumin,4.96,6.93,3.25,3.77,4.66,4.97,6.37,4.37,5.08,5.3,12.77,7.58,5.05,11.66,3.65,4.24,11.57,5.37
Curcuminsulfate,5.05,6.47,3.5,3.92,4.97,5.03,6.38,4.32,5.07,5.09,11.45,6.45,5.04,11.6,4.03,4.15,11.62,5.32
Cyanocobalamin,5.56,8.76,5.6,5.8,5.88,4.89,5.78,4.98,5.08,5.71,9.09,6.47,5.04,11.74,5.89,4.79,11.41,5.8
Cyclacillin,5.3,2.02,4.68,5.25,4.69,5.08,6.04,4.24,5.56,6.92,6.62,6.01,5.06,11.62,5.81,4.78,11.26,6.19
Cyclandelate,5.12,2.56,4.56,5.48,4.97,5.77,6.09,4.34,5.08,3.35,11.76,6.2,5.11,11.55,3.73,4.4,11.49,5.23
"Cyclic3',5'-thymidinemonophosphate",5.38,3.52,4.9,4.7,4.88,4.95,5.2,4.75,5.29,21.92,7.34,4.14,5.04,10.77,4.75,4.13,11.4,6.06
CyclicGMP,5.27,6.91,5.04,4.72,4.55,5.03,5.65,4.93,5.13,6.0,9.31,4.41,5.04,10.43,5.22,4.58,11.53,5.17
Cyclicadenosinemonophosphate,5.22,6.0,4.43,4.48,4.92,5.05,5.48,5.02,5.05,8.68,13.05,4.63,5.06,10.63,5.22,4.71,11.74,5.11
Cyclohexanol,4.76,5.51,3.68,3.96,4.4,5.08,4.87,4.29,5.06,5.49,18.25,4.44,5.04,10.35,4.24,4.08,10.86,5.12
Cyclohexyl-pentyl-maltoside,5.12,6.33,5.76,5.53,4.51,5.05,4.87,4.33,5.07,3.74,13.98,4.49,5.06,10.44,4.4,4.17,10.52,5.09
"Cyclohexyl-{4-[5-(3,4-Dichlorophenyl)-2-Piperidin-4-Yl-3-Propyl-3h-Imidazol-4-Yl]-Pyrimidin-2-Yl}Amine",5.49,6.22,5.36,5.62,6.25,5.53,5.39,6.62,5.05,12.01,4.81,6.22,5.03,11.57,6.69,5.61,11.49,5.11
Cyclohexylformamide,4.76,2.91,4.26,3.99,4.76,5.07,3.26,4.78,5.13,5.27,11.74,4.76,5.04,10.37,5.19,4.5,11.09,5.14
Cycloleucine,4.8,5.77,4.48,3.84,4.47,5.05,3.76,3.72,5.1,4.34,11.76,4.29,5.17,10.57,4.79,3.77,11.42,5.43
Cyclopentolate,5.15,2.95,4.37,4.71,5.52,5.41,4.85,4.32,5.09,3.11,13.52,5.08,5.07,11.51,6.01,4.52,11.62,5.28
Cyclophosphamide,4.82,7.96,3.78,4.01,4.95,5.07,4.74,4.1,5.12,4.12,13.72,4.35,5.07,10.82,5.81,4.09,11.55,5.14
"Cyclopropyl-{4-[5-(3,4-Dichlorophenyl)-2-[(1-Methyl)-Piperidin]-4-Yl-3-Propyl-3h-Imidazol-4-Yl]-Pyrimidin-2-Yl}Amine",5.23,6.05,5.13,5.52,6.27,5.57,5.55,4.76,5.04,18.25,10.22,6.31,5.03,11.55,6.63,5.76,11.48,5.13
Cycloserine,4.77,5.27,3.85,4.35,4.36,5.08,4.32,4.48,5.08,4.6,11.45,3.3,5.05,10.43,4.55,4.29,11.65,5.1
CyclotheonamideA,5.49,4.44,5.14,4.51,5.65,5.02,6.17,4.43,5.08,4.42,10.42,6.96,5.03,12.13,7.36,4.65,11.06,5.16
Cyclothiazide,5.26,2.04,4.46,5.5,5.18,5.16,5.55,4.68,5.36,4.16,12.35,6.86,5.04,11.62,7.32,4.66,11.58,5.81
Cycrimine,5.04,5.42,5.93,6.02,5.7,5.53,5.79,4.54,5.14,5.72,11.1,6.48,5.04,11.43,4.92,4.75,11.57,5.62
Cyproteroneacetate,5.86,4.83,5.05,4.54,5.66,4.81,6.41,4.9,5.05,5.43,11.54,6.1,5.06,11.31,6.82,5.14,11.06,5.62
Cysteamine,4.76,5.71,3.76,3.88,4.38,5.09,4.07,4.62,5.07,4.53,11.7,4.02,5.04,10.29,3.62,4.84,11.63,5.05
Cysteine,4.81,7.55,3.76,4.61,4.49,5.1,5.14,4.05,5.09,6.27,16.79,3.85,5.04,10.19,5.44,4.71,11.53,5.17
Cysteine-S-Acetamide,4.88,4.57,3.74,4.64,4.5,5.1,4.68,4.08,5.08,6.1,18.61,4.18,5.04,10.99,4.12,4.26,10.69,5.07
CysteinesulfonicAcid,4.88,3.8,3.69,4.4,4.59,5.36,4.12,3.82,5.08,3.7,13.71,3.64,5.11,10.62,5.23,4.21,10.86,5.16
Cystine,5.05,2.13,4.84,5.98,4.38,5.1,5.63,3.94,5.07,4.03,12.92,4.73,5.06,10.47,4.94,4.67,10.77,5.24
Cytarabine,5.03,12.88,3.9,4.07,4.55,4.96,4.15,3.21,5.13,8.94,12.03,4.72,5.5,10.23,4.4,3.71,11.07,5.12
Cytidine,5.02,5.76,3.9,4.07,4.55,4.95,3.93,3.21,5.13,13.04,13.55,4.23,5.5,10.23,4.4,3.71,11.07,5.12
Cytidine-5'-Monophosphate,5.25,2.75,3.53,3.19,4.76,4.94,4.39,4.16,5.08,5.64,10.89,4.26,5.42,10.36,4.44,4.39,11.4,5.15
Cytidine-5'-Monophosphate-5-N-AcetylneuraminicAcid,6.22,5.6,4.03,4.16,5.22,4.93,6.92,3.86,5.14,4.04,16.08,4.6,5.09,11.16,5.7,4.56,11.48,5.36
Cytidine-5'-Triphosphate,5.11,4.62,4.04,4.72,4.95,4.9,4.71,4.33,5.1,4.99,15.12,5.72,5.27,11.68,5.01,4.18,11.36,5.42
Cytidine3'-monophosphate,5.1,3.24,3.83,4.48,5.05,4.94,4.91,4.01,5.07,5.12,16.24,4.29,5.17,11.63,5.91,3.97,11.43,5.39
D-1-(4-chlorophenyl)-2-(acetamido)ethaneboronicacid,5.33,6.06,5.31,5.46,5.02,4.84,5.48,4.5,5.08,5.91,9.39,5.58,5.05,11.43,3.87,4.88,11.22,5.06
D-1-naphthyl-2-acetamido-ethaneboronicacid,5.43,11.88,4.33,4.9,5.12,4.99,5.21,4.38,5.11,20.78,12.17,5.87,5.03,10.52,4.99,4.91,11.45,5.13
D-Alanine,4.76,5.73,3.37,3.45,4.41,5.06,4.01,3.34,5.09,5.95,12.83,4.52,5.04,10.3,4.56,3.58,10.88,5.19
D-Cysteine,4.78,2.58,3.76,4.61,4.49,5.08,4.28,4.05,5.09,5.08,18.06,4.34,5.04,10.19,5.44,4.71,11.53,5.17
D-Eritadenine,5.39,5.32,4.84,6.36,4.87,5.17,5.02,4.2,5.08,6.67,11.11,5.23,5.04,10.87,4.5,3.89,11.18,5.04
"D-Gluco-2,5-Anhydro-1-Deoxy-1-Phosphonohexitol-6-Phosphate",5.59,6.56,4.34,3.63,4.81,4.99,5.97,4.36,5.08,13.32,10.97,5.56,5.04,11.74,4.62,4.44,11.05,5.31
D-Lacticacid,4.76,5.66,3.99,4.5,4.38,5.06,3.98,3.56,5.14,5.9,10.62,3.15,5.03,10.32,5.07,3.81,10.88,5.35
D-Leucine,4.9,1.56,3.59,3.87,4.82,5.04,3.83,3.78,5.08,3.83,11.46,4.34,5.08,10.43,4.52,4.13,10.79,5.21
D-Methionine,4.85,2.85,3.67,3.46,4.58,5.04,4.56,4.21,5.1,5.23,11.56,3.27,5.04,10.44,4.68,4.57,10.99,5.22
"D-Myo-Inositol-1,4-Bisphosphate",4.96,2.02,4.32,5.57,4.89,5.01,4.51,4.42,5.07,3.2,11.64,5.07,5.29,11.12,5.01,4.29,10.88,5.24
D-Phenylalanine,4.84,5.97,3.6,5.23,4.59,5.11,4.71,3.96,5.09,5.9,11.59,4.36,5.07,11.25,2.83,4.19,10.61,5.47
D-Proline,4.81,2.55,6.54,5.72,4.4,5.04,3.71,3.52,5.08,7.79,13.12,3.44,5.07,10.55,4.89,3.7,11.41,5.16
D-Serine,4.76,1.62,3.49,4.52,4.73,5.06,3.3,3.46,5.11,6.85,13.5,4.91,5.04,10.36,5.91,3.88,10.84,5.26
D-Tryptophan,5.09,3.51,4.4,4.01,4.81,5.06,4.88,3.88,5.09,3.24,12.89,5.33,5.04,10.9,4.95,3.95,11.46,5.13
D-Tyrosine,4.85,6.92,3.87,4.63,4.85,4.91,3.99,3.82,5.1,5.32,13.3,4.69,5.11,11.56,2.86,4.2,11.61,5.11
D-[(Amino)Carbonyl]Phenylalanine,5.05,1.77,3.76,4.28,4.75,5.31,5.66,3.93,5.1,4.28,12.19,4.28,5.08,11.27,2.81,4.15,11.18,5.18
D-[(N-Hydroxyamino)Carbonyl]Phenylalanine,4.95,14.64,6.34,5.46,5.01,5.16,5.67,4.59,5.11,5.93,13.68,5.3,5.03,11.37,4.44,5.26,11.53,5.27
D-arginine,4.97,7.87,4.76,4.61,4.72,5.07,4.2,4.15,5.08,11.47,11.2,4.21,5.12,10.56,5.42,4.34,10.95,5.17
D-glucitol6-phosphate,4.89,4.56,3.78,4.34,4.81,5.04,2.34,3.64,5.08,11.04,11.55,3.99,5.13,11.18,4.83,4.1,11.54,5.09
"D-gluconhydroximo-1,5-lactam",4.83,5.58,4.96,4.85,5.7,5.13,4.31,4.9,5.11,7.0,12.07,4.84,5.05,11.62,5.42,5.05,11.33,5.13
D-glucose,4.85,2.86,4.66,4.61,4.44,5.06,4.54,4.03,5.1,4.24,11.55,4.93,5.07,10.53,5.0,4.25,11.45,5.12
D-leucyl-N-(3-chlorobenzyl)-L-prolinamide,5.61,7.3,6.26,6.08,5.11,4.98,6.14,4.56,5.07,7.97,9.91,5.73,5.04,11.41,3.67,4.55,11.59,5.43
D-leucyl-N-(4-carbamimidoylbenzyl)-L-prolinamide,5.58,2.59,5.52,6.14,5.05,4.86,6.45,4.41,5.05,5.43,11.37,5.73,5.03,11.54,5.72,4.6,11.63,5.19
D-norleucine,4.88,8.4,3.59,4.28,4.5,5.04,4.41,3.74,5.08,4.6,10.83,4.26,5.06,10.39,4.84,4.32,11.03,5.24
D-phenylalanyl-N-(3-chlorobenzyl)-L-prolinamide,5.57,4.9,5.54,5.66,5.09,4.98,6.72,4.58,5.11,4.73,14.79,5.4,5.1,12.07,4.22,4.92,11.64,5.17
D-phenylalanyl-N-(3-fluorobenzyl)-L-prolinamide,5.63,3.6,4.78,5.35,5.09,4.91,6.68,4.71,5.09,3.65,9.42,5.09,5.1,11.65,5.72,5.04,11.74,5.55
D-phenylalanyl-N-(3-methylbenzyl)-L-prolinamide,5.59,5.14,6.07,5.7,5.08,4.99,7.14,4.59,5.1,5.05,11.88,5.61,5.04,11.54,5.18,4.78,11.57,5.29
D-phenylalanyl-N-[(1S)-4-{[amino(iminio)methyl]amino}-1-(chloroacetyl)butyl]-L-prolinamide,5.74,8.17,3.89,5.37,5.3,5.16,6.46,5.48,5.11,15.74,6.75,5.71,5.02,12.69,6.48,4.98,10.91,5.11
D-phenylalanyl-N-benzyl-L-prolinamide,5.53,5.51,5.05,4.73,4.96,4.99,6.63,4.55,5.1,6.8,13.45,5.21,5.07,12.03,4.5,4.6,11.7,5.23
D-phenylalanyl-N-{4-[amino(iminio)methyl]benzyl}-L-prolinamide,5.65,8.97,4.44,5.02,5.16,4.85,7.37,4.37,5.1,5.95,12.72,5.68,5.06,12.13,4.61,4.72,11.67,5.77
D-tartaricacid,4.77,6.07,3.05,3.57,4.34,5.09,4.69,3.51,5.1,4.29,15.45,4.42,5.09,10.47,5.72,3.73,10.81,5.2
DADLE,5.75,1.23,5.88,5.21,5.04,4.94,6.43,4.14,5.12,3.89,8.25,5.91,5.03,11.55,4.93,4.75,10.49,5.16
DAS869,6.06,5.5,4.74,4.94,5.56,5.16,5.13,4.51,5.09,7.39,19.02,5.17,5.06,11.79,5.33,4.57,11.49,5.12
DEHYDRO-2(S)-AMINO-6-BORONOHEXANOICACID,4.94,5.35,5.32,6.03,4.39,5.04,4.32,4.09,5.07,7.61,15.5,4.71,5.06,10.52,4.66,4.57,11.07,5.15
"DIETHYL(1R,2S,3R,4S)-5,6-BIS(4-HYDROXYPHENYL)-7-OXABICYCLO[2.2.1]HEPT-5-ENE-2,3-DICARBOXYLATE",5.22,4.54,5.51,4.81,6.44,5.57,5.61,4.46,5.06,7.3,11.12,7.32,5.04,11.65,6.37,4.45,11.49,5.14
"DIMETHYL-(4,5,6,7-TETRABROMO-1H-BENZOIMIDAZOL-2-YL)-AMINE",5.1,5.8,3.97,4.7,4.95,4.99,4.88,4.55,5.07,5.69,16.0,4.72,5.33,11.57,4.07,4.6,11.59,5.11
DL-Methylephedrine,4.95,5.57,3.79,4.2,4.74,5.63,5.39,4.09,5.1,5.49,11.93,5.13,5.07,11.39,4.08,3.98,11.16,5.27
DPDPE,5.75,15.34,7.85,7.4,5.12,5.24,5.68,5.57,5.12,5.55,12.2,5.72,5.03,12.01,7.08,5.82,11.62,5.97
DPI59,5.3,1.79,3.77,4.39,4.67,5.17,5.51,3.95,5.12,5.28,12.74,4.91,5.07,11.19,4.14,4.15,11.62,5.14
Dabigatranetexilate,5.51,7.1,6.3,5.87,5.48,4.82,6.23,4.91,5.09,5.2,13.05,4.82,5.05,11.59,6.81,5.12,11.63,5.14
Dabrafenib,6.37,8.75,4.37,4.86,5.99,5.22,5.43,6.52,5.06,2.49,8.88,7.15,5.04,11.57,8.06,6.09,11.55,5.06
Dacarbazine,4.96,6.54,3.41,3.75,4.81,5.17,4.64,4.22,5.07,5.08,11.26,6.35,5.03,10.96,3.7,4.47,11.62,5.1
Daclatasvir,5.37,5.56,6.62,5.9,5.52,5.58,6.82,6.13,5.18,3.09,12.59,5.48,5.11,10.65,7.19,4.8,11.32,5.96
Dacomitinib,5.39,4.78,4.91,5.01,5.78,5.09,5.83,6.85,5.04,6.35,6.74,6.91,5.12,11.24,5.0,4.76,11.18,5.01
Dactinomycin,5.6,5.16,6.84,6.84,5.47,5.2,5.7,5.64,5.41,5.03,16.58,6.15,5.04,11.65,7.47,4.58,11.37,5.15
Daglutril,5.75,2.32,6.12,5.19,5.44,5.1,4.8,5.09,5.47,3.34,15.17,4.87,5.66,10.88,5.55,4.76,11.02,6.08
Daidzin,5.21,3.69,3.35,5.1,4.93,4.91,6.5,4.12,5.09,4.04,11.07,6.13,5.04,11.02,3.62,3.99,10.95,5.12
Dalfampridine,4.76,8.67,3.82,3.57,4.19,5.0,4.43,4.13,5.07,6.95,25.56,4.15,5.04,10.31,3.81,4.21,11.45,5.04
Dalfopristin,5.42,9.41,5.74,7.18,5.19,5.12,7.06,4.39,5.1,7.81,11.98,5.7,5.04,11.94,7.09,4.55,10.9,5.89
Danazol,5.55,4.35,7.58,7.2,5.39,4.92,6.58,6.03,5.08,5.81,11.63,5.26,5.11,13.01,6.95,5.59,11.45,5.85
Danoprevir,5.55,6.71,7.31,7.14,6.08,5.13,7.46,6.03,5.12,2.94,10.41,8.64,5.04,11.62,6.99,4.79,11.18,5.28
Dansylamide,5.21,4.86,4.78,4.61,4.71,5.06,6.64,4.18,5.09,2.95,13.23,5.15,5.09,11.6,3.98,4.47,11.51,5.17
Dansyllysine,5.23,2.57,4.2,4.25,4.71,4.95,6.33,4.12,5.11,3.82,11.05,5.39,5.07,11.58,3.92,4.15,10.84,5.3
Dantrolene,5.09,5.05,4.07,5.75,4.65,5.72,4.77,4.39,5.3,7.19,5.2,5.0,5.03,10.78,5.03,4.38,11.27,5.17
Dapagliflozin,5.14,2.83,4.03,4.28,5.74,4.85,5.68,4.77,5.37,5.11,10.84,6.03,5.04,11.35,4.47,4.43,11.42,5.13
Daporinad,5.4,6.87,4.65,4.85,5.22,6.03,6.69,5.07,5.1,4.68,13.74,6.58,5.03,10.73,3.96,4.96,11.53,5.9
Darapladib,6.31,0.67,4.96,5.48,5.75,4.84,6.58,4.72,5.14,3.82,9.4,5.26,5.03,11.78,5.28,4.59,11.38,5.71
Darglitazone,5.29,9.87,4.96,5.34,5.03,5.55,5.21,4.68,5.09,6.23,12.02,7.84,5.21,11.67,4.54,5.07,10.97,5.11
Darifenacin,5.97,5.37,6.08,7.13,5.6,5.37,6.46,5.1,5.1,5.0,11.14,7.07,5.03,11.62,5.99,4.76,11.54,5.18
Darodipine,5.37,8.01,4.36,4.6,5.06,5.49,4.55,4.79,5.09,2.98,8.52,5.65,5.08,11.42,7.81,4.39,11.51,5.73
Darolutamide,5.55,5.48,5.97,5.23,5.56,4.92,7.15,4.88,5.07,4.62,12.63,6.01,5.04,11.12,5.0,5.03,11.71,5.08
Darunavir,5.43,6.93,9.04,8.41,5.32,7.22,7.12,4.73,5.09,3.96,12.12,6.49,5.03,11.59,6.39,6.14,11.61,5.12
Darusentan,5.42,2.5,4.76,4.88,5.25,5.28,7.23,4.35,5.12,3.88,10.98,6.72,5.04,11.68,4.19,4.65,11.58,5.41
Dasabuvir,5.67,2.56,5.74,5.67,5.81,5.15,5.62,4.27,5.13,7.03,9.62,5.71,5.23,11.7,4.43,5.02,11.6,5.3
Dasatinib,5.73,4.0,4.97,5.18,6.53,4.93,5.64,6.67,4.92,2.48,11.23,6.47,5.13,11.51,5.0,5.27,10.7,4.92
Daunorubicin,5.3,6.5,3.8,4.39,4.93,5.18,6.21,4.49,5.14,7.44,11.17,6.38,5.04,10.98,5.76,4.62,11.57,5.78
Daxalipram,5.12,1.72,5.3,6.01,4.93,4.92,5.52,4.33,5.1,3.77,12.49,5.65,5.35,11.23,4.19,4.2,11.43,5.11
Dazoxiben,5.2,4.95,4.45,4.21,4.5,4.89,4.46,4.61,5.05,7.48,12.31,5.07,5.05,11.71,5.0,4.6,11.55,5.11
Deamido-Nad+,5.35,1.86,5.28,5.78,5.17,5.18,6.21,4.61,5.08,3.67,12.43,6.61,5.05,10.92,5.59,4.31,11.22,5.4
Debromohymenialdisine,5.0,6.58,3.92,3.7,5.38,5.11,3.89,4.97,5.11,5.66,11.97,6.73,5.03,12.63,5.08,4.53,12.45,5.46
Decitabine,5.09,2.91,4.24,4.37,4.44,5.05,5.12,4.22,5.61,2.59,10.42,4.9,5.27,10.4,4.78,4.17,11.42,5.18
Declopramide,4.85,4.95,6.26,6.75,5.07,6.1,4.85,4.79,5.47,4.82,12.5,5.69,5.05,10.74,4.69,4.6,11.64,6.2
Deferasirox,5.12,5.32,3.84,4.39,4.69,5.21,5.74,4.44,5.08,5.94,12.9,6.44,5.08,10.75,3.88,4.48,11.71,5.14
Deferiprone,4.79,3.08,3.75,4.59,4.65,5.14,5.13,4.37,5.06,2.5,11.29,4.12,5.05,10.67,5.07,4.46,11.34,5.11
Deferoxamine,4.94,2.18,5.8,6.1,4.74,5.12,5.02,4.31,5.08,4.65,12.12,4.67,5.04,11.46,5.71,4.35,11.62,5.19
Deflazacort,5.44,5.39,7.65,6.69,5.24,4.98,7.07,4.95,5.32,2.89,10.27,4.95,5.26,11.84,7.35,4.93,11.47,5.94
Degarelix,5.85,4.38,5.6,5.86,6.5,4.91,6.32,4.71,5.07,6.57,16.81,6.77,5.04,11.62,6.11,4.8,10.87,5.23
DegradedCephaloridine,5.31,1.93,5.54,5.93,4.98,4.87,5.57,5.49,5.08,3.93,12.08,3.85,5.04,11.64,5.53,5.02,11.6,5.49
Dehydroascorbicacid,4.84,7.73,5.77,4.86,4.94,5.09,4.37,4.42,5.38,5.63,12.94,5.13,5.08,11.5,6.3,4.13,10.84,5.26
Delafloxacin,5.67,10.4,4.42,5.17,5.85,4.84,6.61,4.7,5.28,22.12,15.86,6.92,5.04,11.48,4.97,5.04,11.21,5.5
Delavirdine,5.17,12.88,7.01,7.03,5.13,6.4,6.49,4.24,5.88,5.49,13.88,5.9,5.43,11.74,5.6,4.67,10.86,6.02
Delta-AminoValericAcid,4.76,5.66,3.47,3.47,4.5,5.08,3.58,4.29,5.1,15.82,12.31,3.26,5.05,10.27,5.16,3.93,11.31,5.38
Demegestone,5.38,6.22,6.17,6.47,5.38,5.1,7.7,5.94,5.17,8.48,12.05,6.29,5.09,11.62,4.16,6.27,11.15,6.21
Denibulin,5.52,2.86,4.78,4.29,4.61,4.91,5.64,4.19,5.08,3.02,12.66,6.42,5.08,11.66,4.0,5.18,11.03,5.17
Denufosol,5.36,4.36,4.12,4.71,5.06,4.94,6.44,4.34,5.09,5.22,12.54,6.34,5.24,11.12,4.96,4.3,11.55,5.16
Deoxycholicacid,5.55,61.76,4.17,4.54,4.68,4.99,6.81,4.48,5.14,9.36,87.82,7.36,5.05,11.56,4.45,4.56,10.84,5.67
Deoxyuridine-5'-Diphosphate,5.12,2.83,5.39,5.23,4.88,4.93,6.17,4.45,5.11,5.79,13.74,5.63,5.28,10.73,4.13,4.3,11.17,5.16
Deoxyuridinemonophosphate,5.36,2.78,5.37,4.58,4.56,5.01,5.62,4.65,5.14,2.24,10.87,4.24,5.19,10.71,4.1,4.4,11.21,5.29
Descarboxy-nor-N(Omega)-Hydroxy-L-Arginine,4.76,2.87,4.01,3.71,4.69,5.08,5.81,5.07,5.07,3.8,10.96,5.64,5.04,10.5,3.14,4.63,11.65,5.05
Deserpidine,5.44,2.5,6.93,6.49,5.14,4.93,5.63,4.76,5.41,5.86,11.27,7.08,5.04,11.43,5.45,4.49,11.51,5.69
Desflurane,4.93,5.52,3.4,4.34,4.48,5.13,4.09,4.47,5.25,5.57,13.44,4.26,5.05,10.36,4.01,4.37,11.63,5.23
Deslanoside,5.17,4.42,4.18,4.33,5.09,4.97,5.77,4.51,5.34,12.69,32.37,6.62,5.04,10.78,5.58,4.4,11.25,5.75
Desmopressin,5.82,11.34,5.6,5.75,5.78,4.92,6.06,4.6,5.09,15.84,10.23,5.88,5.02,11.84,5.09,4.76,11.67,5.13
Desogestrel,5.4,5.08,5.14,5.51,5.11,5.3,8.14,4.59,5.23,3.25,10.37,6.46,5.45,10.91,5.77,5.03,11.15,6.14
Desonide,5.59,2.3,5.71,5.94,5.36,5.0,5.86,4.92,5.91,3.52,15.38,5.75,5.04,10.81,5.62,5.22,11.54,6.17
Desoximetasone,5.46,4.07,7.38,6.01,5.51,4.92,6.32,5.23,5.18,3.89,10.76,7.36,5.04,11.58,6.45,5.07,11.36,5.96
Desoxycorticosteroneacetate,5.43,3.33,6.06,4.64,5.02,5.09,6.66,5.15,5.1,3.5,13.24,5.8,5.12,10.83,4.16,4.74,10.56,5.99
Desoxycorticosteronepivalate,5.28,5.93,5.99,4.64,5.07,5.14,7.1,5.59,5.11,6.58,11.89,6.09,5.17,10.82,4.06,4.91,10.87,6.01
Desvenlafaxine,4.93,8.11,4.67,5.09,5.53,4.94,4.21,4.79,5.07,3.28,10.59,6.33,5.03,10.29,4.29,4.64,11.68,5.05
Deutetrabenazine,5.43,6.77,7.4,6.08,4.86,4.86,6.37,4.81,5.46,10.9,7.7,6.55,5.05,11.66,6.0,4.44,10.94,6.0
Dexamethasone,5.66,8.08,8.13,7.18,5.78,4.9,6.34,5.26,5.32,13.94,10.41,6.27,5.04,11.32,6.88,5.25,11.15,5.8
Dexamethasoneisonicotinate,5.6,10.91,7.91,6.94,5.26,4.82,6.0,4.87,5.09,10.44,10.5,5.85,5.04,11.02,6.27,5.08,11.21,5.62
Dexanabinol,5.37,4.5,8.42,7.97,5.17,4.88,7.42,4.94,5.19,5.35,12.38,6.18,5.04,10.89,5.96,5.15,10.97,5.1
Dexfosfoserine,4.87,3.55,3.14,3.29,4.53,5.1,4.75,4.26,5.07,6.39,18.69,4.19,5.06,10.41,4.95,4.22,11.21,5.21
Dexketoprofen,5.09,5.57,4.06,5.11,4.81,6.63,5.11,4.27,5.11,4.37,10.95,5.42,5.04,11.28,4.52,4.64,11.03,5.79
Dexlansoprazole,5.17,4.09,6.55,5.96,4.69,5.42,5.73,4.41,5.1,3.69,11.87,5.94,5.03,11.61,4.17,4.41,11.51,5.19
Dexloxiglumide,5.19,3.0,4.01,3.67,5.26,5.72,6.38,4.46,5.06,4.35,11.08,5.08,5.08,10.47,5.63,4.72,11.66,5.07
Dexmedetomidine,5.15,6.73,4.5,5.17,5.0,4.89,5.44,4.2,5.06,6.31,14.41,4.85,5.04,11.42,4.2,4.1,11.16,5.32
Dexniguldipine,5.38,3.49,5.49,4.72,5.84,5.06,6.55,6.26,5.14,5.33,11.32,5.7,5.05,11.38,7.31,5.94,11.62,5.95
Dexrabeprazole,5.08,2.6,6.24,5.81,4.67,5.04,6.36,4.38,5.06,6.52,11.14,4.99,5.04,11.61,4.33,4.27,11.51,5.09
Dexrazoxane,5.19,4.08,5.84,5.78,4.59,4.82,5.83,5.08,5.31,6.1,11.71,4.74,5.05,11.21,3.27,4.49,11.68,5.97
Dextrothyroxine,5.14,1.77,6.68,7.29,6.59,5.0,7.17,4.09,5.09,3.46,13.46,6.2,5.04,11.53,8.0,4.3,11.01,5.11
Dezocine,5.19,6.82,4.19,5.6,5.29,5.11,4.88,4.99,5.08,7.02,11.41,5.35,5.04,11.44,6.51,4.99,11.43,5.48
Di-Linoleoyl-3-Sn-Phosphatidylcholine,5.24,11.38,5.85,6.41,4.84,5.18,6.58,4.59,5.09,3.92,13.29,6.82,5.05,11.55,7.23,4.66,11.15,5.13
Di-Stearoyl-3-Sn-Phosphatidylcholine,5.34,2.21,7.28,7.02,4.74,5.14,8.13,4.82,5.09,2.42,11.37,5.8,5.05,11.61,6.98,4.68,10.91,5.13
Di-Stearoyl-3-Sn-Phosphatidylethanolamine,5.07,6.03,7.21,6.83,4.79,5.03,5.55,5.01,5.09,3.01,10.93,4.89,5.06,11.62,6.23,5.33,10.88,5.08
Diacerein,5.11,4.38,4.12,5.92,4.59,5.33,4.82,4.15,5.09,2.23,12.02,5.26,5.04,12.58,5.9,4.21,11.1,5.23
Diazoxide,4.99,9.32,3.7,4.0,5.11,5.09,4.64,4.24,5.12,6.26,18.61,5.6,5.25,12.06,4.32,4.03,11.13,5.38
Dibromotyrosine,4.94,8.23,4.74,5.84,5.43,4.95,5.49,3.64,5.09,2.9,8.61,6.34,5.02,10.67,4.41,4.41,11.39,5.17
Dichlorobenzylalcohol,4.81,5.05,5.17,6.54,4.64,5.07,4.14,4.45,5.1,6.66,15.0,4.56,5.05,10.5,4.2,4.61,11.47,5.14
Diclofenac,5.02,15.79,6.68,6.91,5.47,5.05,5.18,5.05,5.65,8.36,5.86,5.68,5.15,10.81,6.91,4.99,11.52,5.78
Dicloxacillin,5.33,8.68,6.6,6.0,5.56,5.25,5.36,4.56,5.7,5.81,15.44,5.98,5.07,11.81,5.63,4.56,11.32,5.18
Dicoumarol,5.09,6.94,3.87,3.93,4.76,5.02,6.19,4.26,5.08,2.85,10.49,6.43,5.05,11.6,4.99,4.6,11.41,5.11
Didanosine,4.92,3.85,4.7,5.42,4.51,5.0,6.83,4.34,5.21,2.49,10.88,6.01,5.04,10.67,5.01,4.44,11.56,5.09
Didesmethylrocaglamide,5.31,7.37,5.09,5.18,5.19,4.84,8.57,4.45,5.08,7.67,14.47,7.18,5.04,11.68,6.85,5.97,11.06,5.15
Dienestrol,5.09,5.82,5.05,4.57,5.78,4.79,5.68,4.13,5.1,4.95,13.37,6.87,5.08,11.57,3.42,4.2,11.63,5.49
Dienogest,5.32,5.01,6.55,6.3,5.52,5.28,7.69,4.98,5.5,2.51,13.78,5.41,5.07,11.64,5.92,5.94,11.07,6.16
Diethylpropion,4.82,5.91,6.05,6.19,4.61,6.57,5.07,4.02,5.07,5.76,12.13,4.74,5.07,11.59,3.33,4.35,11.61,5.46
Diethylstilbestrol,5.03,5.64,4.94,4.1,5.66,5.09,4.82,4.52,5.08,7.91,12.48,6.61,5.14,11.45,5.8,4.73,11.62,5.29
Diflorasone,5.39,4.66,7.69,6.96,6.08,4.89,6.72,5.48,5.38,4.29,11.6,7.19,5.04,11.58,7.46,5.23,11.17,5.82
Difloxacin,5.54,7.53,4.97,5.13,5.24,5.33,5.57,4.36,5.23,6.63,15.44,5.65,5.74,11.61,4.6,4.44,11.43,5.77
Diflunisal,5.1,4.93,6.05,6.89,5.08,5.19,5.86,4.28,5.07,7.56,12.25,5.27,5.26,11.68,5.66,4.24,11.55,5.11
Difluocortolone,5.19,5.82,6.12,5.57,5.9,4.89,6.46,5.1,5.21,4.35,18.09,7.86,5.04,11.63,7.23,4.96,11.02,6.02
Difluprednate,5.28,6.08,7.77,7.37,5.99,4.9,6.61,5.36,5.44,11.43,15.19,6.9,5.04,11.54,7.22,5.25,10.64,6.03
Digitoxin,5.21,4.45,4.77,4.86,5.09,5.08,7.91,4.82,5.14,12.03,9.51,6.67,5.04,10.77,6.23,4.72,10.83,5.62
Digoxin,5.25,8.75,4.44,4.67,5.17,5.13,6.9,4.66,5.15,8.34,22.96,6.97,5.04,10.79,6.75,4.52,11.23,5.67
Dihydralazine,4.92,4.61,4.31,4.05,4.36,5.08,4.99,4.35,5.08,2.39,7.49,5.73,5.08,11.38,3.16,4.53,11.42,5.1
Dihydrexidine,5.29,3.5,6.21,5.93,5.73,5.0,6.75,4.73,5.04,3.9,11.56,6.06,5.03,11.36,7.44,4.79,11.68,5.17
Dihydro-alpha-ergocryptine,5.4,3.48,5.36,5.53,5.34,5.03,7.41,4.32,5.07,3.08,31.39,6.38,5.04,10.91,6.27,4.45,11.57,5.13
Dihydroergocornine,5.39,5.06,4.79,5.9,5.41,5.02,7.3,4.18,5.06,7.76,23.04,6.37,5.04,10.98,6.32,4.3,11.52,5.12
Dihydroergocristine,5.27,8.02,5.38,5.4,5.3,5.14,6.73,4.27,5.08,2.87,11.02,6.55,5.04,11.67,6.89,4.51,11.65,5.16
Dihydroergotamine,5.88,4.69,4.72,4.81,5.42,5.13,7.31,4.38,5.09,4.31,11.88,6.23,5.03,10.82,5.87,4.49,11.65,5.16
DihydrolipoicAcid,4.94,6.76,4.05,4.0,4.37,5.09,5.22,5.03,5.29,17.44,12.76,4.68,5.04,10.37,4.89,4.97,11.59,5.78
Dihydrotachysterol,5.74,6.17,5.75,6.43,4.63,5.07,8.46,5.1,5.46,5.65,12.28,6.31,5.06,11.42,5.52,5.5,11.05,6.02
Dihydroxyacetonephosphate,4.77,4.87,5.48,4.68,4.62,5.07,3.99,4.29,5.08,20.02,21.45,4.38,5.05,10.48,5.51,4.14,11.49,5.32
Dilmapimod,5.62,7.21,5.14,5.52,5.91,5.14,5.75,4.57,5.3,5.63,11.49,7.04,5.14,11.75,7.11,4.64,11.28,5.34
Diltiazem,5.4,5.96,5.78,5.13,5.2,4.93,4.94,4.63,5.36,4.68,12.59,6.83,5.28,11.7,3.86,4.48,11.56,5.66
Dimercaprol,4.76,20.31,3.42,4.52,4.36,5.09,4.79,5.45,5.43,12.42,11.29,4.13,5.04,10.24,4.06,5.44,11.63,5.5
Dimethylcurcumin,4.96,6.98,3.35,3.7,4.62,5.1,6.65,4.29,5.11,5.41,8.68,6.69,5.05,11.64,3.99,4.07,11.61,5.71
Dimethyltryptamine,4.97,5.9,5.56,4.86,4.93,5.08,4.53,4.33,5.09,5.79,13.24,4.26,5.03,11.34,4.67,4.15,11.68,5.15
Dimetindene,5.19,2.44,5.41,4.63,5.39,5.29,5.84,4.64,5.06,4.12,12.86,6.12,5.03,12.28,6.68,4.73,10.69,5.62
Diminazene,5.43,4.64,5.89,5.52,4.66,4.89,5.95,4.38,5.06,4.0,10.35,5.22,5.08,11.52,3.47,4.57,11.6,5.09
Dinoprost,5.15,7.95,5.37,5.59,5.12,4.96,5.67,4.32,5.14,8.27,10.66,5.38,5.06,11.37,4.91,4.67,11.58,5.92
Dinoprostone,5.06,5.38,4.57,4.63,5.07,5.11,4.18,4.99,5.14,6.15,15.39,4.56,5.05,11.51,5.32,4.84,11.38,5.67
Dinoprosttromethamine,5.03,6.89,5.12,4.9,5.06,5.12,6.69,4.37,5.17,5.41,22.13,5.54,5.08,11.34,4.84,4.67,11.27,5.73
Dinor-N(Omega)-Hydroxy-L-Arginine,4.94,5.45,4.08,4.1,4.8,5.07,4.82,3.96,5.08,5.75,4.22,3.67,5.05,11.18,4.78,4.27,10.98,5.14
Diosmin,5.28,2.6,3.91,4.19,4.75,4.82,5.04,4.08,5.02,3.22,13.07,5.5,5.05,10.76,5.99,4.22,11.44,5.14
Dioxybenzone,5.03,8.93,4.37,5.36,4.9,6.14,5.08,4.29,5.08,3.85,23.21,5.28,5.06,11.82,4.61,4.52,11.83,5.05
Diphenadione,5.16,13.62,4.63,5.3,4.67,5.27,5.74,4.25,5.08,2.34,13.55,6.21,5.03,10.81,6.19,4.11,10.94,5.34
Diphenidol,5.16,7.51,4.81,6.2,4.83,5.51,6.11,4.37,5.06,4.56,21.16,6.96,5.05,11.56,4.21,4.53,11.69,5.11
Diphthamide,5.39,6.24,4.19,4.24,4.82,5.11,5.69,4.34,5.09,5.08,10.92,5.72,5.12,11.47,3.76,4.06,11.62,5.45
Dipivefrin,5.16,3.11,4.98,5.61,4.92,5.11,6.38,4.83,5.09,6.25,11.71,6.15,5.05,11.59,4.62,4.87,11.34,5.15
Dipraglurant,5.2,5.88,5.61,6.33,5.27,5.07,5.65,5.28,5.07,5.23,9.43,5.4,5.05,10.79,5.4,4.66,11.05,5.09
Diprenorphine,5.3,6.69,8.25,6.96,6.53,5.17,6.18,8.15,5.39,4.2,20.31,6.52,5.04,11.62,6.58,5.85,11.45,5.41
Dipyridamole,5.65,7.04,4.21,4.99,4.97,4.85,5.43,4.72,5.08,7.27,11.04,6.39,5.04,10.64,5.02,4.65,11.51,5.08
Dirithromycin,5.2,5.07,5.66,5.78,5.12,4.95,6.67,5.64,5.09,7.5,13.21,6.28,5.04,10.82,6.52,4.77,11.59,5.52
Disopyramide,5.17,6.98,5.17,6.16,5.54,5.21,6.55,4.03,5.08,1.39,15.68,6.18,5.05,11.71,7.2,4.49,11.63,5.13
Dithioerythritol,4.81,8.23,4.28,4.1,4.36,5.16,4.22,5.43,5.19,0.49,13.42,5.19,5.05,10.32,4.38,5.54,11.6,5.25
Dobutamine,5.01,5.66,4.75,4.16,5.09,4.85,5.06,4.55,5.07,5.11,12.23,6.72,5.24,11.63,3.89,5.0,10.94,5.08
Docetaxel,5.34,2.44,4.82,5.46,4.98,5.81,7.43,5.43,5.1,4.95,11.57,7.03,5.04,11.1,5.75,5.76,10.9,5.36
Dodecyl-Alpha-D-Maltoside,5.05,3.94,7.02,6.01,4.47,4.92,5.14,3.91,5.08,7.8,11.9,3.97,5.05,10.55,4.21,4.09,10.44,5.08
Dofequidar,5.41,5.85,5.88,6.51,5.73,5.54,6.19,4.57,5.08,3.22,9.82,6.81,5.18,10.77,4.47,4.67,11.48,5.1
Dofetilide,5.4,1.89,5.14,4.77,5.03,5.01,5.97,5.59,5.07,6.52,6.42,4.74,5.04,11.61,4.31,4.75,11.59,5.09
Dolasetron,5.25,4.34,5.85,4.83,5.68,5.18,6.11,4.55,5.09,9.47,15.7,6.26,5.12,11.65,6.37,4.21,11.38,5.27
Dolutegravir,5.78,6.85,5.35,5.18,5.51,4.89,5.96,4.5,5.08,5.12,23.25,6.82,5.04,11.46,5.14,4.4,11.18,5.48
DomoicAcid,5.19,2.82,6.15,6.15,4.91,5.12,5.44,4.14,5.1,4.08,14.94,6.07,5.07,10.67,5.74,4.4,11.31,5.14
Domperidone,5.41,2.17,3.95,5.07,5.01,5.01,7.14,4.75,5.08,5.36,28.0,6.66,5.28,11.42,4.5,4.76,11.53,5.95
Donepezil,5.53,5.27,5.53,5.97,5.69,5.15,5.03,5.24,5.06,6.08,10.72,6.29,5.06,11.53,6.55,4.81,11.03,5.26
Dopamine,4.91,2.61,4.61,3.77,5.13,5.05,4.52,4.65,5.07,4.36,11.69,4.22,5.1,11.81,3.91,4.57,11.59,5.04
Doramectin,5.08,7.23,5.76,5.62,5.25,4.97,5.42,4.98,5.12,5.33,12.69,6.48,5.06,10.86,7.17,5.76,11.06,5.23
Doravirine,5.55,2.04,4.4,4.19,5.98,5.1,7.51,5.15,5.09,3.47,11.74,6.34,5.11,11.37,6.1,4.6,11.34,5.14
Doripenem,5.87,2.85,6.87,6.69,6.07,5.09,7.85,4.43,5.09,4.34,11.18,5.17,5.04,11.75,7.92,4.64,11.64,5.34
Dorzolamide,5.35,7.75,8.88,8.85,5.95,5.14,6.94,6.19,5.12,8.21,23.96,7.16,5.06,11.15,8.83,5.25,10.99,5.12
Dovitinib,5.38,7.24,5.0,5.76,6.48,5.39,6.13,8.15,5.43,8.4,18.62,7.19,5.4,11.75,5.05,7.43,10.82,5.87
Doxacurium,5.16,2.36,4.84,5.53,4.81,5.01,6.92,4.06,5.06,3.73,11.69,6.52,5.07,10.63,3.97,4.41,11.52,5.1
Doxazosin,5.14,5.83,6.51,7.06,4.89,5.13,5.62,4.62,5.08,15.46,16.52,5.93,5.09,11.58,5.38,4.4,11.51,5.24
Doxercalciferol,5.63,1.66,8.91,7.67,5.99,5.09,7.35,7.02,5.35,3.6,4.39,6.73,5.18,11.63,7.16,6.06,11.09,5.98
Doxorubicin,5.31,3.16,4.33,4.29,4.94,5.22,5.67,4.56,5.18,3.25,11.48,6.11,5.04,10.97,5.67,4.62,11.41,5.71
Doxycycline,5.43,6.21,6.34,6.59,5.44,5.34,6.75,4.93,5.07,5.05,11.25,5.56,5.04,11.95,6.45,4.58,11.57,5.35
Dpb-T,6.07,9.7,3.28,5.18,4.88,5.36,5.57,4.66,5.73,9.92,13.31,6.06,5.04,11.33,5.39,4.59,11.67,5.33
Dronabinol,5.75,8.34,7.0,6.41,4.98,4.99,7.57,4.85,5.15,11.64,12.41,6.64,5.04,10.84,5.74,5.49,11.4,5.12
Dronedarone,5.58,7.09,5.67,5.08,4.82,5.45,6.83,4.37,5.08,5.11,11.06,4.4,5.04,11.43,4.88,4.21,11.4,5.03
Droperidol,5.59,5.95,5.08,5.29,5.24,4.95,5.48,4.97,5.22,7.65,3.72,6.42,5.23,12.58,4.47,5.19,11.53,5.86
Drostanolone,5.2,9.51,7.29,7.48,5.02,5.02,6.98,5.16,5.5,6.62,17.3,5.88,5.08,11.7,7.38,4.87,10.75,6.02
Droxidopa,4.92,7.19,5.26,4.11,5.02,5.04,4.53,4.21,5.14,6.43,12.9,4.12,5.03,10.98,4.51,4.56,11.57,5.23
Dutasteride,5.63,7.06,4.17,3.62,5.37,4.97,7.29,6.83,5.05,8.82,13.9,6.01,5.48,12.1,4.24,5.58,11.62,5.31
Dutogliptin,5.1,4.76,5.61,4.84,6.56,5.09,4.7,5.62,5.02,9.97,15.56,3.7,5.03,10.92,5.59,5.85,11.5,5.11
Duvelisib,5.59,5.52,4.91,5.0,5.32,5.65,5.25,5.07,5.43,4.98,20.94,8.02,5.49,11.62,6.2,5.24,11.52,6.11
Duvoglustat,4.81,3.5,6.8,5.64,4.71,5.06,3.42,4.39,5.47,4.72,21.15,4.49,5.1,10.52,4.26,4.62,11.02,5.52
Dyclonine,5.0,4.12,4.55,5.03,5.0,4.87,5.16,4.36,5.06,4.22,10.43,4.55,5.04,11.03,3.93,4.31,11.58,5.08
Dydrogesterone,5.24,11.97,4.38,4.34,5.08,5.04,7.4,6.58,5.41,10.46,17.99,5.69,5.08,11.06,5.04,5.23,11.62,6.07
Dyphylline,4.98,3.92,4.72,4.74,5.15,5.01,4.41,4.33,5.25,6.3,11.82,5.02,5.05,10.71,4.0,4.09,11.38,5.27
EM-1745,5.33,10.01,7.3,7.19,5.05,5.03,5.98,4.96,5.08,6.79,8.47,6.73,5.13,10.77,4.99,4.59,11.21,5.11
ENMD-1198,5.18,1.82,7.46,7.3,6.0,5.03,7.18,4.53,5.07,4.35,11.79,6.68,5.03,11.58,6.08,4.47,11.1,5.21
ETHYL(1E)-2-PHENYL-N-(SULFOOXY)ETHANIMIDOTHIOATE,5.03,10.16,3.77,3.7,4.98,5.2,6.48,4.35,5.09,6.19,14.46,4.1,5.15,11.29,4.53,4.54,11.41,5.08
ETHYL3-[4-(AMINOSULFONYL)PHENYL]PROPANOATE,5.12,5.71,3.64,4.28,4.36,4.85,5.96,4.57,5.08,3.12,11.36,5.65,5.07,10.79,3.39,4.48,11.32,5.1
Ebastine,5.36,12.76,4.1,4.86,5.05,5.11,5.63,4.24,5.05,10.87,11.9,6.68,5.04,11.32,4.92,4.71,11.56,5.11
Echinacoside,5.49,7.74,3.71,4.4,4.74,4.83,5.55,4.0,5.11,2.99,8.01,5.02,5.03,10.4,3.88,4.54,11.42,5.12
Edaravone,4.87,6.82,3.65,4.57,4.66,5.73,5.38,3.87,5.61,5.87,18.59,6.83,5.49,11.29,4.22,4.17,10.78,5.71
Edetatedisodiumanhydrous,5.07,10.04,5.43,5.2,4.34,5.01,4.35,3.9,5.09,9.7,13.59,4.97,5.04,10.56,4.04,4.11,11.24,5.27
Edeticacid,5.09,7.11,4.54,4.91,4.34,5.06,3.52,3.77,5.1,5.84,11.08,3.15,5.04,10.56,4.04,3.99,11.42,5.64
Edonerpic,5.25,3.38,5.62,6.14,5.15,4.95,5.65,4.61,5.04,5.2,11.01,5.18,5.06,11.25,4.71,4.56,11.35,5.13
Edotecarin,5.28,8.06,6.04,5.68,5.15,4.92,6.49,3.27,5.63,5.55,11.65,6.16,6.59,10.34,6.85,4.01,10.63,5.32
EdotreotidegalliumGa-68,5.71,7.36,5.0,6.19,5.45,5.18,6.69,4.78,5.09,4.57,16.11,6.82,5.0,11.35,5.01,4.81,11.25,5.12
Edoxaban,5.71,3.21,4.29,5.92,5.4,5.38,5.41,4.37,5.23,3.97,11.03,6.48,5.05,11.74,7.26,5.02,11.53,5.97
Edrophonium,4.97,2.06,4.35,4.64,4.92,4.99,4.19,4.88,5.09,3.46,11.47,4.23,5.13,11.04,4.33,4.44,11.58,5.21
Efaproxiral,5.13,5.14,4.35,6.58,4.98,4.95,6.03,4.22,5.07,7.4,13.72,5.17,5.51,11.64,3.36,4.85,11.49,5.07
Efavirenz,5.68,7.96,5.35,4.86,5.95,5.0,6.68,5.45,5.58,2.53,8.63,6.62,5.82,10.57,4.94,5.95,11.67,5.78
Eflornithine,5.07,3.94,3.73,3.94,4.86,4.93,6.14,4.17,5.07,9.4,11.59,4.39,5.19,11.21,5.84,4.5,11.51,5.07
Efonidipine,5.11,3.03,4.6,4.4,5.66,5.59,7.56,4.47,5.4,3.92,13.51,6.5,5.04,11.73,5.56,4.71,11.51,6.37
Elacestrant,5.59,3.16,5.1,5.56,5.2,4.86,6.98,4.69,5.08,3.06,11.16,5.99,5.27,11.5,5.97,4.39,10.99,5.1
Elacridar,5.84,4.9,5.05,6.1,5.44,4.97,7.31,4.61,5.06,3.13,10.1,6.03,5.04,11.66,5.57,4.62,11.22,5.22
Elacytarabine,5.56,5.71,6.11,6.22,4.47,4.98,4.71,4.24,5.09,7.14,18.73,4.91,5.44,10.02,4.24,4.61,11.18,5.1
Elafibranor,5.08,8.65,3.76,4.27,4.85,4.83,6.36,4.42,5.05,2.71,6.69,5.03,5.03,11.61,4.09,4.9,11.3,5.28
Elagolix,5.77,1.3,5.42,5.16,6.28,4.81,5.58,5.33,5.1,2.99,9.45,7.04,5.05,11.78,6.18,4.75,11.26,5.47
Elaidoylamide,4.82,9.97,3.54,4.24,4.45,5.06,4.12,4.34,5.08,2.78,12.73,4.35,5.05,10.37,4.4,4.54,10.9,5.08
Elbasvir,6.01,10.14,6.89,5.84,5.86,5.04,6.51,7.49,5.21,6.67,12.75,7.3,5.04,11.14,6.22,5.38,11.07,5.66
Eldecalcitol,5.7,6.33,6.22,5.61,5.24,4.98,7.0,7.82,5.23,4.47,12.83,5.14,5.5,11.77,5.56,6.44,10.94,5.64
Eletriptan,5.25,9.8,6.96,7.04,6.22,6.78,5.77,6.11,5.06,22.51,4.9,8.84,5.15,11.15,5.49,5.17,11.5,5.12
Elexacaftor,6.23,3.94,5.65,5.36,5.95,5.08,6.17,5.45,5.13,4.81,14.67,6.2,5.04,11.64,5.81,4.67,11.67,5.73
Eliglustat,5.45,8.12,3.77,5.51,5.23,5.65,5.56,5.12,5.07,6.27,12.07,7.29,5.63,11.48,4.69,5.01,11.42,5.1
Elinogrel,5.8,8.17,5.61,5.67,5.49,4.91,5.52,5.6,5.12,2.89,8.56,6.32,5.03,10.67,5.92,4.86,10.79,5.21
Ellagicacid,5.13,3.06,5.73,5.72,5.05,4.97,6.94,4.58,5.11,5.51,11.48,6.43,5.05,11.67,5.49,4.64,11.57,5.13
Elocalcitol,5.8,3.16,8.15,7.47,5.15,5.01,8.34,4.63,5.23,3.99,11.3,6.18,5.21,10.89,4.85,4.91,11.57,5.67
Elsamitrucin,5.21,8.82,6.75,5.79,5.24,5.04,7.36,4.62,5.1,6.72,16.32,4.86,5.05,11.47,7.13,4.68,11.11,5.11
Eltrombopag,5.17,3.06,6.32,5.02,5.41,5.78,6.58,4.41,5.06,4.32,11.21,6.46,5.98,10.85,4.85,4.59,11.57,5.06
Eluxadoline,5.65,9.14,6.65,6.96,5.15,4.94,7.96,5.6,5.07,17.28,13.24,4.65,5.03,10.59,6.46,5.11,11.17,5.15
Elvitegravir,5.63,5.14,6.75,6.76,5.27,4.89,5.7,4.52,5.19,6.03,13.55,5.85,5.06,11.63,5.0,4.56,11.19,5.31
Emodin,5.16,4.46,7.39,7.21,4.98,4.88,4.35,4.23,5.07,4.42,11.23,5.47,5.05,11.89,6.1,4.16,13.38,5.11
Empagliflozin,5.3,4.55,4.91,4.47,5.72,4.81,6.78,4.32,5.07,6.66,11.73,5.05,5.03,11.42,4.37,4.53,11.33,5.06
Emricasan,6.22,3.1,4.13,4.95,5.87,5.29,4.97,4.74,5.05,5.81,15.71,6.89,5.94,11.79,5.03,5.41,10.8,5.2
Emtricitabine,5.23,8.95,4.87,4.52,5.16,4.98,5.86,4.76,5.35,3.89,11.86,6.04,5.04,11.53,4.36,4.39,10.77,5.29
Enalapril,5.41,4.71,4.65,5.23,5.54,5.05,6.41,5.0,5.1,9.02,5.41,4.79,5.02,11.31,4.31,4.82,11.07,5.73
Enalaprilat,6.12,2.59,4.56,5.57,5.36,4.95,6.51,6.21,5.17,4.0,11.82,4.65,5.04,11.43,4.56,5.14,10.77,6.01
Enalkiren,6.21,5.72,5.83,5.43,5.69,4.87,5.71,4.65,5.08,3.39,4.87,5.14,5.03,11.67,5.71,6.11,11.38,5.04
Enasidenib,5.56,3.8,6.05,7.23,5.73,4.92,6.04,5.68,5.05,4.4,10.58,6.59,5.05,11.75,6.33,4.97,11.66,5.11
Encainide,5.37,6.26,4.93,6.06,5.21,4.91,6.44,4.86,5.06,4.86,14.86,6.42,5.07,11.58,4.44,4.53,11.27,5.1
Encenicline,5.6,5.46,5.26,4.17,5.26,4.93,5.01,4.57,5.84,5.14,12.97,5.88,5.1,11.68,7.12,4.99,11.61,5.07
Encorafenib,5.91,2.93,6.28,6.57,6.1,5.2,5.96,7.75,5.05,2.2,18.1,6.61,5.04,11.56,7.11,7.59,11.39,5.08
Eniluracil,4.97,10.26,4.2,4.07,4.72,5.06,5.53,4.79,5.09,8.24,12.53,3.89,5.07,10.79,3.74,4.75,11.49,5.11
Enoxacin,5.25,5.27,6.69,6.39,5.03,4.88,6.03,4.8,5.12,6.75,13.54,5.74,5.13,10.95,5.86,4.33,11.67,5.94
Enoximone,5.22,2.63,4.56,5.28,4.77,5.02,5.89,4.21,5.12,6.94,25.29,4.79,5.08,11.04,5.18,4.06,11.33,6.04
Enprofylline,4.9,6.36,4.81,4.73,4.52,5.08,5.17,4.17,5.13,5.48,11.39,5.85,5.09,10.6,4.19,4.04,11.1,5.16
Enrasentan,5.31,4.67,4.11,5.35,4.75,5.88,7.52,4.6,5.07,5.63,11.3,5.78,5.04,11.87,6.07,4.44,11.15,5.05
Enrofloxacin,5.3,9.94,4.49,6.0,5.11,5.01,7.72,4.95,5.22,2.47,6.87,6.3,5.63,11.41,6.05,4.46,11.61,6.02
Entacapone,4.95,2.98,6.23,6.5,4.83,4.94,4.6,5.14,5.52,2.8,13.76,6.46,5.91,11.65,5.12,4.87,11.58,5.21
Entrectinib,5.86,4.6,6.01,6.29,5.41,4.85,6.91,5.44,5.1,5.16,13.79,6.48,5.06,11.42,5.6,4.59,11.63,5.33
Enzalutamide,5.98,6.97,6.32,5.86,5.56,5.04,5.37,4.5,5.07,5.67,15.87,6.16,5.55,11.6,6.84,4.42,11.2,5.1
Enzastaurin,5.58,4.59,4.97,5.05,5.38,5.04,5.6,4.84,5.02,5.56,13.62,6.31,5.04,11.45,5.01,4.51,11.43,5.1
Epanolol,5.08,1.91,5.4,6.34,6.44,5.25,5.72,6.06,5.07,4.41,11.44,5.09,5.06,11.55,4.73,7.25,11.29,5.06
Eperisone,4.87,3.51,3.79,4.22,4.96,4.94,5.21,4.58,5.07,5.95,10.98,4.46,5.07,10.56,5.56,4.66,11.44,5.15
Ephedrine,4.82,4.9,4.48,5.36,4.83,5.88,4.05,4.35,5.08,4.8,11.89,4.81,5.08,11.26,4.07,4.42,11.6,5.1
EpiceptNP-1,4.89,6.42,4.34,6.03,4.54,5.07,4.24,4.41,5.1,4.08,13.81,4.81,5.12,11.67,4.24,4.45,11.57,5.04
Epicriptine,5.54,6.2,6.09,6.49,5.47,5.08,6.64,4.31,5.07,4.71,5.19,5.57,5.04,10.94,6.49,4.37,11.49,5.13
Epigallocatechingallate,5.12,4.83,6.05,5.57,4.83,5.02,6.97,4.73,5.28,2.05,11.46,6.16,5.09,10.74,4.98,4.52,10.5,5.15
Epinephrine,4.92,5.88,4.99,5.26,5.26,5.32,4.54,4.38,5.35,5.0,10.79,4.01,5.09,11.61,5.01,4.67,11.6,5.18
Epirubicin,5.28,6.27,4.33,4.29,4.94,5.25,5.9,4.56,5.18,6.54,11.02,5.99,5.04,10.97,5.67,4.62,11.41,5.71
Epitestosterone,5.18,7.11,8.28,8.09,4.97,5.11,7.12,5.39,5.21,6.82,16.28,5.57,5.27,10.58,6.95,4.78,10.66,5.67
Eplerenone,5.38,9.44,4.03,4.32,4.99,5.08,6.47,4.51,5.39,8.24,12.68,6.21,5.26,11.4,7.14,4.21,11.27,5.88
Eplivanserin,5.04,2.98,4.04,4.94,5.0,5.18,6.12,4.38,5.08,4.62,10.86,7.07,5.09,11.32,5.96,4.34,11.57,5.44
Epoprostenol,5.42,4.25,6.33,5.56,4.73,5.05,7.66,4.72,5.08,2.2,11.34,5.51,5.08,11.64,5.38,4.62,11.41,5.7
EpothiloneD,5.29,8.16,6.89,6.83,4.72,5.08,6.51,4.32,5.1,2.9,11.19,4.28,6.21,11.57,4.32,4.07,11.5,5.14
Eprinomectin,5.29,6.6,6.54,6.67,5.51,4.88,6.69,5.4,5.17,22.82,10.99,7.49,5.05,11.39,6.84,5.48,10.86,5.84
Eprosartan,5.22,3.7,4.64,6.0,5.08,4.87,7.38,5.86,5.15,1.77,11.21,4.8,5.11,11.7,4.99,4.87,11.19,5.52
Eprotirome,5.3,3.93,7.85,6.11,6.46,5.05,6.31,5.52,5.08,2.11,11.55,5.76,5.09,11.61,5.14,5.48,11.74,5.24
Equilenin,5.21,3.89,8.05,7.8,4.9,5.12,7.78,5.05,5.08,7.47,11.18,5.75,5.09,11.45,6.78,4.47,11.66,5.15
Equilin,5.17,4.28,6.37,7.33,5.28,4.97,6.76,5.31,5.23,2.93,22.56,6.02,5.03,11.77,7.01,4.44,11.48,6.09
Equol,5.15,5.47,6.35,6.47,4.91,4.94,7.25,4.12,5.03,6.52,16.75,6.74,5.04,11.22,2.95,4.34,11.1,5.1
Eravacycline,5.64,8.65,4.29,5.17,5.49,5.65,6.36,5.04,5.06,7.7,12.14,5.17,5.04,11.96,5.93,5.2,11.59,5.15
Erdosteine,4.8,6.71,6.88,7.18,4.55,5.14,5.34,4.72,5.1,6.82,13.98,5.7,5.04,11.64,4.27,4.31,11.47,5.09
Ergocalciferol,5.84,4.98,7.68,7.16,5.82,4.99,8.65,5.74,5.49,3.13,11.89,6.99,5.23,11.65,7.23,5.92,11.27,6.22
Ergometrine,5.25,6.39,5.89,6.07,5.67,5.04,6.32,4.57,5.1,5.15,11.26,7.25,5.0,11.48,5.41,4.22,10.74,5.12
Ergotamine,5.88,5.04,5.75,5.37,5.35,5.13,7.31,4.28,5.09,7.89,10.63,6.05,5.03,10.84,6.04,4.14,11.42,5.34
Eribaxaban,5.72,4.49,6.64,5.95,6.09,4.86,5.52,7.93,5.08,4.04,10.5,5.98,5.29,11.65,6.42,6.3,11.03,5.14
Eribulin,5.77,5.09,4.43,5.18,5.3,5.13,6.41,5.04,5.07,6.43,36.1,5.55,5.04,11.47,4.77,4.99,11.58,5.23
Eritoran,5.28,2.39,5.61,5.53,5.31,4.97,6.41,4.39,5.06,3.88,11.55,7.03,5.03,11.59,6.4,5.22,11.18,5.2
Erlotinib,5.29,3.64,4.95,4.99,5.28,4.95,6.66,5.96,5.09,4.57,11.27,5.44,5.14,11.46,5.0,4.38,11.18,5.02
Erteberel,5.47,8.5,7.74,6.76,4.96,4.99,7.85,4.15,5.15,9.19,11.36,6.87,6.12,11.55,6.41,4.26,11.61,5.12
Ertiprotafib,5.55,6.13,5.69,6.52,5.62,5.27,7.22,4.99,5.15,5.51,13.38,5.58,5.05,11.33,5.82,5.33,11.49,5.12
Ertugliflozin,5.32,3.01,5.43,4.26,5.56,4.9,5.97,5.09,5.32,4.48,13.37,5.7,5.03,10.62,6.43,5.2,11.12,5.79
Erythose-4-Phosphate,4.96,3.55,4.68,4.63,4.71,5.06,4.08,4.22,5.1,3.92,11.64,4.38,5.05,11.21,4.29,4.33,11.48,5.13
Erythromycin,5.2,4.68,5.22,5.81,5.04,4.95,6.67,5.87,5.12,3.07,4.04,5.09,5.04,10.62,5.05,4.94,11.61,6.14
Esatenolol,5.06,5.31,4.11,5.33,4.99,4.97,6.99,5.74,5.08,13.75,11.34,5.93,5.07,11.3,4.8,5.35,11.31,5.05
Esculin,5.14,6.04,3.58,4.89,4.46,4.97,5.29,3.52,5.07,12.84,11.11,7.32,5.39,11.01,3.64,4.18,11.09,5.11
Esketamine,4.88,6.5,6.11,4.89,5.47,5.95,5.12,4.19,5.08,3.18,11.35,5.39,5.1,10.85,6.41,4.18,11.01,5.5
Eslicarbazepine,5.05,4.66,5.35,5.47,4.46,5.0,5.11,4.48,5.07,5.37,11.86,6.64,5.58,10.47,4.55,4.34,10.73,5.2
Eslicarbazepineacetate,5.33,4.05,4.96,4.4,4.58,5.15,6.77,4.47,5.08,10.88,6.84,6.08,5.88,10.96,4.39,4.5,10.52,5.53
Esmolol,4.92,4.86,4.47,5.52,5.74,4.88,5.56,4.27,5.07,4.44,13.75,5.06,5.07,10.28,4.69,4.71,11.3,5.11
Esomeprazole,5.25,4.21,5.01,5.74,4.75,5.06,6.16,4.39,5.06,4.96,12.72,6.99,5.04,11.56,4.36,4.1,11.49,5.05
Estazolam,5.06,6.72,6.91,5.8,4.61,4.84,6.27,4.35,5.03,6.26,13.97,6.76,5.04,11.6,6.22,4.49,11.64,5.05
Estradiol,5.36,4.85,8.39,7.9,6.12,5.02,7.26,6.17,5.03,7.8,11.18,5.84,5.03,10.27,7.04,5.43,11.43,5.18
Estradiolacetate,5.16,7.51,6.47,7.25,5.84,5.04,7.61,5.39,5.12,3.63,14.85,6.75,5.06,11.48,4.97,4.83,11.03,5.91
Estradiolbenzoate,5.2,3.0,7.03,7.14,5.88,5.32,8.04,4.77,5.12,3.61,11.02,6.21,5.08,11.5,5.07,4.7,11.15,5.92
Estradiolcypionate,5.26,5.58,6.5,6.51,5.7,5.02,7.92,5.15,5.07,18.35,9.65,6.36,5.26,11.59,6.43,4.64,11.5,5.73
Estradiolvalerate,5.35,5.87,7.65,7.33,5.7,5.21,7.02,4.97,5.08,5.4,14.49,6.27,5.31,11.5,6.39,4.86,11.29,5.61
Estramustine,5.73,5.56,5.84,6.88,5.68,4.92,7.63,4.74,5.09,4.72,12.34,6.11,5.06,11.4,4.14,4.45,11.27,5.81
Estriol,5.43,4.29,6.02,5.34,5.66,4.99,6.74,4.78,5.04,6.74,11.22,6.28,5.16,11.49,5.72,4.53,11.65,5.15
Estrone,5.29,4.57,4.69,4.97,5.43,4.99,7.1,4.73,5.37,5.38,10.85,5.87,5.03,10.46,5.96,4.42,11.54,5.38
Estronesulfate,5.38,4.12,5.03,5.23,6.73,5.09,7.55,5.02,5.1,3.75,9.67,4.81,5.04,11.51,5.97,4.42,11.45,5.74
Eszopiclone,5.23,8.93,4.45,4.04,5.18,4.88,6.99,4.82,5.44,9.53,12.69,7.46,5.04,10.74,5.41,4.32,10.88,5.76
Etacrynicacid,5.01,6.66,5.53,5.86,5.17,5.32,4.91,4.56,5.04,11.91,5.05,5.81,5.06,12.05,4.13,4.16,11.29,5.2
Etafedrine,4.94,15.73,4.3,4.22,4.84,5.92,4.02,4.08,5.11,6.87,5.17,4.13,5.19,11.4,6.02,4.17,11.5,5.33
Etelcalcetide,5.18,13.85,5.77,5.9,5.14,5.02,5.8,4.41,5.09,9.09,11.9,7.09,5.03,11.44,4.41,4.21,10.53,5.12
Ethanol,4.76,5.28,3.89,3.82,4.42,5.09,4.07,3.96,5.19,5.29,13.45,3.26,5.04,10.1,4.09,3.99,10.87,5.51
Ethanolamine,4.76,8.69,3.75,4.05,4.54,5.09,4.07,4.06,5.08,5.44,15.85,3.09,5.03,10.12,4.2,4.03,11.6,5.04
Ethchlorvynol,4.77,6.0,4.54,4.52,4.48,5.07,5.41,4.3,5.13,5.58,19.24,5.14,5.1,10.74,5.46,4.46,11.5,5.37
Etheno-NAD,5.33,5.54,5.97,5.92,4.96,5.79,5.98,4.77,5.08,3.4,12.2,7.11,5.04,10.75,5.54,4.61,11.08,5.09
Etheno-Nadp,5.32,3.09,5.34,5.71,5.31,4.94,5.38,5.25,5.07,3.17,13.46,6.29,5.04,10.68,5.37,4.82,11.16,5.11
Ethinylestradiol,5.39,7.57,6.01,6.12,5.96,5.34,7.45,4.58,5.12,3.92,25.92,5.82,5.14,11.73,5.71,4.79,11.49,6.07
Ethosuximide,4.8,6.02,6.3,6.12,4.76,5.15,3.94,4.04,5.13,5.06,11.86,4.21,5.04,11.12,4.75,4.17,11.53,5.53
Ethotoin,4.83,4.31,6.68,4.49,5.11,6.02,4.9,4.33,5.42,8.18,7.9,6.07,5.05,11.43,5.45,4.28,11.48,5.85
Ethoxzolamide,5.24,7.39,8.41,7.9,4.98,4.97,6.52,8.35,5.07,5.3,6.52,6.3,5.02,11.42,6.99,6.2,10.88,5.05
Ethylbiscoumacetate,5.17,5.48,5.69,4.21,4.49,5.7,5.48,3.93,5.08,7.04,10.41,6.54,5.03,11.48,5.69,4.39,11.54,5.11
Ethylmorphine,5.25,4.37,5.71,4.5,5.88,5.09,7.76,4.8,5.09,9.15,7.09,6.47,5.04,11.59,5.92,4.53,11.53,6.06
Ethylpyruvate,4.76,11.81,3.99,4.31,4.45,5.1,3.83,3.93,5.09,2.44,14.3,4.12,5.04,10.33,4.26,4.07,11.58,5.15
Etidronicacid,4.92,4.45,4.4,5.39,4.7,5.07,5.24,4.16,5.08,3.29,14.12,4.1,5.09,11.29,5.57,4.19,11.53,5.16
Etiprednoldicloacetate,5.67,9.41,6.35,7.2,5.79,4.9,6.27,6.28,5.64,6.42,17.02,6.05,5.04,10.92,7.32,5.16,11.33,6.28
Etizolam,5.0,6.53,8.52,7.48,5.14,5.48,6.19,4.7,5.02,13.39,4.94,5.92,5.03,11.13,7.28,4.39,11.42,5.13
Etodolac,5.19,8.19,7.6,7.22,5.3,4.94,6.09,4.34,5.23,5.08,16.11,5.07,5.03,11.64,7.17,4.21,11.5,5.18
Etonogestrel,5.32,5.46,7.31,6.95,5.1,5.19,8.29,5.16,5.12,6.45,21.4,7.51,5.17,10.74,6.63,5.41,11.2,6.21
Etoposide,5.18,4.6,5.38,5.29,5.11,5.14,6.66,4.74,5.08,7.33,12.12,6.73,5.04,10.71,6.1,4.51,11.35,5.12
Etoricoxib,5.16,4.92,5.1,4.7,5.57,4.88,5.9,4.24,5.07,11.78,12.22,7.01,5.07,11.15,5.99,4.47,11.31,5.69
Etorphine,5.38,2.61,7.19,6.54,6.06,5.06,6.72,7.54,5.14,5.58,10.24,6.99,5.04,11.7,5.71,5.64,10.92,5.89
Etravirine,6.41,13.81,6.24,4.24,5.23,4.86,7.41,4.79,5.05,9.48,19.83,5.71,5.52,12.38,6.6,5.01,10.96,5.09
Etynodiol,5.28,4.72,7.03,6.76,5.17,5.32,7.63,5.44,5.08,5.04,12.64,5.88,5.3,11.54,6.41,5.4,11.15,5.73
Eugenol,4.8,6.74,5.16,4.68,4.75,5.02,5.25,4.28,5.06,4.3,12.3,4.28,5.06,11.8,4.23,4.24,11.65,5.07
Everolimus,5.17,4.89,5.97,5.6,5.13,5.09,5.11,5.22,5.22,5.26,11.8,7.3,5.04,11.52,8.69,4.74,10.84,5.84
Exemestane,5.31,9.84,4.8,5.24,5.35,4.93,6.56,5.53,5.14,2.88,8.44,5.67,5.06,10.84,5.23,4.52,11.35,5.64
Ezatiostat,5.34,6.9,3.82,5.85,5.1,5.38,6.57,4.45,5.08,5.45,12.57,5.23,5.03,12.14,4.11,4.64,11.08,5.14
Ezetimibe,5.04,7.21,4.93,5.0,4.94,5.54,4.82,4.25,5.1,8.19,10.8,7.17,6.21,10.63,6.07,4.61,11.62,5.75
Ezogabine,5.05,3.84,5.79,4.87,4.91,4.96,5.7,4.64,5.07,5.09,16.19,5.72,5.12,10.65,3.78,4.4,11.39,5.14
FAMOXADONE,5.2,4.87,5.68,5.76,4.74,5.79,7.07,4.71,5.08,4.29,11.03,6.54,5.17,11.38,4.99,4.58,11.29,5.17
FG-2216,5.05,2.98,4.59,4.88,4.73,5.58,4.92,4.33,5.1,3.23,11.09,5.6,5.33,10.68,3.9,4.38,11.49,5.22
FG-9041,5.24,11.17,4.01,4.2,4.92,5.29,4.08,4.03,5.09,3.25,10.34,4.7,5.06,11.35,4.27,4.15,11.76,5.38
FLUORESCIN,5.2,2.46,5.56,5.13,5.01,5.27,7.05,3.98,5.09,3.13,11.95,5.96,5.05,11.47,6.25,3.78,10.83,5.42
FR117016,5.23,6.9,6.4,5.7,4.78,4.9,7.1,4.35,5.06,4.34,12.03,7.26,5.15,12.11,6.23,4.64,11.54,5.35
FR221647,5.01,4.94,6.87,5.09,4.99,5.07,5.64,4.45,5.09,4.0,7.94,6.26,5.05,11.43,4.31,4.52,10.79,5.13
FR230513,5.18,3.4,6.19,5.74,5.32,5.07,5.93,4.7,5.08,3.07,10.46,6.19,5.13,11.67,4.31,4.62,10.98,5.13
FR233623,5.31,5.56,5.19,5.67,5.19,5.03,6.26,4.79,5.07,6.3,11.28,5.95,5.12,12.05,4.21,4.87,11.18,5.12
FR236913,5.5,4.72,6.99,5.67,5.65,5.26,5.55,4.72,5.07,11.25,5.71,5.07,5.43,11.63,3.64,4.72,11.61,5.2
FR239087,5.38,3.92,4.74,5.79,5.67,5.3,5.74,5.38,5.08,5.6,12.13,6.09,5.04,12.23,4.94,5.09,11.5,5.78
Famciclovir,5.34,20.06,6.38,6.18,4.82,5.01,5.59,4.05,5.53,14.17,2.89,4.34,5.07,11.31,4.43,4.49,11.35,5.97
Famotidine,5.02,3.79,6.38,5.65,4.68,5.09,6.57,4.33,5.07,2.44,11.2,7.21,5.13,11.23,6.76,4.58,11.07,5.08
Farnesol,4.79,2.65,4.66,5.29,4.19,5.06,6.18,4.28,5.06,3.68,12.53,5.55,5.1,10.41,4.01,4.21,11.39,5.12
Febuxostat,5.19,4.47,7.17,7.29,6.14,5.0,6.1,6.63,5.09,1.72,11.34,6.35,5.37,10.64,5.72,6.3,11.29,5.04
Fedratinib,5.61,2.25,5.94,6.16,5.92,4.91,6.01,5.41,5.46,4.7,11.47,5.71,6.0,12.46,5.32,4.84,11.78,5.75
Felodipine,5.24,4.86,4.38,4.33,5.6,5.24,4.85,4.66,5.28,7.57,10.93,6.38,5.04,11.34,5.02,4.56,11.4,6.12
Felypressin,5.41,5.3,6.01,6.0,5.55,5.29,6.32,4.53,5.09,4.11,10.83,4.9,5.02,12.0,5.05,4.74,11.71,5.09
Fenofibricacid,4.85,1.84,3.24,4.16,4.62,5.63,5.92,3.96,5.06,4.28,12.28,5.83,5.05,11.63,3.79,4.59,11.15,5.08
Fenoldopam,5.11,5.52,7.19,6.93,5.35,4.95,5.37,4.6,5.06,5.61,10.53,6.09,5.03,12.06,6.71,4.53,11.6,5.11
Fenoprofen,4.95,2.78,4.04,4.99,4.67,5.51,6.79,4.31,5.08,4.09,12.95,6.76,5.07,11.35,4.82,4.69,11.52,5.26
Fenoterol,4.91,3.21,4.88,4.59,6.46,4.79,6.2,5.19,5.09,2.52,16.94,7.34,5.04,11.09,4.28,5.03,11.57,5.16
Ferricpyrophosphatecitrate,4.93,8.84,4.61,4.29,4.51,4.95,5.27,4.32,5.05,5.33,14.32,7.84,5.35,11.36,5.44,3.7,11.16,5.15
Ferrousascorbate,4.96,12.05,3.9,3.76,4.62,5.08,5.26,4.22,5.33,5.05,13.13,5.98,5.11,11.75,4.17,4.4,11.63,5.11
Ferrousgluconate,4.9,6.6,3.34,4.3,4.52,5.02,4.49,3.86,5.11,3.73,25.26,6.37,5.04,11.27,3.79,4.0,11.6,5.09
Ferrousglycinesulfate,4.81,5.55,4.08,4.02,4.45,4.94,4.41,3.91,5.07,4.44,11.15,5.65,5.03,10.65,4.13,3.96,11.56,5.1
FeruloylCoenzymeA,5.03,4.52,5.41,5.46,5.21,5.05,5.79,4.33,5.08,4.42,12.02,5.8,5.05,11.56,5.77,4.52,11.21,5.1
Fesoterodine,5.23,28.74,4.77,5.93,5.17,5.4,7.24,4.7,5.09,5.77,2.0,8.14,5.03,11.51,4.77,4.62,11.36,5.26
Fexofenadine,5.35,4.91,5.21,5.53,5.14,5.69,5.11,4.56,5.11,4.69,19.33,7.84,5.04,10.72,4.21,4.39,11.57,5.2
Fiboflapon,5.41,9.14,5.96,5.53,6.27,4.96,5.92,4.9,5.08,2.99,8.7,6.84,5.04,11.4,5.18,5.29,11.49,5.12
Fica,5.19,10.32,5.63,5.73,4.91,4.99,5.93,4.35,5.47,12.76,9.66,6.63,5.09,11.42,5.85,4.74,11.47,6.21
Fidarestat,5.45,5.41,7.57,6.66,5.12,4.91,6.72,4.91,5.44,2.41,11.14,6.63,5.07,11.89,5.85,5.57,11.07,5.94
Fidaxomicin,5.36,10.6,4.51,5.75,5.17,4.88,6.38,4.83,5.09,5.28,21.08,6.74,5.03,10.76,5.52,5.46,11.18,5.82
Filaminast,5.06,4.12,5.2,3.94,4.87,4.91,4.8,4.57,5.07,6.34,13.32,5.36,5.05,11.53,4.79,4.54,11.53,5.1
Fimasartan,5.32,10.54,7.07,6.45,5.93,4.87,6.63,5.21,5.06,14.52,23.71,6.07,5.04,12.12,6.59,4.56,11.34,5.05
Finafloxacin,5.76,6.1,5.0,6.32,5.93,5.28,5.45,4.6,5.13,8.1,16.5,6.65,5.19,11.65,6.29,4.67,11.23,5.17
Finasteride,5.57,8.49,3.98,3.61,5.3,4.95,6.99,5.89,5.09,5.38,12.53,5.04,5.08,11.63,4.32,5.36,11.24,5.75
Fingolimod,4.93,3.11,4.42,4.86,5.0,4.87,5.19,4.43,5.08,3.88,8.57,4.47,5.19,11.47,5.25,4.7,11.06,5.03
Firocoxib,5.35,8.82,5.49,4.58,5.27,5.08,5.58,4.94,5.12,4.25,11.61,5.13,5.04,11.71,3.96,4.64,11.15,6.06
Fisetin,5.01,6.18,5.12,5.11,4.57,5.0,6.09,4.48,5.02,5.58,16.25,6.07,5.05,11.45,4.46,4.75,11.27,5.13
Flavinadeninedinucleotide,5.27,5.56,4.8,5.93,5.2,4.9,7.09,6.35,5.08,3.4,17.82,4.88,5.06,11.52,6.44,4.33,11.51,5.07
Flavinmononucleotide,5.3,3.37,4.45,5.07,5.17,5.05,4.95,4.44,5.09,6.53,11.25,6.33,5.04,10.51,6.42,4.43,11.55,5.08
Flavone,4.88,6.71,4.31,3.95,4.76,5.3,7.2,4.2,5.04,5.27,12.67,6.62,5.1,11.6,3.92,4.17,11.02,5.1
Flecainide,5.38,6.63,6.46,6.24,5.26,5.08,6.61,4.42,5.09,5.09,9.61,4.87,5.08,11.69,7.69,4.56,11.28,5.17
Fleroxacin,5.23,6.49,4.57,6.01,5.02,4.98,5.72,4.67,5.08,5.14,11.0,5.96,5.35,11.58,6.24,4.38,11.32,5.18
Flibanserin,5.45,8.83,4.25,4.97,4.96,4.87,6.62,4.53,5.58,5.66,27.56,6.59,5.56,11.08,4.71,4.32,11.59,5.45
Flovagatran,5.64,7.26,4.23,4.04,5.85,5.11,5.1,4.76,5.08,10.13,10.95,4.9,5.03,11.62,5.73,6.04,11.37,5.08
Floxuridine,5.32,1.31,4.24,4.6,5.0,5.08,3.9,5.69,5.62,3.24,9.71,5.8,5.36,10.75,4.3,4.79,11.63,5.97
Fluciclovine(18F),5.09,4.47,3.71,4.04,4.42,5.06,5.02,3.81,5.43,6.97,11.38,4.77,5.06,10.52,6.05,4.11,11.52,5.81
Flucloxacillin,5.42,5.04,6.36,6.26,5.82,5.37,5.11,4.7,5.54,2.62,10.09,5.83,5.04,11.74,5.13,4.55,11.29,5.26
Fluconazole,5.48,3.04,4.85,5.11,5.87,4.89,4.89,5.38,5.04,8.46,6.89,6.11,5.33,11.49,4.17,4.73,11.35,5.13
Flucytosine,5.02,7.03,4.01,4.1,4.96,4.99,4.35,4.13,5.08,5.89,17.86,4.24,5.08,10.51,3.66,4.05,11.21,5.08
Fludarabine,4.97,5.18,4.12,4.26,4.99,5.02,4.94,4.79,5.31,7.25,14.31,6.02,5.06,10.63,4.21,4.39,10.97,5.74
Fludeoxyglucose(18F),4.97,5.06,3.66,3.95,4.49,5.04,3.12,3.9,5.19,4.99,11.23,4.58,5.04,10.62,4.39,4.01,11.47,5.17
Fludrocortisone,5.43,8.07,6.06,6.43,5.42,4.87,6.46,5.61,5.52,5.29,32.83,6.6,5.07,11.46,5.54,5.12,10.96,6.22
Flufenamicacid,5.27,3.67,5.34,6.03,4.9,5.12,5.0,4.41,5.05,3.01,13.05,6.21,5.09,11.69,4.22,4.41,11.62,5.09
Fluindione,4.95,6.29,5.29,5.53,4.57,4.9,4.89,4.07,5.19,7.68,14.8,5.64,5.04,10.5,4.89,4.26,10.9,5.12
Flumequine,5.11,4.21,6.57,6.76,5.38,5.08,6.67,5.69,5.13,4.37,10.68,4.77,5.04,11.35,5.01,4.45,11.41,5.95
Flumethasone,5.33,4.44,7.69,6.96,6.08,4.9,6.52,5.48,5.38,4.97,11.23,7.58,5.04,11.58,7.46,5.23,11.17,5.82
Flunisolide,5.52,4.9,6.41,6.26,5.56,5.06,7.45,5.05,5.87,3.17,12.47,6.0,5.04,11.0,7.04,4.73,11.55,6.35
Fluocinoloneacetonide,6.03,3.75,6.68,6.04,5.59,4.92,7.36,5.88,5.61,7.54,6.21,6.68,5.04,11.31,7.08,5.11,10.79,6.19
Fluocinonide,6.25,2.3,6.58,5.91,5.5,4.91,7.21,5.3,5.57,5.77,18.77,5.92,5.04,11.43,6.81,5.04,11.04,6.12
Fluocortolone,5.77,11.84,6.38,5.48,6.03,4.95,7.15,4.78,5.39,8.31,24.6,6.34,5.04,11.94,7.02,4.95,11.49,6.14
Fluorescein,5.22,4.18,3.7,4.93,4.84,5.08,7.49,4.03,5.1,2.6,11.81,7.94,5.06,10.99,4.98,4.19,10.88,5.72
Fluoro-Willardiine,5.25,7.48,4.37,4.29,4.7,5.1,4.35,6.06,5.13,6.08,13.21,4.41,5.04,11.59,4.18,4.85,11.62,5.44
Fluorometholone,5.3,6.9,5.28,5.71,5.78,4.86,6.99,5.08,5.61,7.16,13.41,6.68,5.04,11.42,6.74,5.18,11.12,6.04
Fluorouracil,4.78,5.44,5.5,5.07,4.99,5.11,3.18,5.54,5.12,5.58,13.1,4.23,5.09,11.26,3.73,5.04,11.65,5.27
Fluoxymesterone,5.26,9.04,7.54,7.42,5.56,4.95,6.48,5.37,5.67,5.51,12.14,5.89,5.09,11.82,4.51,5.0,11.07,6.22
Flupentixol,5.34,7.36,4.57,5.98,5.45,5.07,7.34,4.89,5.72,6.25,11.03,8.27,5.07,12.2,4.34,4.87,11.47,5.1
Fluphenazine,5.23,3.33,5.4,5.49,5.32,4.89,7.02,4.62,5.28,4.33,11.06,5.9,6.09,12.31,4.13,4.79,11.62,5.08
Flupirtine,5.25,7.49,5.65,4.5,5.0,5.01,5.91,4.72,5.06,8.13,12.07,5.95,5.1,10.78,3.83,4.62,11.31,5.16
Fluprednidene,5.52,5.88,7.24,6.47,5.34,4.92,6.86,5.16,5.57,4.41,16.75,7.62,5.04,10.9,6.66,4.64,11.3,6.1
Fluprednideneacetate,5.37,8.18,7.03,6.2,5.25,4.92,6.61,4.59,5.39,2.9,8.3,5.35,5.04,10.81,6.25,4.51,11.14,5.99
Fluprednisolone,5.35,2.55,5.7,6.58,6.25,4.9,6.7,5.65,5.72,3.4,11.04,6.9,5.04,11.58,7.32,5.2,11.51,6.15
Fluprednisoloneacetate,5.49,6.22,5.13,6.24,6.32,5.03,8.06,5.63,5.55,5.09,11.04,7.42,5.04,11.18,6.77,5.0,11.43,6.1
Flurandrenolide,5.34,3.33,5.06,4.86,5.28,5.1,6.85,4.82,5.82,3.53,11.55,6.07,5.04,10.89,7.02,4.61,11.37,6.33
Flurithromycin,5.2,6.12,5.33,5.83,5.12,4.95,6.67,5.84,5.15,7.59,12.04,4.98,5.04,10.64,5.64,4.95,11.58,6.1
Fluspirilene,5.29,4.1,7.37,7.21,5.66,5.42,7.51,4.94,5.37,2.32,11.24,6.08,5.53,11.48,7.25,4.55,11.56,5.94
Flutamide,5.19,5.38,5.66,5.17,5.06,5.03,5.19,4.61,5.07,6.18,11.03,6.36,5.48,11.61,4.46,4.43,10.74,5.09
Flutemetamol(18F),5.25,2.47,6.17,4.8,5.1,4.89,5.28,4.61,5.15,7.01,5.07,7.29,5.03,11.58,4.6,4.55,11.47,5.07
Fluticasone,5.77,5.68,6.6,6.52,6.26,4.88,8.13,5.62,5.11,7.02,11.38,8.69,5.04,11.65,7.36,5.3,11.42,5.48
Fluticasonefuroate,5.25,3.36,7.52,7.16,5.61,4.87,6.7,6.2,5.32,4.07,13.68,7.26,5.04,11.81,7.3,5.1,11.48,6.08
Fluticasonepropionate,5.34,6.04,7.13,7.03,6.02,4.87,6.52,6.05,5.21,7.67,11.01,7.11,5.04,11.55,7.58,5.22,11.42,5.82
Fluvastatin,5.36,6.12,4.2,5.12,5.83,5.05,5.43,4.57,5.38,6.27,12.12,5.36,5.06,11.81,5.35,5.35,11.33,5.83
Folicacid,5.25,8.4,5.84,5.01,4.69,4.86,5.15,4.29,5.05,10.31,11.31,5.05,5.09,10.59,4.36,4.49,11.58,5.06
Fomepizole,4.76,5.67,5.31,5.03,4.47,5.04,4.06,4.42,5.08,4.08,23.43,4.44,5.03,10.24,3.62,4.44,11.64,5.09
Forasartan,5.76,11.48,6.81,6.71,5.28,5.0,6.25,5.6,5.06,3.27,13.06,6.06,5.03,11.49,6.61,5.33,11.0,5.08
Foretinib,5.68,2.98,5.35,5.5,6.16,5.04,6.15,4.64,5.42,4.2,13.76,5.94,5.25,11.24,5.1,5.36,11.01,5.05
Formebolone,5.49,6.6,6.13,5.95,5.31,5.08,6.75,4.52,5.74,4.19,12.46,5.74,5.08,11.46,6.47,4.85,11.47,6.17
Formestane,5.22,7.53,4.46,4.47,4.81,5.03,7.0,4.3,5.24,4.81,10.97,5.72,5.09,10.92,4.59,4.06,11.58,5.86
Formoterol,5.14,4.1,5.7,5.6,5.84,5.0,5.48,5.06,5.23,5.75,11.66,6.52,5.08,11.62,4.29,5.08,11.19,5.99
Formycin,5.3,6.16,4.15,4.44,5.45,5.36,4.88,4.25,5.24,3.8,22.73,6.05,5.04,10.75,6.32,3.92,11.0,5.19
Forodesine,5.08,6.52,9.25,8.43,5.52,5.17,4.95,6.12,5.06,2.26,9.67,8.29,5.03,11.7,7.56,4.33,10.89,5.11
Fosamprenavir,5.55,8.15,7.66,7.25,5.42,6.9,6.16,5.25,5.07,4.23,16.14,7.21,5.04,11.65,6.58,4.99,11.6,5.06
Fosaprepitant,5.9,10.28,5.96,5.73,5.41,5.38,6.29,6.83,5.05,5.67,27.81,6.5,5.04,11.61,6.67,5.54,11.63,5.06
Fosinopril,5.26,5.76,6.9,6.22,6.12,5.18,5.38,5.06,5.11,6.36,11.26,6.89,5.04,11.52,5.01,5.39,10.72,5.54
Fosnetupitant,5.95,2.85,5.51,5.42,6.05,5.71,5.9,4.53,5.1,2.87,13.14,8.14,5.33,11.73,6.13,4.49,11.06,5.83
Fosphenytoin,5.0,10.05,3.79,4.69,4.7,5.54,5.4,3.69,5.09,6.25,12.3,6.19,5.04,11.57,6.23,3.88,11.53,5.46
Fospropofol,4.97,6.55,6.27,5.81,5.09,4.92,5.96,3.99,5.07,5.19,12.45,5.35,5.04,11.25,6.17,4.19,11.15,5.09
Fostamatinib,5.77,9.2,6.47,6.25,5.18,4.89,7.53,5.71,5.48,8.88,6.19,5.23,6.47,11.73,6.4,4.97,11.63,5.33
Fotemustine,5.26,11.34,3.99,4.17,4.86,5.1,6.32,3.81,5.06,10.08,5.15,5.28,5.05,11.56,4.01,3.91,11.55,5.08
Fradafiban,5.41,2.51,4.31,4.46,5.55,4.82,6.45,4.41,5.13,5.31,14.79,5.47,5.03,10.63,6.65,4.31,10.77,6.0
Framycetin,5.01,8.58,5.83,5.13,4.88,4.95,6.16,4.29,5.09,5.36,15.82,6.8,5.05,11.31,4.37,4.47,11.07,5.08
Freselestat,5.17,11.02,4.57,5.13,5.39,5.47,6.13,4.75,5.09,4.75,13.5,7.21,5.04,10.95,5.0,5.1,11.44,5.1
Frovatriptan,5.2,4.11,6.09,5.59,5.43,4.89,6.82,4.41,5.1,4.88,17.82,6.64,5.07,11.59,6.9,4.23,11.61,5.83
Fructose,4.79,7.39,4.34,4.56,4.96,5.01,3.53,3.63,5.44,2.78,10.99,4.64,5.07,11.27,4.02,4.04,10.75,5.57
Fructose-6-Phosphate,4.89,19.19,4.32,4.57,4.6,5.05,2.49,3.48,5.08,6.33,17.73,4.62,5.1,11.33,4.8,4.14,11.4,5.06
Fulvestrant,5.69,3.4,7.84,7.54,6.59,5.12,7.28,6.0,5.47,3.65,13.19,6.57,5.11,11.47,7.0,5.48,10.79,6.15
Fumagillin,5.16,5.49,3.48,4.1,5.23,5.05,6.8,5.97,5.12,7.07,10.82,5.53,5.14,11.62,5.99,4.9,11.32,5.11
Furosemide,5.16,6.13,5.62,5.92,4.8,5.21,4.63,4.38,5.09,7.12,12.03,5.11,5.07,11.3,4.79,4.43,11.17,5.35
Furoyl-Leucine,5.15,6.75,5.34,6.56,4.55,6.12,6.4,4.18,5.08,4.98,12.42,4.44,5.04,11.54,5.3,4.35,10.98,5.16
Fusicoccin,5.16,20.38,6.84,6.4,5.41,4.91,6.31,5.24,5.1,5.86,7.4,6.5,5.04,10.82,3.68,4.57,11.47,5.9
Fusidicacid,5.16,3.51,4.64,5.63,4.99,4.88,6.26,4.36,5.64,3.21,11.15,5.21,5.17,11.12,7.38,4.73,11.13,6.01
GALACTOSEGREASE,5.08,8.06,6.22,6.24,4.49,4.94,5.85,3.61,5.08,12.45,21.76,4.7,5.06,10.76,4.12,3.87,10.44,5.14
GC-24,5.06,2.21,6.12,5.71,4.63,4.97,7.04,4.45,5.09,4.79,11.75,5.19,5.05,11.22,6.52,4.55,11.4,5.11
GIBBERELLINA4,5.65,6.74,5.91,6.25,5.25,4.89,5.43,4.27,5.9,6.47,12.61,6.1,5.05,11.37,4.77,4.6,10.75,6.26
GLUTATHIONESULFINATE,5.14,14.52,5.39,4.04,5.27,5.17,6.4,3.86,5.09,2.98,11.17,5.18,5.14,11.2,3.53,3.83,11.42,5.13
GM6001,6.65,4.59,5.74,5.67,7.13,5.06,6.9,7.87,5.08,8.19,9.91,5.3,5.0,11.68,4.91,7.04,10.82,5.13
GPI-1485,5.12,2.98,4.16,5.44,4.7,4.96,5.73,4.68,5.52,5.14,17.68,5.36,5.07,11.52,4.23,4.57,10.98,5.86
GS0573,5.23,3.08,5.99,6.04,4.53,5.03,6.31,4.15,5.06,5.93,12.26,4.33,5.05,10.76,4.87,4.16,11.56,5.08
GSHNA,5.63,5.21,3.7,6.72,5.18,5.24,7.19,4.13,5.12,5.58,39.75,4.22,5.04,11.1,6.98,4.68,10.82,5.14
"GUANOSINE-2',3'-O-ETHYLIDENEPHOSPHONATE",5.59,5.34,4.3,4.34,4.68,4.92,5.21,4.2,5.5,7.95,12.16,6.09,5.04,10.72,5.44,4.0,11.36,5.19
"GUANOSINE-2',3'-O-METHYLIDENEPHOSPHONATE",5.15,2.52,4.12,4.75,4.58,4.94,5.28,4.27,5.5,5.03,11.55,4.51,5.04,10.72,5.14,4.08,11.32,5.22
Gabaculine,4.79,4.37,4.46,4.4,4.39,5.01,5.47,3.64,5.1,4.84,11.74,4.31,5.04,11.81,3.68,3.85,10.98,5.24
Gabapentin,4.83,5.71,3.85,4.09,4.38,5.06,3.96,4.32,5.06,4.99,21.81,4.19,5.07,11.32,4.14,4.14,11.35,5.12
Gabapentinenacarbil,5.14,6.72,3.55,3.68,4.79,5.13,4.72,4.57,5.08,6.02,11.1,4.64,5.06,11.51,3.72,4.19,11.15,5.21
Gaboxadol,4.89,5.75,3.62,3.9,4.95,5.08,5.48,4.12,5.5,5.04,11.95,4.91,5.02,11.58,5.47,4.39,11.4,5.94
Gadopenteticacid,5.19,4.39,5.46,5.63,4.36,4.98,4.51,4.1,5.1,6.26,11.76,4.9,5.04,10.55,4.11,4.15,11.19,5.3
Gadoxeticacid,5.26,6.37,6.19,6.04,5.62,4.93,5.8,4.33,5.09,5.19,13.98,4.96,5.04,11.57,5.3,4.5,11.64,5.63
Galactose-uridine-5'-diphosphate,5.36,5.72,4.35,4.68,4.95,5.02,6.36,3.99,5.35,4.43,11.62,4.94,5.05,10.51,3.92,4.11,11.03,5.36
Galantamine,5.23,10.02,6.85,6.66,5.17,5.13,5.56,4.66,5.08,3.2,8.61,6.16,5.14,12.03,6.32,4.56,10.94,5.48
GalliumcitrateGa67,4.86,2.85,3.94,3.96,4.43,4.98,3.86,4.39,5.07,4.27,10.35,5.17,5.24,11.56,5.42,4.46,11.16,5.12
Galliummaltolate,4.87,4.93,5.84,4.53,4.39,4.99,4.5,4.79,5.08,5.49,14.67,6.67,5.17,11.18,3.95,4.22,11.09,5.16
Gamma-Carboxy-GlutamicAcid,4.79,1.87,4.11,4.03,4.31,5.1,3.5,3.72,5.09,4.15,13.23,4.6,5.1,11.22,4.7,4.11,10.87,5.12
Ganaxolone,5.23,4.14,4.29,3.68,4.96,5.02,7.21,5.16,5.11,5.0,11.35,5.24,5.05,11.72,5.17,4.59,11.55,5.65
Ganciclovir,5.16,7.65,4.91,5.21,4.4,5.03,4.85,4.45,5.08,2.96,8.88,4.59,5.04,10.63,4.67,3.92,11.61,5.19
Ganirelix,6.06,4.36,5.89,6.16,6.23,4.85,7.01,4.79,5.12,2.35,11.18,6.61,5.03,11.73,7.11,4.74,11.66,5.51
Ganstigmine,5.41,7.31,3.76,4.6,5.22,4.92,5.56,6.47,5.09,2.97,11.02,6.06,5.05,11.57,3.8,6.29,11.02,5.25
Gantacurium,5.28,10.25,5.27,6.23,4.95,4.85,7.49,4.13,5.05,7.25,11.71,6.59,5.06,11.63,5.68,4.33,11.0,5.09
Garenoxacin,5.65,6.8,7.19,6.58,5.46,4.96,7.07,4.55,5.1,5.27,13.89,7.3,5.03,11.74,5.0,4.51,11.58,5.63
Gatifloxacin,5.63,7.96,6.13,6.42,5.46,4.89,7.02,4.37,5.14,13.87,13.05,6.16,5.12,11.59,5.72,4.42,11.2,5.83
Gavestinel,5.25,6.39,4.6,5.25,4.54,5.32,5.61,4.15,5.47,5.93,11.49,6.36,5.78,11.54,5.02,4.42,11.59,5.53
Gefitinib,5.27,5.35,4.97,5.04,5.52,5.02,5.4,6.34,5.05,5.46,6.14,5.22,5.05,11.15,5.0,4.69,11.02,5.01
Geldanamycin,5.79,19.05,6.35,6.69,5.52,5.09,5.71,5.77,5.09,23.51,10.55,6.0,5.04,11.74,5.93,5.41,11.64,5.13
Gemcitabine,5.2,3.57,4.83,4.78,5.17,4.89,4.81,4.02,5.22,4.18,13.2,4.08,5.05,10.37,4.4,4.38,11.62,5.14
Gemeprost,5.01,4.19,4.02,5.27,5.01,5.21,4.59,4.8,5.1,6.7,38.42,5.64,5.14,11.15,5.53,4.65,11.17,5.42
Gemfibrozil,5.22,8.0,5.86,6.9,4.49,5.04,6.09,4.32,5.07,2.54,8.18,4.31,5.55,11.7,6.31,4.1,11.46,5.1
Gemifloxacin,5.59,3.11,7.18,6.68,5.65,4.87,7.3,5.09,5.11,5.52,11.66,7.59,5.04,11.54,5.69,4.49,11.3,5.63
Geneticin,5.17,5.84,5.3,5.81,5.05,4.96,5.52,4.64,5.1,7.92,10.71,5.28,5.23,10.67,5.44,4.84,11.6,5.19
Genistein,5.14,7.12,4.44,4.68,5.03,4.93,6.98,4.58,5.12,7.22,18.3,5.95,5.06,10.91,4.12,4.52,10.35,5.12
Gentamicin,5.11,3.13,5.38,5.66,5.04,5.09,5.7,4.62,5.09,3.06,14.0,6.0,5.17,10.73,5.68,4.91,11.63,5.79
Gestodene,5.37,5.97,8.29,7.64,4.96,5.0,7.66,4.68,5.1,4.4,11.08,6.04,5.12,10.47,5.97,4.74,11.47,5.75
Gestrinone,5.36,4.89,7.79,7.15,6.84,5.26,7.29,5.34,5.16,5.8,33.88,7.23,5.04,11.6,6.46,5.56,11.42,6.11
Ghavamiol,5.17,6.34,4.07,3.83,5.3,4.95,5.2,4.3,5.26,6.94,14.71,5.16,5.21,11.33,3.91,4.52,11.14,5.28
Gibberellicacid,5.42,6.17,4.57,5.58,5.19,5.04,5.21,4.27,5.85,5.98,15.37,6.4,5.1,11.54,7.66,4.79,11.35,6.33
Gilteritinib,5.6,3.36,6.24,5.53,6.34,4.93,6.86,7.43,5.16,2.39,4.73,6.48,6.0,11.63,7.35,6.56,11.61,5.47
Gimatecan,5.32,3.36,8.27,7.72,5.65,5.16,6.8,4.41,5.17,3.46,11.06,6.38,5.04,11.58,7.39,4.72,11.53,5.23
Gimeracil,4.79,5.33,4.66,4.68,4.44,5.06,4.61,4.23,5.12,5.2,10.98,5.52,5.18,11.09,3.86,4.21,11.63,5.12
GinsenosideRb1,5.12,7.5,4.98,4.76,5.13,4.89,6.04,4.48,5.48,4.19,7.74,6.35,5.03,10.78,4.66,4.41,11.16,5.87
GinsenosideRg1,4.91,14.02,6.88,5.43,4.9,4.97,5.59,4.3,5.71,6.44,10.34,8.09,5.04,11.59,6.02,4.29,11.18,6.21
Glasdegib,5.55,4.23,6.7,4.99,5.3,4.87,5.67,5.09,5.17,2.21,11.41,5.64,5.07,10.63,5.55,4.82,11.55,5.16
Glecaprevir,5.94,5.5,4.91,4.11,6.2,4.94,8.02,4.98,5.1,11.87,11.53,7.26,5.03,11.75,7.55,4.7,10.91,5.52
Glibornuride,5.57,8.45,5.63,5.41,5.16,4.96,6.27,5.33,5.17,2.74,7.87,4.68,5.31,11.77,6.49,5.43,11.12,5.57
Gliclazide,5.05,2.9,4.93,4.4,4.91,5.02,4.2,4.55,5.1,3.76,13.13,4.85,5.05,11.56,4.72,4.65,11.42,5.48
Glimepiride,5.62,6.45,4.13,4.42,5.09,4.97,5.22,4.57,5.08,22.14,12.11,6.82,5.03,11.96,6.13,5.21,11.4,5.09
Glipizide,5.11,2.12,4.38,4.84,5.05,4.9,5.28,4.2,5.06,5.71,10.67,4.47,5.08,11.88,6.82,4.49,11.08,5.1
Gliquidone,5.22,7.46,5.02,5.32,5.06,4.93,5.94,4.58,5.07,4.93,9.11,5.29,5.03,11.73,7.66,4.5,11.29,5.06
Glisoxepide,4.99,7.12,4.12,4.43,5.1,4.92,5.18,4.46,5.07,13.76,10.52,6.57,5.06,11.8,5.54,4.43,11.4,5.07
Gluconolactone,4.76,11.17,3.26,3.83,4.6,5.04,2.97,4.17,5.39,2.51,7.57,4.27,5.06,11.45,3.25,4.17,10.67,5.72
Glucosamine,4.81,10.4,3.34,3.02,4.76,5.07,3.06,3.3,5.57,13.87,20.32,4.31,5.08,10.83,4.45,3.72,10.62,5.67
Glucose-6-Phosphate,4.97,7.05,4.82,4.67,4.86,5.06,3.97,3.74,5.08,4.57,11.27,4.36,5.07,11.25,4.29,4.27,11.51,5.11
Glutamicacid,4.76,2.75,4.22,3.97,4.36,5.06,2.99,3.7,5.09,13.98,14.37,4.59,5.06,10.41,4.81,4.15,10.89,5.36
Glutaminet-butylester,5.03,13.23,4.07,4.18,4.81,5.05,3.7,4.08,5.06,6.37,7.23,5.25,5.16,11.3,3.61,4.09,10.85,5.1
Glutathione,5.28,5.68,5.61,5.58,5.14,5.16,5.59,4.03,5.09,18.09,4.8,4.68,5.22,10.9,4.39,4.11,11.37,5.18
Glutathionedisulfide,5.54,4.54,5.97,5.7,4.98,5.07,5.99,4.06,5.07,7.23,13.19,5.99,5.07,11.25,4.41,4.12,10.91,5.18
Glutathionesulfonicacid,5.57,2.8,4.95,5.27,5.3,5.24,5.93,3.86,5.09,2.92,11.63,4.1,5.07,11.55,3.36,4.35,10.73,5.2
GlutathionylspermidineDisulfide,5.4,5.23,3.65,4.74,4.86,5.06,7.54,4.25,5.07,5.59,11.27,6.17,5.04,11.59,6.29,4.59,10.84,5.15
Glutethimide,4.93,5.71,6.97,6.33,4.95,6.06,4.98,3.95,5.3,2.62,5.07,5.66,5.04,10.92,4.43,3.96,11.67,6.26
Glyburide,5.12,8.53,6.02,5.81,5.53,4.91,5.73,4.28,5.08,4.84,10.9,5.33,5.08,11.62,7.67,4.49,10.87,5.08
Glyceraldehyde-3-Phosphate,4.87,2.42,4.44,4.58,4.35,5.06,3.64,4.43,5.13,5.74,10.72,4.45,5.05,10.44,5.7,4.3,11.33,5.34
Glycerin,4.76,2.57,3.35,3.75,4.4,5.09,4.11,4.01,5.11,2.88,11.42,3.79,5.04,10.16,4.24,3.93,11.34,5.18
Glycinamid,4.76,5.09,3.98,3.85,4.43,5.07,4.16,3.96,5.08,4.33,11.0,4.18,5.04,10.2,4.84,4.17,11.67,5.05
GlycinamideRibonucleotide,5.22,9.9,4.2,3.72,5.42,5.07,4.1,4.15,5.09,4.93,11.24,4.48,5.1,11.38,4.15,3.97,11.03,5.21
Glycine,4.76,6.58,3.56,4.24,4.42,5.09,4.22,3.66,5.08,3.74,11.47,4.25,5.04,10.28,4.87,3.84,11.65,5.12
GlycochenodeoxycholicAcid,4.95,5.74,4.56,4.69,4.44,5.12,5.73,4.29,5.1,11.13,18.07,4.57,5.08,11.6,4.45,4.44,10.79,5.71
Glycocholicacid,5.14,6.56,4.26,4.34,4.45,5.01,6.51,4.4,5.09,6.09,7.58,5.13,5.11,11.55,4.48,4.4,10.8,5.46
Glycocyamine,4.76,2.48,3.7,4.25,4.64,5.07,3.4,4.18,5.08,11.94,12.73,4.44,5.06,10.36,3.96,4.28,11.42,5.12
Glycolicacid,4.76,5.81,3.9,3.97,4.39,5.09,4.11,3.83,5.09,7.4,31.31,3.99,5.04,10.49,5.34,3.94,11.6,5.32
Glycolsalicylate,4.78,2.64,3.97,4.21,4.4,6.52,5.07,4.01,5.08,3.55,11.7,5.7,5.08,11.93,4.28,3.87,11.54,5.13
Glycopyrronium,6.15,8.06,5.74,5.8,6.27,5.79,7.45,8.09,5.05,5.73,13.45,6.32,5.89,11.02,5.66,6.76,11.26,5.34
Glycyrrhizicacid,5.38,7.0,4.09,4.01,4.93,4.97,6.84,4.98,5.17,9.91,12.39,5.72,5.04,10.77,5.17,4.94,11.15,5.67
Glymidine,5.19,3.01,3.56,3.59,5.04,4.91,5.11,4.33,5.07,5.97,10.8,5.68,5.1,11.28,4.55,4.37,11.59,5.09
Glyoxylicacid,4.76,5.21,3.87,4.43,4.39,5.08,4.21,3.94,5.07,2.18,11.0,4.32,5.04,10.2,5.59,4.05,11.52,5.28
Glyphosate,4.9,5.54,4.07,5.81,4.37,5.07,6.51,4.18,5.1,5.39,11.17,3.87,5.04,10.48,5.74,4.48,11.7,5.27
Golotimod,5.19,4.14,4.35,5.72,4.56,5.03,6.44,4.26,5.09,4.87,12.28,4.68,5.01,10.99,4.51,4.08,11.55,5.15
Gonadorelin,5.68,7.34,6.48,6.39,5.87,4.88,5.38,4.73,5.1,5.42,13.13,5.57,5.0,10.78,5.51,4.93,10.88,5.13
Goserelin,6.34,6.67,6.39,6.43,6.09,4.87,6.81,4.51,5.1,7.73,11.59,6.99,5.03,10.95,7.06,5.01,11.07,5.16
Gossypol,5.06,6.24,5.12,5.53,5.35,5.49,6.43,4.77,5.08,7.42,13.65,5.76,5.04,11.55,5.01,4.54,11.68,5.11
Granisetron,5.17,7.43,7.86,7.4,5.41,5.05,7.14,6.43,5.08,4.0,14.48,8.41,5.02,11.75,7.81,4.66,11.35,5.05
Grapiprant,6.39,5.8,5.14,6.07,5.21,5.07,7.03,4.36,5.06,8.7,12.42,6.21,5.04,11.5,5.7,4.75,11.35,5.09
Grazoprevir,5.15,7.66,4.56,5.08,5.21,4.9,5.45,4.36,5.11,4.22,12.84,6.64,5.04,11.74,6.6,4.59,11.39,5.31
Grepafloxacin,5.26,4.33,6.41,6.28,5.74,5.29,6.11,5.09,5.25,2.45,13.83,6.46,5.61,11.59,6.46,4.55,11.51,5.19
Griseofulvin,5.12,5.29,7.2,6.92,5.54,5.08,5.88,4.61,5.12,8.71,10.84,4.94,5.03,12.06,5.46,4.37,11.2,5.23
Guaiacol,4.77,6.61,5.37,5.71,4.34,5.07,4.59,4.17,5.09,5.7,10.83,4.26,5.05,10.5,5.09,4.27,11.64,5.18
Guaifenesin,4.77,9.09,6.04,6.65,4.57,5.09,4.81,4.25,5.07,5.52,13.99,6.73,5.25,11.24,4.37,4.39,10.95,5.07
Guanadrel,4.85,4.86,3.66,4.48,4.8,5.22,4.24,4.05,5.1,5.63,36.44,4.7,5.06,10.72,4.08,4.45,11.55,5.07
Guanfacine,4.97,4.89,4.37,4.18,4.72,5.09,4.48,4.38,5.13,5.03,12.68,6.03,5.06,11.26,3.83,4.16,11.14,5.11
Guanidine-3-propanol,4.87,6.92,3.51,3.81,4.74,5.0,6.03,4.0,5.08,5.67,16.93,3.94,5.05,10.34,3.94,3.95,11.04,5.05
Guanidinoethylmercaptosuccinicacid,5.06,5.07,3.93,4.92,4.64,5.05,5.03,4.17,5.08,4.51,11.96,4.38,5.04,11.36,3.7,4.26,11.51,5.16
Guanine,5.02,5.63,4.82,4.73,4.48,5.05,5.34,4.02,5.16,5.16,10.63,4.0,5.04,10.9,3.89,4.06,10.73,5.38
Guanosine,5.21,14.81,4.17,4.54,4.45,5.07,3.96,4.2,5.76,17.21,5.71,4.43,5.04,10.43,4.87,3.85,10.77,5.15
Guanosine-3'-Monophosphate-5'-Diphosphate,5.48,3.28,5.13,5.41,5.31,4.88,5.45,6.15,5.06,6.64,9.74,6.46,5.04,11.39,5.14,4.42,11.21,5.08
Guanosine-5'-Diphosphate,5.22,6.51,4.07,4.77,4.52,4.93,5.37,4.62,5.11,4.27,24.99,5.44,5.04,10.55,5.13,4.15,11.04,5.56
Guanosine-5'-Diphosphate-Rhamnose,5.23,7.05,4.03,4.72,4.59,4.94,6.23,4.19,5.14,2.82,11.4,6.59,5.04,10.73,5.35,4.25,11.26,5.44
Guanosine-5'-Monophosphate,5.27,2.91,4.37,4.34,4.47,5.06,4.4,4.56,5.14,6.54,11.34,4.97,5.04,10.48,5.07,4.34,10.94,5.57
Guanosine-5'-Triphosphate,5.23,2.75,4.07,4.75,4.56,4.92,5.61,4.67,5.12,7.36,11.47,5.57,5.04,10.52,5.18,4.18,11.0,5.51
Guvacine,4.8,7.71,4.28,4.33,4.58,5.07,4.43,4.57,5.6,6.13,11.78,3.07,5.04,11.5,4.77,5.05,11.62,6.1
H3B-8800,5.24,4.57,5.48,5.44,5.51,5.09,7.66,5.11,5.08,3.76,10.54,6.92,5.56,11.4,4.32,5.08,10.73,5.54
HE3286,5.27,4.51,6.18,5.85,4.87,5.46,7.67,4.26,5.08,5.77,12.13,7.72,5.27,11.63,6.39,4.68,11.36,5.95
HM-30181,5.95,7.71,4.54,4.8,4.99,5.76,7.56,4.73,5.08,5.77,11.24,7.86,5.05,11.65,5.68,4.55,11.05,5.11
HOMOPHENYLALANINYLMETHANE,4.94,5.53,3.91,4.42,4.81,5.16,6.09,4.16,5.1,5.74,10.61,6.04,5.13,11.36,4.5,4.35,10.54,5.14
HTYPEIITRISACCHARIDE,5.16,6.95,3.29,3.55,4.94,4.91,4.77,3.56,5.54,2.96,11.42,4.15,5.03,10.73,4.25,4.25,11.1,5.97
"HYDROXY(OXO)(3-{[(2Z)-4-[3-(1H-1,2,4-TRIAZOL-1-YLMETHYL)PHENYL]PYRIMIDIN-2(5H)-YLIDENE]AMINO}PHENYL)AMMONIUM",5.28,4.91,7.03,6.56,4.99,5.85,6.24,4.7,5.09,3.89,11.72,5.99,5.2,11.73,4.99,5.33,11.74,5.25
Hadacidin,4.76,3.04,5.71,5.1,4.7,5.08,4.0,4.65,5.16,4.46,11.24,4.08,5.04,10.32,4.32,5.2,11.88,5.43
Halazepam,5.15,2.13,5.08,6.45,4.72,5.81,5.39,4.29,5.04,8.83,12.85,5.99,5.16,10.87,4.27,4.56,11.61,5.08
Halcinonide,5.57,5.08,6.95,6.73,5.23,4.89,7.27,4.96,5.39,6.03,11.85,6.56,5.06,11.06,7.1,5.0,10.98,6.22
Halofantrine,5.26,6.09,3.9,4.76,5.36,5.41,7.42,4.7,5.07,7.67,12.16,6.84,5.09,11.6,4.39,4.63,11.55,5.08
Halofuginone,5.39,8.11,5.62,5.4,5.02,5.13,5.45,4.71,5.04,5.05,12.86,5.92,5.04,11.93,5.89,4.44,11.18,5.11
Halometasone,5.65,4.9,6.97,6.64,6.05,4.93,8.0,5.48,5.55,6.5,11.63,8.03,5.04,11.16,7.04,5.28,10.84,5.85
Haloperidol,5.44,8.02,6.14,5.73,5.36,4.86,6.52,5.06,5.13,2.65,8.19,6.44,5.03,11.59,5.77,5.41,11.38,5.59
Harmaline,5.12,5.95,5.23,4.43,4.68,4.9,6.2,4.52,5.06,5.67,8.8,4.82,5.08,11.69,6.19,4.36,11.59,5.1
Hemi-Babim,5.41,5.02,4.51,4.36,4.85,4.93,5.6,4.22,5.05,3.43,10.16,6.42,5.06,11.56,4.58,4.41,11.59,5.15
HeparinDisaccharideI-S,5.13,7.82,4.34,4.32,5.2,4.96,4.96,4.76,5.08,3.46,23.57,5.28,5.05,11.07,5.01,4.8,10.72,5.12
HeparinDisaccharideIii-S,5.1,3.03,4.74,4.27,5.14,4.96,5.01,4.62,5.15,3.21,14.48,5.68,5.04,11.04,4.97,4.57,10.83,5.31
Heptaethyleneglycol,4.79,4.39,3.2,3.66,4.57,5.01,4.2,3.93,5.07,7.57,13.46,3.93,5.03,10.21,3.63,3.83,11.59,5.06
"Heptane-1,2,3-Triol",4.89,5.69,3.61,4.22,4.45,5.04,4.46,3.96,5.14,4.7,10.88,4.15,5.05,10.41,4.09,3.94,10.9,5.11
Heptulose-2-Phosphate,4.93,5.22,5.29,5.51,4.9,5.01,3.36,4.31,5.19,6.3,13.57,4.17,5.04,10.51,3.68,3.95,10.59,5.28
Heptyl-Beta-D-Glucopyranoside,5.14,4.91,7.51,6.43,4.49,5.09,4.74,3.49,5.08,7.18,10.77,4.02,5.05,10.51,3.28,3.68,10.52,5.05
Heptyl1-Thiohexopyranoside,5.19,5.47,4.51,4.4,4.83,5.2,5.45,3.09,5.2,4.84,11.98,4.8,5.09,11.53,3.97,3.74,10.69,5.14
Hesperetin,5.18,5.58,5.81,5.95,4.61,4.91,6.19,4.36,5.07,6.78,11.24,6.76,6.0,11.76,3.57,4.33,11.64,5.69
Hesperidin,5.17,8.88,3.48,4.04,4.54,4.91,5.49,4.43,5.07,6.32,9.71,6.96,5.14,10.27,4.91,4.36,11.27,5.64
Hexachlorophene,5.18,7.66,4.74,5.19,4.73,5.09,6.47,4.48,5.07,4.47,13.98,7.24,5.04,11.54,4.41,4.64,10.74,5.14
Hexadecanal,4.77,7.99,4.3,5.73,4.39,5.09,3.99,4.28,5.08,7.11,8.94,4.39,5.04,10.33,4.9,4.54,10.95,5.12
"Hexane-1,6-Diol",4.76,2.75,3.34,3.88,4.43,5.09,4.53,3.87,5.07,3.23,12.59,4.82,5.04,10.16,4.43,3.87,11.6,5.07
Hexanoyl-CoA,5.34,14.59,5.34,5.51,5.32,4.94,5.76,4.31,5.09,7.47,11.42,6.45,5.04,11.79,5.22,4.46,11.14,5.07
Hexestrol,5.31,3.91,4.56,4.97,4.6,4.91,4.94,4.24,5.07,3.36,11.39,6.6,5.07,11.69,5.81,4.44,11.73,5.13
Hexocyclium,5.31,4.91,4.85,6.17,5.67,5.01,7.65,4.46,5.08,3.97,10.28,5.32,5.52,10.88,5.0,5.04,11.56,5.2
Hexylresorcinol,4.94,5.15,7.05,6.68,5.17,5.02,6.14,4.96,5.07,6.41,17.1,6.76,5.15,11.74,3.95,5.25,11.34,5.1
"Hg9a-9,Nonanoyl-N-Hydroxyethylglucamide",5.05,3.17,4.29,5.06,5.0,4.92,4.78,4.03,5.09,7.19,10.28,5.82,5.12,10.98,3.55,4.32,11.51,5.07
Histamine,4.78,6.89,3.51,4.47,4.5,5.07,3.87,4.28,5.06,5.17,14.7,3.91,5.05,10.31,5.1,4.13,11.59,5.07
Histidine,4.86,8.59,3.25,3.8,4.8,5.02,4.55,3.77,5.13,2.44,11.62,4.48,5.07,11.19,4.16,3.94,10.93,5.25
Histrelin,5.28,4.02,6.23,5.95,5.6,5.04,5.56,4.48,5.09,2.39,11.03,6.51,5.03,11.75,5.82,4.48,11.57,5.14
Homatropine,5.33,3.12,6.01,5.71,5.45,5.66,6.53,4.54,5.08,2.8,35.7,7.76,5.31,11.36,4.37,4.58,11.53,5.32
Homatropinemethylbromide,5.88,6.56,5.35,6.33,5.39,5.71,5.84,4.05,5.06,6.63,11.21,6.43,5.25,11.52,4.29,4.6,11.55,5.16
HumanbloodgroupHtype1trisaccharide,4.92,8.89,3.45,3.49,4.89,4.94,4.81,3.49,5.43,7.46,24.66,4.14,5.04,10.63,4.33,4.21,11.08,5.82
HuperzineA,5.66,4.85,4.84,3.98,5.27,4.93,5.59,4.73,5.16,6.12,11.35,4.87,5.04,11.62,5.62,4.82,11.56,5.94
Hyaluronicacid,4.94,5.29,4.17,4.62,5.06,4.9,4.9,4.01,5.35,5.7,11.43,4.07,5.03,10.67,4.79,4.18,11.24,5.81
Hycanthone,5.27,3.78,5.73,6.24,5.56,5.18,5.17,4.92,5.72,6.38,11.72,5.03,5.11,11.83,7.89,5.08,11.63,5.93
Hydralazine,4.88,6.3,5.21,5.39,4.73,5.09,4.48,4.82,5.18,6.93,13.03,5.28,5.07,11.38,3.61,4.88,11.67,5.38
Hydrochlorothiazide,5.18,9.84,4.49,4.12,5.06,5.25,4.5,4.58,5.09,3.2,11.06,4.14,5.09,11.48,6.5,4.49,11.44,5.48
Hydrocodone,5.19,14.1,6.7,5.61,6.21,5.1,6.65,5.23,5.14,5.23,11.63,6.17,5.04,11.61,6.21,4.57,11.44,6.0
Hydrocortamate,5.49,7.35,5.51,5.35,5.65,5.01,6.17,4.74,5.54,5.27,10.37,5.6,5.33,11.08,4.32,4.85,11.33,6.36
Hydrocortisone,5.53,5.31,5.77,5.44,4.94,4.98,6.64,5.04,5.59,5.21,14.21,6.01,5.08,10.55,4.73,4.89,11.09,6.3
Hydrocortisoneaceponate,5.44,6.06,5.6,5.73,5.67,4.89,6.3,4.77,5.45,5.91,11.54,4.04,5.12,10.99,4.51,4.5,10.9,6.31
Hydrocortisoneacetate,5.39,2.23,5.32,5.3,5.6,4.95,6.38,4.85,5.49,4.14,11.33,5.78,5.13,11.62,4.47,4.68,10.76,6.28
Hydrocortisonebutyrate,5.65,2.65,5.76,6.25,5.61,5.0,6.81,4.84,5.45,4.2,11.22,5.46,5.13,11.31,4.84,4.93,10.87,6.09
Hydrocortisonecypionate,5.64,7.66,5.68,5.43,5.58,5.05,6.93,4.62,5.5,8.85,12.36,5.58,5.14,11.47,4.95,4.85,11.07,6.11
Hydrocortisonephosphate,5.56,6.24,5.84,5.39,5.61,5.01,5.8,4.77,5.51,6.36,12.84,5.37,5.05,11.61,4.28,4.76,11.34,6.19
Hydrocortisoneprobutate,5.59,3.65,5.45,6.27,5.64,4.85,6.82,5.61,5.47,2.48,11.25,6.6,5.1,10.97,4.5,5.23,11.13,6.21
Hydrocortisonesuccinate,5.45,6.53,5.29,5.26,5.69,4.93,6.24,4.66,5.64,5.15,11.49,5.05,5.1,11.38,4.92,4.72,11.22,6.4
Hydrocortisonevalerate,5.63,7.24,5.73,6.34,5.55,4.99,6.59,4.79,5.36,5.9,11.67,4.61,5.12,11.28,4.94,4.93,10.74,5.86
Hydroflumethiazide,5.22,4.26,6.55,4.57,4.95,6.54,4.73,4.87,5.08,3.22,11.1,5.83,5.08,11.64,6.11,4.42,11.32,5.46
Hydromorphone,5.31,3.24,7.12,5.37,6.21,5.11,6.17,5.78,5.09,3.27,13.36,5.71,5.04,11.59,6.17,4.62,11.38,5.19
Hydroquinone,4.76,6.71,4.02,3.93,4.3,5.03,3.3,4.01,5.05,3.43,7.85,4.36,5.04,10.33,3.7,4.06,11.66,5.1
"Hydroxy(oxo)(2-{(1S)-2,2,2-trifluoro-1-[2-(trimethylarsonio)ethoxy]ethyl}phenyl)ammonium",5.35,5.89,4.35,4.55,4.82,5.03,7.48,4.32,5.1,4.78,11.83,5.06,5.11,11.34,4.37,5.34,11.23,5.56
Hydroxy-Phenyl-AceticAcid8-Methyl-8-Aza-Bicyclo[3.2.1]Oct-3-YlEster,5.44,7.84,6.01,5.71,5.45,5.51,6.71,4.54,5.08,5.23,8.75,7.25,5.31,11.36,4.37,4.58,11.53,5.32
Hydroxyaminovaline,5.2,8.28,4.09,3.76,4.44,5.03,4.06,3.97,5.06,5.83,25.3,3.53,5.05,10.51,4.1,3.95,11.07,5.18
Hydroxychloroquine,5.21,4.28,4.54,5.3,4.96,4.95,6.1,4.19,5.08,3.87,10.42,4.74,5.06,11.71,4.67,4.15,11.02,5.23
Hydroxyfasudil,5.22,3.57,4.75,4.07,5.51,4.99,5.04,4.68,5.73,5.51,10.44,5.76,5.14,11.59,6.24,4.69,11.6,5.26
Hydroxyprogesterone,5.46,5.24,6.32,5.53,5.06,5.05,6.89,5.78,5.14,4.37,10.46,5.08,5.11,10.47,5.51,4.89,11.11,5.96
Hydroxyprogesteronecaproate,5.63,2.74,5.51,5.83,5.41,5.03,7.02,5.44,5.08,4.54,12.1,6.23,5.37,11.6,5.19,5.24,10.95,5.27
Hydroxyproline,5.01,3.88,6.36,6.38,4.63,5.01,3.99,3.77,5.27,5.29,11.26,4.21,5.05,10.59,3.84,3.83,10.92,5.13
Hydroxyurea,4.76,5.53,3.76,3.5,4.44,5.05,4.1,4.4,5.1,3.99,15.94,5.63,5.03,10.35,4.26,4.35,11.02,5.26
Hydroxyzine,5.12,4.61,3.3,3.45,5.14,5.61,6.56,3.99,5.17,4.34,10.49,7.2,5.05,11.6,4.36,4.03,11.58,5.21
Hymenialdisine,5.12,5.65,3.57,3.53,5.47,5.13,6.32,4.21,5.09,4.99,13.29,5.93,5.04,11.47,6.68,4.13,11.65,5.49
Hyoscyamine,5.47,10.98,7.69,7.07,5.66,6.05,7.14,4.39,5.11,5.02,17.29,7.37,5.25,11.55,7.38,5.09,11.53,5.44
Hyperforin,5.12,5.77,5.28,5.38,5.13,5.08,6.77,4.32,5.13,6.29,10.5,4.72,5.06,11.81,4.93,4.62,11.41,5.23
Hypericin,5.11,5.03,5.87,5.34,5.19,5.27,6.9,4.3,5.31,5.26,11.63,6.3,5.07,11.41,6.17,4.21,11.69,5.16
Hypoxanthine,4.82,5.55,5.41,5.91,4.35,5.07,4.76,3.79,5.08,4.28,11.08,4.08,5.21,11.27,4.74,4.19,10.75,5.22
IC261,5.15,6.53,5.8,5.77,5.09,5.05,6.45,4.31,5.53,7.91,13.47,5.39,5.41,11.66,5.43,4.6,11.54,6.34
IDD552,5.4,5.89,6.23,6.03,5.64,5.56,6.37,4.8,5.05,6.39,11.25,5.38,5.03,11.61,4.25,4.88,11.14,5.22
IDD594,5.2,6.27,6.17,5.5,5.49,4.89,5.5,4.62,5.05,5.57,17.62,4.82,5.24,11.82,5.25,4.51,11.17,5.19
IMIDAZOPYRIDAZIN1,5.32,8.01,6.66,6.71,5.44,4.97,5.29,5.94,5.07,5.16,10.11,8.46,5.05,11.54,5.01,5.25,11.35,5.14
ISO24,5.07,4.56,4.71,4.15,4.49,5.06,4.33,4.3,5.06,10.98,19.75,4.52,5.38,11.56,3.78,4.16,11.47,5.18
ISOQUINOLINE-5-SULFONICACID(2-(2-(4-CHLOROBENZYLOXY)ETHYLAMINO)ETHYL)AMIDE,5.2,5.45,7.11,5.57,5.37,4.87,5.88,4.39,5.08,4.94,18.63,6.92,5.04,11.49,5.38,5.23,11.36,5.05
ISOTHIAZOLIDINONEANALOG,5.83,3.48,6.52,6.08,5.26,4.84,5.41,4.27,5.13,5.35,12.33,5.39,5.04,10.56,4.23,5.38,11.61,5.49
Ibandronate,5.33,4.03,6.77,6.39,5.41,5.07,5.45,4.95,5.14,2.77,9.96,4.28,5.05,11.15,6.51,4.96,11.61,5.27
Ibrutinib,5.68,3.62,7.44,7.75,5.84,5.52,8.31,5.74,5.05,2.92,13.94,8.21,5.05,10.88,7.12,5.18,11.51,5.13
Ibudilast,5.3,4.07,5.91,6.07,5.09,5.15,5.59,4.11,5.07,3.19,11.34,4.96,5.02,11.83,7.02,4.23,11.51,5.14
Ibutilide,5.1,8.14,4.28,5.26,4.98,5.71,5.84,5.77,5.09,6.75,11.22,4.78,5.07,11.6,4.46,5.05,11.45,5.3
Icatibant,6.36,2.92,5.7,5.65,5.89,5.3,7.01,4.57,5.09,4.22,11.36,7.06,5.02,11.67,6.96,4.9,11.05,5.14
Iclaprim,5.4,3.6,6.76,6.83,5.23,4.93,6.08,5.47,5.11,3.96,11.54,7.84,5.13,11.76,6.46,4.78,11.51,6.1
Icotinib,5.51,8.04,4.94,5.01,5.24,4.82,5.33,5.74,5.06,3.3,8.76,5.93,5.14,11.42,5.0,4.72,11.22,5.02
Idarubicin,5.27,4.57,3.51,4.23,4.89,5.52,5.6,4.47,5.52,4.25,11.69,5.48,5.04,11.61,5.79,4.68,11.13,6.06
Idelalisib,5.42,19.28,4.63,5.29,4.98,5.21,5.65,4.35,5.13,19.17,8.17,6.27,5.04,11.76,5.0,5.01,11.33,5.1
Idronoxil,5.02,5.91,4.3,3.37,4.98,4.82,7.35,4.14,5.01,6.63,11.05,6.62,5.05,11.61,5.68,4.24,11.46,5.14
Ifenprodil,5.17,6.67,5.11,4.92,5.38,5.07,5.44,4.17,5.09,7.6,18.33,6.85,5.07,10.59,6.02,4.86,11.64,5.18
Ifosfamide,4.79,6.23,3.49,3.66,5.0,5.06,4.33,4.4,5.12,5.45,13.45,5.22,5.04,11.13,6.12,4.48,11.55,5.19
Iloperidone,5.8,5.17,5.57,6.32,5.78,5.13,6.16,4.81,5.04,6.75,13.41,5.79,5.37,11.53,6.43,4.66,10.9,5.23
Iloprost,5.57,8.86,4.33,4.34,4.97,4.98,7.11,6.37,5.07,3.44,12.83,6.82,5.07,11.82,6.91,6.48,11.35,5.8
Imatinib,5.56,11.06,5.09,4.99,5.2,4.88,6.82,4.31,5.07,14.02,22.6,5.84,5.05,11.86,4.99,4.4,11.57,5.01
Imidacloprid,5.07,17.59,5.69,6.84,4.93,4.9,5.35,4.35,5.07,3.97,3.13,4.73,5.03,10.63,4.87,4.44,11.62,5.11
Imidafenacin,5.16,4.68,5.19,5.31,4.7,5.55,6.22,4.48,5.09,2.16,11.34,5.64,5.06,11.7,4.68,4.28,11.59,5.15
Imidazole,4.76,4.15,3.46,4.03,4.41,5.06,4.21,3.83,5.06,5.15,6.1,4.88,5.03,10.08,2.47,4.24,11.55,5.08
Imino-Tryptophan,5.07,6.25,4.01,4.31,4.68,5.06,5.47,4.19,5.08,4.47,12.08,4.93,5.05,10.44,4.94,3.96,11.64,5.15
"Imino[2-(2-oxo-1,2-dihydro-3-pyridinyl)-1H-benzimidazol-5-yl]methanaminium",5.26,3.49,3.79,4.82,4.93,4.98,5.52,4.41,5.1,2.84,11.6,6.51,5.08,11.84,5.06,4.6,11.72,5.15
Imipenem,5.28,5.97,6.06,6.11,6.0,5.06,6.46,5.02,5.3,4.09,10.75,5.66,5.04,11.63,7.39,5.31,11.63,5.84
Immucillin-G,5.29,5.01,6.92,6.89,5.83,5.05,5.31,6.21,5.06,6.78,13.29,4.5,5.03,11.71,7.63,4.19,11.64,5.1
Implitapide,6.05,10.42,7.4,6.65,5.5,4.82,6.3,4.35,5.65,14.76,12.41,5.77,5.03,11.63,5.04,4.45,11.47,6.01
Indacaterol,5.73,4.53,7.22,7.52,5.32,4.83,6.11,6.18,5.08,4.3,11.35,6.68,5.09,11.43,7.57,4.61,11.58,5.13
Indalpine,5.0,5.05,4.99,4.3,5.06,5.0,5.96,4.77,5.08,8.81,6.5,4.35,5.04,10.41,4.96,4.5,11.61,5.12
Indapamide,5.32,5.76,5.67,5.5,5.23,5.59,6.16,5.02,5.07,6.14,14.5,6.5,5.37,11.64,4.67,4.76,11.48,5.72
Indecainide,5.07,8.86,4.46,4.08,5.31,5.08,6.62,4.71,5.07,8.42,23.05,6.65,5.04,11.6,7.34,4.51,10.73,5.16
Indeglitazar,5.31,5.35,4.55,5.17,5.49,4.92,6.24,4.87,5.07,6.82,12.05,7.29,5.1,11.49,5.01,4.63,11.14,5.16
Indenolol,4.93,6.31,6.57,7.03,4.98,5.1,5.72,4.77,5.08,14.22,5.33,4.24,5.04,11.58,6.85,5.36,11.46,5.22
Indigotindisulfonicacid,5.7,11.85,4.36,4.07,4.67,6.43,5.61,4.72,5.22,7.02,5.11,6.0,6.15,11.75,5.89,4.66,11.59,6.09
Indinavir,6.38,2.99,4.84,5.44,6.94,5.11,6.46,6.2,5.1,3.2,12.78,6.14,5.02,11.72,4.25,5.96,11.22,5.17
Indirubin,5.32,5.66,4.76,5.72,5.1,4.98,4.53,4.43,5.32,3.8,12.01,6.03,6.21,11.86,5.88,3.96,11.58,6.05
Indirubin-3'-monoxime,5.24,6.82,5.71,4.63,5.18,4.98,6.4,4.71,5.2,5.54,21.73,6.19,6.12,12.55,6.68,4.48,11.11,5.93
Indirubin-5-sulphonate,5.4,4.92,5.06,4.54,5.25,5.03,6.8,4.71,5.18,5.71,12.01,6.3,6.25,11.87,6.64,4.53,11.4,6.15
Indocyaninegreenacidform,5.47,2.63,5.47,4.9,5.75,5.62,6.98,4.32,5.06,4.16,11.35,5.59,5.06,11.68,7.41,4.69,11.52,5.16
Indomethacin,5.1,4.46,5.67,6.78,5.36,5.43,6.62,5.79,5.11,7.01,5.71,6.47,5.07,11.54,5.01,4.9,11.18,5.17
Indoramin,5.16,4.27,5.62,4.79,5.22,5.4,6.21,4.88,5.09,10.75,7.6,5.91,5.01,10.75,5.34,4.15,11.61,5.13
Inecalcitol,5.48,2.81,5.18,6.37,5.61,4.99,5.82,4.72,5.45,5.25,30.75,6.28,5.13,11.44,6.33,5.17,10.88,5.93
Ingenolmebutate,5.42,2.78,4.59,6.02,4.58,5.19,5.11,4.19,5.35,2.82,12.8,6.74,5.05,11.31,7.2,4.54,11.08,5.79
InhibitorIdd384,5.22,5.95,4.31,4.52,4.94,4.94,6.24,4.53,5.08,2.85,10.31,5.87,5.45,11.65,5.85,4.86,11.52,5.08
InhibitorofP38Kinase,4.96,4.15,5.48,6.2,5.12,5.04,6.25,4.13,5.07,4.4,10.61,7.12,5.07,11.38,4.42,4.1,11.5,5.02
Iniparib,4.89,8.29,3.74,3.72,4.54,4.96,5.0,4.66,5.08,4.12,12.51,5.22,5.04,11.48,4.51,4.37,11.7,5.09
Inosine,5.28,4.4,4.01,4.29,4.47,5.1,4.87,3.61,5.26,8.19,10.71,6.0,5.04,10.49,4.24,4.0,11.04,5.11
InosinicAcid,5.5,2.76,3.66,3.51,4.49,5.07,5.21,4.45,5.11,3.2,13.38,4.93,5.04,10.68,5.0,4.3,11.07,5.16
Inositol,4.76,2.44,3.04,2.96,4.38,5.06,2.55,3.93,5.06,3.81,11.17,4.28,5.07,10.43,5.07,4.0,11.37,5.3
"Inositol1,3-Bisphosphate",4.93,8.76,3.93,4.82,5.04,5.05,4.3,4.23,5.07,14.77,13.02,5.41,5.21,10.95,5.04,4.04,11.06,5.22
"Inositol2,4,5-trisphosphate",5.06,8.38,4.11,5.14,4.96,5.01,6.83,4.6,5.07,7.81,10.96,6.07,5.18,10.83,5.12,4.28,10.84,5.24
Iodo-Willardiine,5.22,6.21,3.92,5.5,4.77,5.07,4.96,5.1,5.1,5.99,4.68,5.52,5.03,11.58,3.9,4.77,10.75,5.18
Iopodicacid,5.19,3.1,4.08,3.54,4.86,5.07,4.6,4.29,5.04,5.19,11.18,4.73,5.04,11.34,6.2,4.56,11.46,5.09
Ipratropium,5.43,6.09,6.93,6.96,5.57,6.01,6.66,4.92,5.09,8.84,13.03,5.64,5.16,11.56,7.17,5.75,11.34,5.38
Iproniazid,4.83,5.44,4.24,4.57,4.42,5.86,4.51,4.52,5.05,6.19,12.45,4.08,5.04,11.36,4.02,4.46,11.43,5.06
Irbesartan,5.46,1.24,6.27,6.12,6.16,4.92,6.72,4.92,5.08,3.17,10.22,6.94,5.03,11.55,6.99,4.99,11.1,5.07
Irinotecan,5.47,3.27,5.68,6.98,5.7,4.88,6.26,4.7,5.07,5.68,8.11,5.75,5.04,11.7,6.52,4.63,11.26,5.12
Irofulven,5.18,11.06,5.66,5.27,4.8,4.89,6.38,4.66,5.17,5.96,10.64,4.95,5.05,11.55,7.05,4.53,11.13,5.83
Ironsucrose,4.86,6.42,3.33,3.57,4.62,4.98,4.71,4.36,5.44,3.16,12.69,7.55,5.04,10.57,4.02,4.16,11.07,5.95
Irosustat,5.13,5.05,6.16,6.28,5.43,4.87,5.77,6.35,5.08,4.07,11.05,5.51,5.04,11.58,5.91,6.39,11.11,5.07
Isatin,4.78,2.62,4.88,5.4,4.53,5.07,5.24,4.03,5.35,3.56,14.63,4.3,5.1,11.49,4.14,4.02,11.56,6.11
Isatoribine,5.04,7.04,3.87,4.3,4.93,5.12,5.27,3.7,5.8,9.16,14.08,3.97,5.04,10.83,4.82,3.89,11.48,5.18
Isavuconazole,6.14,13.02,5.22,4.73,5.97,4.9,7.07,4.99,5.03,7.12,14.45,7.01,5.04,11.71,6.45,5.08,11.5,5.08
Isavuconazonium,6.18,4.41,5.85,4.24,5.88,4.85,5.62,5.22,5.05,7.18,13.88,6.28,5.04,11.56,7.34,5.48,10.9,5.12
Isoamylalcohol,4.76,3.9,4.9,4.88,4.45,5.09,4.09,4.23,5.11,3.9,23.17,4.21,5.04,10.16,4.16,3.88,11.09,5.12
Isocarboxazid,4.89,6.98,5.16,4.89,4.49,4.97,4.35,4.7,5.07,6.85,10.33,4.62,5.04,10.69,4.11,4.65,11.59,5.07
IsocitricAcid,5.08,10.14,3.47,3.79,4.46,5.08,4.46,3.69,5.08,4.47,9.42,4.42,5.2,11.22,4.15,3.67,11.17,5.12
Isoetharine,4.87,6.04,6.01,6.5,5.82,5.18,5.68,4.32,5.08,7.34,10.67,4.77,5.04,11.22,4.65,4.85,11.62,5.16
Isoleucine,4.83,4.0,3.72,4.2,4.67,5.04,3.73,3.8,5.08,7.69,12.75,4.44,5.05,10.35,4.08,3.83,10.86,5.18
Isoniazid,4.81,3.34,4.15,3.87,4.54,5.0,4.42,4.33,5.06,5.37,15.78,4.77,5.05,10.35,2.88,4.43,11.5,5.07
Isoprenaline,4.9,5.39,5.96,6.11,5.23,5.23,5.19,4.81,5.11,5.05,15.27,4.05,5.17,11.37,5.54,5.08,11.55,5.15
Isopropamide,5.14,5.07,4.21,4.8,5.09,5.54,5.69,4.57,5.09,3.05,11.19,6.35,5.03,11.53,5.29,4.24,11.62,5.48
Isopropylalcohol,4.76,4.72,3.73,4.62,4.48,5.09,4.07,3.69,5.09,15.27,11.04,4.55,5.04,10.13,4.1,4.09,11.54,5.17
Isosorbide,5.05,3.27,4.56,5.12,4.77,5.04,4.75,4.12,5.05,3.94,13.12,5.85,5.12,11.26,3.7,4.4,11.08,5.14
Isosorbidemononitrate,5.11,4.75,3.32,3.51,4.59,5.0,5.45,4.43,5.24,4.86,15.58,4.43,5.04,11.64,6.05,4.32,10.88,5.21
Itopride,4.92,5.39,6.12,6.41,4.81,4.9,5.45,4.3,5.06,6.28,10.72,4.99,5.05,10.56,5.15,4.2,11.48,5.09
Ivacaftor,5.17,6.01,5.84,6.01,5.15,5.31,6.11,4.25,5.07,8.51,13.22,6.69,5.16,11.65,5.64,4.77,11.19,5.15
Ivosidenib,6.7,4.36,6.69,6.57,5.68,5.42,6.91,4.77,5.1,6.29,13.91,6.31,5.04,11.74,6.61,4.87,11.38,5.25
Ixabepilone,5.73,2.89,6.11,6.86,5.6,5.26,5.96,4.51,5.07,5.26,11.42,6.75,5.1,11.16,4.03,4.43,11.58,5.25
Ixazomib,5.41,5.43,6.57,5.36,5.14,4.91,6.44,5.4,5.08,5.38,23.08,6.06,5.05,11.62,6.32,4.68,11.05,5.28
JNJ-37822681,5.27,3.55,6.5,5.09,5.13,4.87,4.57,4.39,5.07,3.69,11.2,6.35,5.04,11.71,6.65,4.53,11.31,5.06
JaspisamideA,5.21,6.65,5.46,5.85,5.27,5.02,4.9,5.73,5.09,4.45,11.05,6.37,5.04,11.25,4.86,4.36,10.97,5.3
K-252a,5.93,6.85,6.48,6.63,5.99,5.35,5.53,6.17,7.24,2.22,15.46,7.12,6.36,13.23,6.23,5.25,13.24,7.18
KB-141,5.42,7.14,7.78,6.87,6.51,4.92,7.3,6.57,5.09,6.08,18.27,6.85,5.08,11.57,6.19,6.16,11.61,5.21
KD3010,5.72,3.05,6.22,5.87,5.27,5.88,6.74,5.65,5.19,3.08,11.58,6.02,5.31,11.69,5.12,4.54,10.99,6.05
KOS-1584,5.18,3.01,5.39,6.16,5.01,5.16,7.11,4.87,5.07,4.03,11.43,5.85,6.14,11.66,5.45,4.54,11.53,5.12
KX-01,5.33,2.41,4.93,5.95,5.15,4.93,6.56,4.29,5.08,4.46,11.91,5.92,5.09,11.67,4.78,4.22,11.6,5.07
KabiramideC,5.19,2.1,4.23,5.22,5.37,4.95,5.05,4.76,5.07,4.49,11.49,6.34,5.04,11.63,4.94,4.5,10.9,5.19
Kaempherol,5.15,7.59,5.14,5.09,4.69,4.91,5.01,4.5,5.04,2.9,13.02,5.48,5.07,11.47,4.72,4.6,11.18,5.12
Ketamine,4.83,7.08,6.11,4.89,5.47,5.95,5.42,4.19,5.08,7.51,11.52,4.75,5.1,10.85,6.41,4.18,11.01,5.5
Ketanserin,5.25,5.68,7.44,7.2,5.05,4.85,5.58,5.24,5.08,4.14,18.6,6.02,5.04,11.16,6.33,4.83,11.6,5.26
Ketazolam,5.13,8.4,6.32,6.39,5.01,6.05,5.34,4.62,5.11,13.4,12.85,6.34,5.5,10.78,5.03,4.19,11.3,5.27
Ketobemidone,5.17,6.34,6.46,5.93,5.3,5.29,5.27,4.46,5.26,6.04,11.84,5.15,5.02,10.84,4.49,4.72,11.65,5.98
Ketoprofen,4.83,7.24,4.06,5.11,4.81,6.59,5.34,4.27,5.11,2.57,24.75,7.24,5.04,11.28,4.52,4.64,11.03,5.79
Ketorolac,5.01,2.52,5.34,5.3,4.93,6.37,5.29,4.67,5.08,4.3,13.36,5.47,5.03,10.67,5.34,4.57,11.21,5.55
Ketotifen,5.39,3.39,5.31,5.93,5.13,5.25,6.75,4.24,5.43,3.0,12.69,5.94,5.03,11.62,5.87,4.22,10.54,5.85
Kifunensine,5.09,3.37,3.95,5.17,5.14,4.95,4.73,4.52,5.68,5.09,11.7,5.08,5.03,11.8,5.95,4.01,11.01,6.02
Kitasamycin,5.33,6.13,5.96,6.6,5.24,5.0,4.55,5.55,5.1,6.44,13.35,5.91,5.1,10.81,5.75,4.66,10.8,5.57
KynurenicAcid,4.85,2.92,6.51,5.59,4.67,4.87,4.2,3.81,5.29,5.12,11.9,4.5,5.04,11.5,5.04,4.19,11.56,5.94
L-1-(4-chlorophenyl)-2-(acetamido)ethaneboronicacid,5.24,6.92,5.31,5.46,5.02,4.96,6.14,4.5,5.08,4.1,9.51,5.73,5.05,11.43,3.87,4.88,11.22,5.06
L-1-naphthyl-2-acetamido-ethaneboronicacid,5.52,6.27,4.33,4.9,5.12,5.21,6.23,4.38,5.11,3.17,11.12,6.09,5.03,10.52,4.99,4.91,11.45,5.13
L-2-amino-3-butynoicacid,4.77,2.75,4.61,4.19,4.55,5.18,4.28,3.67,5.1,5.61,13.47,3.78,5.04,10.31,4.75,3.84,11.24,5.23
L-2-amino-4-methoxy-cis-but-3-enoicacid,5.14,5.78,4.19,4.34,4.47,5.03,4.51,4.09,5.11,10.08,20.62,4.72,5.05,10.67,5.14,4.03,11.09,5.21
"L-709,587",5.26,5.8,7.44,7.61,5.29,5.17,5.93,7.45,5.34,6.52,12.47,7.22,5.05,11.47,7.72,5.52,11.04,5.76
L-Alpha-Glycerophosphorylethanolamine,4.8,1.34,4.39,5.21,4.5,5.0,5.33,4.15,5.08,2.79,8.78,6.5,5.07,10.35,4.78,4.11,11.44,5.07
L-Alpha-Glycerophosphorylserine,5.06,7.39,3.65,5.2,4.5,5.01,4.46,3.98,5.09,14.96,9.28,4.41,5.12,11.06,4.48,3.95,10.94,5.17
L-Eflornithine,5.06,7.01,3.73,3.94,4.86,4.93,5.88,4.17,5.07,4.79,11.37,4.23,5.19,11.21,5.84,4.5,11.51,5.07
L-Glutamine,4.79,5.63,3.98,5.21,4.47,5.07,3.22,4.09,5.08,4.51,10.28,4.36,5.11,10.41,4.76,4.23,10.72,5.12
L-Lysine,4.87,8.4,3.43,4.08,4.56,5.07,4.69,3.88,5.08,2.51,11.72,4.18,5.05,10.49,4.93,4.38,10.81,5.13
L-Myo-Inositol-1-Phosphate,4.89,6.43,4.11,4.27,4.89,5.13,4.99,4.3,5.07,2.66,15.16,4.9,5.29,11.12,5.01,4.55,10.64,5.29
L-N(omega)-nitroarginine-(4R)-amino-L-prolineamide,5.35,3.72,5.44,4.0,4.99,5.0,6.5,4.07,5.16,5.35,15.06,5.37,5.03,10.99,4.44,4.16,11.01,5.17
L-Tryptophanamide,4.95,7.91,4.37,4.71,5.15,5.2,5.63,4.12,5.08,2.88,10.0,6.16,5.04,11.38,5.0,4.08,11.49,5.04
L-[(N-Hydroxyamino)Carbonyl]Phenylalanine,5.06,4.43,6.34,5.46,5.01,5.18,5.64,4.59,5.11,4.18,11.12,4.92,5.03,11.37,4.44,5.26,11.53,5.27
"L-alanyl-N-[(1S,2R)-1-benzyl-2-hydroxypropyl]-L-alaninamide",5.5,4.0,4.88,4.64,5.14,5.11,6.57,4.13,5.12,3.28,16.48,5.3,5.04,11.61,4.74,4.61,10.6,5.17
L-aminocarnityl-succinyl-leucyl-argininal-diethylacetal,5.58,5.24,4.78,4.56,4.91,5.08,6.11,4.46,5.07,10.24,11.42,6.01,5.07,11.29,4.44,4.38,10.86,5.12
"L-erythro-7,8-dihydrobiopterin",5.06,1.72,4.38,4.19,5.11,4.94,4.83,4.09,5.4,2.44,19.01,4.58,5.03,12.15,4.99,4.33,11.63,6.08
L-homoarginine,5.04,1.14,4.76,4.52,4.62,5.07,5.63,4.09,5.08,2.94,7.7,5.22,5.08,10.63,4.65,4.38,10.78,5.19
L-methionine(R)-S-oxide,4.87,5.91,3.93,4.39,4.79,5.06,5.53,4.21,5.1,2.72,15.04,4.97,5.04,10.59,4.54,4.51,11.0,5.13
L-methionine(S)-S-oxide,5.14,3.43,3.18,4.79,4.79,4.97,5.04,4.31,5.12,3.28,11.67,6.57,5.04,10.59,4.54,4.48,10.82,5.41
L-tartaricacid,4.78,4.03,3.05,3.57,4.34,5.11,4.75,3.51,5.1,3.15,11.52,4.78,5.09,10.47,5.72,3.73,10.81,5.2
L-thioproline,4.88,4.99,6.65,6.36,4.56,5.06,4.17,3.79,5.14,2.66,15.92,3.35,5.07,10.61,4.4,3.9,10.71,5.64
L-tyrosinamide,4.87,5.96,4.96,5.23,4.97,4.9,5.08,4.17,5.09,6.26,9.17,5.08,5.1,11.65,3.45,4.27,11.41,5.06
LATRUNCULINB,5.3,4.98,4.55,4.85,6.16,5.12,5.48,5.58,5.52,6.38,16.37,5.8,5.05,11.77,7.82,5.21,11.63,5.32
LFA703,5.22,8.01,5.55,6.14,5.39,4.94,6.68,6.0,5.06,7.11,11.99,6.42,5.02,10.86,5.73,4.67,11.38,5.25
LGD-2226,5.32,5.42,6.01,5.75,5.51,5.17,5.13,5.09,5.18,5.45,11.9,6.55,5.38,11.67,4.41,5.62,10.72,5.23
LGD2941,5.52,5.78,5.38,4.77,5.66,4.97,6.36,6.26,5.24,5.35,19.72,6.21,5.38,11.67,4.95,5.87,11.05,5.75
LJP1082,4.94,6.92,5.21,3.88,5.2,5.22,4.22,3.96,5.09,7.05,20.45,4.41,5.13,10.95,4.34,3.92,10.68,5.16
LOC14,5.31,7.36,5.67,5.85,5.24,4.95,5.14,4.8,5.09,4.18,14.95,5.72,5.04,11.76,5.57,4.6,11.63,5.18
LY-294002,5.11,5.16,5.34,6.01,4.94,5.07,6.34,4.59,5.03,5.79,13.85,5.61,5.07,11.52,6.0,4.28,11.49,5.08
LY-517717,5.27,7.09,5.87,5.48,5.17,6.63,5.92,4.74,5.08,5.43,8.97,5.09,5.12,11.67,7.11,4.57,11.61,5.68
LY249543,5.57,4.87,4.92,5.64,5.11,5.71,7.27,4.52,5.03,3.07,13.42,5.34,5.03,10.7,5.74,4.66,11.54,5.05
LY374571,5.52,5.33,6.27,5.8,4.81,4.89,5.59,4.19,5.05,4.27,10.1,6.24,5.07,11.59,4.96,4.47,11.27,5.18
Labetalol,5.05,5.92,6.72,6.48,5.53,5.15,5.91,5.86,5.1,4.51,11.22,8.19,5.04,11.5,5.5,5.34,11.05,5.16
Labradimil,6.19,9.64,5.91,5.4,5.65,4.92,5.63,4.53,5.12,3.47,12.86,6.58,5.03,11.79,5.53,5.31,10.87,5.63
Lacidipine,5.47,6.63,4.31,4.43,4.62,5.78,5.57,4.79,5.12,6.68,12.97,5.54,5.03,11.56,6.34,4.54,11.48,6.05
Lacosamide,5.07,7.48,3.84,4.26,4.82,5.2,5.43,4.32,5.09,4.44,17.4,4.02,5.07,10.46,4.03,4.21,11.36,5.12
Lacticacid,4.76,4.61,3.99,4.5,4.38,5.08,4.07,3.56,5.14,3.19,6.29,3.15,5.03,10.32,5.07,3.81,10.88,5.35
Lactose,4.87,2.65,4.18,4.31,4.44,4.96,4.11,4.03,5.13,2.74,16.29,4.62,5.04,10.56,4.13,4.25,10.65,5.38
LaevulinicAcid,4.76,4.82,4.34,4.49,4.37,5.07,3.94,3.92,5.09,2.76,11.43,3.52,5.05,10.39,4.46,4.0,11.25,5.47
Lamivudine,5.04,4.27,3.99,4.41,4.83,5.02,5.74,4.68,5.1,5.47,9.98,4.58,5.04,11.6,4.3,4.26,11.4,5.1
Lamotrigine,5.07,6.96,3.69,4.13,4.44,5.1,4.78,3.48,5.05,6.33,13.18,5.25,5.04,11.61,4.59,3.65,11.56,5.08
Landiolol,5.16,2.77,4.53,5.52,5.32,5.12,6.34,6.16,5.13,8.15,13.71,4.77,5.09,10.68,4.02,5.84,11.36,5.23
Lanosterol,5.29,7.4,4.87,4.25,4.77,5.07,7.1,4.36,5.16,9.94,39.71,5.03,5.3,11.59,6.94,4.57,10.83,5.16
Lanreotide,5.28,5.75,6.37,6.53,5.19,5.09,5.59,4.66,5.08,9.29,12.38,7.04,5.0,11.72,5.01,4.9,11.6,5.09
Lansoprazole,5.31,5.84,6.55,5.96,4.69,5.31,6.3,4.41,5.1,3.75,14.32,6.16,5.03,11.61,4.17,4.41,11.51,5.19
Lapatinib,5.54,3.83,5.01,5.09,5.46,4.93,6.35,7.38,5.07,2.21,11.07,6.97,5.0,11.78,4.99,4.85,11.16,5.0
Laquinimod,5.11,6.38,3.88,4.79,4.91,6.15,5.43,4.42,5.37,4.4,21.37,6.11,5.69,11.75,5.28,4.14,11.58,5.2
Larotrectinib,5.79,3.48,6.49,6.36,5.99,4.98,6.59,5.59,5.08,7.29,14.46,7.23,5.04,11.74,6.99,4.81,11.6,5.43
Lasmiditan,5.36,7.2,6.52,5.63,5.28,6.52,4.81,4.67,5.06,6.28,15.11,6.02,5.07,10.86,7.55,5.08,11.46,5.1
Lasofoxifene,5.33,3.41,6.29,6.58,5.8,5.27,7.31,5.42,5.08,5.86,16.69,6.7,5.09,11.71,4.78,4.82,11.66,5.62
Latanoprost,5.16,6.02,7.32,7.13,4.96,5.31,7.96,4.4,5.09,8.57,13.72,6.84,5.11,11.62,6.51,4.5,10.9,5.12
Latanoprostenebunod,5.12,5.84,6.35,7.1,4.68,5.52,7.35,4.38,5.12,4.66,10.99,6.59,5.1,11.71,6.47,4.55,10.95,5.15
LatrunculinA,5.43,11.28,6.02,5.96,6.18,5.21,6.06,6.13,5.47,10.04,10.63,6.35,5.06,11.75,7.93,5.9,11.62,6.19
Laurylalcoholdiphosphonicacid,5.39,3.45,6.75,6.36,4.61,5.07,5.84,4.4,5.13,4.69,13.71,4.51,5.14,11.21,5.59,4.31,11.51,5.11
Ledipasvir,6.31,3.81,6.72,4.64,5.95,5.46,7.8,6.39,5.06,3.86,11.26,7.38,5.04,11.48,5.23,5.4,11.49,5.82
Lefamulin,5.49,6.55,5.91,6.94,5.25,4.93,5.67,4.63,5.3,4.16,11.0,6.64,5.27,11.71,6.73,4.97,11.52,6.16
Leflunomide,5.12,7.78,7.26,7.1,4.76,4.95,5.51,4.38,5.04,5.01,13.1,6.58,5.42,11.59,4.38,4.28,11.37,5.07
Lefradafiban,5.41,3.07,4.76,4.77,5.32,4.95,6.06,4.67,5.11,3.84,13.84,5.38,5.03,10.32,7.23,4.57,10.83,5.54
Lemborexant,5.43,6.36,7.08,6.64,5.73,5.0,6.28,4.86,5.44,2.66,28.53,6.76,5.42,11.54,6.96,4.68,11.46,5.96
Lenalidomide,5.14,6.77,5.5,5.77,5.2,5.07,4.94,4.47,5.09,5.68,14.4,7.64,5.12,10.69,4.06,4.28,10.86,5.1
Lenvatinib,5.62,15.73,8.88,7.88,5.66,5.07,7.21,6.14,5.05,16.1,15.23,6.18,6.06,11.31,5.01,5.61,11.14,5.16
Lesinurad,5.28,13.82,4.69,4.58,5.0,4.96,6.13,4.26,5.07,6.09,13.84,5.66,5.04,11.14,4.93,4.15,11.43,5.09
Lestaurtinib,5.69,7.94,6.67,6.77,5.67,5.29,6.84,6.11,7.15,6.12,11.93,7.43,6.17,13.39,5.76,5.16,12.83,7.22
Letermovir,6.13,4.88,5.86,6.74,6.01,5.06,6.21,5.73,5.11,2.22,11.5,6.5,5.42,11.62,5.95,4.78,11.57,5.62
Leucine,4.83,7.41,3.59,3.87,4.82,5.07,4.5,3.78,5.08,17.57,5.02,4.62,5.08,10.43,4.52,4.13,10.79,5.21
LeucinePhosphonicAcid,5.04,8.13,4.07,3.91,4.87,5.09,4.03,4.65,5.08,5.51,19.36,4.36,5.26,11.02,5.11,4.04,10.75,5.13
Leucovorin,5.84,5.05,5.82,5.29,4.96,4.92,6.76,4.25,5.08,4.23,10.48,5.27,5.03,11.63,5.12,4.53,11.05,5.1
LeukotrieneB4,4.87,7.3,4.46,4.51,4.4,5.07,5.53,4.73,5.09,14.21,11.66,5.99,5.07,10.55,5.52,4.66,11.56,5.12
LeukotrieneC4,5.63,5.27,3.23,4.12,5.09,5.1,5.95,4.02,5.06,7.14,11.95,5.43,5.03,12.16,5.75,4.33,11.49,5.11
LeukotrieneD4,5.16,3.64,4.21,4.73,4.94,5.15,5.77,3.93,5.11,10.4,11.89,5.12,5.13,11.56,5.52,4.26,11.58,5.18
Leuprolide,5.74,2.99,6.75,6.12,5.84,5.15,5.81,4.54,5.08,7.76,8.82,6.66,5.0,10.58,5.46,4.67,10.88,5.13
Levallorphan,5.42,6.78,7.49,7.06,6.21,5.29,6.59,6.71,5.08,2.22,10.3,7.08,5.03,11.63,6.49,6.06,11.46,6.05
Levamlodipine,5.02,6.53,3.94,4.41,5.69,5.85,7.58,4.67,5.09,4.37,12.12,5.33,5.04,11.3,5.36,4.84,11.59,5.51
Levetiracetam,5.08,5.43,5.05,4.87,4.57,5.08,4.49,4.32,5.22,5.7,12.05,4.54,5.04,11.78,4.99,4.44,11.34,5.68
Levobetaxolol,5.15,6.39,4.81,5.23,4.92,4.95,6.27,5.37,5.07,4.94,10.77,6.23,5.08,11.46,5.3,4.79,11.48,5.08
Levobunolol,5.02,5.62,7.26,7.36,5.16,5.02,7.34,4.83,5.08,8.96,11.53,4.78,5.03,12.91,6.22,5.17,10.83,5.12
Levobupivacaine,5.11,6.23,6.62,5.7,5.24,5.15,5.29,4.13,5.23,4.8,10.82,4.72,5.07,11.66,3.67,4.04,11.11,5.46
Levocabastine,5.65,9.22,5.65,5.31,5.63,6.37,6.5,4.53,5.68,7.16,12.4,6.46,5.14,11.26,6.64,5.0,11.56,5.99
Levocarnitine,4.79,6.19,4.04,4.4,4.36,5.09,4.92,4.14,5.09,5.35,11.22,4.95,5.11,10.67,5.51,3.9,11.23,5.19
Levocetirizine,5.07,4.34,3.17,3.57,5.16,5.32,6.55,4.02,5.1,2.29,11.29,5.18,5.04,11.56,4.23,4.18,11.46,5.34
Levodopa,4.97,6.54,5.3,6.01,4.89,4.85,4.07,3.99,5.09,5.99,11.86,4.75,5.11,11.6,2.9,4.25,11.45,5.18
Levofloxacin,5.33,5.59,4.42,5.88,5.54,4.86,6.36,4.64,5.11,2.91,11.16,7.01,5.41,11.57,5.88,4.48,11.13,5.17
Levomefolicacid,5.48,15.05,5.07,4.94,4.86,4.89,6.41,4.3,5.08,12.3,11.18,5.74,5.03,11.62,5.01,4.53,10.92,5.07
Levomenthol,4.97,5.2,4.12,4.57,4.54,5.08,5.6,4.51,5.08,13.27,7.65,4.49,5.05,10.64,3.88,4.4,11.57,5.14
Levonordefrin,4.92,4.91,5.44,5.33,5.09,5.12,4.44,4.19,5.1,8.18,13.48,3.53,5.34,11.48,4.23,4.71,11.62,5.16
Levonorgestrel,5.34,3.96,8.12,7.9,5.2,5.18,7.87,5.32,5.07,4.63,11.09,4.8,5.14,11.44,6.91,5.66,11.04,5.57
Levorphanol,5.44,6.53,7.14,6.24,6.16,5.25,6.33,6.59,5.13,5.22,11.75,7.37,5.03,11.51,6.79,5.75,10.99,5.62
Levosalbutamol,5.03,9.22,5.74,5.75,6.19,5.27,6.19,4.4,5.12,4.34,11.16,6.49,5.04,11.55,4.56,4.56,10.79,5.58
Levosimendan,4.97,7.32,3.68,4.69,5.01,5.6,5.65,4.18,5.14,8.39,9.7,5.62,5.05,11.61,4.78,4.55,11.48,5.29
Levothyroxine,5.21,7.08,6.68,7.29,6.59,4.99,7.16,4.09,5.09,6.25,11.46,6.55,5.04,11.53,8.0,4.3,11.01,5.11
Lidocaine,4.89,1.61,5.06,4.49,4.47,5.09,5.0,4.05,5.15,4.47,10.79,4.15,5.05,11.81,3.58,4.18,11.36,5.3
Lidoflazine,5.38,3.89,5.37,5.99,5.17,4.95,7.06,4.52,5.51,4.47,29.5,6.46,5.13,11.63,4.66,4.5,11.06,5.78
Lifitegrast,5.53,2.62,7.08,6.67,5.94,5.8,7.19,5.06,5.07,6.59,10.91,6.6,5.03,10.73,6.41,4.99,11.58,5.13
Ligandrol,5.27,5.09,5.56,5.53,5.4,4.89,5.27,5.48,5.42,5.29,13.03,6.5,5.93,10.9,6.47,5.69,11.55,5.87
Limaprost,4.92,5.84,5.04,5.91,5.08,5.17,4.61,4.65,5.11,5.86,11.28,5.43,5.13,11.44,5.37,4.75,10.69,5.24
Linaclotide,5.7,4.67,4.19,4.98,5.33,4.91,6.35,4.97,5.09,3.63,10.75,7.15,5.01,11.25,4.94,4.91,11.56,5.22
Linezolid,5.44,5.96,4.19,4.63,5.63,4.83,5.88,4.39,5.27,2.88,12.72,6.84,5.64,10.92,4.71,3.95,11.62,5.69
Linsitinib,5.38,7.34,4.95,6.29,5.52,5.39,7.29,5.6,5.08,12.35,10.24,8.0,5.05,11.58,5.83,5.15,11.4,5.15
Lintitript,5.23,9.4,6.79,6.0,4.77,5.29,5.54,4.18,5.15,2.97,8.45,5.7,5.26,11.58,5.6,4.38,11.57,5.14
Liothyronine,5.12,5.46,8.14,7.81,6.54,4.94,7.25,6.29,5.1,3.1,18.92,5.95,5.04,11.5,8.27,5.62,11.26,5.11
Lisdexamfetamine,5.31,6.18,3.74,4.0,4.54,4.95,4.93,4.24,5.09,2.03,8.92,4.64,5.27,11.76,3.79,4.03,10.7,5.05
Lisinopril,6.08,11.41,4.28,5.61,5.49,5.02,6.17,5.86,5.11,5.29,11.84,5.08,5.05,11.29,4.99,5.74,11.19,5.15
Lisofylline,5.1,6.02,4.49,4.8,4.67,5.07,5.84,4.37,5.09,3.69,15.01,4.42,5.13,10.66,4.25,4.06,10.87,5.08
Lisuride,5.36,4.85,5.13,5.92,5.35,5.04,5.81,4.94,5.28,4.19,11.92,6.86,5.01,11.58,5.53,4.35,10.79,5.45
Lithiumcitrate,4.91,4.86,3.89,4.03,4.43,5.0,4.37,4.37,5.06,4.65,20.47,6.14,5.24,11.56,5.42,4.09,11.15,5.12
Lobeglitazone,5.5,3.12,4.38,5.18,5.12,4.88,4.97,4.88,5.09,4.54,10.92,5.96,5.75,11.74,5.01,4.95,11.18,5.08
Lobeline,5.1,6.94,3.98,4.78,5.4,6.41,6.25,4.58,5.05,4.9,12.92,7.48,5.04,11.58,5.76,4.37,11.57,5.28
Lomefloxacin,5.32,3.39,4.54,6.3,5.07,4.92,5.91,4.78,5.08,2.96,11.91,5.43,5.19,11.55,6.85,4.4,11.36,5.56
Lomustine,4.8,12.07,4.44,4.84,5.06,5.08,3.29,3.77,5.1,4.96,13.97,4.43,5.06,11.55,4.0,4.09,11.5,5.09
Lonafarnib,5.81,6.55,6.64,5.74,5.97,4.84,6.4,5.96,5.06,7.95,12.47,5.95,5.03,12.92,6.88,5.21,11.13,5.4
Lonidamine,5.22,5.42,6.35,4.93,5.13,5.12,4.41,4.68,5.1,5.02,11.89,5.56,5.03,11.4,5.56,4.76,11.53,5.64
Loperamide,5.19,7.68,4.39,4.34,5.19,5.83,6.86,4.43,5.27,4.21,13.95,7.17,5.02,11.77,6.4,4.81,11.57,5.88
Lopinavir,6.67,5.78,8.94,8.26,6.35,5.02,6.76,5.37,5.09,6.15,18.91,6.62,5.03,12.8,6.31,5.74,11.46,5.09
Loracarbef,5.45,4.64,6.07,5.89,5.18,6.25,5.14,3.86,5.1,6.53,16.6,5.78,5.03,11.67,6.26,4.43,11.36,5.12
Lorazepam,5.14,4.78,4.69,4.58,4.47,5.07,6.52,4.21,5.09,8.25,11.92,6.1,5.13,11.7,4.21,4.29,11.66,5.13
Lorlatinib,5.48,5.89,6.91,6.54,5.65,4.97,6.27,7.01,5.1,6.3,18.44,6.85,5.15,11.46,5.83,6.02,11.36,5.04
Lormetazepam,5.03,6.43,6.47,6.1,4.71,5.95,4.92,4.31,5.05,4.4,11.33,6.16,5.22,10.86,4.45,4.42,11.6,5.1
Lornoxicam,5.46,7.89,6.69,5.66,4.87,5.12,6.18,4.29,5.05,4.65,19.81,7.78,5.04,11.64,5.11,4.43,11.17,5.1
Losartan,5.16,3.2,6.54,6.09,5.83,4.92,7.01,4.48,5.07,3.94,11.62,6.43,5.04,11.69,5.82,4.62,11.1,5.08
Loteprednoletabonate,5.57,7.16,5.76,6.5,6.06,4.93,6.11,6.81,5.61,4.35,12.77,5.3,5.04,11.67,5.88,5.38,11.41,6.12
Lovastatin,5.59,5.75,4.33,5.3,5.2,4.86,7.58,5.54,5.48,4.34,14.45,5.6,5.23,11.58,4.43,4.67,10.53,6.01
Loxicodegol,5.21,5.59,5.13,5.34,6.29,5.1,7.6,5.42,5.08,6.56,10.91,6.19,5.04,11.53,6.99,4.95,11.37,5.34
Loxoprofen,4.94,5.57,5.16,5.0,4.55,5.65,6.38,3.66,5.08,7.15,20.3,6.54,5.03,10.49,4.46,4.17,11.62,5.51
Lpc-Ether,5.15,4.62,6.37,6.18,4.49,5.06,7.11,4.27,5.08,6.21,40.07,4.96,5.11,11.19,4.4,4.14,11.11,5.09
Lubiprostone,5.49,5.02,3.42,5.76,5.06,5.0,5.61,4.75,5.14,11.11,10.28,4.82,5.05,10.67,4.53,4.86,10.8,5.79
Lucanthone,5.12,8.2,6.16,5.69,5.25,5.39,5.06,4.78,5.64,6.51,11.58,4.65,5.08,11.63,7.35,4.93,11.67,5.71
Lumacaftor,5.44,4.31,6.3,6.63,5.92,5.0,6.61,6.21,5.09,4.52,10.83,6.93,5.06,11.59,6.33,5.68,11.37,5.26
Lumateperone,5.5,3.36,5.83,6.85,5.26,5.35,6.9,5.17,5.07,5.09,11.35,6.94,5.53,10.73,7.29,4.64,11.49,5.38
Lumefantrine,5.25,3.39,6.88,5.0,6.16,5.24,6.75,4.5,5.18,3.25,11.47,6.96,5.03,11.93,4.37,4.59,11.52,5.69
Lumichrome,5.35,7.88,3.98,3.8,4.53,5.26,5.59,4.06,5.08,5.58,11.83,5.18,5.03,11.58,5.09,4.18,11.57,5.16
Lumiracoxib,5.4,7.48,6.79,7.29,5.34,5.0,5.87,5.31,5.11,7.86,11.33,6.76,5.08,11.2,5.69,4.75,11.32,5.08
Lusutrombopag,5.28,4.07,6.17,6.12,5.13,5.16,6.2,4.27,5.02,4.08,13.75,6.69,5.04,11.37,6.09,4.61,11.47,5.06
Lynestrenol,5.32,7.89,6.33,5.68,5.22,5.11,7.37,4.43,5.09,4.58,14.19,7.09,5.37,11.56,6.35,4.86,11.31,5.36
Lysergicaciddiethylamide,5.24,4.68,5.42,6.45,5.56,4.94,5.73,4.44,5.09,8.78,11.37,7.07,5.0,11.36,5.25,4.37,11.54,5.16
LysineNz-CarboxylicAcid,4.98,7.41,4.23,4.32,4.41,5.06,4.47,4.06,5.08,-0.61,12.36,5.09,5.06,10.49,4.76,4.33,10.79,5.34
Lysophosphotidylserine,5.21,8.25,4.48,4.89,4.81,5.08,5.8,4.65,5.08,2.65,12.85,5.13,5.06,11.52,3.82,4.71,10.98,5.14
"M-(N,N,N-Trimethylammonio)-2,2,2-Trifluoro-1,1-Dihydroxyethylbenzene",5.18,2.97,4.78,4.65,5.19,5.32,5.57,4.73,5.05,3.34,14.7,5.49,5.13,11.59,5.31,4.38,11.58,5.16
M-Cresol,4.77,11.01,4.36,4.35,4.48,5.06,5.18,4.19,5.03,4.47,11.42,4.39,5.04,10.9,5.22,4.36,11.64,5.1
MB-07803,5.5,4.69,4.95,4.36,5.45,5.3,6.85,5.92,5.07,6.5,19.62,6.54,5.05,10.84,5.99,4.45,11.46,5.13
METHYL(2-ACETOXY-2-(2-CARBOXY-4-AMINO-PHENYL))ACETATE,4.99,4.98,3.07,3.95,4.77,4.98,5.28,3.89,5.1,5.29,15.13,5.79,5.21,11.42,4.0,4.33,11.34,5.17
"METHYL1-(4-{[(2,4-DIAMINOPTERIDIN-6-YL)METHYL](METHYL)AMINO}BENZOYL)PIPERIDINE-4-CARBOXYLATE",5.32,5.87,5.67,5.21,5.28,5.66,5.97,4.74,5.12,5.29,12.5,6.74,5.05,10.86,5.16,4.7,11.5,5.82
"METHYL1-(4-{[(2,4-DIAMINOPTERIDIN-6-YL)METHYL]AMINO}BENZOYL)PIPERIDINE-4-CARBOXYLATE",5.4,5.92,4.94,6.08,5.19,6.08,5.78,4.8,5.09,4.03,13.05,5.77,5.06,11.38,5.05,4.82,11.48,5.21
"METHYL3-CHLORO-2-{3-[(2,5-DIHYDROXY-4-METHOXYPHENYL)AMINO]-3-OXOPROPYL}-4,6-DIHYDROXYBENZOATE",5.16,2.84,3.92,4.68,4.93,5.14,5.79,4.68,5.2,4.66,16.82,5.3,5.59,11.67,4.21,4.19,11.1,5.17
"METHYL4-{[({[(2R,5S)-5-{[(2S)-2-(AMINOMETHYL)PYRROLIDIN-1-YL]CARBONYL}PYRROLIDIN-2-YL]METHYL}AMINO)CARBONYL]AMINO}BENZOATE",6.05,3.19,4.82,5.08,5.38,4.9,5.55,4.85,5.18,3.36,11.71,6.36,5.07,11.59,4.67,4.41,11.47,5.82
METHYLAMINO-PHENYLALANYL-LEUCYL-HYDROXAMICACID,6.41,3.19,6.03,4.96,6.34,5.09,6.7,7.04,5.13,4.76,17.38,4.98,5.03,11.56,4.29,6.48,10.63,6.0
"METHYLN-({(2S,3S)-3-[(PROPYLAMINO)CARBONYL]OXIRAN-2-YL}CARBONYL)-L-ISOLEUCYL-L-PROLINATE",5.68,5.02,4.49,4.43,5.1,5.05,5.23,4.54,5.07,3.23,12.24,5.63,5.13,11.67,4.34,4.58,11.46,5.12
MF268,5.27,5.19,4.25,3.89,4.83,5.2,5.31,4.8,5.07,10.68,22.15,5.2,5.05,10.49,4.69,4.46,10.9,5.08
MK-0354,4.83,6.03,5.19,4.25,5.11,5.02,4.46,4.54,5.06,4.57,11.18,7.28,5.03,11.54,5.19,4.64,11.58,5.07
MK-1775,5.65,5.19,7.61,7.87,5.69,5.67,6.14,5.2,5.42,3.5,18.92,6.61,5.13,11.76,7.76,4.69,11.61,5.65
MLN8054,5.52,6.86,4.99,5.15,5.84,4.92,6.34,4.87,5.02,5.28,12.92,5.9,5.32,11.52,5.0,4.94,11.57,5.01
MMI-175,5.7,5.38,5.9,3.82,5.41,5.09,6.69,4.9,5.08,7.54,11.21,8.01,5.04,11.76,6.1,5.25,11.2,5.16
Macimorelin,5.3,4.09,4.75,5.36,5.54,5.01,5.26,4.83,5.1,6.23,15.21,7.89,5.01,11.31,5.01,4.88,11.62,5.15
Macitentan,5.31,5.97,4.99,4.48,5.85,5.51,6.28,6.14,5.05,5.12,10.74,6.04,5.04,11.97,5.0,4.9,11.48,5.08
Mafenide,5.1,7.74,4.0,5.15,4.34,4.96,4.8,4.67,5.07,6.69,11.68,4.91,5.05,10.51,6.36,4.49,11.49,5.06
Magnesiumgluconate,4.83,3.3,4.15,5.66,4.52,4.97,3.55,3.93,5.11,3.95,11.82,3.95,5.04,11.27,3.79,4.08,10.89,5.07
Magnesiumlactate,4.9,3.44,3.84,3.7,4.38,4.93,4.29,4.01,5.07,4.55,12.81,6.29,5.03,10.32,5.07,3.97,11.28,5.11
Magnesiumlevulinate,4.88,9.16,5.03,5.2,4.37,5.0,5.74,4.07,5.07,2.69,7.75,5.61,5.05,10.39,4.46,4.27,11.03,5.1
Magnesiumsalicylate,4.95,2.21,5.07,4.78,4.32,5.28,5.18,4.13,5.09,3.08,12.44,5.85,5.04,11.97,4.32,4.01,10.75,5.12
MalateIon,4.76,4.97,4.85,5.52,4.54,5.08,3.66,3.62,5.13,3.62,10.87,4.45,5.05,10.32,6.26,3.8,10.82,5.4
Maltose,4.95,8.43,4.18,4.31,4.44,4.97,5.66,4.03,5.13,5.71,9.59,4.38,5.04,10.56,4.13,4.25,10.65,5.38
"Maltosyl-Alpha(1,4)-D-Gluconhydroximo-1,5-Lactam",5.28,4.76,4.3,4.89,5.11,5.09,5.79,4.17,5.1,3.38,10.6,6.2,5.04,11.51,3.69,4.22,10.62,5.58
Managlinatdialanetil,5.44,6.68,6.83,6.49,5.61,5.16,6.22,4.81,5.22,3.86,11.8,5.79,5.04,11.17,6.15,4.57,11.08,5.68
Mangafodipir,5.54,5.56,5.73,4.71,4.67,5.02,5.15,4.34,5.08,10.96,12.37,6.42,5.21,11.66,3.83,4.1,11.59,5.19
Manidipine,5.39,4.87,4.8,4.48,5.96,5.72,5.15,4.5,5.39,6.24,10.66,6.15,5.23,11.36,7.29,5.42,11.61,6.23
Manitimus,5.41,5.48,5.39,5.12,4.97,4.96,6.49,4.58,5.07,2.38,11.52,6.27,5.11,11.64,4.37,5.16,11.48,5.09
Mannitol,4.76,5.11,3.3,4.16,4.45,5.03,3.1,3.86,5.1,5.49,11.56,4.15,5.05,10.41,3.9,3.99,11.08,5.11
Mant-Adp,5.29,7.78,5.16,5.42,5.18,4.94,5.32,4.71,5.07,4.98,11.53,6.25,5.11,11.59,5.03,4.47,11.53,5.11
Maraviroc,5.99,3.34,6.46,6.02,5.87,5.93,7.71,6.64,5.07,4.3,10.92,5.75,5.1,10.67,7.24,5.39,11.54,6.05
Marimastat,6.43,2.89,5.73,6.04,6.67,5.02,4.2,6.93,5.08,5.85,14.19,4.2,5.19,11.74,4.14,6.76,10.77,5.09
Masoprocol,5.18,7.3,5.43,5.51,5.19,4.83,4.95,4.6,5.07,7.7,10.73,6.86,5.23,11.77,3.93,4.98,11.59,5.67
Matairesinol,5.27,8.0,6.17,5.82,4.94,4.88,4.62,4.26,5.08,3.13,8.56,6.06,5.04,11.35,4.31,4.28,11.45,5.08
Mazindol,5.08,4.78,5.2,5.97,6.1,5.1,7.08,5.96,5.68,5.82,5.36,6.21,5.04,11.63,7.15,5.64,11.51,6.09
"Mdl101,146",5.43,37.84,3.36,3.04,6.15,5.61,5.81,4.75,5.07,16.23,4.38,5.54,5.09,11.65,5.2,4.62,11.59,5.72
Mebendazole,5.01,6.79,3.53,4.99,4.77,6.35,4.48,4.23,5.06,9.46,13.03,6.36,5.06,11.55,4.52,4.18,11.31,5.23
Meclofenamicacid,5.11,5.78,4.77,6.1,4.94,5.08,6.2,4.84,5.1,6.2,13.2,4.53,5.09,11.63,4.94,4.64,11.71,5.09
Medrogestone,5.37,6.24,5.91,5.4,5.12,5.01,7.08,5.26,5.27,7.21,10.96,6.23,5.15,11.43,4.36,4.99,11.3,6.08
Medroxyprogesteroneacetate,5.31,1.87,5.53,5.48,5.36,5.01,7.09,6.05,5.12,4.71,11.06,6.56,5.15,10.67,4.17,5.02,10.93,5.98
Medrysone,5.2,11.51,5.77,4.88,4.79,5.06,6.83,4.69,5.32,29.02,12.18,6.18,5.21,10.72,4.28,4.56,11.53,6.0
Mefenamicacid,4.95,4.64,6.19,6.68,4.6,5.09,5.6,4.2,5.05,7.68,13.6,4.94,5.1,11.57,5.95,4.4,11.59,5.12
Mefloquine,5.26,4.28,4.83,5.42,5.2,5.3,6.36,4.38,5.1,4.48,13.49,7.08,5.13,11.37,6.18,4.6,11.22,5.17
Megestrolacetate,5.24,5.15,5.71,5.01,6.11,4.92,6.38,5.12,5.31,9.0,5.41,6.51,5.11,11.4,5.22,4.93,11.08,6.06
Meglutol,4.76,4.04,4.33,4.32,4.35,5.06,4.09,3.89,5.18,2.02,11.42,4.2,5.06,10.6,5.5,3.95,11.3,5.28
Melatonin,5.11,1.92,4.41,4.78,5.45,5.07,4.59,5.16,5.07,4.52,11.74,5.43,5.04,11.53,4.66,4.97,11.51,5.08
Melengestrol,5.25,6.77,5.86,5.37,6.23,5.04,6.71,5.04,5.26,9.42,12.65,6.28,5.11,11.48,5.91,4.49,11.57,6.07
Melengestrolacetate,5.25,4.21,4.25,4.29,5.57,5.03,6.57,5.2,5.2,4.73,14.25,6.9,5.18,11.27,6.06,4.21,11.37,6.03
Meloxicam,5.33,5.14,6.06,6.5,4.91,5.33,4.8,4.32,5.25,5.5,12.77,6.73,5.06,12.14,6.39,4.51,10.97,5.2
Melperone,5.03,7.24,6.04,5.94,4.41,4.85,5.83,4.72,5.07,4.45,12.17,4.49,5.09,11.26,4.78,4.53,11.44,5.15
Melphalan,5.1,6.27,3.62,4.8,4.61,4.84,5.19,3.72,5.09,2.71,10.24,5.98,5.16,11.61,4.98,4.1,11.51,5.37
Menadione,4.81,5.48,3.76,4.58,5.09,4.92,4.68,4.69,5.17,2.34,19.2,4.13,5.03,10.74,4.43,4.65,11.6,5.7
Menthylsalicylate,5.0,5.06,4.18,4.68,4.73,6.49,6.16,4.8,5.07,5.92,12.23,5.03,5.14,11.74,5.38,4.56,11.51,5.15
Mepenzolate,5.34,6.97,7.22,6.75,5.52,5.75,7.2,5.74,5.05,4.92,15.16,7.32,5.19,11.5,8.04,5.25,11.57,5.27
Mephenytoin,4.99,3.24,4.42,5.45,5.01,6.04,4.79,4.14,5.19,4.36,11.3,5.6,5.02,11.72,4.43,4.16,11.62,5.58
Mepindolol,5.03,5.36,5.94,7.33,5.23,5.18,5.62,4.64,5.05,4.98,11.02,4.48,5.19,10.72,6.2,4.84,11.3,5.09
Mepivacaine,4.87,4.45,5.64,4.73,5.29,5.11,5.03,3.93,5.13,6.9,11.35,5.83,5.09,11.69,3.89,3.95,11.08,5.23
Meprednisone,5.46,6.62,7.24,6.6,5.28,4.9,7.07,5.17,5.37,5.01,9.06,6.57,5.04,10.6,5.45,5.01,11.49,5.75
Mercaptoethanol,4.76,2.57,3.28,3.82,4.31,5.09,4.07,4.29,5.08,2.93,16.0,3.32,5.04,10.14,3.65,4.4,11.67,5.09
Mercaptopurine,4.82,7.31,5.38,5.49,4.44,5.07,4.77,4.0,5.08,4.97,13.27,5.03,5.12,11.43,3.85,4.11,10.76,5.12
Mersalyl,4.82,18.07,6.1,6.04,5.05,6.62,5.4,4.8,5.04,2.57,17.44,4.35,5.05,11.22,3.96,4.5,10.89,5.22
Mesalazine,4.88,7.04,3.84,4.31,4.62,5.04,3.39,3.85,5.08,6.13,15.54,3.63,5.07,11.95,4.25,3.79,11.37,5.1
MesobiliverdinIValpha,5.44,6.06,4.57,4.58,4.94,5.26,6.74,4.29,5.21,6.47,14.28,5.96,5.04,11.7,6.18,4.4,11.62,6.13
Mesoridazine,5.36,8.63,5.41,6.13,5.11,5.2,6.33,6.2,5.03,5.03,11.08,6.25,6.32,12.17,3.68,5.11,11.42,5.11
Mestranol,5.27,8.86,5.63,5.99,5.72,5.42,7.29,4.55,5.07,16.97,9.08,5.34,5.08,11.64,4.56,4.54,11.29,5.75
Meta-Nitro-Tyrosine,5.0,4.15,4.32,5.5,4.98,5.03,4.47,3.91,5.11,4.64,11.59,5.49,5.03,11.62,4.67,4.47,11.67,5.13
Metahexamide,5.03,3.1,4.11,4.21,4.98,4.97,5.01,4.1,5.08,3.27,11.62,6.62,5.17,11.58,4.52,4.54,11.21,5.64
Metamizole,5.11,8.81,4.27,5.04,4.67,6.03,5.55,4.45,5.08,7.93,15.94,4.65,5.13,11.58,3.72,4.24,11.48,5.23
Metaraminol,4.86,10.58,4.29,4.88,4.82,5.17,4.32,4.31,5.07,10.08,10.85,3.59,5.08,11.22,3.77,4.59,11.64,5.06
Metergoline,5.3,7.53,3.64,3.77,5.08,5.39,6.83,6.05,5.08,8.22,15.78,7.2,5.02,11.62,4.27,4.95,11.62,5.09
Methacrylyl-CoenzymeA,5.36,2.13,5.29,5.71,5.3,5.1,5.65,4.33,5.08,5.23,24.93,6.83,5.04,11.77,5.16,4.45,11.26,5.08
Methadone,5.07,8.0,4.37,4.05,4.86,5.6,6.08,4.3,5.11,8.38,11.04,5.34,5.03,10.92,4.39,4.42,11.19,5.41
Methantheline,5.09,6.58,5.17,5.01,5.52,5.33,7.4,4.69,5.06,7.28,10.86,6.69,5.07,11.14,5.61,4.22,11.59,5.11
Methazolamide,5.09,2.88,5.36,5.08,5.11,5.07,6.14,7.36,5.09,6.39,8.09,4.59,5.06,11.22,6.16,6.51,11.58,5.1
Methimazole,4.76,5.35,3.41,4.13,4.43,5.09,3.7,4.29,5.08,10.47,16.27,5.24,5.06,10.49,3.82,4.25,11.47,5.11
Methionine,4.85,10.58,3.67,3.46,4.58,5.07,4.34,4.21,5.1,2.88,10.82,4.27,5.04,10.44,4.68,4.57,10.99,5.22
Methocarbamol,4.79,7.15,5.34,6.74,4.53,5.04,4.98,4.5,5.08,2.91,13.45,4.73,5.17,11.28,4.19,4.55,11.0,5.07
Methotrexate,5.39,9.86,7.36,6.23,5.35,4.8,6.23,5.37,5.06,2.88,25.0,5.61,5.04,10.65,5.25,5.31,11.47,5.07
Methoxamine,4.87,5.02,5.21,5.52,5.25,5.07,4.4,4.44,5.08,5.19,7.86,5.68,5.04,11.54,5.07,4.03,11.57,5.03
Methscopolaminebromide,5.5,6.61,8.06,7.62,6.12,5.98,4.89,5.69,5.19,6.02,11.46,6.15,5.44,11.54,7.3,5.53,11.53,5.39
Methsuximide,4.84,4.08,4.24,4.7,4.85,5.92,4.52,4.36,5.61,5.24,13.28,5.51,5.04,11.5,4.99,4.15,10.68,5.86
Methyclothiazide,5.67,6.09,4.44,5.24,5.21,4.9,6.47,5.23,5.5,11.93,14.3,5.01,5.05,10.68,8.13,4.96,11.63,5.23
Methyl(2S)-2-[[2-[(3R)-1-carbamimidoylpiperidin-3-yl]acetyl]amino]-3-[4-(2-phenylethynyl)phenyl]propanoate,5.73,6.48,6.02,6.09,4.96,4.86,5.99,4.59,5.09,5.91,12.56,5.79,5.01,11.35,5.4,4.62,11.4,5.33
Methyl-2-S-(Alpha-D-Mannopyranosyl)-2-Thio-Alpha-D-Mannopyranoside,4.96,3.81,3.77,3.89,5.11,5.08,4.89,3.55,5.12,2.2,11.16,3.28,5.05,11.47,3.57,3.75,10.76,5.51
"Methyl4,6-O-[(1R)-1-carboxyethylidene]-beta-D-galactopyranoside",4.85,3.2,2.98,3.5,4.61,5.0,4.93,4.3,5.07,3.42,12.58,4.36,5.05,10.98,4.57,4.26,11.16,5.08
MethylN-{[(1R)-1-({1-[(benzyloxy)carbonyl]-L-prolyl-6-ammonio-L-norleucyl}amino)-2-phenylethyl](hydroxy)phosphoryl}-L-alanyl-L-prolinate,5.53,3.4,3.89,4.38,5.19,5.34,5.9,4.37,5.09,5.24,13.08,6.64,5.02,11.59,3.68,4.23,11.26,5.14
Methylalpha-D-mannoside,4.82,11.05,2.55,2.46,4.51,5.06,3.33,3.6,5.12,23.46,5.56,3.93,5.05,10.51,2.55,3.81,10.76,5.21
Methylaminolevulinate,4.76,7.58,4.12,4.39,4.36,5.08,4.98,4.03,5.1,6.56,11.15,4.04,5.05,10.45,4.6,4.3,11.53,5.27
Methyldopa,4.96,4.86,5.23,5.31,5.2,4.94,4.82,4.01,5.1,5.4,48.48,4.35,5.05,10.93,4.49,4.09,11.16,5.11
Methylecgonine,5.16,7.3,4.57,4.0,5.24,4.87,4.8,4.75,5.16,7.71,14.0,5.78,5.16,11.34,3.92,4.71,11.33,5.87
Methylergometrine,5.38,7.95,5.69,6.62,5.7,5.08,6.4,4.95,5.13,2.73,8.77,7.67,5.0,11.53,5.31,4.16,10.66,5.2
Methylnaltrexone,5.55,6.67,6.77,6.42,6.54,5.07,7.09,6.12,5.22,6.4,11.44,5.45,5.04,11.61,6.57,5.43,10.97,5.86
Methylprednisolone,5.32,5.42,5.61,6.23,5.3,4.89,7.0,5.08,5.75,6.65,14.25,6.43,5.07,10.7,5.74,5.18,11.49,6.13
Methylprednisolonehemisuccinate,5.2,6.92,5.22,6.52,6.01,4.93,6.46,5.22,5.71,4.28,22.62,5.02,5.04,10.82,5.5,5.03,11.95,6.26
Methylprednisone,5.13,6.11,5.44,5.69,5.26,4.89,6.82,5.23,5.18,9.86,15.6,6.26,5.04,10.6,5.42,5.03,11.65,5.78
Methyltestosterone,5.37,7.2,7.69,7.32,5.02,5.08,7.03,5.47,5.13,8.19,11.32,5.5,5.21,10.71,6.89,4.81,11.11,6.04
MethylumbelliferylChitotriose,5.0,3.52,3.89,4.88,4.74,4.92,5.77,4.26,5.1,4.05,13.59,5.93,5.29,11.68,5.42,4.09,11.18,5.52
Methyprylon,4.82,7.07,4.18,5.27,4.68,5.12,6.05,3.85,5.28,4.13,17.74,4.74,5.04,11.66,4.51,4.03,11.12,5.17
Methysergide,5.36,7.68,5.81,6.76,5.82,5.37,5.41,5.29,5.26,6.96,11.87,7.58,5.01,11.62,5.05,4.58,10.85,5.44
Metiamide,4.91,2.83,5.55,5.38,4.93,5.07,4.53,4.34,5.07,5.39,11.04,4.16,5.04,10.62,4.16,4.69,11.42,5.11
Metipranolol,4.98,6.05,6.73,7.12,5.36,5.09,6.31,4.24,5.07,3.78,12.82,4.61,5.05,10.53,6.94,4.73,11.02,5.08
Metoclopramide,5.2,2.64,7.33,6.72,5.11,5.7,5.26,4.58,5.27,5.16,10.81,5.47,5.07,11.6,4.41,4.52,11.61,6.13
Metocurine,5.33,6.89,4.67,4.71,4.91,4.86,7.54,3.92,5.06,2.82,11.37,6.22,5.03,11.08,3.81,4.0,11.18,5.13
Metocurineiodide,5.3,4.83,4.66,4.74,4.91,4.85,7.2,3.95,5.05,4.97,11.58,6.86,5.03,11.08,3.81,4.02,11.09,5.15
Metolazone,5.3,4.09,3.76,4.48,4.98,5.2,6.29,6.56,5.15,6.01,12.54,7.13,5.31,11.53,7.0,5.39,11.66,5.2
Metoprine,5.19,9.69,4.48,4.6,4.86,5.1,6.94,4.96,5.1,14.64,22.83,7.17,5.1,11.89,5.28,4.59,11.45,5.1
Metoprolol,4.9,8.31,6.0,5.79,4.97,4.85,5.83,4.64,5.07,15.95,9.88,5.55,5.05,11.4,5.21,4.73,11.38,5.05
Metribolone,5.22,5.93,8.46,6.98,5.44,5.03,7.44,5.59,5.7,4.6,12.04,7.73,5.08,11.75,6.36,5.76,11.58,6.28
Metronidazole,4.77,2.8,4.07,5.12,4.54,5.04,3.86,4.33,5.07,3.6,11.52,4.17,5.04,11.66,4.39,4.16,11.32,5.1
Metyrosine,4.91,14.51,4.92,4.88,4.89,4.9,4.85,3.81,5.08,4.68,23.09,5.25,5.17,11.77,3.85,4.1,11.62,5.11
Mevastatin,5.32,2.35,5.86,6.48,5.18,4.84,7.5,5.93,5.17,4.82,11.56,5.83,5.23,11.59,4.58,4.6,10.6,5.92
Mexazolam,5.21,4.4,7.15,6.96,5.13,5.5,7.81,4.78,5.08,4.65,10.45,7.86,5.04,11.62,5.69,4.73,11.09,5.12
Mibefradil,5.62,8.24,6.96,6.5,5.76,4.88,6.71,4.57,5.11,3.33,11.51,6.32,5.1,11.54,7.21,4.82,11.36,5.75
Mibolerone,5.22,1.05,8.19,7.39,5.17,5.02,7.51,5.66,5.07,3.47,7.68,6.29,5.12,10.7,6.86,5.04,10.98,5.9
Micafungin,5.34,4.56,5.53,5.66,6.2,4.79,5.41,6.95,5.1,7.11,15.14,6.37,5.04,11.67,5.89,6.11,11.41,5.19
Midecamycin,5.24,8.19,5.76,6.07,5.25,4.88,4.79,5.48,5.27,6.34,12.3,5.69,5.06,10.82,5.68,4.85,11.0,5.26
Midodrine,4.8,-2.64,4.47,4.4,5.07,4.95,4.89,4.05,5.1,4.76,6.28,6.06,5.04,11.59,2.94,4.01,11.36,5.14
Midostaurin,6.77,2.79,5.52,5.81,6.04,5.16,5.81,4.76,5.47,3.85,11.0,6.61,5.17,12.94,6.07,4.77,12.61,5.41
Mifamurtide,5.11,5.08,4.66,6.05,5.01,4.93,6.48,4.32,5.17,5.74,12.43,6.73,5.04,10.75,3.9,5.36,10.94,5.54
Mifepristone,5.43,5.27,7.34,7.72,7.17,4.81,6.34,7.7,5.74,6.87,10.84,7.37,5.35,11.5,5.83,7.14,11.45,6.14
Migalastat,4.81,5.01,6.8,5.64,4.71,5.06,3.64,4.39,5.47,8.02,12.36,4.53,5.1,10.52,4.26,4.62,11.02,5.52
Miglitol,4.77,8.61,3.77,4.3,5.31,5.02,3.42,4.27,5.24,14.07,16.26,4.24,5.3,10.79,4.0,4.36,11.42,5.12
Miglustat,4.77,8.35,6.54,4.75,5.37,5.01,3.88,4.13,5.15,2.91,10.66,4.85,5.28,10.78,4.02,4.2,10.76,5.12
Milataxel,5.25,4.16,4.31,5.05,4.79,5.11,6.61,4.89,5.26,5.37,11.36,7.0,5.04,11.5,5.7,5.06,11.1,6.14
Milrinone,5.0,7.26,6.19,5.03,4.78,5.01,5.64,4.34,5.12,0.37,11.38,4.62,5.07,11.7,5.49,4.11,11.42,5.12
Mimosine,5.15,5.41,3.65,3.94,4.48,5.16,5.26,4.9,5.1,7.03,11.42,4.35,5.11,11.57,3.72,4.74,11.29,5.28
Minaprine,4.96,2.16,5.14,6.13,5.08,5.49,5.34,4.35,5.08,8.6,12.65,5.57,5.1,10.23,4.76,4.41,10.4,5.07
Minocycline,5.14,5.39,6.23,6.53,5.08,5.52,7.12,4.88,5.06,4.59,15.51,6.11,5.04,11.71,6.16,4.93,11.6,5.4
Minodronicacid,5.67,5.39,4.85,4.26,4.84,5.07,5.44,4.75,5.07,9.13,12.32,5.12,5.03,11.02,6.1,4.59,11.06,5.07
Minoxidil,4.91,6.43,5.64,4.19,4.99,5.02,4.08,4.78,5.07,8.59,15.38,5.87,5.18,10.57,3.81,4.7,11.4,5.24
Mirabegron,5.29,10.08,4.13,5.89,5.05,4.89,5.07,4.44,5.06,6.64,16.94,8.04,5.09,11.56,4.77,4.59,11.3,5.07
Mirodenafil,6.14,7.11,5.61,5.98,5.6,5.18,6.2,5.12,5.18,6.25,12.76,6.09,5.04,11.74,6.54,4.69,11.17,5.09
Misoprostol,4.8,2.88,4.58,6.81,5.07,5.28,4.35,4.75,5.21,3.83,10.9,5.18,5.07,11.45,5.27,4.73,10.96,5.23
Mitemcinal,5.2,4.94,6.41,6.05,5.18,4.95,6.67,6.32,5.08,1.87,11.77,4.6,5.03,11.48,5.96,5.35,11.24,5.74
Mitiglinide,5.17,5.45,6.46,6.72,4.85,5.03,7.02,4.36,5.12,6.3,10.63,4.91,5.14,10.78,4.32,4.85,10.84,6.14
Mitomycin,5.4,5.52,5.28,4.51,5.83,5.01,4.98,4.5,5.26,6.28,12.78,4.36,5.04,11.56,7.21,4.36,11.36,5.56
Mitoxantrone,5.11,3.22,5.18,5.79,4.6,5.39,5.14,4.78,5.08,4.24,13.5,5.74,5.31,12.74,5.99,4.66,11.57,5.05
Mivacurium,5.3,2.74,4.97,5.81,4.88,5.02,7.44,4.13,5.05,4.76,11.14,6.86,5.08,11.52,4.08,4.24,11.23,5.11
Mizolastine,5.41,6.56,6.54,5.22,5.25,5.3,7.21,4.6,5.07,11.23,29.85,6.8,5.03,11.75,5.89,4.76,11.58,5.41
Mocetinostat,5.32,9.05,5.6,5.24,5.07,5.97,5.93,4.79,5.06,5.02,8.11,7.75,5.06,11.81,4.99,4.26,10.5,5.01
Moclobemide,5.05,10.98,5.27,5.36,4.45,4.97,5.13,4.06,5.08,11.92,24.99,5.35,5.06,11.26,4.33,4.11,11.41,5.22
Modafinil,5.12,8.57,4.16,4.95,4.79,5.62,5.84,4.32,5.09,4.54,17.11,4.63,5.06,12.02,4.48,4.15,10.8,5.08
Moexipril,5.74,7.87,6.46,5.95,5.15,5.02,7.69,4.66,5.06,12.92,11.73,5.7,5.01,11.52,5.97,4.93,10.83,5.24
Molindone,4.97,5.93,6.77,6.29,4.8,5.08,4.7,4.11,5.07,5.48,6.94,6.25,5.15,12.24,5.89,4.24,11.64,5.13
Molsidomine,4.9,7.17,3.27,3.43,4.97,4.85,4.89,4.18,5.08,4.27,12.39,4.41,5.05,10.97,4.82,4.17,11.63,5.15
Mometasone,5.93,5.67,8.51,7.93,4.99,4.93,7.2,4.4,5.1,8.98,12.84,6.82,5.1,11.85,7.51,5.39,11.32,5.59
Mometasonefuroate,5.38,3.36,9.23,8.49,4.72,4.87,7.21,4.25,5.26,2.98,13.17,6.32,5.05,12.13,7.8,4.51,11.34,5.24
Monastrol,5.06,2.86,4.9,4.38,4.89,5.24,5.41,4.15,5.23,4.12,13.48,4.67,5.04,11.61,4.66,4.35,11.57,5.29
Monobenzone,4.84,4.21,4.42,4.21,4.38,4.98,3.76,4.52,5.09,5.88,10.85,5.59,5.04,11.39,4.96,4.24,11.5,5.12
Monoisopropylphosphorylserine,4.96,6.5,3.55,4.06,4.58,5.02,4.81,3.81,5.07,4.18,9.84,5.89,5.06,10.77,5.24,4.16,11.16,5.14
Monothioglycerol,4.76,2.6,3.6,4.36,4.33,5.04,4.4,4.17,5.11,3.45,16.86,3.57,5.04,10.13,3.67,4.61,11.54,5.2
Montelukast,5.62,7.51,6.57,6.06,6.42,5.67,8.18,7.45,5.23,8.05,10.28,5.88,5.25,11.6,5.16,6.41,11.57,5.23
Moricizine,5.12,4.77,5.29,4.59,4.92,5.31,6.67,4.5,5.11,4.09,11.76,5.59,6.13,11.91,3.83,4.48,11.63,5.3
Morniflumate,5.28,3.68,5.1,6.7,4.52,4.88,4.57,4.62,5.05,2.75,10.81,5.78,5.23,11.82,4.65,4.53,11.59,5.05
Morphine,5.31,5.1,6.33,4.91,5.83,5.12,6.68,4.78,5.47,4.75,9.7,6.05,5.04,11.6,5.86,4.71,11.53,5.88
Morphineglucuronide,5.26,9.93,7.67,6.16,5.51,5.03,6.66,4.72,5.12,2.8,6.8,6.08,5.03,11.57,6.43,4.74,11.26,5.81
Morpholine-4-CarboxylicAcid(1-(3-Benzenesulfonyl-1-Phenethylallylcarbamoyl)-3-Methylbutyl)-Amide,5.75,3.28,4.59,4.52,5.4,6.63,6.2,4.92,5.1,3.18,13.3,7.1,5.05,13.12,3.78,4.73,11.32,5.19
Morpholine-4-CarboxylicAcid[1-(2-Benzylsulfanyl-1-Formyl-Ethylcarbamoyl)-2-Phenyl-Ethyl]-Amide,5.53,9.14,5.43,5.76,6.26,4.94,7.28,6.28,5.1,3.4,6.27,5.87,5.01,11.7,4.61,5.98,11.37,5.14
Morpholine-4-CarboxylicAcid[1s-(2-Benzyloxy-1r-Cyano-Ethylcarbamoyl)-3-Methyl-Butyl]Amide,5.57,5.84,8.18,7.0,5.16,5.3,6.78,6.01,5.08,5.21,11.21,4.57,5.19,11.63,5.85,5.69,11.35,5.05
Motexafingadolinium,5.32,6.14,3.73,4.67,5.36,4.89,6.03,4.54,5.05,8.27,12.77,6.52,5.04,12.28,5.35,4.55,11.15,5.09
Motuporin,5.47,6.59,6.18,6.3,5.58,5.16,7.8,4.76,5.41,8.11,16.59,6.16,5.03,11.58,5.43,6.85,11.6,5.18
Moxidectin,5.48,2.6,7.66,7.01,5.33,4.92,6.47,4.51,5.2,5.41,7.55,5.68,5.05,11.27,7.99,4.66,11.06,6.03
Moxifloxacin,5.92,2.3,6.45,6.25,5.56,5.02,4.79,4.28,5.1,4.28,12.64,6.2,5.11,11.65,6.07,4.44,11.16,5.65
Muraglitazar,5.48,5.91,5.81,4.81,5.18,4.94,7.34,4.16,5.06,7.82,11.26,6.05,5.12,11.42,5.22,4.15,11.17,5.09
Muscimol,4.78,5.83,5.73,5.0,4.83,5.05,4.32,4.29,5.09,6.02,18.19,4.23,5.06,10.99,4.3,4.6,11.64,5.08
Mycophenolatemofetil,4.94,5.23,3.53,3.66,5.2,4.87,4.74,5.2,5.05,2.8,9.9,4.88,5.31,11.27,3.41,4.96,11.23,5.15
Mycophenolicacid,5.09,5.11,3.45,3.4,5.13,5.02,3.75,6.05,5.06,6.25,12.36,4.69,5.25,11.36,3.41,5.23,11.0,5.16
Myricetin,4.98,8.18,5.38,5.12,4.73,4.88,6.7,4.63,5.02,4.12,6.97,6.85,5.06,11.46,4.58,4.62,11.22,5.12
Myristoyl-Coa,5.4,5.03,5.36,5.51,5.31,5.02,5.84,4.33,5.09,5.49,18.52,6.86,5.04,11.79,5.21,4.47,11.11,5.07
Myxothiazol,5.29,1.24,5.57,6.48,5.16,5.06,6.25,4.65,5.08,2.69,9.39,6.17,5.08,11.88,4.73,4.79,11.6,5.27
"N'-((2S,3R)-3-AMINO-2-HYDROXY-5-(ISOPROPYLSULFANYL)PENTANOYL)-N-3-CHLOROBENZOYLHYDRAZIDE",5.03,5.73,5.04,5.75,4.63,5.59,5.9,5.06,5.08,3.77,20.88,5.79,5.05,11.55,5.03,4.58,10.44,5.22
"N'-(2s,3r)-3-Amino-4-Cyclohexyl-2-Hydroxy-Butano-N-(4-Methylphenyl)Hydrazide",5.22,2.78,5.81,4.39,4.92,4.87,5.37,4.36,5.07,2.88,10.19,4.98,5.06,11.21,4.97,4.46,11.51,5.1
"N'-(3-CHLORO-4-METHOXY-PHENYL)-N-(3,4,5-TRIMETHOXYPHENYL)-1,3,5-TRIAZINE-2,4-DIAMINE",5.31,9.39,4.57,4.09,4.97,4.91,6.99,4.65,5.05,10.8,29.29,5.16,5.69,12.27,4.95,4.59,11.72,5.07
"N'-(5-CHLORO-1,3-BENZODIOXOL-4-YL)-N-(3,4,5-TRIMETHOXYPHENYL)PYRIMIDINE-2,4-DIAMINE",5.11,2.4,7.21,6.85,5.92,4.94,6.79,4.46,5.41,3.95,12.64,5.0,6.63,11.53,6.27,4.64,11.07,5.14
"N'-(5-CHLORO-1,3-BENZODIOXOL-4-YL)-N-(3-MORPHOLIN-4-YLPHENYL)PYRIMIDINE-2,4-DIAMINE",5.24,2.07,6.25,6.61,6.3,4.93,7.38,5.23,5.08,4.89,11.17,8.16,6.7,11.57,6.35,4.66,10.97,5.08
N'-(5-CHLOROBENZOFURAN-2-CARBONYL)-2-(TRIFLUOROMETHYL)BENZENESULFONOHYDRAZIDE,5.21,4.89,4.69,4.78,4.94,6.59,5.66,4.37,5.09,4.84,10.34,6.66,5.18,11.65,4.18,4.15,11.59,5.44
"N'-(5-chloro-1,3-benzodioxol-4-yl)-N-(3-methylsulfonylphenyl)pyrimidine-2,4-diamine",5.34,2.08,6.64,6.39,6.25,5.63,6.26,4.96,5.23,4.43,11.96,6.13,6.75,11.21,6.39,4.69,10.83,5.3
"N'-(6-aminopyridin-3-yl)-N-(2-cyclopentylethyl)-4-methyl-benzene-1,3-dicarboxamide",5.11,3.99,5.37,5.52,5.26,4.98,5.26,5.03,5.04,4.27,10.61,6.82,5.06,10.74,5.59,4.73,11.18,5.09
"N'-(Pyrrolidino[2,1-B]Isoindolin-4-On-8-Yl)-N-(Pyridin-2-Yl)Urea",5.35,7.19,4.57,5.33,5.34,5.04,6.19,4.32,5.08,7.73,4.87,5.77,5.3,11.13,5.54,4.34,11.28,5.13
N'-Pyridoxyl-Lysine-5'-Monophosphate,5.6,6.52,5.24,4.47,4.72,5.09,5.51,4.48,5.09,2.82,11.34,4.33,5.05,11.13,5.66,4.53,11.07,5.14
"N'-[4-(2,4-Dimethyl-1,3-thiazol-5-yl)-2-pyrimidinyl]-N-hydroxyimidoformamide",4.96,2.4,5.92,6.34,5.28,5.0,5.86,4.62,5.06,2.75,13.61,4.52,5.45,11.7,6.51,5.56,11.66,5.1
"N(2)-carbamimidoyl-N-{2-[4-(3-{4-[(5-carboxyfuran-2-yl)methoxy]-2,3-dichlorophenyl}-1-methyl-1H-pyrazol-5-yl)piperidin-1-yl]-2-oxoethyl}-D-leucinamide",5.34,5.75,6.47,6.37,6.29,5.07,4.83,6.43,5.1,6.12,11.36,6.1,5.03,11.6,7.5,5.37,11.33,5.11
N(5)-[(hydroxyamino)(imino)methyl]-L-ornithine,5.11,5.98,4.65,5.0,4.65,5.07,4.9,4.16,5.07,2.29,7.27,4.54,5.17,10.64,5.16,4.13,10.75,5.23
"N,4-Dihydroxy-N-Oxo-3-(Sulfooxy)Benzenaminium",4.84,6.48,5.05,5.48,4.92,4.96,5.39,4.31,5.08,4.11,12.03,5.0,5.14,11.73,4.86,4.47,11.31,5.32
"N,4-dimethyl-3-[(1-phenyl-1H-pyrazolo[3,4-d]pyrimidin-4-yl)amino]benzamide",5.46,5.46,4.35,3.64,5.25,5.45,6.07,4.75,5.02,5.06,12.66,5.43,6.08,11.35,5.36,4.49,11.39,5.04
"N,N'-DIPHENYLPYRAZOLO[1,5-A][1,3,5]TRIAZINE-2,4-DIAMINE",5.39,5.33,5.97,4.77,4.81,5.18,6.61,4.53,5.1,5.67,25.35,7.55,5.07,12.71,5.02,4.53,11.63,5.55
"N,N-DIETHYL-2-[(2-THIENYLCARBONYL)AMINO]-4,5,6,7-TETRAHYDRO-1-BENZOTHIOPHENE-3-CARBOXAMIDE",5.15,5.84,7.41,6.38,4.77,5.03,5.63,4.09,5.37,7.31,13.11,5.14,5.07,10.79,5.01,4.07,11.53,5.44
"N,N-DIMETHYL-4-(4-PHENYL-1H-PYRAZOL-3-YL)-1H-PYRROLE-2-CARBOXAMIDE",4.91,18.2,3.79,4.34,5.1,6.4,4.82,3.96,5.08,7.13,18.94,5.48,5.04,11.58,6.48,4.16,11.34,5.22
"N,N-dimethylarginine",5.04,1.61,4.24,4.65,5.02,5.08,5.34,4.21,5.09,3.26,12.34,4.71,5.16,10.74,4.19,4.71,10.84,5.18
"N,O6-Disulfo-Glucosamine",5.12,3.84,3.29,3.3,5.17,5.0,5.58,3.8,5.07,6.14,4.51,6.86,5.05,11.52,4.18,4.38,10.53,5.14
"N-((1R,2R)-2-(5-CHLORO-1H-INDOLE-2-CARBOXAMIDO)CYCLOHEXYL)-5-METHYL-4,5,6,7-TETRAHYDROTHIAZOLO[5,4-C]PYRIDINE-2-CARBOXAMIDE",5.69,13.9,5.64,5.71,5.21,5.47,6.0,5.34,5.71,5.69,15.38,8.36,5.13,11.78,7.47,4.49,11.61,5.89
"N-((1R,2S)-2-(5-CHLORO-1H-INDOLE-2-CARBOXAMIDO)CYCLOHEXYL)-5-METHYL-4,5,6,7-TETRAHYDROTHIAZOLO[5,4-C]PYRIDINE-2-CARBOXAMIDE",5.72,5.25,5.64,5.71,5.21,5.47,6.5,5.34,5.71,7.46,12.86,8.31,5.13,11.78,7.47,4.49,11.61,5.89
"N-((2-aminopyrimidin-5-yl)methyl)-5-(2,6-difluorophenyl)-3-ethylpyrazolo[1,5-a]pyrimidin-7-amine",5.38,4.9,7.36,6.85,5.29,5.18,5.11,5.56,5.07,2.48,11.33,7.4,5.04,11.01,7.3,4.87,11.48,5.07
"N-(1-BENZYL-3,3,3-TRIFLUORO-2,2-DIHYDROXY-PROPYL)-ACETAMIDE",5.28,4.79,6.85,7.0,4.95,5.34,5.71,4.13,5.1,9.91,11.16,4.01,5.04,11.41,4.22,4.19,11.6,5.17
"N-(1-CYANOCYCLOPROPYL)-3-({[(2S)-5-OXOPYRROLIDIN-2-YL]METHYL}SULFONYL)-N~2~-[(1S)-2,2,2-TRIFLUORO-1-(4-FLUOROPHENYL)ETHYL]-L-ALANINAMIDE",6.49,5.25,5.94,5.53,6.49,5.05,6.56,4.7,5.13,16.07,8.67,6.11,5.03,12.32,6.65,5.5,11.68,5.35
N-(1-ISOPROPYLPIPERIDIN-4-YL)-1-(3-METHOXYBENZYL)-1H-INDOLE-2-CARBOXAMIDE,5.54,6.62,5.41,6.31,5.66,4.96,6.48,4.53,5.09,5.98,11.41,6.31,5.1,10.46,4.9,4.01,11.66,5.12
N-(1-adamantyl)-N'-(4-guanidinobenzyl)urea,5.42,2.74,7.39,6.92,5.42,4.88,7.36,4.62,5.09,4.22,12.19,6.48,5.07,11.51,5.89,4.86,11.55,5.27
N-(1-benzylpiperidin-4-yl)-4-sulfanylbutanamide,4.94,4.45,5.06,5.58,4.79,5.1,4.93,4.27,5.07,2.76,9.9,4.88,5.2,11.22,4.48,4.45,11.64,5.09
"N-(2,2,2-TRIFLUOROETHYL)-N-{4-[2,2,2-TRIFLUORO-1-HYDROXY-1-(TRIFLUOROMETHYL)ETHYL]PHENYL}BENZENESULFONAMIDE",5.46,3.33,6.58,6.27,5.04,6.33,6.64,4.89,5.07,4.89,15.58,6.93,5.32,11.54,5.33,5.15,11.49,5.4
"N-(2,3,4,5,6-Pentaflouro-Benzyl)-4-Sulfamoyl-Benzamide",5.35,5.17,7.2,7.22,4.91,5.75,5.73,4.4,5.05,2.87,12.32,7.54,5.06,11.03,6.77,4.39,11.34,5.09
"N-(2,3-DIFLUORO-BENZYL)-4-SULFAMOYL-BENZAMIDE",5.21,8.81,7.57,7.84,4.95,5.98,6.26,4.71,5.06,8.88,18.35,7.51,5.05,10.76,7.19,4.5,11.56,5.06
"N-(2,6-Diflouro-Benzyl)-4-Sulfamoyl-Benzamide",5.34,6.81,7.18,7.53,4.94,5.8,5.64,4.63,5.05,4.83,11.03,5.72,5.06,10.59,7.0,4.55,11.16,5.07
"N-(2,6-dimethylphenyl)-5-phenylimidazo[1,5-a]pyrazin-8-amine",5.12,5.11,5.43,6.07,5.59,5.24,5.92,5.09,5.05,7.37,13.85,5.56,5.13,10.91,4.82,5.85,11.54,5.05
N-(2-(((5-CHLORO-2-PYRIDINYL)AMINO)SULFONYL)PHENYL)-4-(2-OXO-1(2H)-PYRIDINYL)BENZAMIDE,5.29,5.13,4.76,5.23,5.51,4.95,6.02,4.46,5.05,6.67,12.9,6.45,5.38,11.7,3.74,4.85,11.44,5.26
N-(2-AMINOETHYL)-2-{3-CHLORO-4-[(4-ISOPROPYLBENZYL)OXY]PHENYL}ACETAMIDE,5.25,4.98,6.01,5.84,5.43,4.9,6.31,4.53,5.08,16.84,10.54,5.57,5.05,11.1,3.96,4.18,11.45,5.04
"N-(2-AMINOETHYL)-N~2~-{(1S)-1-[4'-(AMINOSULFONYL)BIPHENYL-4-YL]-2,2,2-TRIFLUOROETHYL}-L-LEUCINAMIDE",5.5,10.06,5.33,5.71,6.36,4.88,6.45,6.5,5.08,12.33,13.27,6.29,5.02,12.09,7.03,5.66,11.62,5.29
N-(2-AMINOETHYL)-P-CHLOROBENZAMIDE,4.81,4.41,6.04,6.04,4.3,5.73,5.61,4.31,5.05,6.29,12.69,5.28,5.04,11.44,3.86,4.17,11.13,5.11
N-(2-Aminoethyl)-5-Chloroisoquinoline-8-Sulfonamide,5.04,20.74,4.55,4.45,4.72,6.36,5.74,4.09,5.09,10.56,5.82,6.32,5.04,10.56,4.99,4.53,11.51,5.05
N-(2-CHLORO-4-FLUOROBENZOYL)-N'-(5-HYDROXY-2-METHOXYPHENYL)UREA,5.18,7.29,5.3,4.39,5.26,5.95,5.06,4.46,5.07,3.25,13.67,5.71,5.69,11.51,4.66,4.54,11.52,5.39
N-(2-Flouro-Benzyl)-4-Sulfamoyl-Benzamide,5.15,7.12,7.13,7.52,5.02,6.08,6.05,4.77,5.06,4.74,12.83,5.39,5.06,10.56,7.17,4.64,11.5,5.09
N-(2-METHOXYETHYL)-4-({4-[2-METHYL-1-(1-METHYLETHYL)-1H-IMIDAZOL-5-YL]PYRIMIDIN-2-YL}AMINO)BENZENESULFONAMIDE,5.51,6.03,5.79,6.5,6.49,6.47,6.74,7.62,5.04,5.81,18.5,6.39,5.21,12.63,5.39,6.42,11.73,5.1
"N-(2-Thienylmethyl)-2,5-Thiophenedisulfonamide",5.03,3.23,7.54,7.08,4.7,6.73,5.37,5.35,5.09,2.87,12.87,5.41,5.04,11.62,7.61,5.03,11.51,5.14
"N-(2-chloro-6-methylphenyl)-8-[(3S)-3-methylpiperazin-1-yl]imidazo[1,5-a]quinoxalin-4-amine",5.52,4.42,5.69,4.91,6.64,5.45,5.55,7.11,5.27,7.72,12.28,6.08,5.05,11.86,5.87,6.1,11.34,5.24
"N-(2-hydroxy-1,1-dimethylethyl)-1-methyl-3-(1H-pyrrolo[2,3-b]pyridin-2-yl)-1H-indole-5-carboxamide",5.2,9.93,5.86,5.99,5.5,5.0,6.19,6.15,5.07,19.49,13.97,5.15,5.04,11.63,5.78,5.61,11.48,5.07
"N-(2-hydroxybenzyl)-2,5-dimethoxy-4-cyanophenylethylamine",5.1,5.7,5.75,6.37,5.42,5.63,5.95,4.68,5.39,2.55,10.05,5.89,5.04,11.6,4.22,4.97,10.99,5.14
"N-(3,5-dimethoxyphenyl)imidodicarbonimidicdiamide",5.21,4.53,4.5,4.88,4.71,4.83,5.08,4.23,5.07,7.39,18.31,6.42,5.23,12.1,5.51,4.25,11.6,5.25
"N-(3-(8-CYANO-4-(PHENYLAMINO)PYRAZOLO[1,5-A][1,3,5]TRIAZIN-2-YLAMINO)PHENYL)ACETAMIDE",5.4,9.43,7.43,7.38,4.88,5.63,6.84,4.4,5.15,9.0,10.31,5.81,5.08,11.81,5.2,4.47,11.62,5.21
N-(3-AMINOPROPYL)-2-NITROBENZENAMINE,4.77,5.01,4.1,3.84,4.56,5.06,5.68,4.56,5.09,5.89,12.92,5.12,5.21,11.63,4.21,4.38,11.92,5.04
N-(3-METHYLBUT-2-EN-1-YL)-9H-PURIN-6-AMINE,5.15,2.03,4.13,4.98,4.69,5.04,4.9,3.87,5.07,11.66,19.69,5.13,5.05,10.8,3.94,4.01,11.56,5.35
N-(3-Phenyl-2-Sulfanylpropanoyl)Phenylalanylalanine,5.38,2.64,5.47,4.86,4.99,4.96,6.75,6.16,5.1,3.09,13.44,4.51,5.03,11.67,4.48,5.89,10.77,5.24
N-(3-Propylcarbamoyloxirane-2-Carbonyl)-Isoleucyl-Proline,5.66,20.43,3.48,4.2,5.06,4.9,5.1,4.44,5.08,5.85,11.06,5.29,5.05,11.49,3.64,4.21,11.56,5.15
N-(3-TERT-BUTYL-1H-PYRAZOL-5-YL)-N'-{4-CHLORO-3-[(PYRIDIN-3-YLOXY)METHYL]PHENYL}UREA,5.44,7.68,4.61,5.35,5.82,4.96,6.61,4.94,5.03,8.22,15.19,5.41,5.07,12.07,4.99,4.72,11.53,5.07
N-(3-chlorobenzyl)-1-(4-methylpentanoyl)-L-prolinamide,5.16,1.7,5.14,4.47,5.16,5.21,5.22,4.65,5.07,2.97,6.18,5.48,5.04,11.15,3.09,4.87,11.21,5.47
"N-(3-chlorophenyl)-N-methyl-2-oxo-3-[(3,4,5-trimethyl-1H-pyrrol-2-yl)methyl]-2H-indole-5-sulfonamide",5.51,5.22,4.12,4.81,5.3,6.86,5.54,4.27,5.11,4.87,11.42,6.58,5.05,11.75,5.47,4.25,11.43,5.27
"N-(3-cyano-4,5,6,7-tetrahydro-1-benzothien-2-yl)-2-fluorobenzamide",5.13,3.91,5.03,5.43,4.74,5.2,4.89,4.51,5.09,4.86,11.42,6.83,5.16,11.05,5.36,4.51,11.26,5.15
"N-(3-cyanophenyl)-2'-methyl-5'-(5-methyl-1,3,4-oxadiazol-2-yl)-4-biphenylcarboxamide",5.31,3.44,4.58,5.39,5.22,4.98,7.11,4.52,5.09,8.06,14.04,6.7,5.06,11.29,5.48,4.36,11.03,5.08
N-(3-cyclopropyl-1H-pyrazol-5-yl)-2-(2-naphthyl)acetamide,5.25,5.28,5.59,6.49,5.41,4.88,6.25,7.33,5.06,6.57,14.22,6.74,5.04,11.34,5.88,5.86,11.16,5.15
"N-(4-ACETYLPHENYL)-5-(5-CHLORO-2,4-DIHYDROXYPHENYL)-1H-PYRAZOLE-4-CARBOXAMIDE",5.21,2.2,5.04,6.3,5.43,4.87,7.27,4.58,5.05,3.65,11.84,6.77,5.08,11.03,6.18,4.45,11.61,5.11
"N-(4-AMINO-5-CYANO-6-ETHOXYPYRIDIN-2-YL)-2-(4-BROMO-2,5-DIMETHOXYPHENYL)ACETAMIDE",5.38,5.27,4.14,4.81,5.54,5.36,6.71,4.78,5.1,4.73,12.02,6.59,5.69,11.61,5.0,4.76,11.36,5.16
N-(4-CARBAMIMIDOYL-3-CHORO-PHENYL)-2-HYDROXY-3-IODO-5-METHYL-BENZAMIDE,5.09,6.39,4.72,4.83,5.18,4.92,5.25,5.0,5.07,5.08,11.13,6.74,5.18,11.4,5.02,4.56,11.29,5.04
"N-(4-CHLOROPHENYL)-1,2,3,4-TETRAHYDROISOQUINOLINE-7-SULFONAMIDE",5.48,8.46,3.74,3.84,4.85,4.97,5.54,4.35,5.17,4.5,11.92,5.59,5.05,11.67,4.37,4.7,10.85,5.94
N-(4-CHLOROPHENYL)-3-(PHOSPHONOOXY)NAPHTHALENE-2-CARBOXAMIDE,5.24,6.59,3.45,4.35,4.8,4.89,6.31,3.95,5.06,6.16,21.56,5.49,5.2,11.5,5.76,4.23,11.19,5.15
"N-(4-Methoxybenzyl)-N'-(5-Nitro-1,3-Thiazol-2-Yl)Urea",5.14,5.54,4.66,4.49,5.05,5.3,5.55,4.87,5.08,6.16,19.06,4.77,5.11,11.5,3.6,4.71,11.31,5.11
"N-(4-OXO-5,6,7,8-TETRAHYDRO-4H-[1,3]THIAZOLO[5,4-C]AZEPIN-2-YL)ACETAMIDE",5.08,9.43,4.02,4.31,4.78,4.99,4.5,4.38,5.33,4.34,12.8,4.16,5.81,11.87,5.42,4.64,11.28,5.18
N-(4-PHENYLAMINO-QUINAZOLIN-6-YL)-ACRYLAMIDE,5.22,6.59,4.97,4.97,5.75,5.21,5.12,6.04,5.03,7.27,11.94,5.99,5.16,11.61,5.0,4.52,11.25,5.02
N-(4-carbamimidoylbenzyl)-1-(3-phenylpropanoyl)-L-prolinamide,5.43,8.57,3.43,3.91,5.3,4.88,6.41,4.13,5.06,2.72,8.78,6.41,5.03,11.57,3.09,4.59,11.49,5.95
N-(4-carbamimidoylbenzyl)-1-(4-methylpentanoyl)-L-prolinamide,5.17,6.87,4.63,4.55,5.08,4.88,5.49,4.45,5.06,3.68,16.54,6.19,5.03,11.52,3.77,4.65,11.57,5.42
N-(4-chlorophenyl)-2-[(pyridin-4-ylmethyl)amino]benzamide,5.27,2.84,4.78,5.37,4.8,5.0,5.94,4.94,5.06,7.09,14.71,8.02,5.06,11.23,4.31,4.71,11.26,5.02
N-(4-phenoxyphenyl)-2-[(pyridin-4-ylmethyl)amino]nicotinamide,5.43,5.53,5.05,5.2,4.95,4.98,8.05,4.43,5.06,5.2,23.95,8.02,5.07,10.72,5.0,4.47,11.32,5.02
N-(4-sulfamoylphenyl)-1H-indazole-3-carboxamide,5.09,2.85,5.15,4.24,4.88,6.35,5.38,4.36,5.08,5.01,11.36,5.4,5.06,11.64,5.91,4.47,11.58,5.12
N-(4-{[(3S)-3-(dimethylamino)pyrrolidin-1-yl]carbonyl}phenyl)-5-fluoro-4-[2-methyl-1-(1-methylethyl)-1H-imidazol-5-yl]pyrimidin-2-amine,5.39,6.16,6.38,7.39,6.3,6.43,7.16,7.35,5.05,6.77,12.5,5.86,5.06,12.24,4.33,6.63,11.64,5.62
"N-(5,6-DIPHENYLFURO[2,3-D]PYRIMIDIN-4-YL)GLYCINE",5.06,3.11,6.08,5.08,5.21,5.62,5.63,4.34,5.08,2.58,10.47,6.87,5.04,10.86,4.53,4.36,10.86,5.15
N-(5-Amino-5-Carboxypentyl)GlutamicAcid,5.04,7.1,4.75,4.46,4.47,5.09,5.28,4.22,5.07,3.7,17.77,4.74,5.04,10.94,4.1,4.45,10.57,5.29
N-(5-CHLORO-BENZO[B]THIOPHEN-3-YLMETHYL)-2-[6-CHLORO-OXO-3-(2-PYRIDIN-2-YL-ETHYLAMINO)-2H-PYRAZIN-1-YL]-ACETAMIDE,5.58,4.43,5.79,6.54,5.88,4.84,5.71,4.69,5.06,2.3,11.51,5.83,5.14,11.63,7.29,4.47,11.33,5.08
N-(5-Cyclopropyl-1h-Pyrazol-3-Yl)Benzamide,5.17,2.31,4.53,5.74,5.13,5.55,5.57,4.76,5.03,5.19,11.17,6.43,5.05,11.28,5.99,5.04,11.65,5.39
N-(5-Isopropyl-thiazol-2-YL)-2-pyridin-3-YL-acetamide,5.2,2.24,5.93,5.78,4.92,4.97,5.54,4.83,5.06,3.56,11.76,5.56,5.03,11.58,4.18,4.89,11.17,5.14
N-(5-METHYL-1H-PYRAZOL-3-YL)-2-PHENYLQUINAZOLIN-4-AMINE,5.4,6.84,5.89,4.13,5.14,5.22,6.11,4.64,5.08,7.26,13.6,6.33,5.04,11.63,4.99,4.6,11.64,5.18
"N-(5-chloro-1,3-benzodioxol-4-yl)-6-methoxy-7-(3-piperidin-1-ylpropoxy)quinazolin-4-amine",5.29,4.57,5.07,5.29,5.54,5.03,6.01,5.15,5.05,5.31,14.03,5.87,5.35,11.25,5.01,4.51,10.95,5.02
"N-(5-{3,4-difluoro-2-[(2-fluoro-4-iodophenyl)amino]phenyl}-1,3,4-oxadiazol-2-yl)ethane-1,2-diamine",5.64,4.15,6.99,7.26,5.13,5.04,6.25,5.38,5.08,2.32,17.6,7.49,5.22,10.79,6.4,5.31,10.93,5.04
"N-(5-{4-Chloro-3-[(2-hydroxyethyl)sulfamoyl]phenyl}-4-methyl-1,3-thiazol-2-yl)acetamide",5.3,2.19,5.51,5.68,5.03,5.96,6.65,4.83,5.19,6.82,20.11,5.87,5.05,11.7,7.34,5.05,11.61,5.17
N-(5-{[(2S)-4-amino-2-(3-chlorophenyl)butanoyl]amino}-1H-indazol-3-yl)benzamide,5.48,4.46,4.83,5.15,5.45,5.37,7.52,4.57,5.08,3.03,10.51,6.17,5.05,12.86,6.37,4.32,11.59,5.16
N-(6-Aminohexyl)-5-Chloro-1-Naphthalenesulfonamide,5.1,4.18,4.01,4.12,4.61,6.63,6.09,4.28,5.1,9.07,12.05,4.9,5.04,10.33,3.79,4.73,11.49,5.9
N-(7-CARBAMIMIDOYL-NAPHTHALEN-1-YL)-3-HYDROXY-2-METHYL-BENZAMIDE,5.26,2.94,6.22,5.55,4.99,5.1,7.09,5.7,5.05,3.05,11.06,7.24,5.07,11.4,4.52,5.03,11.57,5.1
N-(Bromoacetyl)-beta-alanyl-N-(2-{4-[(carboxycarbonyl)amino]phenyl}ethyl)-L-serinamide,5.34,11.41,4.06,5.14,5.19,4.89,6.89,3.97,5.08,6.66,13.77,5.38,5.13,11.64,4.18,4.35,11.33,5.08
"N-(CYCLOPROPYLMETHYL)-4-(METHYLOXY)-3-({5-[3-(3-PYRIDINYL)PHENYL]-1,3-OXAZOL-2-YL}AMINO)BENZENESULFONAMIDE",5.38,7.46,3.76,3.72,5.8,4.97,5.2,5.49,5.04,6.22,14.11,6.86,5.4,11.59,5.88,4.87,11.16,5.72
N-(Chlorophenyl)-N'-Hydroxyguanidine,4.82,6.32,3.92,4.88,4.53,4.92,5.18,4.51,5.08,15.99,14.02,4.27,5.04,11.37,4.24,4.34,10.94,5.07
N-(P-CYANOPHENYL)-N'-DIPHENYLMETHYL-GUANIDINE-ACETICACID,5.3,15.74,4.2,4.49,5.18,4.84,7.08,4.5,5.26,10.58,13.62,5.18,5.08,12.01,5.09,4.64,11.53,5.16
N-(PARA-GLUTARAMIDOPHENYL-ETHYL)-PIPERIDINIUM-N-OXIDE,5.13,3.07,3.46,4.49,4.97,4.91,5.95,4.31,5.06,3.94,13.84,4.41,5.09,11.83,4.39,4.34,11.14,5.12
N-(Phosphonoacetyl)-L-Ornithine,5.28,6.95,5.45,5.57,4.82,5.15,6.15,4.08,5.1,3.55,15.52,4.38,5.03,11.52,4.18,4.11,10.65,5.23
"N-(TERT-BUTYL)-3,5-DIMETHYL-N'-[(5-METHYL-2,3-DIHYDRO-1,4-BENZODIOXIN-6-YL)CARBONYL]BENZOHYDRAZIDE",5.31,8.77,4.69,6.06,4.92,5.16,6.98,4.64,5.08,5.93,9.09,6.28,5.04,10.68,6.49,4.63,11.43,5.14
N-(TRANS-4'-NITRO-4-STILBENYL)-N-METHYL-5-AMINO-PENTANOICACID,5.03,2.81,3.67,4.91,4.85,5.17,6.93,4.29,5.35,4.18,11.17,5.21,5.14,11.56,4.61,4.24,11.56,6.17
N-(carboxycarbonyl)-D-phenylalanine,4.99,3.35,4.18,5.45,4.58,5.6,5.43,3.96,5.12,10.02,12.15,4.53,5.04,11.55,3.96,4.56,11.48,5.18
"N-(cyclopropylmethyl)-2'-methyl-5'-(5-methyl-1,3,4-oxadiazol-2-yl)biphenyl-4-carboxamide",5.21,5.29,6.68,6.76,5.1,4.81,6.34,4.35,5.07,5.37,12.86,5.76,5.06,10.67,5.65,4.36,11.07,5.08
"N-(dibenzo[b,d]thiophen-3-ylsulfonyl)-L-valine",5.36,6.94,4.5,4.25,4.82,6.44,6.12,4.68,5.18,7.56,14.0,5.84,5.04,11.89,4.54,4.61,11.03,5.66
N-(tert-butyl)-4-[5-(pyridin-2-ylamino)quinolin-3-yl]benzenesulfonamide,5.3,6.07,4.1,5.47,5.46,6.61,6.17,4.63,5.07,6.28,13.71,6.09,5.46,11.73,4.99,4.86,11.66,5.46
N-({(1R)-1-carboxy-2-[(4-fluorobenzyl)sulfanyl]ethyl}carbamoyl)-L-glutamicacid,5.61,2.23,5.59,6.01,5.01,4.86,6.7,4.6,5.08,3.62,12.09,4.42,5.09,11.6,4.48,4.88,11.24,5.23
N-({(2S)-1-[(3R)-3-AMINO-4-(2-FLUOROPHENYL)BUTANOYL]PYRROLIDIN-2-YL}METHYL)BENZAMIDE,5.26,4.82,5.78,5.63,5.42,6.51,5.8,5.32,5.09,6.4,38.82,5.17,5.08,11.63,6.92,5.78,11.36,5.36
N-({(2S)-1-[(3R)-3-amino-4-(3-chlorophenyl)butanoyl]pyrrolidin-2-yl}methyl)-3-(methylsulfonyl)benzamide,5.38,3.78,6.06,5.82,5.99,6.53,5.96,5.61,5.14,7.41,12.4,5.86,5.13,11.74,4.75,5.48,11.39,5.24
"N-({(2S,3S)-3-[(BENZYLAMINO)CARBONYL]OXIRAN-2-YL}CARBONYL)-L-ISOLEUCYL-L-PROLINE",5.68,6.1,7.17,5.99,5.12,5.15,5.86,4.65,5.07,6.26,13.99,6.24,5.16,11.61,4.5,4.86,11.59,5.59
"N-({4-[(1R)-4-[(2R,4S,5S)-2,4-diamino-6-oxohexahydropyrimidin-5-yl]-1-(2,2,2-trifluoro-1,1-dihydroxyethyl)butyl]phenyl}carbonyl)-L-glutamicacid",5.57,2.96,5.59,5.97,5.63,5.45,6.5,4.52,5.05,4.06,13.23,6.11,5.0,10.61,6.68,4.79,11.57,5.07
N-({4-[(2-aminopyridin-4-yl)oxy]-3-fluorophenyl}carbamoyl)-2-(4-fluorophenyl)acetamide,5.33,9.17,6.42,5.65,5.5,4.9,6.43,4.48,5.07,14.51,12.8,5.0,5.39,11.5,6.33,4.6,11.62,5.18
"N-1,2,3,4-Tetrahydronaphth-1-Yl-2'-[3,5-Dimethoxybenzamido]-2'-Deoxy-Adenosine",5.41,7.01,5.93,5.42,5.73,5.29,7.15,5.23,5.12,4.55,11.04,7.43,5.06,11.65,5.85,4.49,11.19,5.23
N-1-methylheptylformamide,5.0,2.88,5.15,5.1,4.73,5.04,3.19,4.93,5.09,8.25,22.11,4.36,5.04,10.27,4.19,4.99,10.74,5.1
N-1H-indazol-5-yl-2-(6-methylpyridin-2-yl)quinazolin-4-amine,5.43,5.88,6.02,4.65,5.81,5.03,5.95,4.93,5.06,12.28,14.16,6.48,5.05,11.39,5.01,4.57,11.43,5.13
N-ACETYL-L-PHENYLALANYL-4-[DIFLUORO(PHOSPHONO)METHYL]-L-PHENYLALANINAMIDE,5.92,5.02,5.92,4.73,5.18,4.84,6.13,4.31,5.11,5.67,12.05,5.24,5.05,12.66,4.5,4.69,10.9,5.16
N-ACETYLHISTAMINE,4.82,9.65,3.93,3.79,4.51,5.05,4.19,4.15,5.07,3.09,8.28,4.11,5.05,10.52,4.05,4.48,11.44,5.14
N-Acetyl-Serine,4.77,2.77,3.96,5.32,4.37,5.03,4.29,3.63,5.2,3.55,14.43,4.29,5.05,10.48,4.38,3.64,10.67,5.42
N-Acetylalanine,4.79,3.46,3.46,4.09,4.36,5.1,5.12,3.43,5.11,2.79,10.68,4.4,5.04,10.66,4.23,3.66,10.83,5.36
N-Acetylglucosamine,5.04,3.49,4.42,5.57,4.97,4.99,3.65,3.9,5.24,5.92,4.22,4.44,5.14,10.77,3.64,4.1,11.59,5.35
N-Acetylmethionine,4.97,3.57,3.08,3.45,4.46,5.11,5.04,3.92,5.21,1.71,11.51,3.93,5.05,10.37,4.07,3.84,10.71,5.2
N-Alpha-(2-Naphthylsulfonyl)-N(3-Amidino-L-Phenylalaninyl)-4-Acetyl-Piperazine,5.61,11.21,4.69,5.4,5.17,6.86,5.35,4.35,5.1,11.1,7.03,7.42,5.05,11.13,4.74,4.5,11.58,5.45
N-Alpha-(2-Naphthylsulfonyl)-N(3-Amidino-L-Phenylalaninyl)IsopipecolinicAcidMethylEster,5.61,11.21,5.3,6.08,5.12,6.9,5.4,4.35,5.08,6.84,5.82,5.79,5.04,11.19,6.42,4.51,11.58,5.28
N-Alpha-(2-Naphthylsulfonyl)-N-(3-Amidino-L-Phenylalaninyl)-D-PipecolinicAcid,5.59,3.82,5.46,5.81,5.4,6.52,6.38,5.01,5.12,3.21,13.21,5.2,5.04,11.02,6.33,4.48,11.62,5.52
"N-Alpha-Acetyl-3,5-Diiodotyrosylglycine",5.25,4.95,5.87,5.72,5.38,5.0,5.51,4.25,5.13,7.03,12.5,4.33,5.03,11.59,4.45,4.78,10.95,5.09
N-BENZYL-4-[4-(3-CHLOROPHENYL)-1H-PYRAZOL-3-YL]-1H-PYRROLE-2-CARBOXAMIDE,5.16,2.79,4.32,5.18,5.18,4.85,6.19,4.38,5.06,3.4,10.41,7.05,5.04,11.66,5.68,4.4,11.43,5.1
N-Benzoyl-N'-Beta-D-GlucopyranosylUrea,5.49,8.3,3.45,2.96,4.75,5.17,5.04,3.29,5.35,5.39,6.14,5.69,5.07,10.8,4.27,3.92,10.61,5.31
N-Benzyl-4-Sulfamoyl-Benzamide,5.12,4.37,7.68,7.73,4.36,6.09,5.7,4.57,5.08,2.95,10.62,5.21,5.04,11.56,6.75,4.46,11.52,5.12
N-Benzylformamide,4.78,5.95,5.79,4.87,4.44,5.03,4.68,4.38,5.09,2.82,11.6,4.06,5.06,10.78,5.73,4.56,11.41,5.08
"N-Butyl-11-[(7r,8r,9s,13s,14s,17s)-3,17-Dihydroxy-13-Methyl-7,8,9,11,12,13,14,15,16,17-Decahydro-6h-Cyclopenta[a]Phenanthren-7-Yl]-N-Methylundecanamide",5.46,23.1,7.6,6.71,6.04,5.0,8.35,5.31,5.12,11.96,17.45,6.33,5.05,11.74,5.72,4.67,10.85,5.26
N-Carbamoyl-Alanine,4.79,12.88,3.62,3.95,4.44,5.09,3.64,4.08,5.09,10.11,11.45,4.57,5.07,10.66,4.13,3.9,10.76,5.13
N-Cyclohexyl-N'-(4-Iodophenyl)Urea,5.22,8.35,6.2,5.13,5.0,5.01,5.11,4.82,5.07,8.59,14.03,5.14,5.25,11.34,4.22,4.83,10.54,5.07
N-Cyclohexyl-N'-(Propyl)PhenylUrea,5.02,2.69,4.99,5.09,4.71,4.99,6.0,4.1,5.07,4.89,11.1,4.28,5.07,11.61,3.7,4.56,10.5,5.09
N-Cyclohexyl-N'-Decylurea,5.13,4.76,4.47,5.65,5.15,5.13,4.94,4.64,5.06,7.19,14.66,4.37,5.06,10.46,4.39,4.76,10.45,5.11
N-Ethyl-5'-CarboxamidoAdenosine,5.38,9.05,7.02,6.66,5.12,5.08,5.22,5.54,5.07,2.62,7.74,6.01,5.22,10.76,4.75,5.07,11.59,5.17
N-Formylmethionine,4.91,5.84,7.22,6.26,4.44,5.07,4.54,4.56,5.25,16.19,16.43,4.47,5.04,10.51,4.43,4.36,10.85,5.78
N-HYDROXY-2(R)-[[(4-METHOXYPHENYL)SULFONYL](3-PICOLYL)AMINO]-3-METHYLBUTANAMIDEHYDROCHLORIDE,5.54,5.87,7.41,7.06,6.71,6.68,6.35,6.85,5.08,5.81,15.92,6.18,5.04,11.62,6.91,6.09,11.17,5.09
N-HYDROXY-2-[4-(4-PHENOXY-BENZENESULFONYL)-TETRAHYDRO-PYRAN-4-YL]-ACETAMIDE,5.65,5.93,4.82,3.99,6.24,6.98,7.58,6.99,5.07,5.79,5.76,6.31,6.03,10.89,4.36,5.4,11.62,5.22
N-Heptylformamide,4.76,2.19,4.62,5.95,4.79,5.07,4.64,5.05,5.08,3.23,19.19,5.37,5.04,10.15,4.3,4.72,10.85,5.09
N-Hydroxy-1-(4-Methoxyphenyl)Sulfonyl-4-Benzyloxycarbonyl-Piperazine-2-Carboxamide,5.66,5.93,4.07,3.87,6.75,6.78,7.22,7.57,5.08,6.99,11.86,6.83,5.11,11.31,4.27,6.86,11.54,5.68
N-Hydroxy-4-(Methyl{[5-(2-Pyridinyl)-2-Thienyl]Sulfonyl}Amino)Benzamide,6.2,5.76,6.29,5.61,5.03,6.42,5.47,4.7,5.05,2.64,11.03,6.72,5.04,12.1,6.68,4.57,11.6,5.1
N-Hydroxy-4-Phosphono-Butanamide,4.88,2.54,6.76,6.12,5.01,5.04,6.47,5.1,5.1,2.96,12.09,4.77,5.06,10.69,4.4,5.15,11.4,5.38
"N-Hydroxy-4-[(4-Methoxylphenyl)Sulfonyl]-2,2-Dimethyl-Hexahydro-1,4-Thiazepine-3(S)-Carboxamide",5.41,3.84,5.47,5.18,7.04,6.56,6.43,8.5,5.09,5.5,9.2,6.53,5.08,11.59,4.75,6.91,11.14,5.86
"N-Hydroxy1n(4-Methoxyphenyl)Sulfonyl-4-(Z,E-N-Methoxyimino)Pyrrolidine-2r-Carboxamide",5.45,4.27,5.57,5.16,6.2,6.43,5.34,7.16,5.07,5.11,14.69,7.14,5.08,11.77,6.25,5.19,11.22,6.04
N-ISOBUTYL-N-[4-METHOXYPHENYLSULFONYL]GLYCYLHYDROXAMICACID,5.79,5.42,6.29,6.1,5.23,4.97,5.64,6.67,5.08,3.27,11.25,6.31,5.08,11.63,4.34,5.57,11.39,5.06
N-METHYL-1-[4-(9H-PURIN-6-YL)PHENYL]METHANAMINE,4.99,6.93,5.02,5.58,5.11,4.93,6.29,4.32,5.06,5.07,12.33,7.02,5.05,11.74,5.07,4.03,10.64,5.04
"N-METHYLALANYL-3-METHYLVALYL-4-PHENOXY-N-(1,2,3,4-TETRAHYDRONAPHTHALEN-1-YL)PROLINAMIDE",5.46,2.99,7.62,7.08,6.32,5.21,7.58,6.85,5.07,2.61,10.4,7.94,5.03,11.69,7.07,6.0,10.93,5.05
"N-Methyl-4-{[(2-oxo-1,2-dihydro-3H-indol-3-ylidene)methyl]amino}benzenesulfonamide",5.28,4.26,5.93,6.81,5.55,4.97,6.0,4.21,5.42,4.61,11.12,6.05,5.5,11.89,5.92,4.14,12.03,6.0
N-Methylleucine,4.88,4.72,4.36,4.72,4.62,5.08,5.05,4.12,5.1,5.39,6.71,4.25,5.06,10.56,4.87,4.07,10.81,5.18
N-Methylphenylalanyl-N-[(trans-4-aminocyclohexyl)methyl]-L-prolinamide,5.5,2.14,7.0,6.47,5.16,4.98,6.44,4.98,5.11,4.71,11.08,5.55,5.05,11.83,4.25,5.44,11.64,5.14
N-Pyridoxyl-Glycine-5-Monophosphate,5.12,6.68,5.06,3.93,4.58,5.12,5.45,4.35,5.05,8.48,6.75,4.25,5.12,11.84,4.27,4.53,11.57,5.1
N-Trimethyllysine,4.92,2.64,4.35,4.15,4.5,5.09,5.84,4.07,5.11,3.53,15.59,5.0,5.09,10.46,5.39,4.16,11.0,5.37
N-[(1R)-3-(4-HYDROXYPHENYL)-1-METHYLPROPYL]-2-(2-PHENYL-1H-INDOL-3-YL)ACETAMIDE,5.33,7.47,6.51,6.08,5.29,4.83,5.74,4.42,5.07,3.97,12.17,6.58,5.01,11.65,4.98,4.84,10.97,5.09
N-[(1S)-1-(aminocarbonyl)-4-(ethanimidoylamino)butyl]benzamide,5.1,5.88,6.94,5.73,4.56,6.35,6.37,4.35,5.07,5.31,15.81,5.72,5.04,10.65,6.23,4.55,11.51,5.05
"N-[(1S)-1-{1-[(1R,3E)-1-ACETYLPENT-3-EN-1-YL]-1H-1,2,3-TRIAZOL-4-YL}-1,2-DIMETHYLPROPYL]BENZAMIDE",5.43,8.12,5.34,6.3,4.99,6.39,5.27,5.6,5.06,6.03,14.03,6.01,5.02,10.78,5.91,5.15,11.56,5.13
"N-[(1S)-2-AMINO-1-(2,4-DICHLOROBENZYL)ETHYL]-5-[2-(METHYLAMINO)PYRIMIDIN-4-YL]THIOPHENE-2-CARBOXAMIDE",5.22,6.97,5.46,5.5,5.3,5.49,6.02,5.98,5.05,4.29,13.16,6.37,5.13,11.19,6.07,5.85,11.08,5.04
N-[(1S)-2-[(4-cyano-1-methylpiperidin-4-yl)amino]-1-(cyclohexylmethyl)-2-oxoethyl]morpholine-4-carboxamide,5.51,8.18,7.55,6.6,5.51,4.98,6.15,5.76,5.11,17.42,11.09,5.26,5.04,11.64,6.16,6.12,11.03,5.23
"N-[(1S)-2-amino-1-phenylethyl]-5-(1H-pyrrolo[2,3-b]pyridin-4-yl)thiophene-2-carboxamide",5.4,5.18,6.84,6.43,6.56,6.29,6.24,7.32,5.05,7.96,12.54,6.76,5.03,11.49,6.54,6.49,11.66,5.07
N-[(1S)-2-{[(1R)-2-(benzyloxy)-1-cyano-1-methylethyl]amino}-1-(cyclohexylmethyl)-2-oxoethyl]morpholine-4-carboxamide,5.62,5.02,7.97,7.41,5.91,5.45,6.48,6.51,5.08,5.02,13.41,4.88,5.02,11.49,7.38,5.64,11.09,5.11
N-[(2-AMINO-6-METHYLPYRIMIDIN-4-YL)METHYL]-3-{[(E)-(2-OXODIHYDROFURAN-3(2H)-YLIDENE)METHYL]AMINO}BENZENESULFONAMIDE,5.17,6.44,4.22,4.82,4.7,4.99,6.66,4.34,5.35,2.87,11.05,6.47,5.56,11.64,4.08,4.18,11.3,6.07
N-[(2R)-2-benzyl-4-(hydroxyamino)-4-oxobutanoyl]-L-alanine,6.03,8.75,6.37,5.49,6.04,5.16,4.42,5.53,5.16,5.02,15.76,4.62,5.08,11.57,4.45,5.05,10.64,5.21
"N-[(2R)-5-(aminosulfonyl)-2,3-dihydro-1H-inden-2-yl]-2-propylpentanamide",5.51,6.47,5.57,5.45,5.18,4.91,5.2,4.84,5.08,3.67,10.28,5.7,5.04,11.23,5.43,4.68,11.61,5.56
"N-[(2R,3S)-3-AMINO-2-HYDROXY-4-PHENYLBUTYL]-4-METHOXY-2,3,6-TRIMETHYLBENZENESULFONAMIDE",5.32,8.03,5.9,4.7,5.31,6.2,6.46,4.89,5.08,2.95,8.61,6.0,5.07,12.14,5.88,4.73,11.4,5.38
"N-[(2R,3S)-3-AMINO-2-HYDROXY-4-PHENYLBUTYL]NAPHTHALENE-2-SULFONAMIDE",5.13,1.85,3.89,4.41,4.98,7.03,6.04,3.82,5.07,3.98,11.22,6.43,5.05,11.6,5.23,4.61,11.58,6.03
N-[(2S)-4-Methyl-1-oxo-1-{[(4S)-3-oxo-1-(2-pyridinylsulfonyl)-4-azepanyl]amino}-2-pentanyl]-1-benzofuran-2-carboxamide,5.75,7.85,5.72,6.48,6.13,7.3,5.58,6.13,5.07,3.58,26.15,5.73,5.03,11.67,5.08,5.75,11.09,5.08
N-[(4-HYDROXY-8-IODOISOQUINOLIN-3-YL)CARBONYL]GLYCINE,5.27,5.59,4.05,4.97,4.78,5.12,4.39,4.55,5.08,5.78,10.71,5.13,5.41,10.56,6.16,4.59,11.53,5.12
N-[(4-methoxyphenyl)sulfonyl]-D-alanine,5.03,5.67,4.05,3.84,4.95,6.39,5.73,4.3,5.08,4.28,14.32,4.36,5.07,11.57,4.46,4.19,10.85,5.08
"N-[(5S,7R,8S,9S,10R)-8,9,10-Trihydroxy-7-(hydroxymethyl)-2,4-dioxo-6-oxa-1,3-diazaspiro[4.5]dec-3-yl]acetamide",5.12,7.44,3.96,4.19,5.75,5.01,3.27,4.2,5.57,2.9,7.97,4.23,5.04,11.61,7.57,4.01,11.19,6.13
N-[(CYCLOHEXYLAMINO)CARBONYL]GLYCINE,4.8,4.66,6.16,5.45,4.85,5.1,4.11,3.45,5.08,4.44,20.49,4.36,5.04,11.17,4.34,3.58,11.16,5.11
N-[(Furan-2-Yl)Carbonyl]-(S)-Leucyl-(R)-[1-Amino-2(1h-Indol-3-Yl)Ethyl]-PhosphonicAcid,6.16,7.17,5.53,4.85,4.84,6.48,6.76,4.45,5.12,4.89,16.03,6.12,5.0,11.71,7.55,4.63,11.4,5.16
N-[(benzyloxy)carbonyl]-L-leucyl-N-[(1S)-3-fluoro-1-(4-hydroxybenzyl)-2-oxopropyl]-L-leucinamide,5.41,3.15,4.88,5.06,5.89,5.09,6.29,4.58,5.1,4.1,13.3,6.88,5.02,11.07,4.01,4.86,10.99,5.07
"N-[1-(2,6-dimethoxybenzyl)piperidin-4-yl]-4-sulfanylbutanamide",5.31,7.34,4.72,4.92,4.95,4.95,4.34,4.85,5.05,5.81,17.5,4.61,5.04,11.51,4.15,4.64,11.42,5.1
N-[1-(4-CARBAMIMIDOYL-BENZYLCARBAMOYL)-3-METHYLSULFANYL-PROPYL]-3-HYDROXY-2-PROPOXYAMINO-BUTYRAMID,5.48,12.01,4.56,3.36,5.56,4.94,6.87,4.65,5.07,27.62,5.37,5.73,5.04,12.31,5.04,4.65,11.42,5.12
"N-[1-(5-bromo-2,3-dimethoxybenzyl)piperidin-4-yl]-4-sulfanylbutanamide",5.52,6.49,4.29,5.67,5.68,4.86,4.31,4.87,5.07,6.4,11.48,7.18,5.04,11.66,5.65,4.34,11.51,5.09
"N-[1-(AMINOMETHYL)CYCLOPROPYL]-3-(BENZYLSULFONYL)-N~2~-[(1S)-2,2,2-TRIFLUORO-1-(4-HYDROXYPHENYL)ETHYL]-L-ALANINAMIDE",5.45,4.06,4.88,5.59,6.04,5.02,5.47,4.65,5.07,8.59,14.44,5.72,5.03,13.2,6.82,4.78,11.7,5.49
"N-[1-(AMINOMETHYL)CYCLOPROPYL]-3-(MORPHOLIN-4-YLSULFONYL)-N~2~-[(1S)-2,2,2-TRIFLUORO-1-(4-FLUOROPHENYL)ETHYL]-L-ALANINAMIDE",5.87,4.16,6.36,6.05,6.21,4.99,5.31,5.11,5.13,6.95,11.8,5.91,5.04,12.42,7.35,5.0,11.61,5.28
N-[1-Hydroxycarboxyethyl-Carbonyl]Leucylamino-2-Methyl-Butane,5.68,5.68,4.37,4.57,5.03,5.03,5.8,4.15,5.11,8.8,15.55,5.05,5.14,11.5,3.53,4.26,11.0,5.44
"N-[2-(1,3-BENZODIOXOL-5-YL)ETHYL]-1-[2-(1H-IMIDAZOL-1-YL)-6-METHYLPYRIMIDIN-4-YL]-D-PROLINAMIDE",5.39,3.28,4.43,4.25,5.72,4.95,7.07,4.5,5.03,4.63,11.24,5.95,5.03,11.44,5.36,5.6,11.22,5.09
N-[2-(1-Formyl-2-Methyl-Propyl)-1-(4-Piperidin-1-Yl-but-2-Enoyl)-Pyrrolidin-3-Yl]-Methanesulfonamide,5.33,5.79,4.45,4.49,5.7,5.02,6.96,6.57,5.1,15.09,11.29,6.07,5.03,11.75,6.4,5.24,11.47,5.17
N-[2-(1h-Indol-5-Yl)-Butyl]-4-Sulfamoyl-Benzamide,5.23,2.95,6.15,6.94,5.5,5.87,5.89,4.05,5.08,3.89,10.17,5.75,5.04,10.45,5.06,4.44,11.46,5.14
N-[2-(2-iodo-5-methoxy-1H-indol-3-yl)ethyl]acetamide,5.21,3.65,4.12,4.44,4.8,5.02,4.6,7.16,5.07,6.3,12.19,4.45,5.0,10.74,4.81,6.19,11.55,5.09
N-[2-(2-methyl-1H-indol-3-yl)ethyl]thiophene-2-carboxamide,4.86,2.42,6.14,6.23,4.52,5.26,5.61,4.04,5.07,5.6,14.99,5.25,5.05,11.55,5.9,4.4,11.38,5.17
"N-[2-(4-AMINO-5,8-DIFLUORO-1,2-DIHYDROQUINAZOLIN-2-YL)ETHYL]-3-FURAMIDE",5.31,4.76,5.09,5.47,5.25,4.86,4.57,5.63,5.05,6.03,13.29,5.55,5.33,11.5,6.37,5.13,11.01,5.06
N-[2-(4-BROMOCINNAMYLAMINO)ETHYL]-5-ISOQUINOLINESULFONAMIDE,5.17,5.35,6.7,5.94,5.35,4.91,5.6,4.55,5.15,5.68,15.12,5.61,5.04,11.18,6.5,4.8,11.35,5.59
"N-[2-(5-methyl-4H-1,2,4-triazol-3-yl)phenyl]-7H-pyrrolo[2,3-d]pyrimidin-4-amine",5.1,4.07,4.31,5.29,5.66,6.06,4.71,4.75,5.07,5.26,15.24,5.57,5.07,11.29,5.0,4.8,11.58,5.15
N-[2-(6-AMINO-4-METHYLPYRIDIN-2-YL)ETHYL]-4-CYANOBENZAMIDE,5.28,4.73,5.74,5.89,5.0,4.82,6.58,4.55,5.03,4.01,10.46,6.19,5.04,10.68,4.61,4.8,11.54,5.07
N-[2-(METHYLAMINO)ETHYL]-5-ISOQUINOLINESULFONAMIDE,4.86,6.42,6.97,5.05,5.14,6.48,5.25,4.2,5.08,3.04,5.98,8.24,5.04,10.46,5.77,4.71,10.98,5.18
"N-[2-(carbamimidamidooxy)ethyl]-2-{6-cyano-3-[(2,2-difluoro-2-pyridin-2-ylethyl)amino]-2-fluorophenyl}acetamide",5.55,6.43,4.3,4.1,5.84,5.16,5.8,4.49,5.06,4.53,13.41,6.27,5.05,10.8,8.05,4.5,10.99,5.04
"N-[2-({[amino(imino)methyl]amino}oxy)ethyl]-2-{6-chloro-3-[(2,2-difluoro-2-phenylethyl)amino]-2-fluorophenyl}acetamide",5.53,6.17,4.44,4.49,5.96,4.91,5.08,4.36,5.06,5.14,15.73,6.7,5.06,11.03,7.15,4.36,11.37,5.08
N-[2-Chloro-5-(trifluoromethyl)phenyl]imidodicarbonimidicdiamide,5.17,5.91,5.63,5.47,5.0,4.94,6.59,4.64,5.07,6.79,14.21,5.77,5.09,11.57,3.89,4.73,11.57,5.1
"N-[2-methyl-5-(methylcarbamoyl)phenyl]-2-{[(1R)-1-methylpropyl]amino}-1,3-thiazole-5-carboxamide",5.32,3.28,6.39,5.76,5.81,4.96,7.05,5.45,5.12,2.56,11.24,5.39,5.33,10.87,4.62,4.97,11.01,5.03
N-[3-(1H-BENZIMIDAZOL-2-YL)-1H-PYRAZOL-4-YL]BENZAMIDE,5.07,9.26,3.15,4.76,5.1,5.44,5.56,4.63,5.05,6.42,13.54,6.9,5.03,11.53,5.46,4.96,11.47,5.1
"N-[3-(2-fluoroethoxy)phenyl]-N'-(1,3,4-trioxo-1,2,3,4-tetrahydroisoquinolin-6-yl)butanediamide",5.29,3.42,4.67,6.13,5.26,5.15,5.12,5.63,5.09,4.39,14.05,5.82,5.69,11.65,6.93,5.28,11.6,5.2
N-[3-(N'-HYDROXYCARBOXAMIDO)-2-(2-METHYLPROPYL)-PROPANOYL]-O-TYROSINE-N-METHYLAMIDE,6.42,4.49,5.8,5.19,6.92,4.89,6.51,6.82,5.08,7.11,13.43,5.33,5.02,11.62,4.37,6.23,10.83,5.08
"N-[3-[(1-Aminoethyl)(Hydroxy)Phosphoryl]-2-(1,1'-Biphenyl-4-Ylmethyl)Propanoyl]Alanine",5.55,7.51,5.12,5.55,4.78,4.86,6.95,4.55,5.11,7.29,71.3,5.38,5.02,11.82,5.06,4.72,10.77,5.18
"N-[3-[[4-[(5-CHLORO-1,3-BENZODIOXOL-4-YL)AMINO]PYRIMIDIN-2-YL]AMINO]PHENYL]METHANESULFONAMIDE",5.35,2.74,7.21,7.1,5.87,5.0,7.1,5.17,5.1,20.63,8.78,5.77,6.52,11.66,6.61,4.53,10.92,5.29
"N-[4-(2,4-DIMETHYL-THIAZOL-5-YL)-PYRIMIDIN-2-YL]-N',N'-DIMETHYL-BENZENE-1,4-DIAMINE",5.55,6.14,6.4,6.86,5.66,4.88,5.35,5.0,5.04,6.89,14.85,6.58,5.11,12.25,6.13,6.01,11.83,5.05
"N-[4-(2-CHLOROPHENYL)-1,3-DIOXO-1,2,3,6-TETRAHYDROPYRROLO[3,4-C]CARBAZOL-9-YL]FORMAMIDE",5.28,4.89,6.56,6.04,5.98,5.18,6.11,6.32,5.58,5.53,11.15,7.41,6.43,12.8,5.65,4.85,12.52,6.18
"N-[4-(2-Methylimidazo[1,2-a]Pyridin-3-Yl)-2-Pyrimidinyl]Acetamide",5.24,6.58,4.13,4.12,5.21,4.84,5.25,4.12,5.05,3.76,10.92,7.63,5.07,11.75,7.18,4.16,11.52,5.06
N-[4-(3-BROMO-PHENYLAMINO)-QUINAZOLIN-6-YL]-ACRYLAMIDE,5.46,3.97,4.97,5.03,6.08,4.96,5.51,7.76,5.04,5.33,10.73,5.0,5.15,11.46,5.0,5.05,11.2,5.01
N-[4-(4-nitrophenylphospho)butanoyl]-D-alanine,5.32,2.32,5.53,5.8,4.51,4.88,7.02,4.54,5.19,3.51,10.98,5.15,5.04,11.45,4.99,4.3,11.28,5.52
N-[4-(4-nitrophenylphospho)butanoyl]-L-alanine,5.19,11.53,5.53,5.8,4.51,4.9,7.87,4.54,5.19,6.02,15.39,4.52,5.04,11.45,4.99,4.3,11.28,5.52
N-[4-(5-fluoro-6-methylpyridin-2-yl)-5-quinoxalin-6-yl-1H-imidazol-2-yl]acetamide,5.17,4.79,4.15,4.66,5.38,5.57,5.89,4.26,5.07,4.23,10.7,4.58,5.04,11.57,5.57,4.61,11.21,5.14
"N-[4-(AMINOSULFONYL)BENZYL]-5-(5-CHLORO-2,4-DIHYDROXYPHENYL)-1H-PYRAZOLE-4-CARBOXAMIDE",5.21,2.73,6.4,7.01,5.43,5.9,7.27,6.16,5.04,4.69,11.09,6.45,5.15,10.31,5.49,4.62,11.44,5.09
N-[4-(AMINOSULFONYL)PHENYL]-2-MERCAPTOBENZAMIDE,5.21,3.38,5.69,6.81,4.68,6.24,5.63,4.42,5.07,5.42,12.41,5.68,5.06,11.52,4.7,4.7,11.58,5.1
N-[4-(benzyloxy)phenyl]glycinamide,4.89,4.74,4.04,4.68,4.65,4.94,4.49,4.57,5.08,4.19,10.75,5.43,5.18,11.95,4.1,4.19,11.54,5.13
N-[4-CHLORO-3-(PYRIDIN-3-YLOXYMETHYL)-PHENYL]-3-FLUORO-,5.51,4.42,5.58,4.01,5.99,4.84,6.9,5.6,5.03,4.35,11.27,6.85,5.85,11.68,4.13,5.5,11.58,5.15
N-[4-Methyl-3-[[4-(3-Pyridinyl)-2-Pyrimidinyl]Amino]Phenyl]-3-Pyridinecarboxamide,5.35,5.75,5.05,5.07,5.14,4.92,6.07,4.18,5.06,4.37,12.44,5.93,5.05,12.11,5.0,4.4,11.27,5.01
"N-[4-hydroxymethyl-cyclohexan-6-yl-1,2,3-triol]-4,6-dideoxy-4-aminoglucopyranoside",5.24,10.78,4.4,4.14,4.68,4.95,5.02,4.99,5.37,5.57,32.02,6.33,5.15,10.75,3.97,4.59,10.6,5.33
"N-[5-(1,1-DIOXIDOISOTHIAZOLIDIN-2-YL)-1H-INDAZOL-3-YL]-2-(4-PIPERIDIN-1-YLPHENYL)ACETAMIDE",5.5,5.24,4.69,4.83,5.5,4.88,5.48,7.54,5.08,7.08,12.03,6.63,5.13,11.6,5.0,6.44,11.29,5.16
"N-[5-(ETHYLSULFONYL)-2-METHOXYPHENYL]-5-[3-(2-PYRIDINYL)PHENYL]-1,3-OXAZOL-2-AMINE",5.27,4.67,5.52,4.46,5.89,5.61,5.19,5.86,5.04,6.25,14.0,6.69,5.54,11.56,5.99,4.62,11.5,5.07
"N-[7-(3-AMINOPHENYL)-5-METHOXY-1,3-BENZOXAZOL-2-YL]-2,5-DICHLOROBENZENESULFONAMIDE",5.52,6.3,4.7,4.16,5.25,5.39,7.14,4.63,5.04,21.24,10.99,6.78,5.04,11.5,5.47,4.8,11.5,5.07
N-[N-[1-Hydroxycarboxyethyl-Carbonyl]Leucylamino-Butyl]-Guanidine,5.4,8.83,4.3,4.73,5.03,5.04,4.9,4.44,5.08,7.32,13.23,5.09,5.14,11.53,3.94,4.84,10.66,5.28
N-[O-Phosphono-Pyridoxyl]-Isoleucine,5.4,4.15,6.03,4.05,4.72,5.17,5.13,4.32,5.07,1.83,11.73,5.14,5.03,10.57,5.75,4.47,11.19,5.12
N-[[2-METHYL-4-HYDROXYCARBAMOYL]BUT-4-YL-N]-BENZYL-P-[PHENYL]-P-[METHYL]PHOSPHINAMID,5.52,3.36,6.13,6.43,5.15,6.46,7.46,6.86,5.07,2.69,10.59,5.72,5.04,11.65,7.27,5.02,11.59,5.15
"N-[amino(imino)methyl]-2-(2,5-diphenyl-1H-pyrrol-1-yl)acetamide",5.25,6.54,4.48,4.46,5.05,5.56,5.39,4.36,5.18,7.34,12.67,6.21,5.05,11.62,4.79,4.53,11.01,5.33
N-[amino(imino)methyl]-2-[2-(2-chlorophenyl)-4-(4-propoxyphenyl)-3-thienyl]acetamide,5.18,5.96,5.95,5.03,5.71,4.95,5.84,4.51,5.1,5.78,11.81,6.06,5.04,11.8,5.33,4.69,10.95,5.14
N-acetyl-D-glucosamine-6-phosphate,5.06,3.45,2.93,2.73,5.24,5.04,4.63,3.79,5.12,4.37,30.61,4.41,5.04,10.85,3.69,4.56,11.1,5.56
N-acetyl-N'-beta-D-glucopyranosylurea,4.99,11.18,3.4,3.56,5.01,4.99,4.23,3.38,5.22,5.18,15.65,3.67,5.07,10.8,5.46,3.64,11.06,5.47
N-acetyl-alpha-neuraminicacid,5.21,4.92,3.67,3.91,4.99,5.0,4.9,4.11,5.53,9.2,27.56,4.25,5.12,11.71,3.49,4.1,11.49,5.41
N-acetylserotonin,5.03,9.55,5.38,4.53,5.57,5.01,4.72,4.64,5.08,4.32,16.95,3.63,5.03,11.57,4.97,4.47,11.59,5.11
"N-anthracen-2-yl-5-methyl[1,2,4]triazolo[1,5-a]pyrimidin-7-amine",5.58,5.02,5.05,4.11,4.56,4.97,6.02,4.36,5.07,4.51,10.56,6.14,5.11,11.95,5.76,4.44,11.53,5.12
N-beta-D-glucopyranosylacetamide,4.83,6.91,3.07,3.2,5.06,5.18,4.91,3.18,5.45,4.51,11.15,5.49,5.46,11.34,3.62,3.54,10.94,5.19
N-butyl-3-{[6-(9H-purin-6-ylamino)hexanoyl]amino}benzamide,5.3,3.11,6.11,5.92,4.95,6.1,5.24,4.83,5.08,6.67,11.73,4.96,5.42,11.24,5.05,4.31,11.19,5.06
N-cycloheptylglycyl-N-(4-carbamimidoylbenzyl)-L-prolinamide,5.27,4.77,4.24,3.84,5.19,4.86,6.28,4.32,5.05,4.17,15.47,6.5,5.04,11.18,5.37,4.43,11.59,5.27
"N-cyclohexyl-3-[3-(trifluoromethyl)phenyl][1,2,4]triazolo[4,3-b]pyridazin-6-amine",5.16,3.47,5.44,4.96,4.74,4.96,6.38,4.46,5.05,2.74,13.43,6.59,5.03,11.76,4.77,4.55,11.45,5.07
N-cyclohexyltaurine,4.97,8.24,4.24,4.47,4.93,5.05,4.27,4.41,5.06,7.62,11.07,4.55,5.09,10.47,5.09,4.25,11.06,5.11
N-cyclooctylglycyl-N-(4-carbamimidoylbenzyl)-L-prolinamide,5.27,5.86,4.24,3.84,5.24,4.86,6.52,4.32,5.05,5.23,12.68,6.44,5.04,11.13,5.39,4.43,11.59,5.27
"N-cyclopropyl-2',6-dimethyl-4'-(5-methyl-1,3,4-oxadiazol-2-yl)biphenyl-3-carboxamide",5.13,13.72,6.82,6.43,5.07,5.29,6.42,4.36,5.07,5.8,14.72,6.25,5.05,10.77,5.96,4.43,10.87,5.1
"N-cyclopropyl-3-{[1-(2,4-difluorophenyl)-7-methyl-6-oxo-6,7-dihydro-1H-pyrazolo[3,4-b]pyridin-4-yl]amino}-4-methylbenzamide",5.55,3.98,4.85,4.56,5.18,5.1,5.42,5.3,5.02,2.96,12.83,5.54,5.48,11.59,4.99,5.11,11.21,5.08
N-cyclopropyl-4-methyl-3-[1-(2-methylphenyl)phthalazin-6-yl]benzamide,5.35,4.31,5.46,5.56,5.25,4.96,7.4,4.47,5.04,2.07,11.68,7.07,5.05,11.1,4.97,4.52,11.21,5.1
N-cyclopropyl-4-methyl-3-{2-[(2-morpholin-4-ylethyl)amino]quinazolin-6-yl}benzamide,5.36,4.84,4.9,6.51,5.63,4.97,5.85,4.71,5.02,6.2,12.96,6.07,5.04,12.0,5.05,4.77,11.52,5.08
"N-cyclopropyl-4-pyrazolo[1,5-b]pyridazin-3-ylpyrimidin-2-amine",5.16,5.99,5.72,5.34,5.63,4.81,5.48,4.8,5.05,4.98,13.37,7.46,5.06,12.37,5.38,4.52,11.7,5.14
"N-cyclopropyl-6-[(6,7-dimethoxyquinolin-4-yl)oxy]naphthalene-1-carboxamide",5.51,7.3,6.16,6.5,5.5,5.3,6.97,4.45,5.04,2.2,12.26,6.26,5.43,11.59,5.01,4.63,11.34,5.24
"N-cyclopropyl-N-(trans-4-pyridin-3-ylcyclohexyl)-4-[(1S)-2,2,2-trifluoro-1-hydroxy-1-methylethyl]benzamide",5.88,3.15,6.11,6.7,5.48,5.8,7.17,4.98,5.04,6.54,7.62,6.03,5.03,10.75,6.24,5.5,11.06,5.09
"N-ethyl-4-{[5-(methoxycarbamoyl)-2-methylphenyl]amino}-5-methylpyrrolo[2,1-f][1,2,4]triazine-6-carboxamide",5.58,6.95,4.96,5.31,5.75,5.36,5.3,7.43,5.04,2.97,12.95,5.96,5.06,11.85,6.42,5.86,11.05,5.06
N-hydroxy-4-({4-[4-(trifluoromethyl)phenoxy]phenyl}sulfonyl)tetrahydro-2H-pyran-4-carboxamide,6.07,3.81,4.08,5.22,6.95,6.34,7.64,7.2,5.04,2.03,11.1,6.06,5.73,11.52,4.28,6.03,11.45,5.1
"N-hydroxy-5-[(3-phenyl-5,6-dihydroimidazo[1,2-a]pyrazin-7(8H)-yl)carbonyl]thiophene-2-carboxamide",5.23,5.82,5.65,6.44,5.19,5.63,6.88,5.12,5.12,7.36,18.19,6.27,5.03,11.56,5.0,5.15,10.9,5.16
"N-methyl-{4-[2-(7-oxo-6,7-dihydro-8H-[1,3]thiazolo[5,4-e]indol-8-ylidene)hydrazino]phenyl}methanesulfonamide",5.54,7.46,6.46,6.96,5.53,4.93,6.11,5.16,5.07,3.71,20.71,5.63,5.11,11.86,7.79,6.56,11.78,5.26
N-methylnicotinamide,4.81,3.07,3.3,3.41,4.3,4.94,5.01,4.13,5.03,5.26,11.54,4.35,5.03,11.39,3.77,3.94,11.64,5.06
"N-naphthalen-1-ylmethyl-2'-[3,5-dimethoxybenzamido]-2'-deoxy-adenosine",5.24,3.27,5.76,4.64,5.9,5.15,7.23,4.4,5.06,5.79,11.48,5.67,5.04,11.38,5.25,4.35,11.44,5.08
N-omega-propyl-L-arginine,5.33,2.63,4.81,4.36,4.56,5.01,5.92,4.06,5.08,4.49,16.43,5.04,5.07,10.65,3.8,4.39,10.8,5.11
N-phenyl-1H-pyrazole-3-carboxamide,4.97,3.05,3.63,3.92,4.79,4.95,5.12,4.21,5.07,4.62,10.9,5.71,5.06,11.35,4.18,4.15,11.5,5.21
"N-phenyl-1H-pyrrolo[2,3-b]pyridin-3-amine",4.98,3.99,5.47,5.93,4.75,5.34,5.84,4.71,5.06,3.11,10.96,6.85,5.08,11.46,4.93,4.77,11.58,5.11
N-sulfo-flavinmononucleotide,5.2,5.88,4.17,4.83,5.31,5.16,5.31,4.64,5.08,5.87,9.56,6.93,5.04,11.48,5.99,4.24,11.53,5.12
N-{(4S)-4-Amino-5-[(2-aminoethyl)amino]pentyl}-N'-nitroguanidine,5.25,10.07,3.97,3.72,5.04,5.15,4.22,4.27,5.11,2.38,19.27,5.01,5.06,10.64,5.78,4.22,11.57,5.29
"N-{1-[(1-carbamoylcyclopropyl)methyl]piperidin-4-yl}-N-cyclopropyl-4-[(1S)-2,2,2-trifluoro-1-hydroxy-1-methylethyl]benzamide",6.23,6.6,3.73,4.25,5.65,4.88,6.18,4.36,5.07,20.17,11.98,7.15,5.02,10.65,6.14,4.59,11.7,5.08
"N-{2'-[(4-FLUOROPHENYL)AMINO]-4,4'-BIPYRIDIN-2-YL}-4-METHOXYCYCLOHEXANECARBOXAMIDE",5.87,4.21,6.11,6.54,6.16,5.04,6.19,6.18,5.04,3.04,10.38,5.32,6.22,11.73,6.17,5.06,11.32,5.29
"N-{2,2-DIFLUORO-2-[(2R)-PIPERIDIN-2-YL]ETHYL}-2-[2-(1H-1,2,4-TRIAZOL-1-YL)BENZYL][1,3]OXAZOLO[4,5-C]PYRIDIN-4-AMINE",5.39,3.57,5.79,4.72,5.08,5.41,6.39,4.51,5.06,5.34,16.69,6.55,5.03,10.61,5.4,4.51,11.61,5.48
"N-{2,4-difluoro-3-[(5-pyridin-3-yl-1H-pyrrolo[2,3-b]pyridin-3-yl)carbonyl]phenyl}ethanesulfonamide",5.3,4.76,4.97,5.25,5.41,4.81,6.7,4.86,5.08,5.79,11.85,6.55,5.08,12.14,5.0,4.73,11.51,5.15
"N-{2-[(4'-CYANO-1,1'-BIPHENYL-4-YL)OXY]ETHYL}-N'-HYDROXY-N-METHYLUREA",5.38,7.3,4.91,4.31,4.9,4.8,6.43,4.5,5.3,2.78,11.14,5.54,5.29,11.3,3.88,4.17,11.56,5.13
N-{2-[4-(AMINOSULFONYL)PHENYL]ETHYL}ACETAMIDE,5.1,3.07,4.44,3.91,4.69,4.86,5.49,4.46,5.07,6.17,10.7,6.09,5.04,10.69,4.01,4.81,11.42,5.08
"N-{2-[6-(2,4-DIAMINO-6-ETHYLPYRIMIDIN-5-YL)-2,2-DIMETHYL-3-OXO-2,3-DIHYDRO-4H-1,4-BENZOTHIAZIN-4-YL]ETHYL}ACETAMIDE",5.21,7.59,6.35,5.83,5.52,5.21,6.31,5.43,5.09,9.06,20.74,6.69,5.61,11.53,5.89,5.84,11.63,5.12
"N-{2-[6-(2,4-DIAMINO-6-ETHYLPYRIMIDIN-5-YL)-2,2-DIMETHYL-3-OXO-2,3-DIHYDRO-4H-1,4-BENZOXAZIN-4-YL]ETHYL}ACETAMIDE",5.22,3.3,6.14,4.45,5.24,5.22,6.12,5.24,5.09,5.32,16.16,6.49,5.18,11.45,6.46,5.26,11.47,5.28
N-{2-methyl-5-[(6-phenylpyrimidin-4-yl)amino]phenyl}methanesulfonamide,5.13,5.65,6.17,4.97,5.07,5.04,6.75,4.65,5.03,4.78,10.91,6.22,5.06,11.72,4.75,4.25,11.36,5.1
N-{3-METHYL-5-[2-(PYRIDIN-4-YLAMINO)-ETHOXY]-PHENYL}-BENZENESULFONAMIDE,5.31,3.1,5.29,4.49,4.89,4.86,7.1,4.61,5.07,4.61,11.42,6.35,5.68,11.82,3.91,4.42,11.46,5.1
N-{3-[(4-{[3-(TRIFLUOROMETHYL)PHENYL]AMINO}PYRIMIDIN-2-YL)AMINO]PHENYL}CYCLOPROPANECARBOXAMIDE,5.46,9.43,6.8,7.17,5.71,5.06,6.24,4.89,5.06,6.04,5.4,5.97,5.85,12.56,4.71,4.92,11.57,5.08
"N-{3-[(5-chloro-1H-pyrrolo[2,3-b]pyridin-3-yl)carbonyl]-2,4-difluorophenyl}propane-1-sulfonamide",5.27,7.03,5.05,5.23,5.25,4.95,5.0,5.53,5.09,4.25,13.23,6.71,5.07,11.75,5.02,4.9,11.65,5.17
"N-{3-[5-(1H-1,2,4-triazol-3-yl)-1H-indazol-3-yl]phenyl}furan-2-carboxamide",5.14,5.17,5.03,5.06,5.28,5.13,6.57,4.35,5.06,4.1,14.92,5.86,5.06,11.8,4.98,4.41,10.9,5.12
"N-{3-[5-(6-Amino-Purin-9-Yl)-3,4-Dihydroxy-Tetrahydro-Furan-2-Yl]-Allyl}-2,3-Dihydroxy-5-Nitro-Benzamide",5.34,6.76,5.62,6.87,5.34,5.21,5.79,5.55,5.06,3.37,16.3,6.75,5.13,11.45,4.99,4.75,11.53,5.1
N-{4-METHYL-3-[(3-PYRIMIDIN-4-YLPYRIDIN-2-YL)AMINO]PHENYL}-3-(TRIFLUOROMETHYL)BENZAMIDE,5.24,11.19,5.1,5.77,5.63,5.34,6.09,5.17,5.04,5.31,12.07,6.6,5.07,11.75,4.99,5.18,11.08,5.03
"N-{4-[(Carboxymethyl)carbamoyl]benzoyl}-L-valyl-N-[(3S)-1,1,1-trifluoro-4-methyl-2-oxo-3-pentanyl]-L-prolinamide",5.76,5.94,6.07,5.8,5.67,5.88,5.12,4.57,5.05,6.36,18.08,6.48,5.03,11.05,4.28,5.26,11.54,5.51
"N-{5-[4-(4-METHYLPIPERAZIN-1-YL)PHENYL]-1H-PYRROLO[2,3-B]PYRIDIN-3-YL}NICOTINAMIDE",5.22,14.32,5.99,6.71,5.83,4.85,6.77,4.79,5.06,6.7,9.35,6.94,5.08,11.92,6.0,4.89,11.62,5.08
N-{[(2-Methyl-2-propanyl)oxy]carbonyl}-L-alanyl-L-alaninamide,4.91,4.65,3.78,4.58,4.83,5.01,3.61,4.09,5.07,3.92,10.22,4.31,5.09,11.29,3.65,4.42,11.24,5.09
"N-{[(2S,3S)-3-(ETHOXYCARBONYL)OXIRAN-2-YL]CARBONYL}-",5.13,3.44,5.47,5.15,5.26,4.89,4.47,3.98,5.37,4.6,13.25,5.07,5.04,11.83,6.67,4.35,10.72,5.72
"N-{[(2S,3S)-3-(ETHOXYCARBONYL)OXIRAN-2-YL]CARBONYL}-L-ISOLEUCINE",5.19,13.38,4.14,3.92,4.94,4.88,5.23,4.88,5.47,5.55,14.92,5.65,5.22,11.64,3.78,4.96,11.61,5.55
"N-{[(2S,3S)-3-(ETHOXYCARBONYL)OXIRAN-2-YL]CARBONYL}-L-ISOLEUCYL-L-ALANINE",5.26,6.2,4.67,4.35,5.0,4.94,4.64,4.45,5.42,5.42,15.36,5.68,5.06,11.68,4.85,4.73,11.62,5.36
"N-{[(2S,3S)-3-(ETHOXYCARBONYL)OXIRAN-2-YL]CARBONYL}-L-ISOLEUCYL-L-ISOLEUCINE",5.27,8.51,4.84,3.92,5.04,4.92,4.93,4.69,5.44,2.58,8.31,4.46,5.06,11.63,5.41,4.91,11.59,5.72
N-{[2-({[1-(4-CARBOXYBUTANOYL)AMINO]-2-PHENYLETHYL}-HYDROXYPHOSPHINYL)OXY]ACETYL}-2-PHENYLETHYLAMINE,5.01,5.56,6.42,6.03,4.7,5.4,5.52,4.17,5.19,4.29,12.2,6.36,5.06,10.71,4.54,4.51,11.41,5.26
N-{[4-(but-2-yn-1-yloxy)phenyl]sulfonyl}-5-methyl-D-tryptophan,5.35,7.39,4.64,6.25,5.27,6.31,5.62,5.45,5.08,4.8,12.31,6.1,5.06,10.44,4.57,4.48,11.17,5.1
N1-(1-Dimethylcarbamoyl-2-Phenyl-Ethyl)-2-Oxo-N4-(2-Pyridin-2-Yl-Ethyl)-Succinamide,5.15,4.03,4.46,5.73,5.4,5.27,5.23,4.08,5.04,2.26,11.33,4.83,5.04,10.76,4.27,4.56,11.4,5.06
N2-({[(4-Bromophenyl)Methyl]Oxy}Carbonyl)-N1-[(1s)-1-Formylpentyl]-L-Leucinamide,5.7,5.04,5.0,5.34,5.16,5.06,5.19,6.57,5.07,5.48,36.95,5.83,5.1,11.47,4.96,6.17,11.05,5.05
N2-[(Benzyloxy)carbonyl]-N-[(3R)-1-{N-[(benzyloxy)carbonyl]-L-leucyl}-4-oxo-3-pyrrolidinyl]-L-leucinamide,5.29,6.23,6.73,5.31,6.16,5.6,7.38,4.72,5.08,4.77,23.56,6.66,5.05,11.33,5.29,5.14,10.95,5.12
N2-[(benzyloxy)carbonyl]-n1-[(3S)-1-cyanopyrrolidin-3-yl]-l-leucinamide,5.69,6.26,5.52,5.63,5.19,5.58,7.36,4.7,5.08,3.54,9.84,5.88,5.05,11.47,4.17,5.09,11.36,5.12
"N4-HYDROXY-2-ISOBUTYL-N1-(9-OXO-1,8-DIAZA-TRICYCLO[10.6.1.013,18]NONADECA-12(19),13,15,17-TETRAEN-10-YL)-SUCCINAMIDE",6.27,5.9,6.75,6.3,6.79,5.13,7.16,6.94,5.24,4.69,12.13,5.68,5.01,11.74,5.0,6.09,11.57,5.18
"N6-(2,5-Dimethoxy-Benzyl)-N6-Methyl-Pyrido[2,3-D]Pyrimidine-2,4,6-Triamine",5.49,5.79,5.05,5.35,5.18,4.96,5.99,6.48,5.08,7.28,11.2,6.36,5.04,11.76,4.95,5.56,11.27,5.04
N6-BenzylAdenosine-5'-Diphosphate,5.36,2.92,4.95,5.14,5.11,5.22,5.5,4.71,5.08,2.42,11.33,6.51,5.08,10.78,5.0,4.03,10.8,5.1
N6-ISOPENTENYL-ADENOSINE-5'-MONOPHOSPHATE,5.45,8.77,5.85,4.25,5.22,5.05,5.54,5.65,5.08,10.77,11.66,5.47,5.07,10.85,4.91,4.41,11.03,5.09
"N7-BUTYL-N2-(5-CHLORO-2-METHYLPHENYL)-5-METHYL[1,2,4]TRIAZOLO[1,5-A]PYRIMIDINE-2,7-DIAMINE",5.33,6.34,6.11,5.67,5.02,5.1,5.98,4.39,5.03,7.47,12.79,5.99,5.04,11.97,5.21,4.4,11.24,5.09
NADH,5.18,6.74,4.92,5.01,5.71,5.05,7.67,5.49,5.08,7.07,11.69,5.93,5.05,11.47,5.23,4.68,11.03,5.06
NGX267,5.17,3.63,5.17,5.89,4.89,5.01,4.32,4.31,5.52,4.99,12.87,4.44,5.2,11.29,3.91,3.92,11.62,6.21
NPS-2143,5.41,4.54,6.12,6.72,6.71,4.92,6.33,7.15,5.08,3.82,11.09,6.39,5.03,10.43,6.6,7.06,11.15,5.08
NU1025,4.94,6.08,4.09,3.87,4.89,5.04,4.22,4.98,5.78,5.24,10.99,5.0,5.05,11.04,5.01,4.28,11.45,5.14
Nabilone,5.59,5.86,7.77,7.56,4.97,4.85,6.57,4.67,5.24,5.07,11.08,4.79,5.04,11.36,6.31,4.99,11.26,5.13
Nabiximols,5.16,4.84,7.1,6.58,4.95,5.1,7.96,4.63,5.16,6.34,10.51,7.42,5.04,10.73,5.45,5.63,11.39,5.14
Nabumetone,4.9,6.1,3.67,4.92,5.08,5.0,5.47,3.97,5.07,6.62,10.59,4.63,5.23,11.55,3.83,4.21,11.21,5.06
Nadolol,5.08,3.77,6.6,7.84,5.29,5.18,6.48,4.51,5.06,4.15,13.92,4.74,5.03,12.13,6.45,5.3,11.11,5.43
NadphDihydro-Nicotinamide-Adenine-Dinucleotidephosphate,5.3,5.12,4.99,5.77,5.92,5.0,6.5,5.54,5.07,14.54,8.37,7.03,5.05,11.44,5.7,4.92,11.03,5.05
Nafarelin,6.54,6.01,6.66,6.81,5.92,4.87,5.74,4.59,5.09,15.78,17.01,6.27,5.0,10.81,5.65,4.93,11.05,5.12
Nafcillin,5.47,5.09,6.2,6.4,5.04,5.32,5.39,4.67,5.38,6.31,8.78,6.34,5.04,11.73,5.01,4.62,11.63,5.92
Naftopidil,5.23,5.33,6.55,6.89,5.21,4.91,6.7,6.33,5.07,5.53,22.72,7.32,5.39,11.65,5.56,5.27,11.41,5.17
Nalbuphine,5.77,7.43,8.06,6.64,6.62,5.2,7.23,5.36,5.24,2.86,10.7,5.13,5.04,11.69,6.92,5.92,11.31,5.57
Naldemedine,5.52,7.76,6.59,5.9,5.44,5.52,7.75,6.98,5.23,4.89,23.36,5.77,5.04,11.64,7.52,5.48,11.44,6.03
Nalidixicacid,5.15,7.19,6.11,6.2,4.54,4.96,4.63,4.55,5.07,4.3,12.08,4.25,5.08,11.03,4.54,4.22,11.5,5.11
Nalmefene,5.24,5.21,7.69,6.12,6.57,5.08,6.01,5.49,5.31,6.15,12.87,5.94,5.04,11.69,6.61,5.46,11.6,5.56
Naloxegol,5.29,5.03,7.33,6.67,6.26,5.21,6.97,5.91,5.09,4.07,10.69,6.65,5.04,11.56,7.1,5.56,11.45,6.08
Naloxone,5.3,4.83,7.48,6.4,6.5,5.15,7.31,5.98,5.58,7.74,20.21,6.05,5.04,11.62,6.57,5.08,11.51,5.49
"Nalpha-(2-Naphthylsulfonylglycyl)-3-Amidino-D,L-Phenylalanine-Isopropylester",5.02,8.19,5.79,4.81,4.91,6.46,6.59,4.18,5.09,6.59,20.13,5.8,5.04,11.6,4.92,4.2,11.49,5.1
Naltrexone,5.26,4.3,7.89,6.59,6.54,5.1,6.08,5.96,5.38,4.19,10.62,5.97,5.04,11.63,6.6,5.44,11.29,5.67
Naluzotan,5.26,7.14,5.97,4.83,5.16,4.88,6.56,4.44,5.09,8.03,9.54,4.99,5.26,11.62,5.45,4.21,11.56,5.26
Nandrolonedecanoate,5.55,3.76,6.81,6.56,5.14,5.23,7.06,5.4,5.07,4.07,18.81,4.88,5.27,11.27,6.4,4.98,10.74,5.17
Nandrolonephenpropionate,5.42,7.66,6.83,6.81,5.04,5.14,7.67,4.83,5.08,5.72,12.9,8.11,5.08,10.75,4.6,4.83,10.75,5.57
Naproxen,5.1,6.84,5.3,4.42,4.7,4.96,5.88,3.88,5.08,7.41,13.15,4.58,5.11,11.39,5.43,4.45,11.52,5.38
Naratriptan,5.23,4.94,5.06,6.78,5.85,4.97,4.81,5.06,5.08,9.92,11.19,6.06,5.02,10.85,5.92,4.65,11.62,5.13
Naringenin,5.17,7.11,4.75,4.16,4.54,5.41,4.43,4.49,5.09,3.98,13.66,6.83,6.0,11.74,3.55,4.48,11.62,5.18
Naronapride,6.2,5.87,8.3,7.63,5.79,5.24,6.48,5.34,5.08,6.1,10.86,6.42,5.04,10.75,6.24,5.36,11.52,5.1
Natamycin,5.22,4.1,6.78,5.98,5.54,4.98,5.96,4.27,5.15,5.21,12.88,6.67,5.2,11.03,6.79,4.69,11.54,5.65
Nateglinide,5.26,4.93,6.53,5.07,4.84,5.03,4.98,4.32,5.14,6.0,37.13,6.04,5.04,10.78,4.92,5.59,11.51,5.16
Naveglitazar,5.15,5.57,3.7,4.28,5.67,4.84,7.85,4.5,5.11,5.0,12.27,6.16,5.07,10.52,4.16,4.64,11.33,5.13
Navitoclax,5.93,3.81,5.14,7.54,5.95,6.37,6.06,5.72,5.08,2.53,11.2,6.35,5.29,11.55,7.05,5.66,11.14,5.63
Naxifylline,5.58,6.63,5.63,6.1,5.99,5.08,6.24,4.35,5.37,6.46,10.99,6.27,5.08,11.62,6.84,4.38,11.65,5.2
Nebivolol,5.28,4.74,6.83,7.0,5.24,5.1,6.3,4.36,5.43,7.93,15.28,7.2,5.11,11.61,6.79,4.68,11.37,6.0
Nebularine,5.13,2.96,3.68,4.09,4.57,5.14,5.27,4.65,5.6,2.95,10.41,5.22,5.31,10.54,3.93,4.28,10.7,5.16
Nedocromil,5.14,2.86,5.45,4.36,5.18,4.82,5.72,4.29,5.17,5.13,12.22,5.42,5.04,11.8,7.02,4.19,11.39,5.14
Nelarabine,4.98,4.56,3.19,3.84,4.63,5.02,4.45,4.27,5.08,6.8,16.39,5.85,5.05,10.53,4.43,4.05,11.06,5.08
Nelfinavir,6.45,4.86,7.2,7.21,6.16,5.15,8.04,6.27,5.08,3.37,7.65,6.74,5.07,11.32,7.18,5.45,11.5,5.27
Nelotanserin,5.72,6.16,5.72,5.99,5.17,4.95,5.81,5.16,5.05,5.95,19.84,6.8,5.56,11.26,5.44,4.53,11.49,5.16
Nemonoxacin,6.25,4.2,5.96,5.85,5.35,4.97,5.41,4.36,5.08,1.89,11.99,6.01,5.09,11.61,4.52,4.47,11.51,5.19
Nepafenac,4.99,25.87,5.16,5.12,5.1,4.9,6.05,4.4,5.06,13.89,12.65,5.82,5.06,11.65,4.31,4.17,11.46,5.14
Neratinib,5.41,3.6,5.08,5.36,5.45,5.06,7.56,5.42,5.07,5.71,12.79,6.59,5.01,11.4,5.07,4.59,10.93,5.21
Netarsudil,5.65,7.99,5.05,4.42,5.97,4.85,6.41,6.26,5.08,5.76,11.38,6.37,5.62,11.64,5.73,5.29,11.49,5.1
Netoglitazone,5.23,4.76,5.17,4.78,5.11,5.16,6.24,5.24,5.09,9.18,11.13,5.69,5.46,11.52,4.44,5.5,11.55,5.5
Nevirapine,5.33,2.8,3.87,4.32,5.51,4.97,6.23,4.66,5.21,5.22,11.48,6.64,5.04,11.56,5.87,4.66,11.62,5.92
Niacin,4.76,10.27,3.14,3.41,4.29,5.06,4.2,4.27,5.02,10.16,12.24,3.99,5.06,10.76,3.97,4.16,11.52,5.09
Nialamide,5.14,2.9,5.04,6.19,4.54,5.79,5.58,4.21,5.06,4.21,11.56,4.05,5.03,11.13,4.57,4.4,11.36,5.06
Niclosamide,5.11,15.7,4.99,4.37,4.84,4.94,5.07,4.39,5.07,12.95,13.96,6.32,5.08,10.33,5.06,4.08,10.36,5.08
Nicorandil,4.79,3.2,5.64,4.24,4.34,5.67,4.5,4.28,5.04,4.72,14.75,4.74,5.04,11.43,4.13,4.36,11.6,5.11
Nicotinamide8-Bromo-AdenineDinucleotidePhosphate,5.22,6.3,5.71,6.25,5.84,4.82,5.59,4.34,5.07,8.26,10.2,6.31,5.06,11.56,5.84,4.27,11.33,5.1
NicotinamideMononucleotide,5.41,2.63,5.67,5.2,4.89,4.94,4.5,3.98,5.09,5.24,9.29,4.28,5.95,10.54,6.21,4.41,11.1,5.16
Nicotinamideadeninedinucleotidephosphate,5.37,9.63,6.04,6.18,5.49,5.18,6.11,4.91,5.08,10.09,23.03,6.83,5.05,10.8,5.76,4.41,11.19,5.09
Niflumicacid,5.15,6.76,5.46,6.68,4.78,4.91,6.04,4.31,5.03,6.03,11.85,4.69,5.21,12.04,5.7,4.42,11.6,5.07
Niguldipine,5.44,5.63,5.49,4.72,5.84,5.09,5.99,6.26,5.14,10.16,7.83,5.68,5.05,11.38,7.31,5.94,11.62,5.95
Nilotinib,5.56,8.99,5.08,5.06,6.14,5.03,6.88,4.65,5.06,8.11,11.4,5.24,5.07,11.82,5.0,5.5,11.42,4.98
Niludipine,5.23,2.76,6.13,4.94,5.43,5.26,6.17,5.58,5.08,4.33,12.07,5.81,5.08,11.19,7.42,4.88,11.5,5.65
Nilutamide,5.26,3.65,6.01,6.28,5.21,5.33,6.35,4.9,5.04,6.67,20.13,5.47,5.17,10.8,5.01,5.27,11.03,5.12
Nimesulide,4.93,5.32,5.25,5.2,5.12,5.0,6.88,4.68,5.1,3.59,12.39,5.64,5.15,11.69,6.5,4.68,11.54,5.93
Nintedanib,5.43,9.44,5.28,6.23,5.5,4.98,6.19,4.68,5.72,10.38,13.1,6.46,5.33,11.73,5.49,4.79,11.61,6.16
Niraparib,5.1,2.35,6.06,6.81,5.39,4.86,6.07,7.08,5.08,4.13,11.67,5.59,5.05,11.52,5.46,5.96,11.33,5.14
Nitisinone,5.21,18.21,3.63,4.33,4.72,5.08,4.59,5.55,5.07,26.37,11.07,4.41,5.38,11.69,4.34,4.55,11.6,5.07
Nitrazepam,5.09,3.79,4.04,4.39,4.44,6.56,5.53,4.22,5.12,5.6,11.03,4.95,5.05,10.52,4.9,4.28,11.59,5.25
NitrilotriaceticAcid,4.76,11.71,4.19,4.64,4.7,5.06,3.84,3.82,5.07,9.18,13.94,4.02,5.04,10.45,3.93,4.01,11.66,5.28
Nitroarginine,5.07,3.83,4.56,4.09,4.83,5.14,4.21,3.99,5.1,4.19,10.74,4.61,5.06,10.76,4.39,4.24,10.99,5.44
Nitrofural,4.86,8.3,3.46,4.01,4.49,5.17,5.99,4.68,5.18,4.43,14.58,5.2,5.03,11.51,4.12,4.55,11.45,5.27
Nitrofurantoin,4.85,5.12,4.03,4.71,4.6,6.17,5.39,4.24,5.37,5.25,20.72,5.35,5.1,11.74,4.99,4.38,11.33,5.18
NitromethyldethiaCoenzymeA,5.61,6.11,5.65,5.62,5.56,5.08,5.43,4.99,5.09,6.97,12.19,6.55,5.08,11.36,5.71,4.5,10.88,5.19
Nitrosoethane,4.76,7.87,4.0,3.94,4.42,5.09,4.07,3.62,5.18,2.86,13.75,4.12,5.04,10.43,3.58,3.86,11.23,5.3
Nitroxoline,4.94,8.98,4.22,3.92,4.94,5.02,5.54,4.42,5.08,4.81,12.31,6.86,5.06,11.49,5.68,4.39,11.65,5.09
NojirimycineTetrazole,4.86,7.01,3.14,4.24,5.59,5.14,4.56,4.35,5.21,7.36,12.94,5.1,5.04,11.82,5.6,4.39,10.72,5.73
Nomegestrol,5.3,4.04,4.99,4.4,5.34,5.15,7.39,5.59,5.34,6.66,10.18,5.91,5.06,10.86,4.48,5.16,11.45,6.03
Nomegestrolacetate,5.49,4.09,5.16,4.99,6.24,5.05,7.14,5.29,5.18,5.98,33.48,5.92,5.1,11.46,5.23,5.33,11.1,5.96
Nonivamide,4.96,6.11,6.3,6.68,4.93,5.04,5.95,4.26,5.07,8.86,11.32,4.33,5.05,11.54,5.23,4.41,11.08,5.04
Nonoxynol-9,4.95,9.1,4.99,4.93,5.01,4.88,6.05,4.4,5.08,2.65,7.57,4.49,5.34,11.66,4.6,3.99,11.5,5.02
Norelgestromin,5.4,6.65,8.04,7.97,4.99,5.34,8.06,4.96,5.06,5.19,11.53,5.33,5.26,11.45,5.03,5.81,11.31,5.11
Norepinephrine,4.88,2.63,5.6,6.07,5.22,5.32,4.54,4.34,5.08,2.97,11.97,4.12,5.09,11.57,4.58,4.7,11.64,5.12
Norethisterone,5.27,5.99,7.69,7.25,5.2,5.19,7.64,5.58,5.06,5.33,12.84,6.74,5.14,11.44,6.91,5.5,11.22,5.85
Norethynodrel,5.41,8.22,6.05,6.25,5.0,5.62,6.62,4.6,5.16,3.6,13.54,5.38,5.18,11.67,6.3,4.93,11.58,6.19
Norfloxacin,5.53,4.47,4.8,5.52,5.0,4.88,5.83,4.51,5.17,2.21,11.06,5.92,5.5,11.52,5.84,4.29,11.57,5.86
Norgestimate,5.5,5.5,7.36,7.18,5.13,5.15,7.89,4.95,5.08,6.29,10.73,6.09,5.19,11.39,4.48,5.4,11.18,5.14
Norgestrel,5.29,2.93,8.12,7.9,5.2,5.09,6.96,5.32,5.07,2.84,12.84,5.73,5.14,11.44,6.91,5.66,11.04,5.57
Norvaline,4.86,2.33,3.62,3.81,4.58,5.07,4.66,3.66,5.08,2.74,16.12,4.0,5.04,10.34,4.06,3.98,11.07,5.14
Noscapine,5.38,7.75,7.11,6.34,4.84,4.86,7.61,4.42,5.1,4.5,13.51,5.13,5.04,11.41,6.01,4.39,11.29,5.17
NovoNordiska/SCompound,4.93,3.18,6.22,6.23,5.07,5.03,4.72,4.35,5.07,3.4,11.38,4.52,5.17,11.54,4.35,4.37,11.54,5.04
Novobiocin,5.26,5.72,7.21,6.85,5.26,4.85,6.09,4.87,5.08,7.37,11.39,5.66,5.05,11.49,6.2,4.55,10.95,5.06
Nylidrin,5.04,7.91,5.16,4.58,6.29,5.4,6.12,4.27,5.1,3.07,11.47,7.03,5.04,11.42,5.43,4.55,11.2,5.14
Nystatin,5.12,7.17,5.71,5.39,5.46,4.87,7.57,4.09,5.31,2.75,11.04,7.06,5.37,11.03,5.82,4.33,11.55,5.73
"N~2~,N~2~-DIMETHYL-N~1~-(6-OXO-5,6-DIHYDROPHENANTHRIDIN-2-YL)GLYCINAMIDE",4.92,5.79,6.32,4.88,5.93,5.21,5.31,4.51,5.07,8.11,12.16,5.22,5.19,11.98,4.75,4.89,11.63,5.23
N~2~-(biphenyl-4-ylsulfonyl)-N-hydroxy-N~2~-(2-hydroxyethyl)glycinamide,5.54,4.99,5.86,5.68,5.77,6.5,5.57,4.75,5.11,5.59,11.78,4.94,5.09,11.48,5.05,4.59,10.83,5.23
"N~2~-1,3-BENZOXAZOL-2-YL-3-CYCLOHEXYL-N-{2-[(4-METHOXYPHENYL)AMINO]ETHYL}-L-ALANINAMIDE",5.46,6.39,5.71,3.89,4.88,4.88,5.86,4.73,5.07,8.4,11.39,5.25,5.04,11.68,4.48,4.79,10.98,5.03
"N~2~-1H-benzimidazol-5-yl-N~4~-(3-cyclopropyl-1H-pyrazol-5-yl)pyrimidine-2,4-diamine",5.19,4.53,6.67,7.29,5.9,4.85,5.8,5.25,5.05,4.3,9.2,7.05,5.1,12.94,6.24,5.81,11.64,5.09
"N~3~-[3-(1H-INDOL-6-YL)BENZYL]PYRIDINE-2,3-DIAMINE",5.02,2.93,6.04,4.37,4.96,5.44,6.04,4.27,5.08,4.26,12.93,7.94,5.07,11.52,4.94,4.18,11.62,5.04
"N~3~-[5-(1H-INDOL-6-YL)-2-(PYRIDIN-2-YLMETHOXY)BENZYL]PYRIDINE-2,3-DIAMINE",5.13,4.84,5.37,6.02,5.22,5.49,6.39,4.6,5.07,4.74,10.43,7.71,5.06,11.64,5.02,4.61,11.48,5.04
"N~3~-cyclopropyl-N~4~'-(cyclopropylmethyl)-6-methylbiphenyl-3,4'-dicarboxamide",5.25,2.67,6.07,6.34,5.22,4.85,6.72,4.32,5.06,5.31,11.32,6.35,5.04,10.64,5.78,4.45,10.87,5.08
"N~4~-(3-methyl-1H-indazol-6-yl)-N~2~-(3,4,5-trimethoxyphenyl)pyrimidine-2,4-diamine",5.33,4.71,6.75,6.44,5.45,4.99,7.23,4.42,5.14,2.12,11.2,5.29,5.78,12.74,5.04,4.65,11.84,5.08
"N~4~-methyl-N~4~-(3-methyl-1H-indazol-6-yl)-N~2~-(3,4,5-trimethoxyphenyl)pyrimidine-2,4-diamine",5.29,4.09,5.68,5.53,5.35,4.82,6.75,5.49,5.09,6.56,17.46,4.44,5.11,12.15,5.05,5.84,11.6,5.14
"N~6~-cyclohexyl-N~2~-(4-morpholin-4-ylphenyl)-9H-purine-2,6-diamine",6.43,4.71,6.16,6.6,5.7,4.92,5.88,4.5,5.06,4.18,10.46,6.0,5.17,11.74,5.36,4.95,11.64,5.18
Nα-[(2S)-2-{[(S)-[(1S)-1-{[(Benzyloxy)carbonyl]amino}-2-phenylethyl](hydroxy)phosphoryl]methyl}-5-phenylpentanoyl]-L-tryptophanamide,5.71,5.55,5.71,5.35,4.73,5.22,6.29,4.58,5.09,8.18,10.11,6.93,5.01,11.69,4.98,5.6,10.79,5.09
O-(((1R)-((N-(PHENYL-METHOXY-CARBONYL)-ALANYL)-AMINO)METHYL)HYDROXYPHOSPHINYL)3-L-PHENYLLACTATE,5.31,8.19,4.23,4.18,5.33,5.7,7.04,4.32,5.1,15.19,11.63,4.89,5.03,10.96,4.11,4.93,11.35,5.06
O-(((1R)-((N-PHENYLMETHOXYCARBONYL-L-ALANYL)AMINO)ETHYL)HYDROXYPHOSPHONO)-L-BENZYLACETICACID,5.32,5.35,4.51,4.49,5.24,5.67,7.1,4.01,5.1,5.7,12.3,5.43,5.04,11.29,4.44,4.64,11.45,5.07
O-Benzylsulfonyl-Serine,4.95,3.56,4.05,6.0,4.53,5.05,6.64,4.07,5.1,5.94,11.79,4.17,5.07,11.53,3.94,4.4,10.7,5.13
O-acetyl-L-serine,4.84,4.36,3.63,4.77,4.49,5.06,3.66,3.66,5.09,7.08,13.12,4.22,5.04,10.44,5.01,4.04,10.68,5.15
O2-Sulfo-GlucuronicAcid,5.17,6.18,5.66,5.23,4.67,5.1,4.31,4.29,5.09,5.73,10.04,6.22,5.09,10.65,3.53,4.55,10.61,5.22
O3-Sulfonylgalactose,5.08,6.91,2.91,2.98,4.79,5.15,5.5,3.54,5.09,4.35,10.82,4.26,5.06,11.02,2.53,4.14,10.73,5.39
O4-Sulfonylgalactose,5.07,11.5,3.16,3.14,4.8,5.17,5.56,3.94,5.3,5.82,12.76,4.77,5.05,11.3,2.47,4.32,10.83,5.75
"O6-(R)-ROSCOVITINE,R-2-(6-BENZYLOXY-9-ISOPROPYL-9H-PURIN-2-YLAMINO)-BUTAN-1-OL",5.31,9.01,5.02,5.07,5.09,5.21,6.59,4.36,5.1,3.21,8.64,5.65,5.04,10.72,5.09,4.37,11.52,5.09
O6-CYCLOHEXYLMETHOXY-2-(4'-SULPHAMOYLANILINO)PURINE,5.38,6.93,4.08,4.13,5.6,6.12,5.06,5.78,5.05,5.24,13.8,5.95,5.8,11.77,6.13,5.33,10.56,5.21
OLOMOUCINEII,5.16,6.19,5.02,5.02,4.96,5.16,6.53,4.39,5.24,2.66,11.53,5.59,5.04,11.54,5.01,4.5,11.39,5.21
ONT-093,5.18,11.42,5.98,5.96,5.3,5.24,6.39,4.46,5.07,6.33,11.4,5.7,5.07,11.52,4.96,4.73,11.43,5.13
OPC-51803,5.65,3.64,6.25,6.39,5.4,4.98,6.54,6.46,5.07,5.71,12.83,5.79,5.08,10.68,7.59,5.62,10.9,5.37
ORE-1001,5.27,5.86,5.27,5.84,5.21,5.01,6.69,4.91,5.06,4.96,11.9,5.69,5.08,10.71,4.39,5.46,11.4,5.05
ORG-34517,6.18,6.25,7.84,7.77,6.7,5.33,7.35,7.05,5.73,5.55,18.58,5.9,5.09,11.74,6.37,7.1,11.3,6.22
OSI-930,5.43,7.31,4.94,4.74,5.51,5.3,5.93,4.45,5.05,7.21,15.37,6.01,5.46,11.63,5.52,4.54,11.1,5.09
Obeticholicacid,5.12,17.09,4.18,4.25,4.54,4.95,6.75,4.42,5.27,5.04,9.2,6.17,5.05,11.68,4.5,4.79,10.96,6.24
Octanoyl-CoenzymeA,5.4,9.46,5.36,5.51,5.31,5.02,5.79,4.33,5.09,11.95,5.86,7.8,5.04,11.79,5.21,4.47,11.11,5.07
Octreotide,5.67,9.12,6.41,6.59,5.29,4.89,6.48,4.56,5.09,2.97,8.0,5.67,5.0,11.43,5.03,5.21,11.13,5.13
Octylphenoxypolyethoxyethanol,5.18,2.89,5.78,5.13,4.5,5.0,6.44,4.28,5.08,5.86,10.8,5.95,5.21,11.59,4.96,4.28,11.59,5.08
Odanacatib,6.16,2.28,3.5,5.38,6.62,4.88,6.76,5.27,5.1,5.66,14.05,6.5,5.04,11.95,6.63,6.35,11.39,5.83
Ofloxacin,5.33,4.84,4.42,5.88,5.54,4.89,6.33,4.64,5.11,2.31,11.36,6.73,5.41,11.57,5.88,4.48,11.13,5.17
Olanzapine,5.03,8.37,4.91,5.29,5.22,5.12,4.75,5.31,5.55,5.61,11.65,6.69,5.64,11.59,6.17,6.01,11.54,6.14
Olaparib,5.17,4.1,7.84,7.41,5.74,4.92,6.76,4.38,5.07,5.98,11.2,7.31,5.05,11.59,6.76,4.4,11.37,5.04
Olcegepant,5.6,6.19,6.77,6.32,5.41,4.89,6.64,4.81,5.09,5.11,18.6,6.36,5.03,11.74,6.9,4.91,11.21,5.62
Oleandomycin,5.26,7.22,5.81,5.25,5.02,4.91,5.79,4.19,5.11,4.89,19.85,6.64,5.15,10.78,4.56,4.39,11.56,5.74
Olmesartan,5.59,4.44,6.99,6.83,5.26,4.84,6.27,5.13,5.07,2.5,9.42,6.04,5.04,11.71,6.46,4.99,11.5,5.06
Olmutinib,6.18,4.97,5.36,4.14,5.97,5.16,7.19,6.2,5.05,6.23,9.11,7.92,5.54,11.85,7.44,5.59,11.45,5.06
Olodaterol,5.26,8.32,4.43,4.27,5.22,4.89,7.35,6.1,5.1,5.21,11.5,5.39,6.12,11.9,4.14,5.33,11.27,5.13
Olomoucine,4.95,2.7,4.97,5.05,4.69,5.08,4.15,4.28,5.07,3.92,11.47,7.25,5.04,9.92,5.0,4.12,10.19,5.05
Olopatadine,5.32,4.45,3.29,6.19,5.24,5.07,7.01,3.97,5.32,2.09,11.05,7.35,5.03,10.74,4.76,4.17,10.91,5.88
Olsalazine,4.9,6.55,3.99,4.64,4.57,5.06,5.15,4.04,5.08,7.7,12.21,5.18,5.06,11.64,4.86,3.77,11.28,5.11
Omacetaxinemepesuccinate,5.93,6.38,7.06,6.84,5.27,4.96,6.03,4.93,5.25,3.77,23.55,5.58,5.04,11.37,5.98,5.02,11.27,5.93
Omadacycline,5.42,5.11,5.09,5.53,5.27,5.63,6.77,4.86,5.09,6.35,11.49,6.6,5.04,11.7,6.27,4.76,11.58,5.64
Omapatrilat,5.6,5.01,6.68,6.69,5.92,5.24,7.91,5.76,5.11,6.77,12.06,6.05,5.04,11.64,5.65,6.58,11.65,5.12
Ombitasvir,5.57,7.71,4.0,3.95,4.92,4.83,7.12,4.91,5.05,5.38,11.71,6.49,5.22,11.08,4.14,4.64,11.44,5.14
Omeprazole,5.09,2.13,4.62,5.62,4.75,4.93,6.25,4.35,5.07,5.68,6.63,6.42,5.04,11.56,4.36,4.2,11.44,5.05
Onapristone,5.58,7.37,2.94,5.39,7.02,4.85,7.99,7.19,5.83,11.42,10.6,5.84,5.57,11.57,6.01,6.59,11.55,6.12
Ondansetron,5.02,8.21,6.3,5.03,5.34,5.29,6.0,4.96,5.08,16.95,41.95,5.19,5.01,11.61,5.59,4.46,11.63,5.12
Opicapone,5.19,6.38,5.8,5.68,5.31,5.22,7.26,5.09,5.07,4.92,11.23,5.91,5.06,11.55,6.35,5.3,11.03,5.15
Orbifloxacin,5.85,3.25,5.94,6.2,5.01,5.05,5.83,4.85,5.17,5.58,13.06,6.46,5.04,11.47,6.53,4.35,11.3,5.16
Orciprenaline,4.83,2.93,4.67,4.57,5.02,5.13,6.37,4.75,5.14,7.39,11.18,4.4,5.05,11.33,4.01,5.11,11.35,5.19
Oritavancin,5.24,4.54,5.09,5.3,6.03,4.97,5.58,4.65,5.09,2.27,19.26,6.19,5.04,11.65,5.87,4.84,11.27,5.09
Orlistat,5.54,2.6,6.88,6.82,5.18,5.02,6.1,5.4,5.13,3.05,12.65,5.1,5.28,11.51,6.21,6.08,10.51,5.47
Ornithine,4.87,2.63,3.45,4.01,4.73,5.07,4.61,3.91,5.08,3.56,11.89,3.88,5.06,10.4,5.13,4.47,10.8,5.16
OroticAcid,4.93,4.55,4.39,4.22,4.46,5.03,5.19,3.64,5.13,2.32,10.59,4.05,5.04,11.31,3.88,3.93,10.78,5.87
Oseltamivir,5.22,6.47,4.11,4.0,6.29,5.01,4.76,5.8,5.26,3.26,10.96,4.5,5.09,11.04,7.57,5.37,11.55,6.11
Osimertinib,5.36,4.33,6.01,5.18,5.21,4.91,5.91,5.58,5.04,7.92,7.94,5.77,5.55,11.65,5.8,4.89,11.77,5.04
Ospemifene,5.21,8.03,4.1,5.49,5.84,4.83,6.34,4.62,5.07,3.5,12.77,5.44,5.04,11.59,7.43,4.49,11.61,5.09
Otamixaban,5.36,9.88,5.3,5.09,5.42,5.85,6.55,4.58,5.09,4.37,12.5,5.88,5.04,10.81,5.56,5.3,11.53,5.16
Otilonium,5.38,6.81,6.2,6.23,5.28,4.86,7.39,4.32,5.06,5.45,11.08,5.48,5.07,11.74,4.27,4.26,11.44,5.09
Ouabain,5.37,4.69,4.09,5.49,5.14,5.0,6.74,4.52,5.46,4.48,10.35,4.52,5.04,10.73,4.63,4.38,11.42,5.8
Ovalicin,5.27,5.14,6.55,6.42,4.98,4.99,5.2,5.69,5.81,3.65,19.51,6.32,5.11,11.18,5.88,5.01,10.88,6.29
Oxacillin,5.36,3.9,5.71,6.15,5.11,5.6,5.69,4.5,5.4,3.19,12.61,6.34,5.04,11.77,5.38,4.25,11.36,5.19
OxaloacetateIon,4.78,3.1,4.28,4.68,4.33,5.02,4.4,4.63,5.05,3.12,10.44,5.55,5.04,11.32,5.76,4.37,11.13,5.11
OxamicAcid,4.76,6.06,3.53,3.88,4.41,5.08,3.89,3.81,5.08,7.99,6.46,4.38,5.04,10.19,5.6,4.01,11.14,5.1
Oxamniquine,5.11,6.52,4.17,4.53,4.99,5.03,3.97,5.1,5.1,5.57,11.55,5.8,5.06,11.82,4.64,4.43,10.78,5.16
Oxaprozin,4.96,4.34,5.08,4.71,5.08,5.81,5.15,4.35,5.45,3.13,12.86,5.25,5.04,11.34,6.57,4.14,11.17,5.18
Oxazepam,5.16,5.17,4.29,5.11,4.51,5.09,6.58,4.19,5.13,3.03,13.17,6.28,5.19,11.19,4.1,4.26,10.82,5.49
Oxcarbazepine,5.23,3.54,6.06,5.51,4.83,5.01,4.17,4.53,5.1,3.22,11.73,5.93,5.36,11.57,5.01,4.6,10.5,5.09
Oxetacaine,5.12,5.39,4.71,4.94,5.03,5.17,5.34,4.14,5.11,2.74,10.8,6.85,5.05,11.57,6.01,4.15,11.41,5.29
Oxibendazole,5.32,5.65,4.25,4.9,4.88,4.88,5.24,4.02,5.07,7.21,11.36,6.7,5.11,11.27,4.97,3.93,11.15,5.06
Oxolinicacid,5.24,5.47,3.88,6.0,4.7,5.02,4.65,4.3,5.08,3.13,11.02,5.24,5.43,11.65,4.33,4.2,11.48,5.16
Oxprenolol,4.89,3.01,6.17,7.05,4.93,5.22,5.2,4.18,5.12,2.65,10.42,5.41,5.28,11.33,4.95,4.84,11.07,5.13
Oxtriphylline,5.13,7.07,5.47,5.07,4.53,4.97,4.87,4.34,5.12,5.79,15.88,6.29,5.12,10.68,4.13,4.23,11.57,5.17
Oxybenzone,5.05,2.42,4.4,5.59,4.91,6.23,4.92,4.23,5.08,4.03,6.55,4.76,5.06,11.68,4.75,4.22,11.7,5.07
Oxybuprocaine,4.87,4.74,5.41,5.56,4.73,4.86,6.01,4.47,5.14,4.78,11.43,4.69,5.05,11.58,4.15,4.52,11.47,5.32
Oxybutynin,5.25,4.76,5.99,5.84,4.98,5.86,5.8,4.46,5.06,5.26,18.39,4.54,5.71,10.88,4.31,4.17,11.44,5.12
Oxycodone,5.11,5.72,6.1,6.23,6.47,5.07,6.71,5.5,5.13,8.57,14.28,6.11,5.04,11.62,6.47,4.65,11.53,5.62
Oxymetazoline,4.92,5.28,5.05,5.96,5.31,5.14,5.62,4.58,5.29,5.22,11.53,5.87,5.03,11.48,7.05,4.45,11.66,5.16
Oxymetholone,5.2,4.28,7.14,7.04,4.89,4.94,7.71,5.05,5.19,6.06,17.48,6.01,5.09,11.23,6.26,4.85,11.13,5.94
Oxymorphone,5.18,4.92,6.6,6.11,6.52,5.09,6.33,6.12,5.27,2.9,12.7,5.54,5.04,11.6,6.49,5.04,11.61,6.02
Oxyphenbutazone,5.0,5.44,4.41,4.68,5.41,5.88,5.96,4.28,5.05,2.36,11.37,5.36,6.01,11.77,5.86,4.26,10.75,5.18
Oxyphencyclimine,5.23,6.15,3.85,3.85,5.45,5.7,5.83,6.55,5.07,8.3,10.76,5.01,5.27,11.52,5.88,4.96,11.31,5.67
Oxyphenonium,5.23,5.35,5.03,5.78,5.33,5.79,6.19,4.54,5.06,2.47,11.04,5.88,5.47,11.29,4.75,4.39,11.46,5.11
Oxypurinol,4.79,8.36,5.85,5.96,4.76,5.04,4.74,3.9,5.02,16.74,5.19,3.71,5.03,10.55,4.67,4.18,11.38,5.11
Oxytetracycline,5.36,5.48,5.64,6.4,5.43,5.13,5.36,4.5,5.08,4.57,20.68,6.88,5.04,11.86,6.71,4.63,11.61,5.31
P-(2'-Iodo-5'-Thenoyl)HydrotropicAcid,4.93,23.39,5.35,5.93,5.1,5.87,4.87,4.55,5.09,5.63,35.09,6.02,5.03,11.44,6.14,5.02,10.74,5.37
P-AnisicAcid,4.82,4.95,3.12,2.87,4.36,4.98,5.32,3.9,5.05,6.67,9.96,4.3,5.05,12.15,4.24,3.88,11.59,5.1
P-Nitrophenol,4.77,3.44,4.14,4.33,4.33,4.99,4.27,4.15,5.05,4.95,5.27,6.37,5.04,10.46,4.31,4.17,11.55,5.12
P1-(5'-Adenosyl)P5-(5'-(3'azido-3'-Deoxythymidyl))Pentaphosphate,5.04,2.8,4.78,4.05,5.29,4.87,5.59,4.89,5.08,4.81,3.64,8.73,5.04,11.72,5.28,4.41,11.24,5.22
PARA-(BENZOYL)-PHENYLALANINE,4.83,6.89,3.8,5.51,4.44,5.9,6.12,4.08,5.1,4.98,14.56,7.35,5.06,11.35,4.21,4.47,10.66,5.17
PARA-NITROBENZYLGLUTARYLGLYCINICACID,4.98,12.04,5.06,5.79,4.57,4.88,5.62,3.89,5.08,5.68,15.7,4.86,5.05,11.56,4.57,4.6,11.36,5.17
PARA-NITROPHENYL1-THIO-BETA-D-GLUCOPYRANOSIDE,5.38,3.73,3.87,4.24,4.53,4.92,6.45,3.1,5.07,6.78,12.1,3.65,5.36,11.29,3.66,3.92,11.22,5.08
PARA-NITROPHENYLPHOSPHONOBUTANOYL-GLYCINE,5.13,5.0,6.04,6.06,4.49,4.9,7.91,4.42,5.1,5.68,11.95,4.77,5.04,11.52,4.91,4.33,11.48,5.3
PAS219,5.06,11.71,5.92,5.17,4.53,5.04,5.31,3.82,5.06,9.14,10.91,4.91,5.04,11.41,4.14,3.82,11.47,5.31
PASBN,4.97,3.97,6.48,6.03,4.62,5.04,5.41,3.8,5.09,9.02,9.39,5.64,5.05,11.33,4.37,3.83,11.62,5.59
PD-0325901,5.69,3.77,6.45,7.17,5.26,5.21,5.36,5.89,5.08,3.43,11.51,7.17,5.0,10.86,6.84,5.46,11.27,5.02
PF-00356231,5.22,7.22,4.41,4.65,5.04,5.55,6.3,4.25,5.03,8.33,12.44,7.33,5.03,11.03,6.06,4.36,11.56,5.11
PH-797804,5.48,5.18,7.18,7.87,5.64,4.97,5.17,4.78,5.04,4.43,27.16,6.1,5.31,10.75,6.3,4.9,11.48,5.07
"PHENYL-5-(1H-PYRAZOL-3-YL)-1,3-THIAZOLE",4.85,4.07,6.93,6.43,4.98,5.63,5.69,4.6,5.07,2.8,12.93,6.69,5.11,11.55,5.03,5.16,11.71,5.08
PHENYLALANYLAMINODI(ETHYLOXY)ETHYLBENZENESULFONAMIDEAMINOCARBONYLBENZENESULFONAMIDE,5.28,3.21,6.35,6.96,5.19,5.96,6.95,4.24,5.1,3.67,11.62,5.37,5.03,11.59,6.14,4.37,11.12,5.2
"PHENYLAMINOIMIDAZO(1,2-ALPHA)PYRIDINE",5.97,6.03,6.22,6.81,4.71,5.88,6.81,4.67,5.06,6.38,13.13,5.57,5.16,11.98,6.18,4.61,11.47,5.36
PHENYL[1-(N-SUCCINYLAMINO)PENTYL]PHOSPHONATE,5.13,2.23,5.93,4.7,4.33,5.23,5.77,4.01,5.12,6.99,12.32,4.91,5.09,11.84,5.45,4.16,11.56,5.43
PHOSPHONICACID2-DODECANOYLAMINO-HEXYLESTERPROPYLESTER,5.03,9.97,4.54,5.35,5.17,4.89,5.96,4.08,5.08,11.89,13.45,5.34,5.06,11.45,5.24,4.44,11.15,5.08
PICEATANNOL,4.91,10.81,5.14,4.66,4.91,5.02,6.07,4.67,5.3,14.06,10.98,5.74,5.11,11.96,5.81,4.46,11.73,6.1
PNU177836,5.58,7.83,6.8,6.23,5.25,5.08,6.55,3.78,5.08,3.53,16.44,5.91,5.16,12.55,5.37,4.66,10.76,5.08
PPI-2458,5.33,5.88,4.13,4.16,5.46,4.94,7.86,5.19,5.09,6.0,16.17,6.4,5.42,10.9,5.32,5.36,10.73,5.14
PPL-100,5.63,4.2,4.9,6.21,6.18,7.34,8.0,7.44,5.07,3.81,10.64,7.21,5.04,11.59,5.66,6.2,10.78,5.05
PR-104,5.35,5.54,6.28,5.62,4.9,4.91,4.87,4.4,5.08,1.81,23.07,4.73,5.62,11.5,3.82,4.32,11.11,6.08
PROGESTERONE-11-ALPHA-OL-HEMISUCCINATE,5.36,2.77,5.44,4.97,4.96,5.12,6.98,5.18,5.38,3.4,11.65,5.88,5.18,10.75,4.21,4.95,11.57,6.27
PRX-07034,5.55,3.3,5.8,6.23,5.08,4.84,5.16,5.83,5.55,4.22,14.51,4.94,5.79,11.64,4.29,4.6,11.07,6.05
PRX-08066,5.66,5.92,6.71,6.81,5.72,4.94,5.97,5.11,5.05,5.06,10.15,5.29,5.03,11.68,6.3,4.58,11.3,5.06
PUROMYCINAMINONUCLEOSIDE-5'-MONOPHOSPHATE,5.25,15.79,3.11,2.95,5.29,5.02,5.47,5.07,5.06,17.14,13.71,6.88,5.15,11.29,4.78,4.48,11.42,5.23
PX-12,4.76,9.35,3.63,4.56,4.42,5.04,6.51,4.64,5.07,10.65,41.63,6.79,5.07,10.43,3.93,4.57,11.8,5.19
PX-478,5.36,5.95,4.62,3.83,4.59,4.85,5.82,3.83,5.11,6.84,16.98,5.02,5.07,11.56,4.76,4.19,11.64,5.14
"PYRIMIDINE-4,6-DICARBOXYLICACIDBIS-(3-METHYL-BENZYLAMIDE)",5.13,2.23,6.76,6.16,5.15,4.91,6.6,4.62,5.06,4.24,12.32,6.41,5.04,10.53,4.16,4.2,11.39,5.07
"PYRIMIDINE-4,6-DICARBOXYLICACIDBIS-(4-FLUORO-3-METHYL-BENZYLAMIDE)",5.35,6.91,5.04,4.76,5.19,4.84,6.68,4.86,5.05,3.94,12.81,6.32,5.06,10.68,4.48,4.68,11.47,5.06
"PYRIMIDINE-4,6-DICARBOXYLICACIDBIS-[(PYRIDIN-3-YLMETHYL)-AMIDE]",5.19,5.52,4.46,4.36,5.09,4.91,5.59,4.16,5.05,4.78,12.24,6.29,5.05,10.67,4.55,4.13,11.3,5.05
Paclitaxel,5.38,5.0,4.93,6.11,4.95,5.23,6.11,4.72,5.09,6.01,15.55,6.34,5.04,11.34,5.77,4.9,11.53,5.44
Paclitaxeldocosahexaenoicacid,5.07,4.7,6.75,6.88,5.27,5.05,6.17,4.55,5.26,6.44,19.56,6.81,5.04,11.5,6.45,4.69,11.55,5.89
Pagoclone,5.32,5.17,5.98,6.69,5.47,4.98,5.84,5.81,5.07,3.69,17.15,6.44,5.04,10.92,5.98,4.99,11.03,5.33
Palbociclib,5.38,5.01,4.89,4.7,5.88,4.88,5.34,4.85,5.51,2.82,12.42,5.6,5.5,11.77,7.51,4.45,11.69,5.81
Palifosfamide,4.82,2.73,3.21,4.74,4.44,4.96,4.08,3.9,5.07,2.3,12.16,4.83,5.05,11.14,5.47,4.13,11.62,5.09
Paliperidone,5.54,2.66,5.7,6.56,6.43,5.18,6.59,4.94,5.08,7.96,13.6,6.47,5.03,11.78,6.44,5.8,11.02,5.19
Palmitoyl-LinoleoylPhosphatidylcholine,5.21,4.99,5.85,6.41,4.84,5.08,6.69,4.59,5.09,17.24,32.85,5.97,5.05,11.55,7.23,4.66,11.15,5.13
Pamidronicacid,5.07,4.03,6.17,5.32,4.78,5.07,5.4,5.03,5.05,10.04,18.77,3.33,5.12,11.52,4.53,4.48,11.62,5.12
Panobinostat,5.16,17.64,5.45,5.5,4.81,5.07,7.05,3.76,5.16,3.81,3.37,5.02,5.1,11.53,5.33,4.56,11.43,6.02
Pantoprazole,5.16,8.73,5.01,5.45,4.92,4.84,6.26,4.56,5.07,2.45,7.77,5.01,5.07,11.82,5.0,4.18,11.56,5.23
Para-BromobenzylAlcohol,4.77,5.43,4.35,4.7,4.57,5.07,3.4,4.43,5.06,6.2,13.37,4.34,5.08,10.41,5.38,4.1,11.52,5.07
Parachlorophenol,4.77,4.7,3.55,4.23,4.22,5.06,4.37,4.28,5.07,9.78,14.09,4.62,5.04,10.41,3.36,4.19,11.61,5.09
Paramethasone,5.44,9.13,6.77,6.82,6.25,4.96,6.57,5.06,5.73,7.34,10.3,7.62,5.04,11.58,7.32,5.08,11.59,6.06
Pardoprunox,5.33,3.59,4.93,5.73,5.06,5.15,6.89,4.64,5.26,4.38,11.23,5.48,5.34,11.74,4.96,4.59,11.58,5.72
Parecoxib,5.21,2.4,6.05,6.76,5.36,6.65,5.18,4.29,5.11,3.44,11.69,6.3,5.04,11.57,6.56,4.48,11.52,5.72
Paricalcitol,5.7,6.31,7.53,7.16,5.31,4.9,6.34,4.62,5.15,6.24,12.15,5.92,5.16,10.97,6.63,5.32,10.86,6.08
Paritaprevir,6.17,7.38,6.67,5.95,6.05,5.1,5.27,5.61,5.07,1.58,11.46,6.99,5.04,11.85,6.11,4.92,11.31,5.07
Pasireotide,6.02,9.4,5.42,6.54,5.8,4.93,5.88,4.63,5.09,2.77,8.12,7.04,5.02,11.05,7.0,4.91,11.46,5.12
PatentBlue,5.4,5.8,4.52,5.06,4.76,4.82,6.26,4.54,5.08,5.3,23.66,5.93,5.19,10.51,4.46,4.74,11.11,5.29
Patupilone,5.26,6.66,7.16,7.04,5.07,5.16,5.96,4.38,5.06,6.11,15.21,5.22,5.73,11.32,4.22,4.34,11.59,5.37
Pavinetant,5.44,4.85,7.42,6.96,4.93,6.12,6.7,4.77,5.06,5.98,10.9,7.18,5.03,11.2,6.72,4.76,11.55,5.09
Pazopanib,6.19,3.22,5.12,5.42,5.82,5.1,6.85,5.92,5.14,3.24,12.0,5.96,5.13,12.5,5.18,5.86,11.75,5.15
Pazufloxacin,5.42,5.8,5.7,5.96,5.85,4.85,6.78,4.61,5.09,5.05,10.7,6.62,5.04,11.66,5.88,4.46,11.16,5.48
Pefloxacin,5.57,5.89,4.92,5.67,5.0,4.87,5.69,4.29,5.07,7.91,15.53,5.44,5.58,11.51,5.49,4.37,11.55,5.49
Peldesine,5.04,5.91,5.27,6.02,4.87,4.97,5.33,4.35,5.07,6.69,15.5,6.2,5.03,10.75,6.43,4.33,11.25,5.05
Pelitinib,5.74,2.15,4.96,5.25,5.18,4.99,5.38,5.18,5.07,7.11,5.37,6.53,5.01,11.48,5.05,4.6,10.65,5.17
Pemetrexed,5.31,4.73,5.09,5.84,4.75,4.92,5.77,4.31,5.05,4.09,7.44,4.6,5.04,10.36,4.96,4.41,11.51,5.05
Penbutolol,5.22,3.4,8.25,8.44,5.96,5.38,7.24,4.72,5.07,19.07,12.47,6.47,5.02,10.71,7.69,5.5,10.96,5.38
Penfluridol,6.21,3.3,5.46,5.51,5.74,5.06,7.87,5.14,5.17,3.81,9.67,5.94,5.08,11.6,6.17,5.41,11.64,5.64
Penicillamine,4.9,5.44,3.73,3.71,4.41,5.07,4.81,3.77,5.19,5.07,13.26,4.65,5.06,10.59,4.12,3.98,11.58,5.35
Pentanal,4.76,5.19,4.29,5.05,4.38,5.09,4.13,4.34,5.12,8.28,14.95,3.81,5.04,10.38,5.02,4.31,11.28,5.17
Pentazocine,5.36,4.78,7.62,6.88,6.14,5.02,6.81,4.96,5.28,6.1,15.58,5.22,5.03,11.52,6.74,5.26,11.61,5.21
Pentosanpolysulfate,5.17,6.1,3.73,3.87,4.87,5.02,4.34,4.14,5.09,5.87,14.21,5.23,5.03,10.65,4.18,4.04,11.19,5.22
Pentostatin,5.23,2.41,6.75,6.72,5.17,5.05,5.64,3.94,5.5,7.3,13.2,4.75,5.12,11.32,5.26,4.43,11.68,5.2
Pentoxifylline,5.1,9.93,4.4,4.44,4.61,5.08,4.32,4.29,5.1,52.55,20.89,5.38,5.1,10.67,4.25,4.15,10.66,5.06
Pergolide,5.15,5.73,6.35,6.69,5.42,4.86,7.11,5.42,5.12,5.76,11.05,7.19,5.02,11.69,5.43,4.67,11.64,5.1
Periciazine,5.29,8.23,6.32,6.29,5.25,5.24,6.89,5.71,5.22,7.08,13.18,6.27,6.31,12.38,4.24,4.75,11.67,5.18
Perindopril,5.6,6.28,5.34,5.66,5.18,5.13,4.74,4.48,5.06,5.22,11.18,6.77,5.01,11.31,5.88,4.59,11.54,5.14
Perphenazine,5.25,6.45,4.66,5.67,5.65,5.0,6.97,4.62,5.34,5.05,10.91,5.87,5.97,12.14,3.78,4.63,11.61,5.15
Pexidartinib,5.24,8.4,6.92,6.38,5.6,4.85,6.76,5.25,5.07,4.41,13.69,6.88,5.06,11.6,6.62,5.2,11.6,5.06
Phenacemide,4.81,7.95,4.03,4.19,4.77,5.03,4.64,4.39,5.08,8.47,16.62,3.99,5.04,11.17,4.05,4.45,11.44,5.14
Phenacetin,4.91,4.49,3.93,4.83,4.53,5.02,4.5,4.02,5.08,2.34,11.38,3.94,5.09,10.82,4.01,4.05,11.35,5.13
Phenazopyridine,4.98,13.64,3.96,4.5,4.74,4.97,5.25,4.52,5.07,11.23,4.04,5.24,5.07,11.49,3.74,4.35,11.48,5.06
Phenformin,4.8,4.52,5.71,4.82,4.58,5.06,5.42,4.39,5.1,3.93,20.44,5.01,5.05,11.36,3.46,4.32,11.09,5.11
Phenindamine,4.99,6.76,7.44,7.19,5.39,5.99,6.81,4.82,5.05,21.54,15.13,8.57,5.03,11.24,7.66,4.66,11.5,5.13
Phenindione,4.91,9.28,3.89,4.8,4.55,5.03,5.12,4.14,5.06,7.18,17.77,6.64,5.03,10.46,4.94,4.15,10.9,5.13
Phenol,4.76,6.42,3.83,3.34,4.43,5.03,3.54,3.96,5.03,8.42,16.05,6.53,5.04,10.09,3.72,4.11,11.65,5.12
Phenolphthalein,5.1,4.61,3.85,4.3,5.04,4.84,6.01,4.12,5.15,3.77,10.36,6.6,5.04,11.31,5.69,4.31,10.74,5.56
Phenothiazine,5.07,8.81,3.42,3.72,4.71,5.09,5.47,4.44,5.12,7.31,18.83,6.48,5.1,11.15,3.23,4.52,11.46,5.72
Phenoxymethylpenicillin,5.33,7.85,4.27,5.63,4.63,5.31,5.97,4.21,5.24,2.75,11.3,6.84,5.05,11.59,5.88,4.57,11.12,6.03
Phenprocoumon,5.2,4.97,4.56,5.76,4.71,5.26,5.54,3.93,5.07,9.95,13.76,6.49,5.03,11.57,5.06,4.42,11.48,5.13
Phenserine,5.77,3.21,3.79,4.19,5.87,5.05,7.16,6.01,5.05,8.43,15.58,6.38,5.24,11.57,4.21,6.04,11.49,5.23
Phentolamine,5.07,4.63,7.19,7.41,4.76,4.88,7.2,4.32,5.03,6.29,14.19,5.26,5.08,11.6,5.78,4.21,11.72,5.11
Phenylalanine,4.85,3.13,3.6,5.23,4.59,5.16,4.72,3.96,5.09,2.62,10.04,5.08,5.07,11.25,2.83,4.19,10.61,5.47
Phenylalanine-N-Sulfonamide,5.09,5.58,6.22,5.52,4.63,5.44,6.59,4.3,5.09,2.25,4.92,4.23,5.03,10.94,4.34,4.6,11.02,5.2
Phenylalanylmethylchloride,4.83,7.3,3.05,3.74,4.67,5.19,5.65,4.3,5.1,2.55,19.44,4.92,5.16,11.65,3.17,4.37,11.63,5.14
Phenylephrine,4.87,5.26,4.72,4.96,4.95,5.4,4.44,4.56,5.16,17.68,8.13,3.98,5.05,11.36,3.89,4.67,11.68,5.13
Phenylpropanolamine,5.05,10.09,3.43,4.12,4.65,5.74,5.07,3.81,5.08,2.58,8.23,5.47,5.08,10.95,3.85,3.92,11.61,5.14
Phenylpyruvicacid,4.79,3.53,4.29,4.75,4.46,5.04,5.03,4.29,5.09,3.85,13.56,3.75,5.07,11.51,4.02,4.37,11.51,5.15
Phenylsalicylate,4.95,7.4,6.01,6.04,4.42,5.07,5.91,4.0,5.09,3.74,8.2,6.1,5.08,11.94,4.65,4.16,11.53,5.22
Phenytoin,5.16,5.73,3.99,4.45,4.56,5.53,5.29,3.8,5.32,16.5,10.98,4.96,5.06,11.51,6.84,4.1,11.39,5.96
Pholcodine,5.36,5.65,5.38,4.48,5.73,5.08,6.62,4.88,5.06,6.52,10.71,6.99,5.04,11.6,6.13,4.47,11.49,5.44
Phosphatidylethanol,5.51,3.92,6.68,6.18,4.92,5.1,6.79,5.03,5.1,4.88,10.59,6.46,5.08,11.72,6.14,4.92,11.04,5.08
Phosphatidylethanolamine,5.02,6.41,7.29,7.23,4.79,5.0,7.11,4.86,5.09,6.93,10.53,4.68,5.06,11.62,6.23,5.36,11.12,5.1
Phosphatidylserine,5.26,2.04,5.91,6.81,4.73,5.02,5.46,3.98,5.08,3.69,12.05,4.45,5.05,11.62,4.57,4.82,11.11,5.36
PhosphoaminophosphonicAcid-AdenylateEster,4.92,8.62,4.99,5.14,5.19,4.94,5.08,4.8,5.08,4.26,13.87,5.23,5.05,11.08,5.1,4.38,11.11,5.07
Phosphoaminophosphonicacidguanylateester,5.23,9.22,4.14,4.83,4.61,5.01,5.73,4.73,5.09,2.89,11.61,5.68,5.04,10.45,5.2,4.3,11.21,5.11
Phosphocreatine,5.23,5.14,4.39,5.97,4.55,5.07,4.8,4.04,5.06,2.68,14.26,4.88,5.08,11.22,4.33,4.36,11.03,5.2
PhosphoglycolohydroxamicAcid,4.77,2.78,6.32,5.26,4.4,5.07,3.88,4.57,5.08,4.82,39.21,4.14,5.05,10.63,4.26,4.39,11.22,5.55
Phosphomethylphosphonicacidguanosylester,5.36,6.02,4.15,4.52,4.48,5.06,5.86,4.57,5.24,6.54,12.88,4.82,5.04,10.42,5.0,4.28,11.18,5.38
PhosphonoacetohydroxamicAcid,4.91,6.45,6.39,5.67,4.64,5.03,4.94,4.62,5.19,5.13,18.47,4.08,5.04,10.59,5.17,4.23,11.6,5.16
Phosphonothreonine,4.87,3.94,3.81,4.2,5.07,5.02,4.24,3.48,5.12,2.65,30.09,4.46,5.07,10.64,4.3,3.8,10.81,5.84
Phosphonotyrosine,5.09,3.06,3.16,3.0,4.58,4.84,6.38,3.45,5.1,3.28,5.09,4.07,5.11,11.08,4.09,3.81,11.6,5.17
Phosphoramidon,5.55,3.06,5.62,6.03,5.09,5.03,6.15,6.24,5.17,2.58,10.34,7.13,5.03,11.5,5.85,6.29,11.42,5.21
PhosphoricAcid-2'-[2'-Deoxy-Uridine]Ester-5'-GuanosineEster,5.49,6.35,6.18,6.16,5.24,4.96,5.81,4.88,5.1,7.76,12.19,6.32,5.04,10.89,4.77,4.35,11.49,5.13
"PhosphoricAcidMono-[3-Fluoro-5-(5-Methyl-2,4-Dioxo-3,4-Dihydro-2h-Pyrimidin-1-Yl)-Tetrahyro-Furan-2-Ylmethyl]Ester",5.66,7.26,4.98,4.78,5.02,5.04,5.55,5.24,5.44,6.85,19.94,5.48,5.13,10.69,4.81,4.63,11.4,5.5
Phosphorylcolamine,4.76,2.65,5.45,4.36,4.42,5.09,3.22,4.27,5.07,3.32,14.69,4.37,5.04,10.27,3.16,4.45,11.61,5.09
Physostigmine,5.75,2.82,4.07,4.41,6.23,4.98,7.34,7.4,5.05,10.49,16.71,6.97,5.31,11.68,4.11,6.13,11.66,5.13
Piboserod,5.12,12.29,4.02,5.44,6.19,4.93,6.84,6.22,5.08,8.7,12.53,5.3,5.03,11.7,4.99,5.65,11.25,5.15
Pibrentasvir,5.85,4.45,4.93,6.36,5.7,5.0,6.19,5.64,5.09,6.31,9.04,6.9,5.04,11.4,4.99,4.62,11.16,5.38
Piclamilast,5.23,6.36,5.86,5.76,6.02,4.89,4.65,5.42,5.04,2.45,15.64,4.68,5.09,11.49,4.17,5.59,11.33,5.12
Piclidenoson,5.61,6.07,5.91,5.79,5.3,4.86,7.42,7.36,5.08,5.87,14.77,5.06,5.16,10.83,5.42,4.63,11.12,5.09
Pidolicacid,4.85,1.92,5.6,5.99,4.42,5.05,4.19,3.98,5.14,3.15,11.88,3.05,5.04,10.72,3.98,3.88,11.11,5.61
Pilaralisib,5.63,7.7,4.95,4.14,5.45,5.18,6.74,5.64,5.07,6.21,13.21,6.86,5.94,11.84,5.7,4.54,11.5,5.15
Pilsicainide,5.07,4.71,4.0,4.11,5.14,5.05,6.02,4.47,5.16,2.1,11.05,5.31,5.04,11.67,3.96,4.6,11.6,5.51
Pimavanserin,5.55,3.07,6.05,6.2,5.14,4.86,6.46,4.5,5.07,5.16,12.3,6.11,5.06,10.33,4.48,4.68,11.27,5.32
Pimecrolimus,5.74,7.62,7.65,7.83,5.19,5.06,7.24,7.58,5.4,3.38,21.23,6.48,5.04,11.48,8.67,5.93,11.02,6.06
Pimobendan,5.19,5.9,4.42,4.36,5.12,4.84,5.42,4.14,5.06,3.29,11.21,6.28,5.04,11.64,6.51,4.03,11.47,5.09
Pimozide,5.41,4.96,5.66,5.65,5.15,4.87,6.14,4.82,5.16,6.21,12.07,6.38,5.12,11.54,4.27,4.55,11.6,5.86
Pinacidil,4.94,6.22,6.48,6.52,4.75,5.03,4.95,4.58,5.05,2.3,12.4,4.42,5.07,11.52,4.12,5.31,11.56,5.12
Pinaverium,5.33,16.57,5.96,6.28,5.23,4.97,6.89,4.6,5.06,14.93,25.45,5.94,5.43,12.22,6.01,4.5,10.94,5.13
Pindolol,4.9,6.51,7.23,7.28,5.0,5.17,5.41,4.63,5.08,9.41,11.89,4.01,5.09,10.94,6.48,4.73,11.01,5.11
Pioglitazone,5.33,10.94,4.36,6.34,5.5,4.96,5.46,4.34,5.12,7.95,5.23,5.91,5.05,11.68,5.01,4.59,11.47,5.11
Pipamperone,5.56,6.45,5.39,5.35,5.16,4.84,5.08,4.8,5.09,6.35,9.9,6.39,5.06,11.66,5.12,5.07,11.63,5.43
Pipemidicacid,5.31,4.37,6.0,5.38,4.79,4.95,4.82,4.98,5.31,3.11,10.67,5.82,5.05,11.65,5.27,4.26,11.68,5.29
Piperacillin,5.48,2.71,4.58,4.66,5.09,5.82,5.85,4.33,5.11,8.29,13.8,6.27,5.05,11.66,6.17,4.58,10.95,5.22
Pipotiazine,5.38,8.84,5.69,5.72,5.25,6.17,7.12,5.62,5.05,8.76,8.17,5.48,6.21,12.17,4.79,4.97,11.32,5.12
Pipradrol,5.1,2.96,7.45,6.94,4.95,5.53,5.97,4.29,5.03,2.71,10.21,5.76,5.04,11.6,4.97,4.26,11.61,5.13
Pirbuterol,4.9,5.84,5.35,5.04,5.44,4.97,6.16,4.42,5.09,6.98,15.17,4.47,5.04,11.26,4.02,4.55,11.62,5.17
Pirenzepine,5.16,5.0,5.16,4.43,5.22,5.09,6.03,5.05,5.42,6.89,12.8,6.24,5.4,11.61,5.54,5.32,10.85,6.03
Piretanide,5.18,11.34,6.01,5.98,5.26,5.66,6.71,4.17,5.08,24.32,12.22,6.68,6.06,12.05,4.49,4.41,11.49,5.31
Piritrexim,5.42,4.86,4.85,4.74,6.31,5.08,5.37,7.69,5.09,5.2,25.02,5.91,5.04,11.57,4.79,6.07,11.36,5.03
Piroxicam,5.3,7.93,6.19,6.62,4.98,5.18,4.77,4.21,5.1,3.43,8.67,5.41,5.08,11.59,5.05,4.22,10.65,5.27
Pitavastatin,5.55,3.52,4.39,4.67,5.89,5.37,5.65,5.32,5.15,3.46,11.66,6.0,5.71,11.7,4.91,5.79,11.41,5.7
PlateletActivatingFactor,5.15,12.4,6.51,6.17,4.73,5.21,6.19,4.26,5.08,8.07,10.6,4.67,5.04,10.84,6.5,4.13,10.94,5.22
Plazomicin,5.35,7.81,4.56,5.31,4.98,4.93,5.98,5.17,5.15,5.27,12.69,6.37,5.07,10.96,4.49,5.14,11.41,5.76
Plinabulin,5.19,4.83,5.39,4.8,4.43,5.21,5.88,4.3,5.05,7.14,10.94,6.01,5.17,10.34,5.28,4.23,10.88,5.5
Plitidepsin,5.53,5.15,6.19,7.08,5.71,4.97,6.34,5.17,5.13,4.83,11.6,6.69,5.03,11.64,7.19,5.41,10.92,5.26
Podofilox,5.22,2.85,5.12,5.53,5.19,5.17,7.81,4.49,5.1,4.08,14.0,5.24,5.06,11.52,4.9,4.63,11.16,5.11
Polaprezinc,5.06,3.38,5.03,4.3,4.56,5.12,4.44,4.52,5.08,6.39,24.89,5.75,5.04,10.31,3.94,4.38,11.61,5.07
PolymyxinB,5.96,11.91,4.61,6.33,5.32,4.94,6.62,4.94,5.17,5.69,13.51,6.4,5.02,11.05,4.82,5.17,10.82,5.17
Polythiazide,5.99,15.5,4.51,5.03,5.17,4.91,7.0,4.98,5.15,8.42,13.67,6.68,5.19,10.81,7.24,4.62,11.05,5.78
Pomalidomide,5.06,3.74,5.44,4.73,5.16,5.1,4.3,5.03,5.24,4.66,13.31,7.85,5.02,10.48,5.15,4.65,10.89,5.81
Ponatinib,5.85,3.01,8.0,7.93,6.09,4.83,5.66,8.59,5.09,3.29,14.58,7.67,5.06,11.78,6.16,6.03,11.53,5.06
Porfiromycin,5.47,6.12,5.65,4.63,6.13,4.95,5.93,4.41,5.38,4.54,10.93,5.59,5.04,11.57,7.37,4.41,11.49,5.75
Porphobilinogen,5.01,7.84,3.5,3.82,4.98,5.09,5.4,4.3,5.37,2.88,11.02,4.36,5.02,11.6,6.36,4.4,11.63,5.85
PorphyrinFe(III),5.16,5.48,5.22,4.94,4.68,5.02,5.89,4.43,5.15,8.96,10.53,7.0,5.12,11.35,4.89,4.6,11.58,5.76
Posaconazole,5.39,5.16,5.24,6.15,5.95,5.01,6.61,5.67,5.15,5.31,13.69,8.0,5.32,10.86,6.0,5.65,10.95,5.69
Posizolid,6.23,15.42,4.54,4.72,5.28,4.81,5.87,5.47,5.38,10.47,21.22,5.92,5.46,10.85,4.99,5.18,11.25,5.86
Potassiumgluconate,4.87,4.92,3.55,5.61,4.52,5.07,4.34,3.82,5.11,3.78,11.0,4.74,5.04,11.27,3.79,3.96,11.62,5.07
Pracinostat,5.95,8.52,4.28,5.01,4.95,4.94,6.97,5.36,5.36,5.6,11.04,4.96,5.37,11.76,5.64,4.93,11.54,5.49
Practolol,5.05,4.34,4.26,4.89,4.56,5.13,6.17,4.66,5.07,2.9,10.24,4.83,5.11,10.74,4.16,4.35,11.36,5.06
Pradigastat,5.82,5.97,6.41,6.3,5.45,4.84,7.21,4.68,5.17,5.44,24.92,5.44,5.05,11.59,5.89,5.08,11.15,5.69
Pralatrexate,5.48,5.53,6.16,5.63,5.14,4.88,7.16,4.79,5.05,2.95,5.7,5.39,5.02,10.65,5.0,5.26,11.47,5.09
Pralidoxime,4.81,4.75,4.08,4.61,4.31,5.05,4.02,3.25,5.07,4.61,12.52,5.96,5.03,10.57,4.02,3.89,11.57,5.16
Pralnacasan,6.09,3.87,5.0,4.55,5.5,5.52,6.06,6.14,5.24,17.77,17.78,7.39,5.03,11.23,6.0,5.42,11.16,5.15
Pramipexole,5.01,4.81,7.94,7.21,5.11,5.08,5.47,4.35,5.06,5.55,11.35,6.33,5.27,10.55,6.35,4.47,11.48,5.11
Pranlukast,5.27,7.01,7.24,4.99,4.97,5.19,6.68,4.49,5.07,5.14,7.02,7.07,5.22,11.7,6.69,4.52,11.56,5.09
Prasterone,5.17,5.98,7.13,6.69,4.86,5.0,6.87,4.68,5.21,5.73,12.03,5.65,5.19,11.58,6.03,4.48,11.24,5.7
Prasteronesulfate,5.31,2.94,6.04,5.48,4.82,5.02,7.96,4.35,5.13,5.05,11.06,5.2,5.23,11.73,4.86,4.21,11.1,5.51
Prasugrel,5.33,7.88,6.63,6.88,5.25,5.17,6.14,5.45,5.31,3.21,8.4,6.48,5.03,11.75,6.25,5.73,11.02,5.5
Pravastatin,5.69,9.46,4.22,6.18,5.36,4.94,5.24,4.97,5.11,2.42,7.82,5.74,5.16,10.82,6.32,5.01,10.56,5.66
Praziquantel,5.04,5.69,3.79,4.53,5.45,5.15,6.24,4.34,5.12,5.47,11.04,6.3,5.07,11.55,6.2,3.89,10.74,5.94
Prednicarbate,5.51,5.8,6.37,6.82,6.26,4.88,6.86,6.45,5.69,1.8,14.24,5.93,5.04,10.82,5.55,5.57,11.4,6.23
Prednisolone,5.59,2.81,5.93,5.91,5.33,4.95,6.51,5.88,5.83,3.2,14.14,5.81,5.07,10.72,5.77,5.33,11.52,6.06
Prednisoloneacetate,5.46,8.88,5.6,5.82,5.97,4.89,5.94,5.63,5.61,6.5,20.5,5.45,5.04,10.86,5.22,5.03,11.16,6.03
Prednisolonehemisuccinate,5.48,6.35,5.8,6.43,6.05,4.91,6.23,5.02,5.76,4.88,11.02,4.63,5.04,10.85,5.48,5.06,11.61,6.24
Prednisolonephosphate,5.56,8.95,7.2,6.65,5.89,4.9,5.84,5.0,5.6,2.73,8.07,5.51,5.04,11.09,5.02,4.96,11.47,6.13
Prednisone,5.5,2.99,6.48,5.87,5.28,4.97,7.01,5.31,5.54,5.15,16.34,5.22,5.04,10.6,5.45,5.02,11.52,5.89
Prednisoneacetate,5.43,4.08,6.73,5.68,5.9,4.94,6.81,4.68,5.25,5.0,11.7,6.04,5.07,11.03,5.46,4.7,11.11,5.88
Prednylidene,5.7,8.2,5.56,5.91,5.43,4.98,6.43,4.77,5.75,5.36,12.86,7.46,5.05,10.82,5.48,5.07,11.52,6.14
Pregabalin,4.9,5.05,4.32,5.16,4.34,5.08,3.4,4.59,5.08,4.38,11.68,4.54,5.08,10.51,4.69,4.04,11.44,5.16
Pregnenolone,5.24,3.97,6.75,6.11,4.85,5.06,7.44,4.57,5.09,3.11,12.37,5.88,5.17,11.6,5.72,4.62,11.55,5.47
Prilocaine,4.93,2.87,3.96,4.72,5.16,5.12,5.28,4.32,5.05,4.38,11.09,5.91,5.62,11.47,4.12,4.35,11.12,5.15
Primaquine,4.84,7.17,6.87,6.0,4.91,5.07,4.98,4.29,5.07,5.77,13.13,4.92,5.12,11.81,4.25,4.35,10.85,5.05
Primidone,4.88,5.77,6.48,5.57,4.87,6.07,4.73,4.0,5.38,5.17,13.41,5.11,5.02,11.45,4.49,4.07,11.1,5.88
Probucol,5.06,7.62,5.3,4.62,5.08,4.91,5.01,4.35,5.1,12.22,10.19,5.48,5.04,11.3,6.22,4.27,11.6,5.21
Procainamide,4.84,5.57,4.77,5.8,4.64,6.0,5.2,4.39,5.52,9.32,12.72,5.71,5.05,11.44,4.01,4.27,11.73,6.03
Procarbazine,5.15,5.99,6.44,6.92,4.4,4.91,4.41,4.28,5.06,5.23,20.72,5.46,5.04,11.45,4.25,4.39,11.4,5.04
Procaterol,5.08,11.53,7.48,7.04,5.38,5.02,5.86,3.95,5.08,27.8,4.7,6.36,5.31,11.45,6.91,4.45,11.64,5.54
Procyclidine,5.18,3.14,5.93,6.02,5.68,5.56,4.79,4.54,5.14,2.87,6.54,4.96,5.04,11.46,5.11,4.75,11.57,5.62
Progabide,5.25,8.94,5.19,5.4,4.91,4.85,6.27,4.41,5.07,4.4,11.16,5.75,5.07,11.8,5.06,4.72,10.73,5.15
Progesterone,5.41,4.16,5.92,4.74,4.99,5.09,6.87,6.17,5.09,5.86,20.92,5.21,5.16,10.68,4.96,5.08,11.09,5.91
Proline,4.76,6.02,6.54,5.72,4.4,5.05,2.73,3.52,5.08,9.1,14.62,3.1,5.07,10.55,4.89,3.7,11.41,5.16
Promegestone,5.56,10.54,7.28,7.33,5.43,5.13,6.76,5.96,5.16,6.11,11.62,6.61,5.08,11.63,4.18,5.97,10.87,6.28
Propacetamol,5.16,9.32,4.07,4.41,4.47,4.92,5.77,4.38,5.08,2.32,8.43,4.96,5.09,10.58,3.94,4.15,11.44,5.22
Propafenone,5.08,4.5,5.81,7.38,5.02,5.06,5.79,4.39,5.06,8.16,21.99,6.01,5.04,10.68,6.75,5.78,11.43,5.09
Propantheline,5.11,4.84,4.42,4.98,5.39,5.28,7.29,4.59,5.06,7.53,11.17,6.91,5.06,11.33,5.86,4.34,11.47,5.1
Propentofylline,5.14,7.41,4.84,5.13,4.66,5.08,4.49,4.33,5.12,7.24,16.67,6.04,5.13,10.7,4.1,5.3,10.71,5.1
Propiomazine,5.16,2.66,5.8,6.66,5.87,5.37,6.7,4.48,5.07,3.4,15.54,5.48,5.78,12.39,4.58,4.87,11.1,5.93
Propofol,4.8,4.01,5.86,5.55,4.82,4.96,6.42,4.29,5.06,4.45,10.84,5.97,5.09,11.91,3.53,4.06,11.13,5.14
Propranolol,4.91,3.31,4.5,7.46,4.64,5.12,5.68,4.54,5.09,9.66,12.19,4.75,5.07,11.37,6.39,4.73,11.38,5.09
PropylGallate,4.84,7.51,6.19,4.55,4.63,5.45,4.79,4.63,5.14,4.9,15.46,4.23,5.07,11.9,4.25,4.56,11.46,5.93
Propylalcohol,4.76,3.52,3.43,3.29,4.48,5.09,4.07,4.04,5.11,2.87,15.69,3.62,5.04,10.13,4.16,3.85,11.5,5.13
Propyleneglycol,4.76,5.31,3.2,4.25,4.47,5.09,4.09,3.86,5.1,3.1,15.67,3.27,5.04,10.21,4.3,4.07,11.01,5.2
Propylthiouracil,4.8,8.31,4.92,6.73,5.05,5.05,4.66,4.2,5.2,6.17,12.17,3.32,5.18,10.98,4.19,4.2,11.34,5.71
ProstaglandinD2,5.28,6.41,4.72,5.07,5.13,5.0,5.25,4.69,5.1,5.25,11.13,5.81,5.15,11.49,5.29,4.65,10.95,5.63
ProstaglandinG2,5.3,6.21,6.66,6.93,4.88,4.92,5.71,4.03,5.15,7.44,10.66,4.77,5.07,11.77,5.83,4.76,11.24,5.19
Protirelin,6.21,5.14,3.87,4.14,5.07,5.01,5.42,4.4,5.07,1.88,15.55,4.87,5.11,11.89,4.07,4.57,11.12,5.09
Protokylol,5.01,8.73,5.85,6.54,5.94,5.0,5.83,5.04,5.39,8.35,11.36,6.21,5.04,11.61,5.78,4.89,11.18,5.16
Protoporphyrin,5.62,3.82,5.51,6.37,4.89,5.06,7.34,4.17,5.11,4.61,11.07,5.03,5.03,12.17,5.74,4.25,11.57,6.06
Proxyphylline,5.2,5.38,4.94,4.63,5.09,5.11,5.73,4.29,5.11,6.14,12.21,4.27,5.05,10.7,4.08,4.27,11.25,5.17
Prucalopride,5.27,5.72,7.86,7.45,5.86,4.92,4.42,4.75,5.0,5.27,12.21,5.93,5.14,11.2,7.36,4.93,10.97,5.11
Prulifloxacin,5.63,14.14,5.77,5.92,5.05,4.97,6.16,6.14,5.22,3.17,12.08,5.06,5.09,11.66,7.21,4.81,11.51,5.17
Pseudoephedrine,4.95,6.58,4.48,5.36,4.83,6.0,5.13,4.35,5.08,12.94,12.36,6.6,5.08,11.26,4.07,4.42,11.6,5.1
PurineRiboside-5'-Monophosphate,5.33,4.86,3.0,2.77,4.63,5.01,5.32,5.57,5.12,6.33,6.68,3.31,5.1,10.71,4.33,4.43,10.83,5.51
Puromycin,5.5,4.28,3.88,4.4,5.31,4.94,6.9,4.42,5.09,8.1,11.44,4.64,5.22,11.59,4.71,4.19,11.24,5.12
Purvalanol,5.71,5.39,5.52,6.49,5.21,4.93,6.36,4.96,5.06,5.76,11.77,5.29,5.07,10.75,5.02,4.52,10.95,5.15
PurvalanolA,5.39,4.02,5.28,5.67,5.22,5.01,6.29,5.1,5.09,4.39,11.53,5.92,5.07,10.88,5.06,4.57,11.14,5.14
Pyrazinamide,4.76,10.03,4.12,3.73,4.4,4.95,4.15,4.14,5.06,4.02,11.06,4.41,5.04,10.63,3.34,4.18,11.65,5.06
Pyrazole,4.76,4.02,3.02,3.12,4.3,5.08,4.04,4.33,5.26,8.84,11.05,3.98,5.04,10.22,3.51,4.11,11.57,5.43
Pyridoxal,4.83,2.0,3.98,4.22,4.86,5.1,5.36,5.01,5.08,4.13,12.33,4.12,5.04,10.78,6.2,4.44,10.88,5.11
Pyridoxalphosphate,5.03,6.46,5.11,4.2,4.77,5.04,5.23,4.63,5.06,9.43,11.1,4.15,5.04,10.63,5.02,4.56,11.39,5.11
Pyridoxamine-5'-Phosphate,5.14,7.39,3.84,3.33,4.72,5.06,4.98,4.18,5.06,7.93,22.76,4.36,5.05,10.68,5.07,4.24,11.42,5.09
Pyridoxine,4.85,3.38,3.6,3.6,4.93,5.07,4.31,4.51,5.06,3.93,13.64,4.68,5.04,10.79,5.76,4.03,10.89,5.09
Pyridoxinephosphate,5.08,3.51,4.05,3.58,4.87,5.05,5.13,4.25,5.05,4.06,12.25,4.59,5.04,10.64,4.89,4.1,11.04,5.1
Pyrimethamine,4.97,10.48,7.94,6.76,5.0,5.27,6.23,5.02,5.08,8.47,13.34,6.61,5.09,11.5,6.27,4.7,11.57,5.04
PyrithiaminePyrophosphate,5.12,5.06,5.98,6.15,5.07,4.96,6.71,4.17,5.07,4.6,11.8,4.92,5.04,11.55,6.72,4.53,11.5,5.08
Pyruvaldehyde,4.76,5.41,4.22,3.96,4.4,5.08,4.13,4.0,5.08,3.5,14.32,3.94,5.04,10.29,4.95,4.3,11.56,5.39
Pyruvicacid,4.76,5.35,3.99,4.0,4.39,5.08,3.87,3.77,5.08,4.88,11.92,4.09,5.04,10.29,5.41,3.96,11.61,5.34
Quazepam,5.16,8.23,5.61,5.92,5.09,5.2,6.68,4.31,5.05,10.91,12.37,6.32,5.25,10.8,5.47,4.59,11.59,5.03
Quercetin,5.01,8.37,5.29,5.02,4.7,5.13,6.09,4.71,5.04,5.71,11.48,5.27,5.06,11.52,4.61,4.7,11.23,5.12
Quetiapine,5.25,5.95,4.96,5.08,5.34,4.99,6.26,4.51,5.11,5.95,11.2,7.87,5.31,12.26,5.08,4.36,11.63,5.13
Quinagolide,5.38,8.04,5.45,4.92,5.68,4.94,6.85,4.76,5.06,3.3,8.56,5.79,5.03,11.76,5.07,4.5,11.63,5.15
Quinapril,5.44,3.2,5.57,4.97,5.32,5.03,6.43,4.84,5.06,4.31,11.11,5.44,5.01,11.25,5.77,4.62,10.84,5.13
Quinestrol,5.38,3.89,6.63,5.91,5.41,5.32,6.93,4.88,5.08,6.08,12.16,4.95,5.23,11.77,4.7,4.68,11.32,5.56
Quinethazone,5.29,10.05,3.97,4.39,5.03,4.86,6.07,5.91,5.16,4.45,11.96,6.19,5.11,11.58,6.17,5.21,11.83,5.17
Quingestanol,5.28,3.14,7.05,7.03,5.52,5.04,8.43,4.51,5.07,4.21,11.3,7.34,5.18,11.64,6.46,4.96,11.31,5.13
Quinidine,5.38,3.85,4.07,4.55,5.5,5.1,6.72,4.87,5.07,6.87,12.19,7.25,5.11,11.63,4.23,5.34,11.68,5.77
Quinine,5.24,5.14,4.07,4.55,5.5,5.2,5.45,4.87,5.07,4.76,14.77,6.01,5.11,11.63,4.23,5.34,11.68,5.77
"Quinonoid7,8-Tetrahydrobiopterin",5.21,6.41,4.21,4.32,4.61,5.13,4.95,4.54,5.59,8.09,10.78,4.21,5.21,11.68,5.1,4.45,11.52,5.9
Quinupristin,5.47,3.14,5.91,5.99,5.8,5.61,5.95,4.81,5.16,3.58,11.42,8.23,5.02,11.74,6.44,5.04,11.65,5.16
Quisqualate,4.91,6.51,3.89,3.95,4.58,5.09,3.74,4.1,5.13,4.7,11.02,4.33,5.06,11.48,4.38,4.11,11.42,5.58
Quizartinib,6.15,10.07,5.04,5.0,5.48,4.82,7.22,5.11,5.04,5.33,10.13,6.9,5.01,11.62,5.0,4.64,11.5,4.98
R-1487,5.29,7.14,7.15,7.38,5.55,4.91,5.88,4.41,4.99,6.39,11.49,7.32,5.79,11.33,7.17,4.44,11.41,5.69
"R-2-{[4'-Methoxy-(1,1'-Biphenyl)-4-Yl]-Sulfonyl}-Amino-6-Methoxy-Hex-4-YnoicAcid",5.26,12.4,5.38,6.18,5.24,6.14,5.53,4.86,5.05,5.51,29.64,6.59,5.07,11.79,5.52,4.88,11.18,5.11
R-348,5.8,4.11,5.46,5.98,6.37,6.23,5.96,5.52,5.08,2.83,10.39,5.76,6.02,12.56,5.86,5.65,11.66,5.11
RAF-265,5.64,7.34,5.02,5.14,5.6,4.87,7.57,4.61,5.05,6.72,19.3,5.99,5.04,11.77,5.0,5.5,11.48,5.02
"REL-(9R,12S)-9,10,11,12-TETRAHYDRO-9,12-EPOXY-1H-DIINDOLO[1,2,3-FG:3',2',1'-KL]PYRROLO[3,4-I][1,6]BENZODIAZOCINE-1,3(2H)-DIONE",5.74,4.91,5.53,6.11,5.4,4.9,5.95,5.01,6.3,5.4,11.89,6.01,6.64,14.01,6.28,4.87,11.82,6.56
RH-1,5.14,2.11,5.8,6.43,4.9,5.09,4.59,4.52,5.08,4.89,12.0,5.93,5.04,11.67,6.04,4.08,11.11,5.21
RPR128515,5.17,6.78,5.65,5.55,5.06,5.89,6.39,4.61,5.1,6.69,12.8,5.71,5.04,10.87,6.19,5.05,11.51,5.08
RPR131247,5.47,14.72,6.67,7.23,5.77,4.85,7.37,5.24,5.05,9.03,9.52,6.62,5.04,11.65,6.52,5.03,11.34,5.13
RU78262,4.83,5.48,4.75,4.15,4.46,5.0,5.58,3.29,5.08,9.24,13.97,4.38,5.04,11.6,3.89,3.69,11.58,5.4
RU78299,4.92,5.04,4.55,3.68,4.38,5.01,6.66,3.82,5.08,5.14,12.76,4.68,5.07,11.31,5.01,4.04,11.56,5.06
RU78300,5.05,9.74,4.66,4.32,4.57,5.06,4.72,3.68,5.07,2.82,11.03,3.68,5.05,11.56,4.35,3.79,11.58,5.24
RU79072,5.12,5.89,3.26,3.55,4.97,4.97,5.67,3.73,5.16,6.22,13.08,5.47,5.06,11.96,5.8,3.71,11.21,5.3
RU79073,5.04,15.0,3.47,3.71,4.74,4.98,6.24,3.28,5.19,10.8,12.2,5.39,5.47,10.83,4.3,4.06,11.02,5.21
RU81843,6.08,6.03,5.25,3.73,5.29,4.84,7.33,4.22,5.1,6.13,12.02,5.32,5.03,12.01,7.73,4.47,11.46,5.73
RU82209,6.64,7.65,6.78,6.69,5.64,4.87,6.47,4.55,5.09,4.34,14.92,6.49,5.04,12.44,6.74,5.67,11.57,5.12
RU83876,6.63,6.2,6.69,6.63,5.3,4.85,6.92,4.37,5.05,3.75,9.39,6.18,5.03,11.75,5.37,5.01,11.53,5.11
RU84687,6.11,3.44,5.78,6.17,5.64,4.84,6.95,4.31,5.09,4.7,15.87,4.82,5.03,11.81,6.42,4.82,11.55,5.13
RU90395,5.9,4.63,6.62,7.0,5.77,4.93,6.0,4.73,5.09,6.58,37.51,6.92,5.03,11.6,5.35,6.44,11.11,5.14
Rabeprazole,5.04,4.64,6.24,5.81,4.67,4.91,6.49,4.38,5.06,3.74,11.03,4.8,5.04,11.61,4.33,4.27,11.51,5.09
Raclopride,5.14,5.13,7.86,7.35,5.69,5.19,6.07,6.49,5.05,6.19,5.36,6.13,5.2,11.06,7.54,6.15,11.37,5.11
Ractopamine,4.95,11.41,4.97,4.69,4.99,4.87,4.82,5.08,5.08,5.7,15.08,6.9,5.14,11.42,4.03,5.12,11.19,5.12
Radezolid,5.34,8.32,5.6,5.13,5.26,5.16,6.88,4.39,5.12,15.46,5.68,7.73,5.48,11.63,4.63,4.21,11.58,5.46
Radicicol,5.23,16.95,6.98,6.27,5.23,4.86,7.52,5.5,5.27,5.81,43.64,6.66,5.04,12.01,6.02,5.12,11.59,5.14
Radotinib,5.63,1.23,5.05,5.06,6.65,4.87,6.72,5.78,5.05,2.7,8.91,5.55,5.07,11.82,4.98,5.97,11.32,4.98
Ragaglitazar,5.2,6.56,5.37,5.03,4.92,4.88,6.4,4.55,5.16,6.72,11.14,5.43,5.97,11.25,4.29,4.52,11.56,5.2
Raloxifene,5.28,6.95,4.71,5.13,5.96,4.82,6.99,5.0,5.07,6.38,11.69,6.53,5.08,11.68,5.36,4.81,11.66,5.06
Raltitrexed,5.29,9.7,5.62,5.5,5.15,5.18,6.3,5.59,5.06,2.49,6.19,5.13,5.05,11.32,5.0,4.76,11.52,5.39
Ramelteon,5.26,6.25,6.25,6.04,5.24,5.14,5.28,6.03,5.06,10.49,10.68,5.16,5.03,11.88,4.74,4.63,11.25,5.15
Ramipril,5.7,6.79,5.55,5.23,5.5,5.11,6.7,4.86,5.08,4.21,10.03,4.98,5.01,10.63,5.79,4.87,11.54,5.11
Ramosetron,5.34,4.53,4.54,4.94,5.66,5.1,5.05,4.37,5.02,3.69,18.51,7.97,5.08,11.6,4.55,4.19,11.08,5.13
Ranirestat,5.27,3.94,6.64,4.39,5.34,4.91,4.96,6.41,5.05,9.83,10.15,7.46,5.03,11.59,6.76,5.67,11.08,5.18
Ranolazine,5.1,6.06,6.04,6.88,5.01,5.16,6.19,4.4,5.14,3.36,14.04,5.9,5.85,11.62,3.8,4.46,11.06,5.23
Rbt205Inhibitor,5.46,10.4,4.57,5.67,5.5,5.23,4.69,4.35,5.0,14.36,10.84,6.33,5.04,12.88,5.02,4.86,11.51,5.15
Regadenoson,5.25,5.38,4.43,4.61,5.03,5.26,4.9,4.38,5.1,5.94,11.71,5.96,5.06,10.64,4.73,4.16,11.24,5.1
Reglitazar,5.76,4.91,4.9,4.2,5.41,5.26,6.38,4.85,5.06,5.21,12.53,5.8,5.03,11.63,5.23,4.82,11.18,5.11
Regorafenib,5.54,12.43,5.08,5.08,6.34,5.09,7.13,5.32,5.07,7.73,12.3,6.71,5.05,11.37,5.0,4.64,11.43,5.02
Regrelor,5.85,6.66,6.19,5.7,5.11,5.36,5.83,6.58,5.1,8.97,10.98,6.09,5.04,10.88,4.66,4.65,11.13,5.68
ReidispongiolideA,5.21,1.99,4.71,5.36,5.03,5.06,5.62,5.65,5.07,3.31,12.28,6.96,5.11,10.88,5.94,5.39,11.67,5.12
ReidispongiolideC,5.19,6.81,3.77,4.28,5.11,4.88,5.39,4.91,5.08,4.42,11.03,6.2,5.08,11.49,6.29,4.86,11.81,5.12
Relacatib,5.75,5.54,6.26,6.03,6.41,6.96,5.83,6.35,5.06,8.86,12.26,6.84,5.03,11.65,5.07,6.2,10.85,5.09
Relcovaptan,5.74,2.52,5.23,4.35,5.69,5.15,7.34,4.84,5.06,3.77,11.9,7.31,5.04,11.66,5.71,5.12,11.07,5.77
Relebactam,5.58,5.54,5.79,4.16,5.27,4.87,5.4,4.83,5.03,6.9,10.94,6.78,5.03,11.96,3.99,4.65,11.5,5.08
Remacemide,5.03,6.61,6.1,5.81,4.89,5.35,4.91,4.29,5.11,5.25,12.25,6.19,5.04,11.61,5.11,3.96,11.62,5.19
Remikiren,6.08,7.35,6.64,6.18,6.5,5.54,7.84,6.75,5.09,14.59,8.86,5.41,5.03,11.92,5.84,6.15,11.49,5.13
Remoxipride,5.12,9.62,8.18,7.6,5.63,5.04,5.06,5.61,5.05,12.44,14.33,5.94,5.3,11.64,5.12,5.35,11.41,5.12
Renzapride,5.3,7.65,5.99,5.5,5.26,5.28,5.31,6.54,5.08,6.11,11.16,6.03,5.12,11.58,6.52,4.59,11.48,5.11
Repaglinide,5.41,2.95,6.51,6.54,4.9,5.03,6.83,4.72,5.07,12.07,12.72,5.85,5.26,10.95,6.0,4.92,11.24,5.06
Resatorvid,5.23,6.24,6.41,5.39,5.44,4.93,4.96,5.71,5.11,4.15,9.82,4.81,5.04,11.46,5.07,5.22,11.03,5.92
Rescinnamine,5.5,5.7,5.63,5.58,5.36,4.93,5.45,4.51,5.18,5.63,13.05,9.05,5.04,11.66,5.77,4.62,11.48,5.6
Reserpine,5.44,4.65,6.52,5.78,5.2,4.93,5.63,4.93,5.18,6.34,36.02,7.38,5.03,11.62,5.24,4.8,11.18,5.55
Resiniferatoxin,5.51,2.55,8.73,8.16,4.71,5.12,6.14,4.69,5.12,5.32,11.33,7.01,5.05,11.49,7.31,4.33,11.49,5.1
Resiquimod,5.23,2.17,5.51,5.97,5.48,5.83,5.08,4.19,5.07,6.7,8.38,5.68,5.14,11.92,6.03,4.22,11.41,5.13
Resorcinol,4.76,3.39,4.38,4.55,4.35,5.08,5.21,4.15,5.02,3.87,10.47,5.18,5.04,10.31,3.96,4.19,11.62,5.14
Resveratrol,4.93,4.14,6.41,5.46,4.82,4.99,5.77,4.35,5.18,4.74,7.1,6.21,5.08,12.01,6.01,4.22,11.66,5.96
Retapamulin,5.57,5.71,6.73,7.11,5.32,5.01,7.09,4.6,5.52,5.36,11.03,5.15,5.08,11.7,7.25,4.89,11.6,6.11
Revefenacin,5.8,8.93,4.89,5.54,5.24,6.32,7.38,4.32,5.06,12.47,16.69,5.59,5.1,10.76,4.27,4.54,11.15,5.16
Reversin121,5.19,3.29,4.05,4.12,4.94,5.43,6.26,4.38,5.09,5.92,8.94,4.76,5.09,10.74,4.18,4.61,11.17,5.58
Rhein,5.05,4.78,6.19,5.78,4.52,5.81,5.2,4.09,5.13,5.44,12.54,6.1,5.06,13.28,5.67,4.21,12.09,5.4
Rhodamine6G,5.24,6.48,5.33,5.41,5.06,5.13,6.21,4.45,5.08,7.93,7.83,4.4,5.87,10.48,5.77,4.42,11.36,5.06
Ribavirin,4.89,7.89,3.96,4.53,5.2,5.09,3.75,3.69,5.11,7.82,22.14,4.9,5.09,11.35,5.88,3.93,10.59,5.68
Ribociclib,5.68,8.63,6.38,6.76,5.46,6.32,6.17,4.4,5.13,7.05,14.26,6.74,5.08,11.82,7.94,4.49,11.74,5.84
Riboflavin,5.81,4.62,7.26,6.14,5.15,5.07,5.48,4.22,5.1,6.98,10.87,5.24,5.04,10.52,6.06,4.23,11.62,5.08
Ribose-1-Phosphate,5.05,3.63,4.06,5.24,4.7,5.04,4.47,4.01,5.4,6.78,10.11,4.44,5.06,11.78,3.84,3.95,10.79,5.75
Ribostamycin,5.15,4.91,5.87,5.32,4.88,5.04,5.21,4.14,5.08,8.1,13.16,5.26,5.06,11.09,4.19,4.3,10.99,5.1
RicinoleicAcid,5.0,5.71,3.38,3.21,4.35,5.0,4.83,3.99,5.14,4.42,21.83,5.92,5.12,10.57,5.39,4.26,10.93,5.16
Ridaforolimus,5.37,10.87,6.96,6.08,5.2,5.07,6.62,5.9,5.27,2.25,12.35,6.05,5.04,11.63,8.12,4.75,11.08,6.07
Ridogrel,5.35,5.57,5.0,4.61,4.92,5.02,5.18,4.42,5.06,2.71,9.87,5.23,5.03,11.6,4.66,4.63,11.46,5.07
Rifabutin,5.49,8.46,4.6,5.28,5.15,5.05,5.46,6.58,5.13,8.56,16.97,5.52,5.04,11.67,6.3,5.79,11.21,5.75
Rifalazil,5.57,5.82,4.84,5.23,5.8,4.95,5.3,8.44,5.22,7.11,16.14,5.39,5.04,11.74,6.3,5.67,11.07,5.19
Rifampicin,5.78,5.59,4.58,5.08,5.89,4.98,6.44,7.02,5.32,2.25,14.2,5.74,5.09,11.56,5.02,5.81,11.53,6.32
Rifamycin,5.46,5.63,4.76,5.44,5.59,5.31,5.07,6.16,5.26,4.35,27.74,5.85,5.13,11.72,4.12,5.59,10.89,6.26
Rifapentine,5.46,4.77,4.21,5.06,5.87,5.31,5.07,7.36,5.26,5.52,11.61,5.91,5.08,11.55,5.01,5.94,11.55,6.3
Rifaximin,5.55,7.03,4.4,5.33,5.76,4.96,6.23,7.85,5.1,11.11,9.47,5.6,5.04,11.62,5.24,5.44,11.06,5.78
Rilapladib,5.78,3.51,5.68,6.47,5.68,4.82,7.08,4.68,5.15,3.72,10.7,7.01,5.03,11.71,5.67,4.52,11.53,5.17
Rilpivirine,6.1,3.39,6.36,6.25,5.88,4.83,7.33,4.96,5.08,5.88,11.33,5.89,5.51,11.53,6.25,5.44,11.72,5.09
Riluzole,5.13,5.27,5.64,4.57,4.54,5.11,5.63,4.59,5.06,5.23,13.08,4.94,5.13,10.88,3.56,4.34,11.52,5.07
Rimexolone,5.89,2.17,6.76,6.18,5.08,4.98,6.47,5.32,5.82,5.57,12.0,6.8,5.11,11.24,5.43,5.2,11.56,6.11
Rimiducid,5.3,4.78,4.9,5.79,5.2,5.23,7.3,4.76,5.08,8.03,13.12,8.64,5.01,11.38,6.12,4.71,11.14,5.08
Rimonabant,5.16,8.59,7.48,6.66,5.2,5.38,6.65,5.63,5.07,5.8,5.28,5.57,5.11,11.54,6.57,5.16,11.28,5.06
Riociguat,5.37,2.45,4.79,5.58,5.36,5.3,6.53,4.65,5.07,6.45,14.66,6.38,5.04,11.6,6.48,4.37,11.2,5.21
Risedronicacid,5.31,3.53,5.26,4.09,5.23,4.97,6.23,5.47,5.03,5.24,19.12,6.81,5.03,11.63,4.97,4.66,11.2,5.09
Ritodrine,4.95,3.86,5.3,5.76,4.98,5.11,4.21,4.28,5.08,6.44,10.95,6.71,5.4,11.27,4.1,4.46,11.55,5.08
Ritonavir,6.06,5.54,5.45,6.32,6.53,4.97,6.61,5.05,5.09,4.87,14.06,7.23,5.03,11.73,4.55,5.47,11.2,5.05
Rivaroxaban,5.55,6.8,6.05,4.86,5.25,4.8,6.05,5.11,5.37,24.65,11.13,4.78,5.18,10.82,5.2,4.54,11.6,5.16
Rivoglitazone,5.64,3.16,4.48,4.81,5.16,4.98,6.93,4.65,5.07,5.07,12.31,6.45,5.07,11.65,4.2,4.64,11.56,5.09
Rizatriptan,5.19,9.89,7.1,7.14,4.9,5.08,4.62,5.15,5.07,4.07,9.82,4.43,5.0,11.38,5.94,4.45,11.67,5.12
Robalzotan,5.41,1.94,4.6,4.42,5.63,4.93,6.85,4.69,5.05,4.36,11.26,6.48,5.03,11.77,6.29,4.87,11.37,5.04
Rocaglamide,5.48,3.02,4.53,5.29,5.12,4.86,8.12,4.53,5.07,4.45,13.84,6.73,5.04,11.65,6.74,6.14,11.16,5.17
Rociverine,5.07,5.41,6.41,6.13,5.42,5.28,5.61,4.33,5.12,5.49,11.53,5.05,5.11,11.55,6.14,4.8,11.39,5.87
Rocuronium,5.29,2.18,5.12,4.79,6.21,4.96,6.32,4.98,5.46,5.66,4.74,5.37,5.14,11.68,6.95,4.63,11.14,5.87
Rofecoxib,5.25,8.23,5.71,5.54,5.42,5.97,6.61,4.69,5.1,7.19,11.37,5.54,5.25,11.84,5.12,4.49,10.99,5.19
Roflumilast,5.34,2.95,6.56,6.45,6.77,4.93,5.95,5.96,5.03,4.27,10.7,5.94,5.05,11.22,4.32,5.33,11.52,5.18
Rokitamycin,5.36,11.92,6.21,6.94,5.22,4.98,6.35,5.83,5.14,6.1,11.17,5.81,5.07,10.95,5.95,4.8,10.9,6.0
Rolapitant,5.52,5.86,4.58,5.37,6.39,6.02,6.38,4.24,5.16,5.9,11.83,5.73,5.03,11.63,6.07,4.3,11.64,5.19
Rolipram,5.16,5.09,5.45,6.44,5.01,4.89,6.51,4.52,5.07,6.67,12.67,6.27,5.02,11.41,4.74,4.57,11.41,5.07
Rolofylline,5.41,8.47,8.49,7.34,5.39,5.04,6.07,4.75,5.19,5.1,17.01,6.39,5.04,10.55,8.39,4.58,11.64,5.83
Romidepsin,5.53,3.56,5.69,5.76,5.48,5.42,6.33,5.67,5.25,3.91,14.09,7.06,5.32,12.0,7.16,5.65,11.05,5.74
Ronacaleret,5.53,5.96,6.42,6.54,5.78,4.99,7.38,5.92,5.06,5.75,11.7,6.57,5.09,11.88,4.95,5.2,11.04,5.51
Ropinirole,5.24,9.49,4.36,5.17,5.01,5.06,6.53,4.28,5.12,5.98,11.54,5.28,5.25,11.56,4.42,4.24,11.48,5.34
Ropivacaine,5.08,5.77,6.49,5.15,5.24,5.15,5.45,3.99,5.34,4.1,14.52,4.53,5.07,11.66,3.67,3.85,11.27,5.38
Rosebengal,5.23,6.97,5.9,6.61,4.97,5.22,7.72,4.69,5.06,14.05,11.91,5.96,5.04,11.98,6.41,4.74,11.53,5.13
Rosiglitazone,5.31,5.45,4.62,7.03,4.97,5.37,5.7,5.24,5.05,7.88,15.88,5.54,5.17,11.47,5.01,5.39,11.65,5.15
Rosoxacin,5.35,5.57,3.34,6.1,4.75,4.85,4.75,4.3,5.07,5.62,11.1,4.58,5.45,11.58,4.28,4.18,11.55,5.11
Rosuvastatin,6.04,11.12,5.51,4.72,5.58,5.04,6.2,5.33,5.07,11.22,21.23,6.44,5.05,11.58,5.05,5.36,11.43,5.16
Rotigotine,5.16,4.43,6.56,6.32,5.4,5.26,5.75,4.92,5.08,4.63,10.5,7.08,5.05,11.74,6.09,4.71,11.06,5.13
Roxadustat,5.05,1.7,4.41,5.14,5.1,5.06,6.45,4.38,5.06,4.42,10.54,6.06,5.37,11.23,6.89,4.68,11.38,5.13
Roxatidineacetate,5.05,5.58,6.91,7.07,5.31,5.1,5.1,4.65,5.08,4.41,10.79,4.53,5.08,10.52,6.16,4.33,11.5,5.04
Roxithromycin,5.2,13.86,5.38,5.78,5.17,4.95,6.67,5.54,5.07,5.08,10.78,6.0,5.04,10.61,5.7,5.19,11.55,5.47
Rubitecan,5.31,5.15,5.73,6.64,5.42,4.93,5.54,5.47,5.07,3.62,11.76,6.12,5.04,11.57,7.51,4.7,11.54,5.16
Rucaparib,5.26,4.86,5.83,5.86,5.46,4.84,6.31,4.5,5.13,3.76,8.9,7.91,5.05,11.52,4.97,5.21,11.35,5.13
Rufinamide,5.36,8.7,4.36,4.45,4.89,5.17,4.08,4.51,5.07,3.07,8.64,5.81,5.04,11.94,4.7,4.49,11.52,5.05
Rufloxacin,5.29,5.46,4.52,6.35,4.93,5.17,7.36,4.61,5.06,4.52,9.73,7.04,5.15,11.74,5.97,4.49,11.29,5.1
Rutin,5.04,1.85,4.17,4.55,4.53,4.84,7.75,3.94,5.06,3.92,11.49,4.43,5.04,10.82,6.01,4.42,11.22,5.11
Ruxolitinib,5.8,18.33,5.18,5.65,5.76,4.99,6.21,7.22,5.03,4.49,3.24,5.56,5.45,11.71,5.02,5.57,11.61,5.6
"S,S-(2-Hydroxyethyl)Thiocysteine",4.8,2.74,6.27,6.39,4.37,5.09,6.92,4.02,5.08,2.92,14.05,3.73,5.06,10.51,4.41,4.48,10.86,5.18
"S-(2,4-dinitrophenyl)glutathione",5.73,16.74,4.05,4.59,4.61,4.91,6.32,4.2,5.1,5.92,10.51,4.59,5.27,11.83,4.56,4.43,11.55,5.13
S-(2-oxo)pentadecylcoa,5.21,8.47,5.27,5.88,5.43,5.07,5.86,4.41,5.08,10.25,12.16,5.54,5.05,11.62,5.19,4.47,11.12,5.06
S-(4-BROMOBENZYL)CYSTEINE,5.05,6.13,4.57,6.32,4.41,4.88,6.07,4.44,5.07,3.7,11.11,5.1,5.07,11.45,6.04,4.44,11.05,5.09
S-(D-Carboxybutyl)-L-Homocysteine,4.81,4.86,3.21,3.27,4.51,5.07,5.8,4.1,5.1,2.98,10.28,4.46,5.04,10.4,5.12,4.65,10.81,5.27
S-(Dimethylarsenic)Cysteine,5.09,4.45,3.47,3.15,4.42,5.07,5.38,3.66,5.07,3.87,30.18,5.24,5.05,10.37,4.44,4.13,10.97,5.13
S-(Methylmercury)-L-Cysteine,4.81,4.86,3.32,4.1,4.41,5.03,4.54,3.61,5.08,2.71,10.63,4.14,5.04,10.48,4.89,3.93,10.65,5.24
S-(N-hydroxy-N-iodophenylcarbamoyl)glutathione,5.33,8.07,6.26,6.43,5.09,5.4,5.55,4.43,5.08,7.66,10.2,6.42,5.11,10.66,4.38,4.44,11.01,5.08
S-2-(Boronoethyl)-L-Cysteine,4.93,6.12,3.55,3.77,4.46,5.13,3.93,4.24,5.08,7.48,12.84,5.05,5.1,10.7,5.5,4.51,10.54,5.08
S-23,5.64,3.68,5.4,5.42,5.7,5.06,6.54,4.89,5.26,5.21,11.95,7.56,5.73,11.86,5.38,4.66,10.92,5.11
S-3-(4-FLUOROPHENOXY)-2-HYDROXY-2-METHYL-N-[4-NITRO-3-(TRIFLUOROMETHYL)PHENYL]PROPANAMIDE,5.36,6.18,5.91,5.51,5.01,5.1,6.11,5.7,5.09,3.28,11.29,5.87,5.54,11.56,4.36,4.51,10.73,5.09
S-4-Nitrobutyryl-CoA,5.25,4.92,5.26,5.51,5.26,5.07,5.98,4.37,5.09,7.49,10.76,6.09,5.04,11.74,5.3,4.46,11.05,5.08
S-Acetyl-Cysteine,4.78,6.22,3.83,5.66,4.54,5.07,4.17,4.04,5.09,18.44,14.15,4.73,5.05,11.04,4.08,4.05,10.78,5.1
S-Hexylglutathione,5.21,7.45,3.09,4.65,5.14,5.15,6.95,4.0,5.11,5.5,12.85,4.7,5.05,11.53,7.08,4.69,10.75,5.16
S-Hydroxycysteine,4.88,21.31,4.34,5.19,4.44,5.09,4.12,3.85,5.08,4.27,11.74,3.7,5.04,10.34,4.78,3.97,11.18,5.12
S-HydroxymethylGlutathione,5.15,5.21,5.21,3.88,5.2,5.13,5.33,3.96,5.09,6.58,13.04,4.59,5.13,10.95,4.34,3.92,10.68,5.16
"S-METHYL-4,5,6,7-TETRABROMO-BENZIMIDAZOLE",4.98,10.22,3.72,4.43,4.99,5.0,3.46,4.67,5.06,2.46,8.06,5.4,5.35,11.62,5.12,4.7,11.51,5.09
S-METHYL-GLUTATHIONE,5.07,6.43,5.93,5.5,5.16,5.11,5.38,3.88,5.08,8.38,7.09,5.1,5.13,10.83,4.36,3.95,10.99,5.15
S-Mercaptocysteine,4.93,2.76,4.1,5.74,4.45,5.08,5.54,3.77,5.08,4.3,11.09,3.67,5.04,10.41,4.2,4.6,10.95,5.15
S-Methylcysteine,4.81,5.92,3.71,3.48,4.4,5.07,4.75,3.78,5.09,3.34,11.19,4.33,5.04,10.35,5.75,4.35,10.87,5.26
S-NONYL-CYSTEINE,4.82,4.68,3.04,3.8,4.62,5.1,6.22,3.84,5.09,4.22,12.3,5.17,5.04,10.52,4.83,4.01,10.6,5.1
S-P-Nitrobenzyloxycarbonylglutathione,5.34,7.46,3.96,5.14,4.75,4.83,6.53,4.08,5.08,7.96,13.18,4.69,5.26,11.86,4.89,4.86,11.29,5.06
S-PALMITOYL-L-CYSTEINE,4.88,10.54,3.12,4.3,4.73,5.09,4.76,3.86,5.08,9.79,21.29,4.64,5.06,11.59,4.34,4.27,10.78,5.09
"S-[(1-Hydroxy-2,2,5,5-tetramethyl-2,5-dihydro-1H-pyrrol-3-yl)methyl]methanesulfonothioate",5.14,8.75,4.39,4.95,5.52,5.15,5.16,4.15,5.09,4.58,16.43,4.5,5.13,11.6,5.06,4.32,11.4,5.35
S-adenosyl-L-homocysteine,5.47,5.38,5.15,7.01,5.08,5.17,6.61,4.62,5.07,9.5,10.24,4.83,5.12,11.09,4.96,4.58,11.52,5.08
S-benzylglutathione,5.57,3.8,5.77,4.23,4.94,5.17,6.96,4.01,5.09,4.84,11.2,5.53,5.08,11.02,4.14,4.04,10.93,5.13
S-octylglutathione,5.22,4.24,2.67,3.08,5.17,5.12,5.16,3.89,5.08,6.84,13.14,4.35,5.07,10.89,4.31,4.04,10.66,5.11
S-oxy-L-cysteine,4.8,2.65,3.78,3.83,4.57,5.05,3.95,3.63,5.14,3.74,16.27,4.67,5.04,10.36,5.54,4.21,10.79,5.41
S-propylamine-L-cysteine,4.76,15.08,3.13,3.97,4.7,5.1,4.23,4.22,5.09,9.27,22.07,3.81,5.04,10.36,5.32,4.4,11.6,5.08
S-{2-[Amino(Dihydroxy)-Lambda~4~-Sulfanyl]Ethyl}-D-Cysteine,5.37,2.14,3.08,4.41,4.42,5.35,6.13,4.22,5.09,3.56,11.45,4.62,5.04,10.93,4.97,4.27,10.76,5.08
S-{3-[(4-ANILINOQUINAZOLIN-6-YL)AMINO]-3-OXOPROPYL}-L-CYSTEINE,5.29,5.59,5.0,6.09,5.67,4.88,6.42,5.19,5.07,6.38,20.13,6.1,5.14,11.48,5.0,4.5,10.8,5.02
SB-269970,5.27,6.44,6.58,6.27,4.76,4.87,6.7,4.91,5.08,5.05,16.68,4.52,5.05,11.58,6.03,4.43,11.45,5.79
SB-409513,5.46,6.16,6.03,6.2,5.65,5.14,5.42,4.65,5.38,7.36,11.5,5.6,5.58,11.77,5.22,5.18,11.12,5.88
SB220025,5.24,2.71,6.22,7.19,5.65,5.42,5.11,5.87,5.1,3.97,12.57,6.67,5.04,11.64,5.21,4.86,11.52,5.55
SC-236,5.24,5.79,5.59,5.67,5.32,5.77,6.19,5.02,5.07,5.54,12.61,6.07,5.06,11.54,6.21,5.04,11.08,5.12
SC-74020,5.44,6.26,5.67,4.98,6.09,4.91,6.9,5.67,5.06,4.6,10.78,7.23,5.54,11.62,3.95,5.22,11.36,5.08
SGS-742,4.76,4.55,4.14,4.8,4.63,5.06,3.66,4.14,5.08,6.34,20.48,4.29,5.04,10.47,4.17,4.55,11.59,5.07
SLx-4090,5.87,7.01,7.05,6.7,5.15,5.42,7.64,4.61,5.07,8.33,13.42,6.11,5.04,11.65,4.83,4.49,11.44,5.08
SNS-032,5.19,4.84,4.99,5.14,5.45,5.39,4.89,6.59,5.06,4.87,14.86,5.85,5.07,11.43,5.0,4.93,10.86,5.09
SNS-314,5.42,2.42,4.51,5.13,5.8,5.04,5.35,5.84,5.04,4.62,11.81,4.8,5.03,11.38,5.01,4.61,11.65,5.11
SNX-5422,6.08,3.19,6.62,6.43,5.11,4.87,7.31,5.15,5.09,4.52,11.26,6.26,5.07,11.64,7.04,5.12,11.43,5.2
SP2456,5.72,1.98,5.12,4.23,5.79,5.11,5.05,4.47,5.08,3.88,12.3,6.39,5.05,11.98,7.39,4.73,11.62,5.16
SP4160,5.53,6.13,6.35,6.33,6.08,5.06,5.16,4.69,5.08,2.63,13.84,6.49,5.08,11.71,7.14,5.0,11.48,5.07
SR-9011,5.48,7.22,6.44,5.96,5.05,5.09,6.94,4.72,5.09,10.48,10.33,6.81,5.08,11.54,4.85,4.79,11.09,5.22
SR11254,5.39,3.14,6.33,6.53,5.09,5.05,6.55,4.24,5.07,3.05,13.44,8.16,5.05,11.68,5.05,4.37,11.44,5.61
SR12813,5.06,2.84,6.57,6.23,4.82,4.85,4.97,4.3,5.55,3.42,12.43,5.44,5.04,10.84,6.68,4.53,11.57,5.98
SU9516,5.16,3.33,5.88,5.21,4.99,5.04,4.91,5.3,5.53,4.33,11.51,5.33,5.48,12.05,5.15,5.13,11.75,6.22
Sacubitril,5.21,2.11,4.11,4.23,4.7,4.84,5.6,4.58,5.1,3.99,10.99,5.7,5.04,11.59,4.16,5.33,11.25,5.23
Safinamide,5.26,7.3,6.45,4.59,5.13,4.87,6.5,5.04,5.07,8.94,17.06,7.14,5.25,11.29,5.53,5.0,11.39,5.18
Sagopilone,5.73,6.47,7.06,6.81,5.49,5.65,6.55,4.7,5.13,3.34,12.22,6.01,5.19,11.59,5.54,4.9,11.46,6.1
Salbutamol,5.07,1.95,5.74,5.75,6.19,5.34,5.78,4.4,5.12,2.99,6.04,4.19,5.04,11.55,4.56,4.56,10.79,5.58
Salicylicacid,4.76,5.03,3.48,3.88,4.32,5.21,4.62,3.77,5.08,6.59,11.86,5.49,5.04,11.97,4.32,3.84,11.64,5.26
Salmeterol,4.92,8.88,6.16,6.26,6.05,5.19,6.8,4.43,5.09,6.0,11.92,5.13,5.04,11.4,5.8,4.52,11.01,5.1
Salsalate,4.83,2.38,5.22,5.95,4.68,6.58,5.59,4.08,5.09,0.95,23.36,6.55,5.04,11.84,5.0,4.58,11.01,5.38
SanglifehrinA,5.87,6.42,7.04,6.54,5.9,4.87,5.59,5.99,5.18,5.36,12.29,7.06,5.06,10.88,7.27,5.05,11.55,6.07
Saprisartan,5.83,5.49,6.67,7.24,5.67,5.22,7.52,5.09,5.09,4.36,12.4,6.04,5.05,11.77,6.8,5.32,11.62,5.19
Sapropterin,5.09,7.18,5.54,5.96,5.01,5.08,5.27,4.31,5.27,9.03,14.79,5.28,5.04,11.81,5.0,4.6,11.43,5.14
Saquinavir,6.1,5.37,5.82,6.88,6.84,5.39,7.78,6.81,5.08,2.74,9.88,6.44,5.03,11.24,5.65,5.82,11.65,5.09
"Sar9,Met(O2)11-SubstanceP",5.36,6.58,6.58,6.88,5.79,5.0,6.94,4.3,5.07,4.64,11.25,6.31,5.02,11.69,5.77,4.78,11.42,5.2
Saracatinib,5.3,6.78,5.43,4.34,5.68,4.88,6.95,5.81,5.04,6.7,16.23,5.64,5.77,11.22,5.84,4.58,11.06,5.02
Sarafloxacin,5.65,5.77,4.36,4.77,5.2,5.15,5.45,4.58,5.41,4.5,11.59,5.95,5.69,11.61,4.67,4.35,11.64,5.91
Sarecycline,5.21,4.43,5.29,5.84,5.59,5.57,6.93,5.02,5.08,2.09,11.36,5.87,5.04,11.74,6.21,4.98,11.52,5.84
Saredutant,5.73,2.55,7.0,5.66,5.82,6.32,6.31,4.79,5.06,3.74,10.57,7.86,5.01,11.58,7.91,5.46,11.66,5.12
Sarpogrelate,5.18,9.88,5.61,5.53,6.02,5.58,5.85,4.43,5.07,8.44,16.51,6.46,5.04,11.56,3.61,4.57,11.44,5.05
Saxagliptin,5.55,3.82,7.3,7.24,5.36,4.93,6.27,4.6,5.28,3.42,11.6,5.39,5.03,12.0,7.84,5.09,11.51,5.16
Scopolamine,5.39,7.15,7.42,7.03,6.02,5.88,6.44,5.24,5.16,3.99,12.83,6.84,5.46,11.48,7.13,5.38,11.28,5.18
Segesteroneacetate,5.33,4.38,5.85,4.41,4.92,5.03,7.42,5.45,5.06,2.93,9.89,7.21,5.41,11.38,6.48,5.01,11.01,5.7
Selamectin,5.12,8.01,6.8,6.09,5.47,4.93,4.91,4.98,5.1,5.83,7.81,6.28,5.05,10.86,7.83,5.28,10.97,5.38
Selenazole-4-carboxyamide-adeninedinucleotide,5.35,8.03,4.96,5.18,5.41,5.64,6.77,5.53,5.08,5.4,10.94,6.76,5.04,11.61,5.99,4.8,11.39,5.08
Selenocysteine,4.93,5.12,3.79,3.75,4.67,5.06,5.71,3.87,5.09,10.82,17.89,3.55,5.04,10.38,4.73,4.22,10.75,5.2
Seletracetam,5.5,6.01,5.81,6.56,4.7,4.92,5.9,4.81,5.37,9.55,17.79,6.08,5.07,11.59,3.58,4.95,11.63,5.2
Selexipag,5.4,9.84,5.98,6.55,5.17,5.7,6.55,4.87,5.06,4.53,15.27,7.13,5.04,11.57,5.0,4.59,11.27,5.06
Seliciclib,5.16,5.51,5.02,5.01,4.96,5.06,5.6,4.36,5.15,4.81,12.06,7.01,5.04,11.55,5.01,4.42,11.49,5.17
Selinexor,5.29,4.87,4.79,5.29,5.14,5.0,7.31,4.61,5.02,1.97,11.9,6.17,5.07,11.53,5.05,4.71,11.74,5.05
Selisistat,5.15,2.54,5.4,6.19,5.02,5.04,6.75,4.64,5.07,4.13,12.03,4.22,5.03,11.54,7.22,4.88,11.5,5.41
Semaxanib,5.36,6.92,5.87,5.47,5.5,5.1,7.21,4.37,5.28,7.57,11.11,5.28,5.72,11.91,5.34,4.82,11.66,6.31
Seocalcitol,5.62,8.89,8.55,7.56,6.02,5.05,7.36,6.95,5.35,3.08,8.08,6.16,5.14,11.59,6.68,5.95,11.18,6.13
Seratrodast,5.14,5.74,3.62,4.11,5.41,5.27,5.6,4.06,5.09,5.79,40.82,4.78,5.11,11.6,6.09,4.65,11.3,5.21
Serine,4.76,6.22,3.49,4.52,4.73,5.05,3.98,3.46,5.11,2.72,10.87,4.53,5.04,10.36,5.91,3.88,10.84,5.26
Serotonin,4.87,7.59,6.63,5.96,5.73,4.99,4.06,6.16,5.07,2.82,9.11,5.91,5.05,11.71,4.97,5.02,11.67,5.08
Sertindole,5.79,4.21,3.67,5.14,6.64,4.89,6.28,7.28,5.1,7.75,10.52,6.1,5.25,11.57,5.2,6.5,11.61,5.08
Sevoflurane,4.94,3.87,5.52,4.5,4.74,5.05,4.01,4.34,5.1,4.05,13.48,4.54,5.05,10.44,5.02,4.24,11.12,5.11
Sildenafil,5.47,2.29,5.73,5.92,5.4,5.27,6.38,4.73,5.06,2.39,7.69,6.87,5.04,11.8,6.71,4.52,10.93,5.15
Silibinin,5.28,2.48,4.86,5.22,4.6,5.04,7.28,3.6,5.38,3.92,11.21,7.88,5.16,11.52,4.91,4.16,10.74,5.61
Silodosin,6.14,5.81,7.42,6.83,5.27,5.23,5.41,6.08,5.07,4.35,11.09,5.65,5.08,11.53,6.97,5.3,11.23,5.06
Simeprevir,5.55,2.99,4.35,5.29,5.79,4.98,6.93,5.29,5.08,3.15,11.49,5.24,5.04,11.65,7.17,4.63,11.24,5.74
Simvastatin,6.11,5.1,4.11,5.09,5.5,4.88,7.38,5.75,5.55,4.42,14.74,6.46,5.14,10.87,6.47,4.72,10.62,6.0
SinapoylcoenzymeA,5.24,4.89,4.9,5.57,5.29,5.05,5.16,4.33,5.07,5.33,14.66,7.2,5.05,11.52,5.77,4.47,11.3,5.17
Sincalide,5.73,3.89,6.86,6.12,6.41,4.86,5.54,6.61,5.11,8.56,12.11,5.22,5.04,11.81,5.07,6.41,11.16,5.79
Siponimod,5.88,5.46,5.59,5.26,5.38,5.12,6.31,7.78,5.12,8.0,14.79,5.71,5.04,10.6,4.24,6.17,11.6,5.12
Sirolimus,5.17,2.78,6.93,6.12,5.12,5.09,5.11,6.23,5.09,2.8,13.2,7.29,5.04,11.51,8.67,4.9,10.98,5.99
Sitafloxacin,6.03,6.31,5.22,5.82,5.33,5.06,6.9,4.75,5.21,5.78,11.78,7.39,5.04,11.61,6.45,4.89,11.39,5.41
Sitaxentan,5.4,5.42,4.23,4.6,5.31,5.36,7.02,6.23,5.08,4.48,10.92,5.48,5.13,10.81,4.96,4.74,11.27,5.1
Sobetirome,5.19,7.2,8.07,7.12,4.91,4.91,6.6,4.55,5.07,6.03,12.01,4.99,5.04,11.61,7.42,4.7,11.47,5.12
Sodiumcitrate,5.08,4.73,3.94,3.89,4.43,4.95,3.78,4.34,5.06,4.32,10.45,3.91,5.24,11.56,5.42,4.1,10.96,5.12
Sodiumferricgluconatecomplex,4.8,6.93,3.64,4.11,4.73,4.98,5.82,4.35,5.14,4.98,11.07,6.68,5.04,11.25,3.95,4.51,10.83,5.46
Sodiumoxybate,4.76,6.1,4.25,4.69,4.39,5.08,5.7,4.1,5.09,4.06,11.59,4.57,5.04,10.28,5.04,3.93,11.4,5.09
Sofalcone,5.2,3.3,5.1,3.99,4.67,4.83,5.63,4.1,5.1,3.28,11.4,5.31,5.04,10.95,3.71,4.16,11.14,5.75
Sofosbuvir,5.27,3.51,5.94,4.7,5.71,4.94,6.09,4.62,5.1,2.92,14.29,7.06,5.05,10.73,5.94,4.46,11.33,5.2
Solabegron,5.16,3.42,4.67,5.71,5.25,5.83,5.35,4.92,5.1,4.24,13.8,5.84,5.08,11.59,4.84,4.64,11.15,5.1
Solithromycin,5.76,5.81,4.64,5.82,5.22,4.94,6.69,4.86,5.08,7.91,12.92,6.31,5.03,11.14,6.75,4.66,11.56,5.1
Solriamfetol,4.81,4.11,5.46,5.56,4.88,5.03,5.08,4.36,5.1,6.87,11.82,5.4,5.07,10.52,2.83,4.27,11.61,5.18
Somatostatin,6.1,4.96,6.09,5.45,5.28,5.0,6.38,4.88,5.08,4.67,11.63,7.34,5.01,11.58,5.02,5.26,10.87,5.13
Sonidegib,5.41,2.9,5.53,4.91,6.01,5.06,7.2,4.89,5.05,6.42,11.9,6.14,5.05,11.48,5.0,4.77,10.97,5.06
Sorafenib,5.56,6.72,5.06,5.08,6.26,4.85,6.2,5.53,5.08,5.87,12.12,5.8,5.05,11.34,5.0,5.31,11.41,5.02
SoraphenA,5.43,5.06,7.52,7.47,5.16,4.92,6.02,4.87,5.05,7.04,11.02,6.36,5.04,10.72,5.56,4.81,10.62,5.15
Sorbinil,5.27,6.73,5.4,6.18,5.16,5.18,5.74,4.75,5.36,8.74,6.36,6.12,5.12,11.8,5.92,4.98,11.26,6.03
Sotalol,5.07,5.67,5.0,5.33,5.01,5.72,5.35,4.78,5.07,3.72,2.47,5.14,5.05,11.75,5.15,4.8,11.57,5.64
"Sp-Adenosine-3',5'-Cyclic-Monophosphorothioate",5.29,8.84,4.99,4.75,4.78,5.24,5.55,4.97,5.07,3.4,8.98,5.01,5.05,11.46,5.05,4.89,11.57,5.06
SpaglumicAcid,4.88,5.07,4.28,4.24,4.52,5.03,3.58,3.77,5.1,8.72,11.75,4.03,5.05,10.74,5.0,3.83,10.46,5.28
Sparfloxacin,5.55,7.16,5.94,5.63,5.02,5.07,6.93,4.69,5.2,5.69,18.4,6.8,5.04,11.58,6.81,4.32,11.32,5.8
Sparsentan,5.64,6.21,5.81,5.11,5.18,5.52,6.16,4.9,5.08,6.65,12.57,5.76,5.04,11.72,7.83,5.34,10.9,5.62
Sphingosine,5.04,9.97,3.96,4.64,4.48,5.06,4.58,3.88,5.09,2.75,8.71,6.41,5.1,10.48,4.96,4.53,11.24,5.08
SphinxolideB,5.21,2.38,4.64,5.17,5.15,5.06,5.62,5.4,5.08,4.55,16.4,7.18,5.04,10.71,5.73,5.16,11.59,5.12
Spirapril,5.51,8.34,6.21,5.06,5.77,5.02,6.43,4.85,5.16,8.54,10.44,4.66,5.04,11.83,7.09,5.09,11.29,5.86
Spironolactone,5.32,5.22,5.21,6.13,5.32,5.05,6.04,4.95,5.09,13.3,12.9,5.66,5.2,11.88,5.12,4.46,11.35,5.85
Sri-9439,5.28,6.78,5.6,5.5,5.78,5.07,6.37,6.89,5.08,10.69,11.86,5.67,5.04,11.52,5.31,5.73,11.39,5.04
Sri-9662,5.35,8.09,4.91,5.57,5.53,5.05,5.65,5.74,5.07,22.05,8.54,5.94,5.05,11.64,5.73,4.91,11.11,5.05
Stannsoporfin,5.21,8.73,5.64,5.0,4.89,5.02,7.04,4.06,5.09,6.76,15.66,6.11,5.02,12.14,5.58,4.2,11.27,5.76
Stanolone,5.28,6.6,8.91,8.49,4.96,5.01,6.87,5.7,5.06,7.13,13.46,5.64,5.06,11.68,7.56,4.89,11.12,5.2
Stanozolol,5.39,4.78,7.0,7.06,4.99,4.94,7.96,5.34,5.07,4.62,13.19,6.29,5.09,10.3,5.44,4.83,11.39,5.82
Staurosporine,5.23,6.89,7.58,7.46,6.1,5.4,7.84,7.26,7.97,7.51,18.44,5.9,6.84,14.02,7.01,5.73,13.75,6.98
Stavudine,5.31,7.62,4.14,4.74,4.84,5.08,5.08,4.49,5.73,2.68,8.63,4.09,5.04,10.75,4.94,3.88,11.53,6.14
Stiripentol,4.84,6.66,5.93,5.79,4.65,5.3,4.26,4.38,5.26,5.14,11.61,6.96,5.05,11.69,6.23,4.69,11.58,5.73
Streptomycin,5.16,9.04,5.72,5.67,5.38,4.95,6.23,4.44,5.11,7.7,12.66,7.23,5.05,10.57,7.08,4.53,10.86,5.63
Streptozocin,5.12,10.06,3.43,3.04,4.82,5.06,3.29,3.28,5.37,3.14,11.24,4.88,5.06,11.86,3.78,3.58,11.34,5.29
Succinobucol,5.57,4.78,4.18,4.45,4.84,5.01,6.99,4.31,5.1,7.11,15.6,6.41,5.41,11.19,4.42,4.19,11.61,5.31
Sucralfate,5.11,4.17,5.19,6.1,5.11,4.99,5.84,4.73,5.07,2.24,11.43,7.46,5.04,10.61,6.12,4.66,11.03,5.77
Sucrose,4.91,5.11,2.98,3.0,4.62,5.03,5.33,4.04,5.58,5.73,12.71,5.35,5.04,10.57,4.02,4.01,11.12,6.02
Sufugolix,5.55,5.29,5.38,5.7,5.7,5.36,6.5,4.96,5.13,7.87,13.89,6.52,5.14,11.81,6.23,6.09,11.12,5.14
Sulfadiazine,4.88,5.51,3.81,3.34,4.65,5.0,3.59,4.29,5.07,5.18,12.39,4.83,5.26,10.82,4.58,4.38,11.66,5.06
Sulfadimethoxine,5.07,2.67,4.85,5.03,5.19,4.85,5.85,4.12,5.07,5.48,10.72,6.48,5.46,12.09,4.91,4.34,11.52,5.11
Sulfamethizole,5.01,5.01,4.98,4.64,4.8,4.88,5.77,4.4,5.06,3.41,11.31,5.14,5.1,11.1,4.58,4.29,11.55,5.1
Sulfamethoxazole,5.12,6.15,3.87,3.61,4.55,4.84,6.14,4.33,5.08,6.57,10.79,5.48,5.08,11.52,4.78,4.52,11.55,5.1
"SulfamicAcid2,3-O-(1-Methylethylidene)-4,5-O-Sulfonyl-Beta-FructopyranoseEster",5.06,4.82,6.82,7.01,5.08,4.95,7.2,4.52,5.21,4.15,10.18,5.2,5.04,10.68,6.11,4.95,11.25,5.42
Sulfamoxole,5.0,5.06,4.47,3.78,4.5,4.85,5.32,4.35,5.05,4.82,16.56,5.54,5.44,11.58,4.38,4.26,11.5,5.1
Sulfanilamide,5.09,4.92,4.19,4.63,4.75,4.96,5.02,4.58,5.06,6.14,9.43,5.26,5.07,10.67,3.69,4.44,11.06,5.09
Sulfaphenazole,5.03,4.52,3.89,4.07,4.93,4.96,5.27,4.41,5.08,4.37,10.55,6.1,5.25,11.57,4.35,4.45,11.54,5.11
Sulfapyridine,4.92,5.89,3.75,3.22,4.57,4.97,4.06,4.28,5.07,6.19,13.79,4.51,5.16,11.58,4.33,4.12,11.77,5.06
Sulfasalazine,4.98,6.39,4.01,3.94,4.88,4.91,5.14,4.08,5.07,6.31,12.6,5.35,5.45,11.59,3.88,4.14,11.64,5.1
Sulfathiazole,4.87,4.55,4.24,4.47,4.92,4.99,3.6,4.11,5.06,4.43,11.35,4.34,5.08,11.58,4.48,4.03,11.39,5.08
Sulfinpyrazone,5.27,6.1,4.33,5.62,5.49,5.59,6.52,4.35,5.09,4.88,10.93,6.08,6.39,11.7,5.58,4.41,11.61,5.55
Sulfisoxazole,5.01,3.79,3.93,3.54,4.52,4.85,5.81,4.09,5.09,9.47,6.84,5.21,5.09,10.76,4.32,4.34,11.64,5.09
Sulindac,5.21,4.5,5.49,6.54,5.02,4.82,7.15,4.74,5.16,7.22,11.68,5.84,5.37,11.81,4.94,4.51,11.37,5.55
Sulpiride,5.26,3.71,7.98,7.55,5.27,5.51,7.05,5.02,5.06,4.29,14.59,5.62,5.15,11.72,6.06,4.91,11.41,5.11
Sumanirole,5.13,6.48,4.63,4.94,4.84,4.97,5.93,4.39,5.49,3.37,19.98,6.78,5.05,11.65,4.29,4.29,11.41,6.22
Sumatriptan,4.98,6.75,4.77,4.87,5.32,4.99,5.23,5.2,5.07,2.94,10.89,5.46,5.03,10.65,4.56,4.84,11.66,5.14
Sunitinib,5.52,8.82,5.55,6.65,5.49,5.28,6.35,5.03,5.74,4.98,13.21,5.22,5.88,12.36,5.56,5.2,11.95,6.72
Suprofen,4.81,43.5,5.81,6.0,4.96,5.78,6.21,4.5,5.1,13.68,4.86,7.45,5.04,11.24,5.45,4.65,11.4,5.39
Synephrine,4.84,8.32,4.69,4.67,5.16,4.88,4.17,4.18,5.12,4.9,15.49,6.53,5.06,11.38,4.19,4.56,11.63,5.21
TAS-108,5.35,2.77,5.56,6.17,5.32,4.9,7.1,5.14,5.08,5.8,10.67,5.77,5.46,11.61,6.65,4.97,11.43,5.69
TERT-BUTYL4-({[4-(BUT-2-YN-1-YLAMINO)PHENYL]SULFONYL}METHYL)-4-[(HYDROXYAMINO)CARBONYL]PIPERIDINE-1-CARBOXYLATE,5.48,6.0,5.69,5.88,6.21,4.87,5.7,6.12,5.08,5.5,31.69,5.7,6.11,11.59,3.73,5.83,11.41,5.49
"TERT-BUTYL{2-[(1,3-THIAZOL-2-YLAMINO)CARBONYL]PYRIDIN-3-YL}CARBAMATE",5.07,7.07,6.58,5.1,5.23,5.03,4.77,4.76,5.03,6.47,10.53,5.22,5.1,11.64,5.34,4.63,11.2,5.11
TG-100801,5.42,5.52,4.65,5.29,5.95,4.84,7.9,4.97,5.06,7.2,14.85,8.74,5.1,11.67,5.01,5.35,11.55,5.2
TG100-115,5.0,5.29,5.21,5.27,4.86,5.0,6.85,4.48,5.03,5.06,14.63,5.51,5.25,11.4,5.04,4.52,11.54,5.1
"THIENO[3,2-B]PYRIDINE-2-SULFONICACID[1-(1-AMINO-ISOQUINOLIN-7-YLMETHYL)-2-OXO-PYRROLDIN-3-YL]-AMIDE",5.7,5.44,7.59,7.53,5.34,6.63,5.76,4.78,5.05,7.44,15.09,6.22,5.04,11.83,5.08,5.13,11.09,5.2
"THIENO[3,2-B]PYRIDINE-2-SULFONICACID[2-OXO-1-(1H-PYRROLO[2,3-C]PYRIDIN-2-YLMETHYL)-PYRROLIDIN-3-YL]-AMIDE",5.74,6.55,7.04,7.15,5.67,6.41,5.58,5.18,5.06,4.55,10.85,6.55,5.04,12.11,7.22,5.07,11.44,5.56
THIO-ATPA,5.15,4.59,4.36,4.18,4.64,5.11,6.23,4.3,5.06,2.22,11.28,5.22,5.03,11.7,5.95,4.01,10.99,5.11
TNP-470,5.56,5.13,3.97,3.84,5.19,4.9,6.52,5.29,5.1,2.8,11.36,5.63,5.75,10.95,5.53,5.06,11.02,5.09
"TRANS-(1S,2S)-2-AMINO-1,2,3,4-TETRAHYDRONAPHTHALEN-1-OL",4.92,9.0,3.9,4.13,4.58,5.17,5.35,3.82,5.07,10.13,15.39,4.64,5.05,11.52,4.06,4.17,11.62,5.16
TRANS-4-(GUANIDINOMETHYL)-CYCLOHEXANE-L-YL-D-3-CYCLOHEXYLALANYL-L-AZETIDINE-2-YL-D-TYROSINYL-L-HOMOARGININAMIDE,6.05,15.61,7.89,6.96,5.72,4.86,7.3,4.55,5.09,11.52,12.4,7.11,5.05,11.71,7.06,5.33,11.66,5.11
TRAZEOLIDE,5.19,4.47,3.93,3.99,4.85,4.94,5.9,4.64,5.05,2.1,11.15,5.72,5.05,11.47,4.26,4.49,11.17,5.63
TRIAZOLOPYRIMIDINE,5.65,4.74,6.04,6.41,5.04,4.89,6.83,4.84,5.06,6.69,11.05,5.33,5.04,11.36,5.92,4.63,11.53,5.05
Tacrolimus,5.37,7.89,7.92,8.18,5.19,5.16,9.19,5.88,5.38,4.32,20.93,9.42,5.04,11.48,8.81,5.87,11.19,6.12
Tadalafil,5.59,6.22,6.65,6.11,4.91,5.58,6.06,4.71,5.21,8.92,19.44,5.84,5.02,11.68,4.51,4.9,11.33,6.04
Tafamidis,5.1,6.68,7.02,6.22,5.16,5.41,7.2,4.48,5.05,3.18,9.96,6.21,5.04,11.61,5.0,4.24,11.32,5.3
Tafenoquine,5.35,6.47,6.6,5.53,5.8,4.83,7.31,6.4,5.07,8.2,11.81,6.66,5.92,11.62,4.91,5.6,11.22,5.12
Tafluprost,5.53,6.66,6.88,6.11,4.87,5.47,6.73,4.87,5.14,5.91,14.59,6.67,5.09,11.71,4.47,4.99,11.16,5.59
Talarozole,5.51,8.39,5.2,5.01,5.53,5.1,5.51,4.95,5.12,2.73,11.91,6.05,5.48,11.74,5.51,6.11,11.59,5.03
Talazoparib,5.65,7.92,6.34,5.81,5.17,4.82,7.23,5.75,5.07,7.89,17.18,6.98,5.03,11.48,5.55,5.47,11.47,5.48
Talinolol,5.36,7.08,4.85,5.04,6.3,5.27,6.53,5.52,5.07,20.03,15.45,5.01,5.26,11.44,5.01,4.47,10.85,5.11
Talnetant,5.16,3.35,7.14,6.64,5.12,5.99,7.33,4.61,5.05,3.32,13.22,8.13,5.04,10.96,7.09,4.85,11.61,5.09
Talniflumate,5.61,5.76,5.52,6.55,4.92,5.04,5.66,5.45,5.04,6.21,17.7,6.21,5.78,12.18,5.51,4.35,11.51,5.07
Tamatinib,5.48,3.39,6.4,6.24,5.64,5.11,7.2,5.88,5.68,5.86,13.91,5.59,6.67,11.89,5.98,5.35,11.77,5.46
Tamibarotene,5.22,3.76,4.94,4.83,5.27,5.49,5.8,4.37,5.04,7.04,14.32,5.15,5.08,11.27,4.9,4.66,11.59,5.16
Tamsulosin,5.33,4.85,8.6,8.2,5.13,4.99,6.85,4.77,5.08,5.19,11.52,6.55,5.03,11.49,7.55,4.98,10.74,5.17
Tanaproget,5.19,17.27,4.57,5.85,5.5,5.38,6.18,4.62,5.45,8.13,30.2,5.78,5.13,10.34,5.22,4.76,11.52,6.02
Tandutinib,5.37,8.37,5.11,5.03,5.19,4.9,5.53,5.52,5.04,4.92,12.05,6.03,5.02,10.75,5.0,4.93,10.88,4.97
Tanespimycin,5.19,4.53,5.26,6.43,5.41,4.94,5.06,4.9,5.1,11.07,12.87,6.35,5.05,11.65,6.25,4.62,11.74,5.94
Tapentadol,5.26,6.33,4.29,4.71,4.82,5.08,6.47,4.35,5.04,7.07,13.17,6.63,5.2,11.69,5.3,4.87,11.64,5.15
Tapinarof,4.89,3.95,5.94,6.54,4.71,5.22,6.2,4.24,5.39,2.69,19.49,5.96,5.06,11.93,5.3,4.47,10.99,6.08
Taribavirin,4.88,3.47,3.76,3.55,5.32,5.01,3.76,3.91,5.41,5.81,11.5,5.35,5.04,11.44,5.36,4.13,10.55,5.17
Tariquidar,5.43,10.13,5.44,5.63,5.18,5.22,6.7,4.61,5.06,12.44,6.35,6.4,5.23,11.61,5.04,4.87,11.22,5.08
Tartronate,4.77,3.47,3.96,5.01,4.37,5.07,3.2,3.77,5.07,5.55,20.47,4.66,5.04,10.35,5.95,4.06,11.57,5.25
Tasimelteon,5.23,6.76,5.15,5.45,5.17,5.13,5.82,4.53,5.17,7.13,12.87,5.74,5.03,11.93,4.48,4.54,11.53,5.38
Tasosartan,5.3,4.09,7.05,6.49,5.65,4.95,6.99,4.74,5.09,21.49,14.65,6.55,5.04,10.62,6.56,5.08,11.0,5.11
Taurine,4.76,6.8,3.55,3.77,4.74,5.07,4.12,4.29,5.08,4.65,12.94,4.15,5.04,10.35,4.39,4.53,11.64,5.05
Taurochenodeoxycholicacid,5.07,7.36,4.69,4.59,4.85,5.05,6.8,4.46,5.1,6.77,13.35,6.34,5.15,10.82,5.5,4.59,10.76,5.78
Taurocholicacid,5.14,4.64,4.65,4.7,4.86,5.01,6.51,4.43,5.1,4.23,10.6,5.93,5.16,10.71,5.63,4.33,10.84,5.68
Tauroursodeoxycholicacid,5.24,7.0,4.69,4.59,4.85,4.99,7.99,4.46,5.1,4.08,15.48,6.03,5.15,10.82,5.5,4.59,10.76,5.78
Tazemetostat,5.56,6.92,5.79,6.6,6.77,5.33,6.46,6.6,5.04,18.71,5.73,7.83,5.81,11.62,7.6,6.61,11.54,5.14
Tazobactam,5.38,6.84,3.81,4.68,5.15,5.02,5.05,5.31,5.48,7.78,13.07,5.93,5.04,11.02,8.09,5.64,10.9,6.14
Tecadenoson,5.67,7.38,7.62,7.21,5.15,4.98,6.46,5.32,5.14,5.17,16.83,6.15,5.08,10.59,4.94,4.98,11.0,5.14
TechnetiumTc-99mmebrofenin,5.61,6.81,5.08,3.61,4.94,4.95,5.34,4.65,5.07,4.73,7.6,6.41,5.33,11.48,4.19,4.25,11.81,5.21
TechnetiumTc-99msestamibi,5.0,7.78,4.0,4.29,4.65,5.05,5.28,4.27,5.08,9.85,15.54,6.34,5.04,10.25,4.44,4.25,11.01,5.13
Tecovirimat,5.17,3.86,4.47,5.14,4.98,4.87,5.78,4.42,5.05,11.74,16.78,6.58,5.5,11.64,7.09,4.49,11.44,5.13
Tegafur,4.91,7.23,4.93,5.47,5.24,5.08,4.21,5.06,5.41,4.56,18.31,4.1,5.68,10.79,4.25,4.56,11.58,5.85
Tegafur-uracil,5.23,7.61,4.51,4.24,5.24,5.13,5.06,5.15,5.09,6.2,12.44,6.67,5.68,10.79,4.25,4.42,11.5,5.18
Tegaserod,5.12,6.61,4.22,5.61,5.42,5.06,5.42,4.21,5.08,4.61,11.11,6.74,5.23,11.5,4.36,4.51,11.39,5.09
Telaprevir,5.58,11.71,5.55,5.96,5.87,5.5,8.01,4.46,5.07,28.47,4.88,7.52,5.03,11.79,7.54,4.79,11.61,5.1
Telapristoneacetate,5.54,5.77,6.71,7.06,6.77,4.82,6.03,6.77,5.71,4.31,20.53,8.13,5.18,11.56,6.2,6.9,11.33,6.09
Telcagepant,5.67,8.48,6.19,6.9,5.82,4.88,7.29,6.83,5.07,17.96,14.02,5.93,5.03,11.7,7.55,5.56,11.62,5.57
Telithromycin,5.27,9.52,5.59,5.58,5.48,4.92,4.89,5.37,5.07,2.48,8.44,7.33,5.04,11.62,7.17,4.98,11.59,5.23
Telmisartan,5.68,5.7,6.2,5.61,5.67,4.99,7.32,5.48,5.08,7.82,15.71,6.98,5.03,11.75,5.99,4.47,11.61,5.1
Telotristatethyl,5.76,7.14,4.71,5.2,5.2,4.81,5.54,4.58,5.07,6.68,11.24,5.9,5.04,11.73,5.39,4.38,11.55,5.08
Temafloxacin,5.64,8.92,5.26,5.72,5.55,5.19,5.47,4.63,5.09,5.93,11.43,6.63,5.5,11.6,5.05,4.2,11.36,5.18
Temazepam,5.02,8.97,5.93,6.11,4.74,5.97,4.9,4.11,5.07,2.96,8.54,6.89,5.44,10.77,4.29,4.19,11.57,5.19
Temocapril,5.8,5.06,4.76,5.98,5.5,5.79,6.77,5.2,5.34,6.24,13.59,5.13,5.04,11.55,4.48,5.05,11.4,5.15
Temsirolimus,5.28,3.26,6.8,6.12,5.22,4.95,7.36,6.14,5.29,3.61,14.13,5.65,5.04,11.5,8.56,4.96,10.89,6.0
Tenapanor,5.55,6.58,5.36,5.45,6.18,5.46,5.6,4.54,5.06,5.41,9.31,8.92,5.06,11.38,7.4,4.53,11.51,5.62
Teniposide,5.4,3.51,6.08,5.56,5.08,5.15,6.13,4.69,5.15,3.01,11.45,7.21,5.03,10.86,6.34,4.82,11.34,5.31
Tenofovir,5.54,6.39,5.11,5.26,4.95,5.15,4.75,4.43,5.07,4.98,11.19,4.78,5.05,11.43,4.51,4.11,11.7,5.25
Tenofoviralafenamide,5.35,4.73,5.41,5.64,5.39,5.37,6.27,4.44,5.06,5.09,19.04,6.98,5.05,10.98,4.5,4.11,11.49,5.1
Tenofovirdisoproxil,5.51,5.72,4.59,6.07,4.87,5.66,6.21,4.39,5.06,7.5,11.36,5.68,5.04,10.82,4.68,4.16,11.67,5.56
Tenoxicam,5.28,7.76,5.59,5.72,4.86,5.22,5.26,4.33,5.06,14.23,20.94,7.81,5.05,11.64,5.42,4.2,10.45,5.11
Terazosin,5.06,5.5,6.13,6.78,5.4,5.16,6.0,4.71,5.07,3.19,10.99,6.47,5.05,11.47,5.71,4.52,11.41,5.2
Terbutaline,4.89,6.99,4.56,4.71,5.04,5.15,6.69,4.38,5.17,2.98,12.74,3.46,5.06,11.48,3.99,4.46,11.52,5.67
Terfenadine,5.31,6.05,5.04,5.44,4.89,4.98,5.55,4.59,5.1,8.39,6.78,8.08,5.06,11.2,4.78,4.44,11.65,5.15
Terguride,5.24,6.86,5.53,5.45,5.15,4.83,7.62,4.37,5.08,5.81,19.04,5.59,5.02,11.76,5.63,4.63,11.66,5.12
Teriflunomide,5.27,5.63,5.28,5.04,5.08,4.97,6.25,5.31,5.08,14.24,13.18,5.86,5.12,11.71,4.24,4.86,11.5,5.12
Terlipressin,5.64,5.32,5.81,5.64,5.73,5.09,6.31,4.64,5.08,5.57,14.6,5.46,5.03,11.97,5.03,4.71,11.65,5.09
Tert-Butyl(1s)-1-Cyclohexyl-2-Oxoethylcarbamate,4.92,5.76,4.34,4.35,5.23,5.28,4.85,4.5,5.09,4.66,11.84,4.29,5.08,10.77,4.4,4.22,11.25,5.39
Tertatolol,4.86,6.56,7.99,8.34,5.21,5.15,5.38,4.24,5.07,4.79,12.54,4.95,5.15,11.58,4.18,4.88,11.29,5.14
Tesaglitazar,5.27,6.87,4.98,5.13,5.38,4.87,4.74,4.26,5.11,7.57,13.44,5.66,5.05,11.2,3.59,4.32,11.57,5.21
Tesevatinib,5.46,8.98,4.99,5.07,5.42,4.9,6.68,5.35,5.05,2.92,8.85,6.93,5.12,11.47,5.0,4.51,11.16,5.03
Testolactone,5.55,7.04,7.24,7.07,5.2,4.86,7.52,4.77,5.08,4.5,12.17,5.68,5.13,11.58,6.43,5.1,11.4,5.45
Testosterone,5.37,9.27,8.28,8.09,4.97,5.07,6.87,5.39,5.21,5.1,14.34,5.43,5.27,10.58,6.95,4.78,10.66,5.67
Testosteronecypionate,5.4,6.8,7.08,6.36,5.09,5.07,8.08,5.58,5.06,6.15,11.25,7.28,5.44,11.38,6.37,4.69,10.99,5.71
Testosteroneenanthate,5.55,5.9,6.18,6.48,5.08,5.15,6.75,5.76,5.07,7.47,29.25,5.5,5.42,10.98,6.26,4.82,10.82,5.19
Testosteronepropionate,5.54,7.5,7.18,6.28,5.12,5.0,6.95,5.65,5.07,4.76,20.18,5.43,5.48,10.78,6.18,4.74,11.06,5.77
Testosteroneundecanoate,5.61,9.37,6.18,6.48,5.08,5.26,6.9,5.76,5.07,10.99,11.43,5.79,5.42,10.98,6.26,4.82,10.82,5.19
Tetomilast,5.19,11.81,3.9,5.67,4.96,4.81,6.89,4.49,5.05,7.63,15.23,7.07,5.2,11.62,5.75,4.44,10.92,5.07
Tetrabenazine,5.01,5.32,7.38,6.01,4.86,5.1,5.28,4.77,5.12,5.17,11.7,5.81,5.05,11.66,6.0,4.38,11.35,5.62
Tetrabromo-2-Benzotriazole,4.94,3.36,3.15,3.29,5.15,5.01,3.61,4.4,5.08,4.52,11.47,4.82,5.27,12.05,3.86,4.29,11.44,5.13
Tetracosactide,5.94,7.79,3.01,5.59,5.88,4.88,6.28,4.47,5.12,3.4,12.2,5.68,5.02,10.73,5.89,4.77,10.92,5.13
Tetracycline,5.29,6.81,6.13,6.74,5.38,5.68,6.24,4.82,5.07,4.52,13.72,6.12,5.04,11.82,6.95,4.94,11.64,5.75
Tetraferrictricitratedecahydrate,5.22,5.4,4.12,4.27,4.43,5.1,4.4,4.68,5.03,5.42,26.14,6.6,5.24,11.56,5.42,4.18,11.05,5.13
Tetrahydrocannabivarin,5.16,6.08,6.34,5.62,4.98,5.15,7.04,4.7,5.28,10.23,11.79,4.47,5.04,10.84,5.74,4.94,11.44,5.15
Tetrahydrofolicacid,5.39,5.87,5.71,4.63,4.95,4.85,6.27,4.18,5.07,4.38,12.54,6.77,5.04,11.62,5.0,4.47,11.38,5.08
Tetrastearoylcardiolipin,5.06,3.2,6.72,7.01,4.82,5.28,7.28,4.75,5.1,3.15,13.12,7.42,5.06,11.54,6.29,4.75,10.9,5.12
TetrazolylHistidine,5.04,3.78,5.4,4.71,4.87,4.96,5.49,4.9,5.06,9.56,11.75,6.23,5.16,10.77,3.68,5.31,11.65,5.07
Tetrodotoxin,5.15,5.31,3.92,3.81,5.59,5.05,5.43,4.23,5.24,4.63,12.5,6.0,5.04,11.33,6.5,4.36,10.81,5.45
Teverelix,6.22,5.55,5.93,5.86,5.96,4.89,6.06,4.51,5.1,6.76,10.82,7.06,5.02,11.67,6.57,4.82,10.83,5.24
Tezacaftor,5.55,2.24,5.99,4.47,5.77,5.61,7.21,4.86,5.16,3.98,12.15,6.36,5.03,11.69,5.83,4.97,11.14,5.27
Tezacitabine,5.02,5.97,4.19,4.11,4.82,4.92,3.92,3.91,5.28,7.41,11.6,6.73,5.04,11.16,5.5,4.08,11.4,6.01
Tezampanel,5.27,7.11,6.24,5.72,5.04,5.03,7.52,4.34,5.09,2.38,13.14,4.92,5.04,10.48,5.02,4.58,10.74,5.09
Tezosentan,5.54,5.91,5.54,5.54,5.81,5.23,7.44,4.88,5.07,7.66,16.44,6.44,5.06,11.66,6.07,5.01,11.62,5.1
Thalidomide,5.11,4.9,5.6,5.84,5.45,4.95,5.89,4.76,5.33,5.07,9.98,5.92,5.02,10.45,4.3,4.42,11.19,6.05
Thenoyltrifluoroacetone,4.88,3.61,4.77,5.6,4.82,6.24,4.26,4.26,5.07,2.99,11.78,4.2,5.05,10.84,4.46,4.66,10.91,5.16
Theobromine,5.09,8.05,4.49,4.64,4.11,5.2,4.22,4.29,5.11,2.78,8.21,5.02,5.09,10.7,4.11,3.92,11.07,5.31
Theophylline,4.91,8.56,5.01,4.89,4.52,5.03,5.11,4.0,5.15,8.9,33.66,4.86,5.12,10.67,4.17,4.12,10.79,5.12
Thiabendazole,4.96,5.81,4.18,4.95,4.61,5.14,5.89,4.25,5.04,4.01,14.86,6.0,5.05,11.58,5.37,4.48,11.61,5.09
Thiamine,5.2,5.87,2.72,3.67,4.99,5.02,5.34,4.66,5.08,13.6,7.48,5.92,5.08,10.92,4.07,4.57,11.07,5.1
Thiamylal,5.22,7.49,4.58,4.68,4.57,4.98,4.88,4.09,5.39,4.22,14.24,5.13,5.06,11.87,3.92,4.24,11.47,5.76
Thiocitrulline,5.12,6.09,5.17,5.6,4.48,5.01,4.82,4.21,5.08,4.09,18.58,5.53,5.05,10.47,5.63,4.68,10.91,5.23
Thiocolchicoside,5.38,9.93,3.79,6.21,4.91,5.4,5.94,4.39,5.08,2.69,8.13,5.51,5.05,11.56,6.39,4.47,10.91,5.17
Thiodigalactoside,5.18,5.18,4.38,4.71,4.9,5.12,5.79,3.13,5.11,5.11,11.26,6.11,5.08,11.54,4.59,3.7,10.79,5.11
Thionicotinamide-Adenine-Dinucleotide,5.43,7.62,5.25,5.94,5.19,4.79,5.9,4.84,5.08,14.09,23.19,6.31,5.05,10.81,5.28,4.3,11.14,5.09
Thiopental,5.2,5.7,6.33,5.52,4.59,5.0,5.54,4.05,5.23,6.47,13.8,5.94,5.05,11.5,4.18,3.97,11.68,5.55
Thiorphan,5.2,5.67,7.29,6.74,4.78,5.1,4.96,7.77,5.09,6.54,11.48,4.39,5.09,11.57,3.42,6.5,11.55,5.19
Threonine,4.8,5.23,3.38,3.86,4.62,5.06,4.17,3.66,5.09,7.69,7.59,4.17,5.04,10.34,4.79,3.94,11.02,5.33
ThreonineDerivative,5.49,6.9,6.72,5.29,5.13,4.95,6.6,4.24,5.09,2.81,11.25,6.11,5.03,12.19,7.37,4.45,11.01,5.11
Thymectacin,5.35,4.87,5.43,4.69,5.59,5.0,5.86,4.68,5.1,4.48,10.43,6.16,5.04,10.8,5.41,4.05,11.53,5.99
Thymidine,5.03,6.76,3.71,4.57,4.56,5.09,5.18,4.72,5.75,4.45,11.0,6.52,5.06,10.76,4.27,4.22,11.64,5.32
Thymidine-5'-Diphosphate,5.1,3.39,4.52,5.06,5.02,5.01,5.65,5.03,5.13,6.56,14.67,6.79,5.1,10.71,4.47,4.44,11.2,5.39
Thymidine-5'-Triphosphate,5.12,4.11,4.75,5.11,5.03,4.99,5.76,4.91,5.16,3.86,10.75,8.32,5.07,10.76,4.92,4.42,11.27,5.56
Thymidinemonophosphate,5.36,7.03,4.89,4.69,4.71,5.1,5.22,5.39,5.23,6.0,11.51,6.32,5.08,10.69,4.49,4.5,11.29,5.26
Tiagabine,5.42,9.43,6.21,5.86,5.27,5.23,6.86,4.55,5.05,2.82,7.45,5.75,5.09,10.72,5.06,5.03,11.6,5.17
Tianeptine,5.3,6.55,5.57,5.61,5.29,5.17,5.43,4.42,5.1,5.55,11.13,5.98,5.22,11.62,5.75,4.59,10.79,5.71
Tiapride,5.08,3.49,5.45,5.66,4.9,5.64,5.5,4.3,5.42,1.0,25.68,4.85,5.14,11.69,4.42,4.05,11.54,6.05
Tiaprofenicacid,4.84,17.7,5.31,5.21,4.84,6.69,5.74,4.69,5.07,6.15,19.08,6.66,5.03,11.6,6.27,5.26,10.56,5.29
Tibolone,5.38,5.5,7.46,7.24,5.0,5.15,7.94,4.35,5.11,4.27,10.72,5.61,5.18,11.67,6.3,5.24,11.4,6.02
Ticagrelor,5.49,6.3,7.45,7.09,5.44,5.19,5.55,4.56,5.09,6.41,11.8,6.39,5.04,11.5,6.06,4.64,11.56,5.09
Ticalopride,5.36,5.33,8.67,7.71,5.15,5.63,6.16,4.62,5.05,5.36,12.43,5.09,5.04,10.98,6.75,4.6,11.38,5.07
Tienilicacid,5.02,4.98,5.8,6.0,6.23,6.2,6.04,4.54,5.11,4.28,11.47,5.7,5.04,11.63,4.97,4.48,11.46,5.14
Tildipirosin,5.25,7.62,4.56,5.64,5.23,4.89,5.29,4.58,5.06,5.42,12.82,6.96,5.18,10.81,5.8,4.79,10.73,5.7
Tilmicosin,5.09,7.31,3.99,5.74,5.16,4.93,5.88,4.8,5.08,11.96,7.66,6.25,5.04,11.39,6.08,4.6,10.66,5.64
Timolol,5.12,5.84,6.59,7.73,5.29,5.01,4.49,5.16,5.04,4.48,12.59,4.38,5.07,11.3,7.86,4.78,11.0,5.09
Tioguanine,4.93,8.74,4.88,4.94,4.6,5.06,6.05,3.92,5.11,5.03,31.18,4.6,5.07,11.71,4.04,4.06,11.31,5.49
Tiopronin,4.77,2.83,5.92,5.88,4.37,5.08,3.75,4.41,5.08,22.86,14.7,4.13,5.05,10.53,4.81,4.77,11.15,5.2
Tipiracil,5.21,4.82,4.79,4.78,5.02,5.06,4.37,7.13,5.1,6.43,12.04,4.73,5.05,11.14,4.53,5.88,11.45,5.34
Tipranavir,6.26,6.57,4.44,4.41,5.72,4.98,7.37,5.11,5.13,9.73,10.66,5.93,5.04,11.62,7.97,4.7,11.09,5.29
Tirapazamine,5.14,3.2,4.74,4.37,4.72,5.05,4.05,4.1,5.08,3.71,11.19,6.45,5.12,11.33,3.7,4.15,10.72,5.11
Tiratricol,4.97,8.98,7.43,6.92,6.07,4.96,7.33,6.24,5.1,6.29,5.32,5.37,5.07,11.51,7.39,5.68,11.44,5.5
Tirofiban,5.26,7.21,6.06,5.89,5.15,5.0,6.27,4.3,5.11,6.53,13.46,5.16,5.02,11.46,4.99,4.82,10.8,5.15
Tivantinib,5.12,5.25,3.8,5.43,5.6,5.12,7.96,4.6,5.1,4.14,11.34,7.91,5.02,11.53,5.18,4.36,11.62,5.72
Tixocortol,5.52,7.18,5.47,5.54,4.94,5.01,6.89,5.27,5.54,6.25,22.39,6.16,5.07,10.86,4.89,4.91,11.36,6.2
Tmr,5.34,2.18,6.98,6.36,5.13,4.79,6.83,4.4,5.22,5.03,39.78,4.94,5.06,11.66,5.0,4.6,11.73,5.57
Tocainide,4.89,6.75,4.89,4.03,4.47,5.08,4.12,3.95,5.25,7.2,15.28,5.36,5.11,11.52,4.29,3.83,10.99,5.16
Tofacitinib,5.47,4.3,5.01,5.27,6.02,4.95,5.9,6.45,5.04,4.84,12.72,5.21,5.02,11.73,5.01,5.47,11.54,5.0
Tolazamide,4.96,4.99,4.05,4.11,5.12,4.99,4.24,4.35,5.1,3.01,9.96,5.65,5.07,11.55,5.04,4.57,11.53,5.17
Tolcapone,4.87,4.49,3.47,4.11,4.88,5.41,4.97,4.49,5.07,6.47,11.65,4.98,5.06,11.73,5.57,4.76,11.54,5.05
Tolfenamicacid,5.14,5.22,6.67,7.1,4.75,5.17,5.64,4.41,5.1,3.43,10.94,6.29,5.05,11.6,4.84,4.63,11.59,5.46
Tolmetin,4.91,6.69,5.38,4.39,4.61,5.8,4.9,4.56,5.08,8.7,11.39,5.45,5.13,11.64,4.91,4.35,11.63,5.11
Toloxatone,4.97,6.71,4.15,4.74,4.92,4.92,5.6,4.44,5.68,5.43,8.4,5.82,5.21,11.62,3.81,4.5,11.61,5.95
Tolperisone,4.86,2.26,6.6,6.55,4.64,5.84,5.22,4.51,5.07,4.03,11.51,6.08,5.18,12.05,5.94,4.57,11.27,5.09
Tolrestat,5.3,20.32,6.78,6.8,5.34,5.14,6.07,5.58,5.07,6.14,8.32,6.08,5.05,11.51,5.55,5.47,11.47,5.2
Tolterodine,5.29,7.68,6.8,5.88,5.03,5.36,7.37,4.4,5.1,5.53,18.1,6.9,5.04,11.54,4.78,5.08,11.63,5.24
Tolvaptan,5.53,4.99,7.19,6.11,5.89,4.89,6.47,5.16,5.05,3.71,20.04,6.79,5.44,10.77,5.72,4.92,11.55,5.09
Tonapofylline,5.17,4.64,6.94,6.29,5.38,4.95,6.15,4.4,5.07,2.84,11.56,6.11,5.05,10.55,7.67,4.58,11.59,5.48
Topiramate,5.12,5.72,6.92,6.73,5.12,4.94,6.99,5.51,5.07,4.6,10.63,5.21,5.04,10.39,5.76,4.78,11.32,5.13
Topiroxostat,4.92,8.6,5.04,6.03,4.71,5.15,5.3,4.36,5.11,6.16,12.56,6.4,5.08,11.55,3.58,4.25,11.12,5.07
Topotecan,5.62,21.51,7.47,7.56,5.76,4.85,5.41,5.6,5.09,11.08,17.27,6.35,5.04,11.65,6.76,4.91,11.6,5.17
Torasemide,5.42,4.48,5.47,4.88,4.8,5.76,6.17,6.45,5.06,11.89,5.15,6.24,5.29,11.61,5.41,4.58,11.61,5.12
Tosedostat,6.34,7.25,6.28,6.96,5.64,5.5,6.69,4.72,5.09,2.52,8.36,6.82,5.19,11.6,6.6,4.79,10.72,5.2
Trabectedin,5.46,5.28,5.55,4.61,5.53,4.91,6.74,4.33,5.24,4.11,9.19,5.94,5.04,11.8,5.84,4.99,11.14,6.26
Tramadol,4.91,5.77,5.18,5.6,5.07,4.94,6.56,4.3,5.06,2.53,10.87,4.54,5.04,10.67,3.88,4.33,11.34,5.18
Trametinib,5.79,5.66,6.7,6.47,5.84,4.98,6.68,5.09,5.12,4.16,14.47,6.63,5.05,11.75,7.18,4.18,11.49,5.08
Trandolapril,5.63,3.31,5.53,5.35,5.51,5.24,6.74,4.73,5.07,5.28,10.86,6.36,5.01,10.66,5.81,4.76,11.5,5.12
Tranexamicacid,4.93,5.02,4.64,4.84,4.39,5.05,4.01,3.62,5.1,10.37,17.57,4.26,5.14,10.64,4.76,3.84,11.61,5.53
Tranilast,5.3,5.62,5.26,3.68,5.22,5.09,5.44,4.64,5.09,3.82,20.11,4.87,5.05,12.16,4.26,4.59,11.71,5.3
Trans-O-Hydroxy-Alpha-MethylCinnamate,5.07,8.8,4.16,4.48,4.52,5.48,6.24,4.31,5.11,7.43,9.53,4.13,5.1,11.69,6.14,4.41,10.56,5.83
Travoprost,5.5,4.83,6.35,6.47,4.91,5.35,7.35,5.02,5.08,5.17,10.83,7.16,5.06,11.78,4.33,4.71,11.59,5.17
"Trencam-3,2-Hopo",4.77,7.04,5.49,6.02,4.35,5.09,4.75,4.31,5.07,4.76,10.75,4.32,5.07,11.74,4.29,4.49,11.55,5.05
Treprostinil,5.37,4.5,5.29,6.33,5.69,5.18,6.77,4.34,5.08,5.47,11.72,5.89,5.04,12.63,5.58,4.4,10.93,5.11
Tretazicar,5.11,3.63,4.06,4.44,5.02,4.89,5.38,4.76,5.06,2.79,11.19,4.87,5.11,11.6,4.3,4.62,11.7,5.06
Triamcinolone,5.79,4.82,8.33,7.58,5.47,4.9,6.44,5.21,5.45,5.94,37.05,6.27,5.04,11.47,6.62,5.12,10.94,5.87
Triamterene,5.02,2.86,5.21,4.94,4.49,5.43,6.01,4.25,5.02,4.32,12.17,4.93,5.14,11.47,5.02,4.19,10.85,5.09
Triazolam,5.36,17.63,8.8,7.42,4.59,5.1,6.89,4.44,5.05,8.52,12.67,5.62,5.04,11.56,6.25,4.42,11.64,5.08
Trichlormethiazide,5.17,4.75,5.69,6.59,5.08,5.36,5.1,4.71,5.23,6.45,10.91,4.61,5.08,11.59,7.4,4.57,11.69,6.05
Triclabendazole,5.16,5.4,6.2,5.67,4.94,5.41,6.73,4.81,5.05,7.02,12.4,6.86,5.09,11.61,6.92,4.41,11.34,5.72
Triclocarban,5.3,6.99,3.81,5.1,4.57,4.95,5.62,4.39,5.07,5.12,12.41,6.02,5.06,11.37,3.38,4.72,11.44,5.04
Triclosan,5.07,5.87,3.75,3.31,6.04,5.04,6.99,5.52,5.03,6.36,12.51,6.1,5.14,11.52,3.61,5.31,11.5,6.05
Tridihexethyl,5.16,4.78,4.1,4.1,5.51,5.58,5.4,4.58,5.58,5.16,11.37,4.59,5.03,11.4,5.44,4.6,11.62,5.77
Tridolgosir,4.94,7.74,3.69,4.34,5.33,5.2,6.43,4.51,5.09,7.67,14.87,4.65,5.26,11.42,4.02,4.37,11.63,5.87
Trifarotene,5.31,5.27,2.98,3.52,5.83,5.0,6.07,4.45,5.1,2.62,8.64,5.27,5.52,11.64,5.66,4.44,11.6,5.09
TrifluoroacetonylcoenzymeA,5.25,6.61,5.25,6.09,5.46,5.07,5.95,4.71,5.07,4.26,15.57,6.36,5.04,11.55,5.21,4.47,11.19,5.06
Trifluoroethanol,4.75,10.38,3.42,4.03,4.43,5.09,4.07,4.36,5.08,14.61,6.89,3.7,5.04,10.19,4.43,4.09,11.2,5.09
Trifluridine,5.34,5.88,3.94,4.58,4.49,5.1,4.13,5.23,5.5,4.54,11.28,4.85,5.04,10.75,4.33,4.48,11.41,5.3
Triflusal,5.04,5.59,5.73,6.36,4.69,4.94,5.16,4.51,5.05,3.92,13.45,4.51,5.04,11.6,5.92,4.65,11.44,5.13
Triglu-5-formyl-tetrahydrofolate,5.66,5.17,5.13,5.32,5.08,4.91,6.72,4.36,5.08,6.04,38.26,6.34,5.03,11.62,5.31,4.53,11.59,5.07
Trihexyphenidyl,5.13,5.84,5.93,6.02,5.67,5.55,5.06,4.54,5.14,10.07,11.33,6.25,5.04,11.33,5.18,4.75,11.57,5.62
Trilostane,5.18,8.36,5.18,6.81,5.03,5.05,7.38,4.78,5.4,3.01,8.35,6.14,5.04,11.98,5.26,4.69,11.05,5.79
Trimethoprim,5.18,8.49,8.07,7.34,4.68,4.99,6.89,4.78,5.12,4.96,12.69,5.54,5.05,11.77,5.83,4.5,11.38,5.03
Trimetrexate,5.62,5.46,4.76,4.9,6.09,4.97,6.28,7.63,5.08,5.52,11.82,5.63,5.28,11.57,4.88,7.01,11.31,5.1
Triptorelin,6.53,8.14,6.63,5.82,5.84,4.87,5.59,4.56,5.08,7.92,5.59,6.71,5.0,10.58,5.46,4.72,10.85,5.11
Tris(Hydroxyethyl)Aminomethane,4.78,7.18,3.53,3.6,4.65,4.98,3.82,4.29,5.09,3.45,16.72,5.41,5.03,10.3,4.13,4.11,11.26,5.09
Trodusquemine,5.13,3.01,4.88,4.71,4.99,5.08,7.18,4.97,5.09,2.63,10.29,5.98,5.15,10.75,5.88,4.83,10.51,5.61
Troglitazone,5.78,9.14,4.96,5.83,5.08,5.02,5.67,4.48,5.09,13.5,12.28,5.26,5.04,12.05,4.0,4.76,11.33,5.25
Trolaminesalicylate,4.8,3.3,3.89,5.19,4.46,6.46,5.44,3.92,5.08,3.05,37.68,6.65,5.05,11.96,4.56,3.86,11.66,5.18
Troleandomycin,5.25,4.89,4.54,4.9,5.16,4.89,5.78,4.38,5.42,5.81,11.97,6.49,5.04,10.7,6.19,4.75,11.64,5.97
Tromethamine,4.76,6.94,3.12,3.58,4.4,5.08,4.02,4.27,5.14,3.68,13.52,3.73,5.03,10.33,3.94,4.24,11.61,5.09
Tropicamide,4.96,11.05,4.95,4.94,5.13,6.15,5.93,4.1,5.09,5.77,15.48,4.59,5.04,11.22,5.0,4.26,11.23,5.17
Tropisetron,5.53,13.5,6.38,5.71,5.87,5.22,7.44,4.71,5.08,5.12,2.99,5.93,5.12,11.7,5.05,4.42,11.55,5.27
Trospium,5.49,6.75,7.17,6.42,5.41,5.69,6.81,6.92,5.06,5.9,11.08,7.48,5.29,11.5,7.51,4.91,11.49,5.12
Trovafloxacin,6.01,4.96,5.32,4.15,5.88,4.84,5.78,4.47,5.09,6.1,11.45,7.16,5.08,11.61,4.38,4.27,11.36,5.29
Troxacitabine,5.1,12.81,4.36,4.57,4.87,4.92,5.89,4.66,5.09,15.96,14.41,4.54,5.38,10.76,4.23,4.5,11.57,5.1
Tryptophan,5.0,14.6,4.4,4.01,4.81,5.11,4.8,3.88,5.09,15.89,15.17,5.05,5.04,10.9,4.95,3.95,11.46,5.13
Tryptophanyl-5'amp,5.53,2.72,5.58,6.88,5.03,5.42,6.57,4.53,5.08,3.07,11.11,6.05,5.1,11.45,5.07,4.36,10.84,5.13
Tubocurarine,5.55,3.15,4.65,4.69,4.89,4.83,7.41,4.19,5.07,5.75,11.42,6.4,5.03,10.75,3.81,3.9,11.2,5.36
Tucatinib,5.46,5.47,4.49,5.04,5.84,4.85,6.28,5.85,5.04,4.38,20.37,5.86,5.16,11.53,5.26,4.84,11.15,5.04
Tulobuterol,4.86,5.31,6.1,6.16,4.87,5.93,5.67,4.23,5.1,5.92,15.85,3.84,5.11,11.29,5.95,4.44,10.75,5.27
Tylosin,5.08,6.02,4.12,5.67,4.99,4.94,5.63,4.75,5.12,4.07,5.7,5.42,5.11,10.95,5.92,5.36,10.92,5.22
Tylvalosin,5.21,10.63,4.07,5.64,5.16,4.92,5.28,5.02,5.21,2.51,7.46,6.05,5.06,10.97,5.83,5.23,11.17,5.62
Tyramine,4.76,5.46,4.31,4.85,4.45,5.02,3.29,4.37,5.08,6.07,12.0,4.03,5.05,10.99,4.3,4.38,11.65,5.04
Tyropanoicacid,5.27,7.14,6.19,6.51,5.39,5.08,5.71,4.32,5.07,7.58,12.13,5.26,5.64,10.91,6.3,4.31,11.04,5.11
Tyrosinal,4.87,7.5,4.44,4.98,5.02,4.89,5.16,4.18,5.06,27.93,27.3,4.7,5.08,11.61,2.93,4.59,11.62,5.11
Tyrosine,4.91,4.8,3.87,4.63,4.85,4.87,4.06,3.82,5.1,10.0,10.31,5.78,5.11,11.56,2.86,4.2,11.61,5.11
UDP-alpha-D-glucuronicacid,5.14,7.87,5.9,5.78,5.11,4.95,4.87,4.31,5.16,4.82,10.16,5.91,5.06,10.48,4.04,4.26,11.19,5.35
"UNDECA-3,7-DIENE-1,3,7,11-TETRACARBALDEHYDE",4.93,2.83,5.1,4.51,4.31,4.9,4.82,4.36,5.06,4.7,13.63,4.43,5.05,10.82,5.4,4.42,11.44,5.2
UP5,5.16,3.84,5.05,5.02,5.16,5.03,5.46,4.45,5.08,4.33,12.08,6.66,5.07,11.11,5.31,4.27,10.81,5.25
Ubenimex,5.17,6.07,4.94,4.82,4.72,5.1,3.57,4.31,5.15,4.86,13.51,4.38,5.03,11.63,3.93,4.65,10.63,5.58
Udenafil,5.62,9.08,5.97,5.96,5.54,4.98,4.91,5.0,5.06,7.06,12.25,7.03,5.04,11.8,6.68,4.51,11.22,5.41
UlapualideA,5.2,5.89,5.83,6.32,5.29,5.0,5.44,4.91,5.13,8.28,12.64,6.78,5.05,11.49,5.32,4.6,10.81,5.37
Ularitide,5.98,3.02,5.41,4.8,5.83,5.15,7.25,4.99,5.1,2.63,13.35,6.91,5.03,11.75,4.82,4.82,11.38,5.21
Ulimorelin,5.78,3.44,6.66,6.6,5.65,5.35,7.69,4.58,5.13,4.12,11.49,6.17,5.02,11.78,5.88,4.73,11.51,5.84
Ulipristal,5.39,7.04,5.76,6.14,7.05,4.85,7.63,5.54,5.76,5.62,9.38,5.94,5.47,11.58,6.12,6.61,11.56,6.13
Ulixertinib,5.35,3.35,6.7,6.78,5.88,6.01,5.71,5.99,5.11,4.33,13.75,7.01,5.1,11.5,5.84,5.47,11.58,5.12
Ulobetasol,5.55,6.48,7.49,7.2,6.12,4.9,7.36,5.43,5.15,6.08,11.43,6.38,5.04,11.63,7.91,5.27,11.3,5.7
Umeclidinium,5.15,3.52,5.25,5.1,5.05,5.11,6.92,4.12,5.08,5.05,11.0,7.13,5.07,11.2,4.57,4.12,11.62,5.19
Upadacitinib,5.64,8.16,5.27,4.51,5.53,5.09,7.26,4.99,5.08,5.57,14.21,7.33,5.04,11.64,6.24,4.49,11.6,5.87
Uracil,4.76,3.97,3.68,4.16,4.36,5.05,4.87,3.98,5.07,2.96,10.75,4.2,5.12,10.44,4.52,4.11,11.06,5.17
Urea,4.76,9.58,3.83,3.94,4.45,5.09,4.07,3.96,5.08,8.08,6.99,4.29,5.03,10.19,4.23,4.23,11.04,5.07
Uricacid,5.12,5.9,3.86,3.61,4.64,5.23,4.72,4.65,5.07,9.98,12.72,4.28,5.03,10.99,3.67,4.82,11.61,5.11
Uridine,5.33,4.71,3.93,4.27,4.41,5.06,5.33,3.39,5.73,7.23,14.8,4.17,5.32,10.64,3.96,3.97,10.71,5.96
"Uridine-2',3'-vanadate",5.34,7.83,3.84,4.32,5.37,5.15,6.24,3.97,5.76,6.06,15.91,6.03,5.04,10.69,5.71,4.03,11.62,5.63
Uridine-5'-Diphosphate,5.14,3.32,4.21,4.9,4.89,4.92,5.81,4.12,5.11,4.92,15.41,5.98,5.28,10.52,4.22,4.16,11.15,5.22
Uridine-Diphosphate-N-Acetylgalactosamine,5.06,5.16,3.74,4.29,5.17,4.94,5.97,3.94,5.25,4.63,10.56,4.76,5.03,10.66,3.93,4.27,11.21,5.51
Uridine-Diphosphate-N-Acetylglucosamine,5.23,2.81,3.74,4.29,5.17,4.93,5.6,3.94,5.25,3.36,11.81,4.99,5.03,10.66,3.93,4.27,11.21,5.51
Uridine5'-triphosphate,5.15,3.01,4.11,4.85,5.02,4.92,5.98,4.26,5.16,3.02,11.77,5.86,5.29,10.65,4.61,4.14,11.1,5.25
Uridinediphosphateglucose,5.33,5.05,4.35,4.68,4.95,4.95,5.83,3.99,5.35,7.61,15.66,7.78,5.05,10.51,3.92,4.11,11.03,5.36
Uridinemonophosphate,5.4,6.53,4.86,3.93,4.61,5.02,5.53,3.98,5.12,2.56,7.34,5.18,5.26,10.48,4.24,4.15,11.13,5.32
Uridylyl-2'-5'-phospho-adenosine,5.32,6.95,6.72,6.82,5.1,4.95,5.62,4.31,5.1,5.39,10.55,5.36,5.05,10.84,5.28,4.37,10.78,5.49
Ursodeoxycholicacid,5.13,4.54,4.32,4.6,4.54,5.01,6.87,4.38,5.11,4.48,11.87,5.37,5.05,11.68,4.5,4.65,10.63,5.78
VX-702,5.47,5.68,6.17,6.13,6.53,5.1,6.22,4.67,5.07,2.53,12.36,6.85,5.05,11.89,6.42,4.88,11.41,5.14
Vadimezan,5.18,6.77,6.64,6.54,5.18,6.19,5.86,4.52,5.19,6.22,4.59,4.59,5.03,11.57,6.66,4.35,11.3,5.65
Valaciclovir,5.17,3.41,4.65,4.99,4.38,4.96,4.05,4.37,5.07,2.79,11.45,5.48,5.04,10.74,5.1,3.99,11.04,5.05
Valdecoxib,5.22,7.36,6.6,6.69,5.12,5.16,6.47,4.45,5.08,6.06,11.23,6.15,5.07,11.49,6.27,4.45,11.5,5.16
Valganciclovir,5.16,3.36,4.79,4.92,4.41,5.05,4.28,4.1,5.08,2.62,10.26,4.96,5.04,10.72,5.16,4.01,11.37,5.12
Valine,4.82,1.85,4.36,4.06,4.75,5.06,4.32,3.92,5.09,2.47,11.54,4.15,5.04,10.3,4.1,3.91,11.07,5.29
Valrubicin,5.2,4.9,5.8,6.73,5.13,5.34,5.32,4.92,5.12,5.62,29.68,5.92,5.04,10.91,5.82,4.96,11.26,5.4
Valsartan,5.34,5.95,7.05,6.94,5.33,5.03,6.68,4.08,5.1,6.47,12.5,5.49,5.04,11.61,5.37,4.99,11.04,5.37
Valspodar,5.71,5.47,6.42,6.41,5.78,5.08,7.58,6.46,5.21,2.62,12.53,6.96,5.14,12.17,7.8,4.77,11.57,5.13
Vandetanib,5.49,5.94,5.03,5.19,5.46,5.03,4.84,5.41,5.07,9.51,11.93,6.29,5.18,10.83,5.0,4.82,11.15,5.04
Vardenafil,5.34,2.47,4.68,5.8,5.44,5.32,6.23,4.32,5.06,4.38,11.3,6.32,5.03,11.7,7.37,4.58,11.22,5.08
Varespladibmethyl,5.25,5.64,6.05,5.98,5.31,5.03,7.4,6.03,5.11,8.77,9.33,6.27,5.05,11.63,5.02,6.35,11.44,5.13
VariolinB,5.22,2.84,4.65,5.24,5.55,5.05,6.63,4.34,5.08,6.32,11.66,8.07,5.04,12.04,6.59,4.68,11.61,5.09
Varlitinib,5.49,5.38,4.93,4.23,5.86,5.26,6.06,5.83,5.05,6.27,12.92,6.16,5.05,11.67,5.0,4.39,11.18,5.02
Vatalanib,5.17,4.03,4.97,5.05,5.33,4.9,6.21,4.89,5.06,4.94,15.57,5.86,5.0,11.34,5.0,4.76,11.27,4.97
Veliparib,5.16,3.76,7.97,8.26,5.49,5.1,5.88,5.34,5.06,4.05,10.66,6.46,5.05,10.44,7.7,5.04,11.41,5.13
Velpatasvir,6.0,3.54,4.37,5.49,5.97,5.58,5.49,5.45,5.09,3.24,12.5,6.59,5.03,11.08,5.82,4.77,11.65,5.2
Velusetrag,5.48,5.38,6.51,7.58,5.98,5.21,8.54,5.9,5.11,24.04,11.85,5.32,5.05,11.61,3.88,4.94,11.55,5.16
Vemurafenib,5.43,9.02,5.01,5.26,5.53,4.88,6.54,5.01,5.08,5.02,12.41,6.46,5.08,12.47,5.0,4.85,11.64,5.17
Venetoclax,5.72,5.23,5.98,5.24,5.98,4.9,6.51,5.39,5.08,5.47,12.95,5.66,5.3,12.1,6.93,5.18,10.84,5.9
Venlafaxine,5.05,4.2,4.9,5.4,5.47,4.97,4.45,5.09,5.06,9.15,10.34,5.46,5.02,10.48,4.29,4.65,11.31,5.03
Vercirnon,5.17,10.67,4.48,4.29,5.51,5.91,6.81,4.91,5.08,4.3,15.39,7.76,5.1,11.79,4.49,4.91,11.07,5.09
Verdoheme,6.4,3.3,5.61,5.9,5.82,4.86,8.46,4.53,5.05,4.25,12.41,5.7,5.04,11.79,6.42,4.69,11.51,5.15
Vernakalant,5.18,3.18,6.0,5.65,5.13,4.98,6.03,4.72,5.07,4.51,10.99,6.38,5.07,11.61,5.83,4.43,11.3,5.05
Verubecestat,5.8,3.81,4.41,6.19,5.65,5.02,7.04,6.35,5.06,4.16,17.38,7.0,5.09,11.61,5.95,5.42,11.33,5.29
Vidarabine,4.93,5.66,3.67,3.83,4.89,5.02,4.94,4.4,5.08,2.47,8.5,4.55,5.12,10.49,3.98,4.23,11.14,5.1
Vigabatrin,4.77,2.95,4.42,4.28,4.31,5.06,5.09,4.12,5.1,4.25,11.12,4.25,5.05,10.44,5.53,4.54,11.39,5.91
Vilanterol,5.24,3.59,5.38,5.71,5.28,4.98,7.33,4.53,5.08,6.41,11.35,5.35,5.03,10.71,5.63,4.61,11.45,5.11
Vilazodone,5.61,4.16,6.45,5.65,6.62,5.09,5.46,5.85,5.18,2.37,11.03,6.87,5.32,11.81,7.0,5.1,11.48,5.13
Vildagliptin,5.69,3.03,7.36,6.73,5.74,4.95,5.6,4.74,5.28,7.19,11.71,5.47,5.08,11.51,3.85,5.32,11.3,5.58
Vinblastine,5.2,2.48,6.44,4.51,5.4,4.88,6.93,4.6,5.29,3.45,11.6,6.7,5.04,11.96,6.46,4.74,11.66,5.89
Vincristine,5.73,6.35,6.98,5.86,5.43,5.31,6.14,4.29,5.15,6.56,21.29,6.79,5.04,11.94,6.33,4.56,11.66,5.72
Vindesine,5.43,7.38,7.3,6.17,5.28,5.17,8.02,4.72,5.25,24.23,6.2,6.71,5.04,11.88,6.25,4.68,11.63,5.95
Vinflunine,5.46,2.95,6.94,5.32,5.38,4.97,8.66,5.7,5.33,2.79,10.6,7.13,5.04,11.83,6.43,4.8,11.54,5.96
Vinorelbine,5.22,11.22,6.42,4.77,5.32,4.79,7.57,4.63,5.6,4.87,13.14,6.31,5.04,11.81,6.48,4.77,11.62,6.2
Vintafolide,5.47,7.67,5.63,6.13,5.71,4.88,7.41,4.99,5.08,10.71,6.01,6.78,5.04,11.77,6.26,4.97,11.55,5.41
Vinylglycine,4.8,3.13,4.29,5.13,4.63,5.1,4.95,4.04,5.07,10.8,16.74,3.9,5.04,10.41,4.42,4.27,11.59,5.16
VirginiamycinS1,5.47,5.32,6.74,7.1,5.78,5.61,5.95,4.41,5.21,6.31,13.64,7.13,5.02,12.07,5.56,4.66,11.74,5.15
Vismodegib,5.36,10.14,4.48,4.88,5.06,5.82,6.52,4.52,5.06,6.85,12.15,6.13,5.28,11.49,4.51,4.88,11.13,5.29
VitaminA,4.93,9.78,7.32,6.92,5.71,4.96,7.09,4.56,5.13,18.36,5.22,6.89,5.08,11.5,7.15,4.5,11.63,5.96
VitaminE,5.11,4.73,5.07,5.9,4.93,5.05,5.72,4.17,5.12,3.33,12.21,4.32,5.04,11.72,5.4,4.25,11.13,5.68
Voacamine,5.62,4.68,7.4,6.46,5.09,4.86,6.88,4.41,5.5,2.33,11.64,6.39,5.03,11.68,6.25,4.59,11.54,6.3
Voclosporin,6.17,10.29,6.7,6.67,5.62,5.03,8.49,5.65,5.59,2.54,6.94,8.63,5.23,11.66,7.18,4.99,11.6,5.17
Voglibose,4.91,5.45,5.88,4.02,5.7,5.02,4.64,4.95,5.53,4.23,15.55,4.67,5.15,10.58,4.68,5.68,11.59,5.72
Volixibat,5.76,3.51,3.97,4.6,5.85,4.91,7.77,6.45,5.08,3.41,14.56,5.02,5.15,11.58,6.43,5.2,10.72,5.79
Vorapaxar,5.31,5.32,7.03,7.0,6.5,4.86,7.85,5.68,5.08,5.41,17.44,6.18,5.18,11.52,6.79,5.08,10.67,5.11
Voriconazole,5.62,5.82,4.79,4.28,6.13,4.86,5.36,5.26,5.04,6.15,14.32,6.63,5.04,11.9,5.07,4.72,11.18,5.13
Vorinostat,5.17,16.58,6.23,6.16,5.35,5.13,5.55,5.93,5.09,13.08,5.96,6.47,5.08,11.06,5.94,5.19,10.77,5.36
Voxelotor,5.08,5.47,5.84,6.67,4.89,5.19,5.2,4.85,5.06,4.56,12.22,7.29,5.04,11.16,4.13,4.92,10.94,5.09
Voxilaprevir,6.19,4.48,5.65,4.43,6.24,4.92,6.75,5.03,5.23,14.93,11.26,6.7,5.03,11.72,6.45,5.5,11.11,6.1
WAY-151693,6.03,5.39,5.89,5.01,6.22,4.88,6.53,6.3,5.07,5.73,13.3,6.44,5.05,11.63,4.11,5.75,11.53,5.07
WRR-112,5.73,7.41,4.4,4.61,5.43,5.06,6.99,4.25,5.12,6.11,10.43,4.74,5.09,11.57,3.86,4.43,10.96,5.97
WRR-99,5.7,3.5,4.4,4.61,5.43,5.08,6.59,4.25,5.12,2.64,10.28,5.1,5.09,11.57,3.86,4.43,10.96,5.97
WX-UK1,5.86,6.3,6.44,6.45,5.18,6.02,6.59,5.09,5.15,3.45,5.76,5.04,5.05,10.62,4.55,4.67,11.62,5.72
Warfarin,5.2,6.0,5.3,6.12,4.79,5.26,4.99,3.82,5.08,5.64,5.98,5.95,5.03,11.56,5.01,4.34,11.52,5.12
Willardiine,4.97,6.15,4.05,5.52,4.45,5.19,5.29,4.25,5.29,4.99,16.69,3.99,5.04,10.98,3.76,4.08,10.59,5.6
Xamoterol,5.08,8.42,4.44,5.58,5.39,5.0,6.01,4.5,5.09,5.81,11.2,4.65,5.19,11.45,4.6,5.14,11.54,5.12
Xanthine,4.95,3.14,4.05,4.15,4.64,5.0,5.02,3.89,5.12,4.05,10.81,4.27,5.03,10.78,3.72,4.01,10.89,5.89
Xanthinol,5.24,7.64,4.62,4.81,5.13,5.14,5.74,4.15,5.13,2.28,14.63,4.51,5.1,10.67,4.07,4.02,11.6,5.34
Ximelagatran,5.74,4.69,6.46,5.53,5.78,5.0,5.55,5.63,5.07,2.5,11.38,4.94,5.03,11.67,5.96,5.67,11.56,5.18
Y-700,5.21,4.21,4.67,4.82,5.26,4.85,5.38,7.79,5.16,4.05,10.28,6.38,5.07,11.46,4.5,6.0,11.49,5.26
Yohimbine,5.59,8.72,6.79,4.63,4.98,5.19,5.74,4.52,5.4,10.53,6.88,6.83,5.17,11.67,5.15,4.2,11.5,6.01
Z-Pro-Prolinal,5.37,2.86,4.27,4.32,5.36,5.56,5.03,6.43,5.08,3.99,10.25,4.95,5.06,11.34,4.52,5.93,11.6,5.13
Z-Val-Ala-Aspfluoromethylketone,5.58,5.71,4.24,4.2,5.73,5.4,6.56,6.6,5.08,5.72,12.45,5.13,5.18,11.25,3.8,5.26,10.82,5.08
ZAPi,5.13,8.95,7.26,7.09,5.15,4.9,4.85,4.41,5.08,4.88,14.62,6.55,5.09,11.47,4.67,4.08,11.29,5.25
Zafirlukast,5.66,1.24,7.05,5.86,5.15,7.06,6.26,5.45,5.13,2.87,7.85,8.22,5.51,11.59,5.46,4.46,11.07,5.17
Zalcitabine,5.05,4.6,4.02,4.23,4.89,5.01,5.66,4.47,5.09,4.79,13.99,4.84,5.79,11.57,4.38,4.3,11.43,5.1
Zaltoprofen,5.49,5.16,5.44,5.98,5.06,5.64,6.95,4.43,5.16,8.83,13.99,7.03,5.07,12.42,4.22,4.77,10.62,5.56
Zanamivir,5.4,4.46,5.09,5.72,6.38,4.98,4.62,6.53,5.1,5.15,10.85,5.28,5.15,12.46,4.03,6.35,11.52,5.04
Zanapezil,5.49,5.16,5.42,5.73,5.83,5.4,5.69,4.75,5.07,4.51,22.85,6.84,5.15,11.32,7.26,4.86,11.49,5.19
Zanubrutinib,5.74,14.28,5.94,6.57,5.87,5.35,8.37,7.79,5.06,5.88,13.67,7.01,5.05,10.95,6.34,5.83,11.59,5.91
Zardaverine,5.22,8.01,6.26,6.03,4.92,4.96,6.03,4.25,5.07,8.63,10.49,5.2,5.04,11.59,4.14,4.23,11.36,5.13
Zenarestat,5.27,5.61,7.35,6.77,5.65,4.95,4.63,4.59,5.07,5.1,13.17,5.22,5.06,11.59,5.0,4.63,11.12,5.45
Zeranol,5.18,6.53,6.79,5.21,4.73,4.94,5.98,4.75,5.11,7.9,12.05,5.75,5.09,11.52,4.54,4.37,11.2,5.12
Zidovudine,5.29,3.3,4.08,4.75,5.23,5.06,5.15,5.5,5.75,2.8,10.6,5.6,5.08,10.72,5.34,4.52,11.28,5.95
Zileuton,5.07,5.93,4.09,6.08,5.01,5.45,5.34,4.94,5.06,11.17,12.89,8.03,5.02,11.54,6.83,4.87,11.49,5.07
ZincSubstitutedHemeC,5.24,5.13,4.32,5.35,4.66,4.88,7.51,4.53,5.13,2.34,11.25,6.95,5.04,10.76,5.95,4.6,11.54,5.23
Ziprasidone,5.24,7.0,5.06,6.24,5.61,5.08,4.57,6.67,5.53,3.25,11.82,5.54,5.06,10.73,5.84,5.44,11.62,5.83
Zofenopril,5.2,6.06,5.59,5.65,4.95,6.58,6.44,4.93,5.06,4.24,11.57,5.62,5.15,11.77,4.35,5.23,11.37,5.19
Zofenoprilat,5.29,5.94,5.65,4.72,5.33,5.04,6.04,7.37,5.07,11.2,16.25,5.48,5.22,10.34,5.55,5.05,11.19,5.22
Zoledronicacid,5.28,7.21,7.0,6.1,5.11,5.07,6.73,5.47,5.04,5.56,13.35,4.46,5.06,11.64,5.05,5.04,11.5,5.08
Zolmitriptan,5.26,7.85,8.64,8.82,4.6,4.95,6.67,5.36,5.07,5.09,18.26,4.62,5.0,11.6,7.42,4.42,11.63,5.16
Zomepirac,4.97,5.0,3.5,5.87,5.02,5.93,5.71,4.66,5.05,2.32,4.57,5.55,5.05,11.65,5.0,4.43,11.12,5.19
Zonisamide,4.87,10.29,5.18,3.94,4.93,5.12,5.95,4.35,5.07,4.17,4.99,5.75,5.03,10.66,4.21,4.4,11.53,5.1
Zopiclone,5.13,5.17,4.45,4.04,5.18,4.86,6.43,4.82,5.44,2.41,20.39,7.33,5.04,10.74,5.41,4.32,10.88,5.76
Zosuquidar,5.87,5.52,7.15,7.48,6.2,5.16,7.69,4.87,5.08,12.84,10.88,8.19,5.13,11.95,4.1,5.39,11.39,5.21
Zucapsaicin,5.09,4.95,6.79,6.81,4.9,4.97,5.03,4.26,5.06,2.65,14.5,4.59,5.05,11.59,5.32,4.38,11.11,5.08
Zuclopenthixol,5.22,2.2,3.47,6.02,5.52,4.98,6.77,4.83,5.53,5.06,11.69,6.0,5.26,11.62,4.21,4.64,11.25,5.28
[(1-{2[(4-Carbamimidoyl-Phenylamino)-Methyl]-1-Methyl-1h-Benzoimidazol-5-Yl}-Cyclopropyl)-Pyridin-2-Yl-Methyleneaminooxy]-AceticAcidEthylEster,5.54,2.92,5.08,5.15,5.84,5.1,8.27,4.63,5.12,4.29,11.13,6.2,5.03,11.67,4.11,4.9,11.57,5.14
[(1S)-1-(5-CHLORO-1-BENZOTHIEN-3-YL)-2-(2-NAPHTHYLAMINO)-2-OXOETHYL]PHOSPHONICACID,6.01,4.55,6.41,5.07,5.32,4.99,6.54,4.18,5.06,6.07,10.42,6.04,5.21,11.79,4.48,4.52,11.41,5.07
"[(3,7,11-TRIMETHYL-DODECA-2,6,10-TRIENYLOXYCARBAMOYL)-METHYL]-PHOSPHONICACID",5.38,6.2,4.35,4.68,4.39,5.14,6.12,4.25,5.09,6.86,13.07,5.94,5.1,11.52,5.37,4.27,11.25,5.12
"[(3R)-3-(Methylcarbamoyl)-2-{[(2-methyl-2-propanyl)oxy]carbonyl}-1,2,3,4-tetrahydro-7-isoquinolinyl]sulfamicacid",5.5,10.8,4.2,4.17,4.78,4.97,5.12,4.43,5.05,12.3,19.66,5.27,5.04,10.68,4.62,4.24,11.44,5.25
"[(3R)-7-NITRO-1,2,3,4-TETRAHYDROISOQUINOLIN-3-YL]METHANOL",5.12,2.71,4.46,4.48,4.65,4.93,4.46,4.31,5.21,3.98,11.94,4.43,5.04,11.6,6.02,4.43,11.39,5.25
"[(3S)-3-(Methylcarbamoyl)-2-{[(2-methyl-2-propanyl)oxy]carbonyl}-1,2,3,4-tetrahydro-7-isoquinolinyl]sulfamicacid",5.57,6.37,4.2,4.17,4.78,5.16,5.19,4.43,5.05,6.94,10.81,5.01,5.04,10.68,4.62,4.24,11.44,5.25
"[(4R)-4-(3-HYDROXYPHENYL)-1,6-DIMETHYL-2-THIOXO-1,2,3,4-TETRAHYDROPYRIMIDIN-5-YL](PHENYL)METHANONE",5.11,6.28,6.07,5.86,4.82,6.57,5.58,4.54,5.04,7.39,9.59,5.47,5.04,11.61,4.12,4.42,11.69,5.11
[1-(1-Benzyl-3-Hydroxy-2-Oxo-Propylcarbamoyl)-2-Phenyl-Ethyl]-CarbamicAcidBenzylEster,5.47,4.75,3.33,3.95,5.54,5.09,6.4,4.28,5.11,4.16,10.39,5.41,5.01,12.09,5.0,4.91,10.9,5.11
"[1-(1-Methyl-4,5-Dioxo-Pent-2-Enylcarbamoyl)-2-Phenyl-Ethyl]-CarbamicAcidBenzylEster",5.34,6.4,3.76,4.39,5.06,5.04,6.13,4.4,5.09,2.77,11.11,5.43,5.03,11.97,5.97,5.19,11.29,5.12
[1-(3-CHLORO-2-FORMYL-PHENYLCARBAMOYL)-2-METHYL-PROPYL]-CARBAMICACIDTERT-BUTYLESTER,5.17,4.31,4.43,4.38,4.89,5.43,4.84,4.59,5.09,1.8,11.97,5.98,5.33,11.25,4.1,4.82,11.25,5.75
[1-(4-Fluorobenzyl)Cyclobutyl]Methyl(1s)-1-[Oxo(1h-Pyrazol-5-Ylamino)Acetyl]Pentylcarbamate,5.57,8.23,4.54,4.67,5.28,5.0,5.43,6.68,5.05,2.91,8.5,5.87,5.04,10.87,6.31,7.08,11.53,5.2
[1-(6-{6-[(1-methylethyl)amino]-1H-indazol-1-yl}pyrazin-2-yl)-1H-pyrrol-3-yl]aceticacid,5.69,4.88,7.09,6.95,5.5,5.17,5.28,4.83,5.18,4.14,10.4,5.86,5.03,12.35,4.3,4.95,11.54,6.0
"[2'-HYDROXY-3'-(1H-PYRROLO[3,2-C]PYRIDIN-2-YL)-BIPHENYL-3-YLMETHYL]-UREA",5.25,5.0,4.63,4.87,5.24,5.18,5.7,4.75,5.09,5.49,12.14,6.69,5.03,11.26,5.5,4.91,11.4,5.08
[2(Formyl-Hydroxy-Amino)-Ethyl]-PhosphonicAcid,4.76,2.52,6.44,6.14,4.77,5.06,3.98,4.93,5.14,6.31,12.88,4.46,5.05,10.6,5.09,4.84,11.87,5.32
"[2(R,S)-2-Sulfanylheptanoyl]-Phe-Ala",5.32,4.86,6.46,5.3,5.16,4.99,6.86,5.14,5.13,4.62,20.82,4.79,5.04,11.82,4.75,5.37,10.66,5.14
"[2,4,6-Triisopropyl-Phenylsulfonyl-L-[3-Amidino-Phenylalanine]]-Piperazine-N'-Beta-Alanine",5.55,3.77,6.06,6.68,5.19,5.72,6.82,4.97,5.13,6.15,8.13,6.01,5.04,10.97,4.5,4.56,11.66,5.48
[2-(3-DIBENZOFURAN-4-YL-PHENYL)-1-HYDROXY-1-PHOSPHONO-ETHYL]-PHOSPHONICACID,5.62,5.32,5.72,5.81,4.95,5.17,7.51,3.94,5.04,5.49,12.56,6.53,5.03,11.09,5.02,4.49,11.47,5.08
"[2-(5-Mercapto-[1,3,4]thiadiazol-2-ylcarbamoyl)-1-phenyl-ethyl]-carbamicacidbenzylester",5.14,5.26,3.98,4.85,4.82,5.62,6.33,4.23,5.1,5.9,11.3,6.83,5.03,10.46,3.9,4.51,11.61,5.12
"[2-Amino-6-(2,6-Difluoro-Benzoyl)-Imidazo[1,2-a]Pyridin-3-Yl]-Phenyl-Methanone",5.46,2.9,4.18,5.13,5.11,5.97,6.57,4.32,5.04,3.44,13.57,6.77,5.04,11.76,5.73,4.22,11.47,5.05
"[3,5-Dibromo-4-(4-Hydroxy-3-Phenethylcarbamoyl-Phenoxy)-Phenyl]-AceticAcid",5.26,7.56,6.2,5.25,6.24,4.86,7.96,6.32,5.16,4.24,14.75,6.5,5.04,10.21,7.2,5.77,11.0,5.19
[3-(1-Benzyl-3-Carbamoylmethyl-2-Methyl-1h-Indol-5-Yloxy)-Propyl-]-PhosphonicAcid,5.8,4.28,6.42,6.04,5.18,5.0,6.09,4.69,5.09,3.73,10.49,8.8,5.04,10.71,5.0,4.16,11.43,5.36
[3-(Dodecanoylamino)Propyl](Hydroxy)Dimethylammonium,4.9,4.9,4.25,6.07,4.47,5.08,5.57,4.08,5.09,5.35,24.22,5.86,5.07,10.56,5.03,4.15,11.72,5.16
[4-(2-Amino-4-Methyl-Thiazol-5-Yl)-Pyrimidin-2-Yl]-(3-Nitro-Phenyl)-Amine,5.13,4.47,6.01,6.65,5.16,4.94,6.78,4.64,5.04,7.98,13.38,5.2,5.16,12.8,6.67,5.44,12.25,5.07
"[4-(4-ACETYLAMINO-PHENYL)-3,5-DIOXO-4-AZA-TRICYCLO[5.2.2.02,6]UNDEC-1-YLCARBAMOYLOXY]-ACETICACID",5.49,6.39,3.55,4.82,6.09,5.42,5.73,4.41,5.09,7.63,12.8,4.61,5.66,11.49,5.85,4.29,11.68,5.56
[4-(4-PHENYL-PIPERIDIN-1-YL)-BENZENESULFONYLAMINO]-ACETICACID,5.2,5.22,4.45,4.88,5.27,6.27,5.82,4.46,5.45,13.29,15.48,6.29,5.05,11.58,5.45,4.64,11.36,5.89
"[4-(5-naphthalen-2-yl-1H-pyrrolo[2,3-b]pyridin-3-yl)phenyl]aceticacid",5.08,5.14,4.39,6.91,6.14,4.84,5.54,4.68,5.1,3.35,11.5,7.55,5.12,12.31,7.17,4.82,11.76,5.45
[4-({4-[(5-cyclopropyl-1H-pyrazol-3-yl)amino]-6-(methylamino)pyrimidin-2-yl}amino)phenyl]acetonitrile,5.26,4.82,7.02,7.1,6.18,4.9,7.33,5.24,5.13,3.15,12.67,6.51,5.34,12.27,6.44,5.08,11.71,5.63
[4-({4-[(5-cyclopropyl-1H-pyrazol-3-yl)amino]quinazolin-2-yl}amino)phenyl]acetonitrile,5.29,6.53,6.49,6.86,5.44,4.81,6.6,4.65,5.08,6.64,13.7,7.12,5.04,12.38,5.07,4.77,11.89,5.14
[4-({5-(AMINOCARBONYL)-4-[(3-METHYLPHENYL)AMINO]PYRIMIDIN-2-YL}AMINO)PHENYL]ACETICACID,5.8,8.09,6.38,6.7,5.84,4.91,6.85,5.87,5.07,7.92,19.52,6.5,6.22,12.21,6.56,4.87,12.12,5.11
[4-({[5-Benzyloxy-1-(3-Carbamimidoyl-Benzyl)-1h-Indole-2-Carbonyl]-Amino}-Methyl)-Phenyl]-Trimethyl-Ammonium,5.67,5.71,4.72,4.3,5.09,5.26,7.88,4.58,5.09,6.02,12.42,6.61,5.29,11.56,4.17,4.43,11.61,5.86
"[4-amino-2-(tert-butylamino)-1,3-thiazol-5-yl](phenyl)methanone",4.87,4.88,5.08,6.16,4.92,6.59,4.68,4.44,5.13,5.3,13.5,6.32,5.79,11.63,5.01,4.4,11.54,5.63
"[5-(5-Amino-1H-pyrrolo[3,2-b]pyridin-2-yl)-6-hydroxy-3'-nitro-3-biphenylyl]aceticacid",5.27,9.54,3.77,4.72,5.24,5.56,6.16,4.43,5.08,10.19,12.47,4.66,5.08,11.0,5.59,4.39,11.69,5.12
"[5-AMINO-1-(4-FLUOROPHENYL)-1H-PYRAZOL-4-YL](3-{[(2R)-2,3-DIHYDROXYPROPYL]OXY}PHENYL)METHANONE",5.17,2.59,4.63,4.87,4.82,5.91,5.85,4.35,5.09,3.92,13.31,5.83,5.08,11.52,4.32,4.19,11.01,5.09
[5-HYDROXY-2-(4-HYDROXYPHENYL)-1-BENZOFURAN-7-YL]ACETONITRILE,4.94,5.64,6.57,6.28,5.07,4.92,6.28,4.5,5.02,5.71,14.39,6.67,5.03,11.72,4.27,4.93,11.65,5.12
"[N-(2,4-DIAMINOPTERIDIN-6-YL)-METHYL]-DIBENZ[B,F]AZEPINE",5.14,6.56,7.31,6.65,5.21,5.18,6.31,4.98,5.05,9.39,13.5,7.25,5.06,11.56,5.25,4.72,11.53,5.07
[N-(3-dibenzylcarbamoyl-oxiranecarbonyl)-hydrazino]-aceticacid,5.48,4.93,4.24,4.87,4.72,5.15,5.06,3.96,5.09,3.3,11.49,6.31,5.06,11.32,3.74,4.17,11.66,5.28
[N-(BENZYLOXYCARBONYL)AMINO](4-AMIDINOPHENYL)METHANE-PHOSPHONATE,5.38,2.59,4.19,4.44,5.01,5.01,6.43,4.17,5.09,3.25,6.49,6.91,5.05,11.51,5.62,4.42,11.66,5.09
"[N-[N-(4-Methoxy-2,3,6-trimethylphenylsulfonyl)-L-aspartyl]-D-(4-amidino-phenylalanyl)]-piperidine",5.78,4.64,6.24,6.56,5.85,4.94,6.04,4.92,5.07,6.16,38.41,5.32,5.04,11.68,4.57,5.11,11.06,5.05
[PHENYLALANINYL-PROLINYL]-[2-(PYRIDIN-4-YLAMINO)-ETHYL]-AMINE,5.54,4.7,5.08,4.51,4.91,4.98,7.15,4.76,5.09,6.21,37.95,5.47,5.18,11.69,4.2,4.34,11.63,5.11
[[1-[N-HYDROXY-ACETAMIDYL]-3-METHYL-BUTYL]-CARBONYL-LEUCINYL]-ALANINEETHYLESTER,6.15,2.65,5.5,5.71,5.52,4.89,5.32,5.41,5.11,2.98,12.25,5.93,5.06,10.98,4.33,4.9,10.61,5.15
"[[4-(Aminomethyl)Phenyl]Amino]Oxo-AceticAcid,",4.84,4.67,4.1,5.04,4.37,5.09,4.08,4.11,5.06,5.47,16.17,4.83,5.06,11.49,3.44,4.16,11.6,5.05
[[CYCLOHEXANESULFONYL-GLYCYL]-3[PYRIDIN-4-YL-AMINOMETHYL]ALANYL]PIPERIDINE,5.44,4.06,5.96,5.2,5.71,6.31,5.42,4.78,5.07,5.9,13.02,4.94,5.25,11.79,4.55,4.93,11.6,5.22
"[{2-bromo-4-[(2R)-3-oxo-2,3-diphenylpropyl]phenyl}(difluoro)methyl]phosphonicacid",5.74,3.46,7.07,5.56,5.89,6.54,4.93,5.41,5.15,5.11,13.18,6.12,5.22,11.67,4.55,5.47,11.58,5.78
acetylleucyl-leucyl-norleucinal,5.82,2.63,5.03,4.95,5.01,5.25,4.86,5.62,5.09,3.08,5.33,4.6,5.08,11.49,4.89,6.22,10.85,5.21
alpha-D-Xylopyranose,4.8,12.65,4.79,4.22,4.78,5.07,3.72,4.29,5.12,5.45,15.71,4.59,5.12,11.16,3.34,4.3,10.91,5.21
alpha-D-glucopyranosyl-2-carboxylicacidamide,4.83,2.53,3.21,3.42,4.77,5.02,4.3,3.74,5.37,3.46,11.39,4.26,5.15,10.67,3.6,3.79,10.81,5.13
alpha-D-glucose-1-phosphate,5.05,2.47,4.0,4.73,4.76,5.04,4.43,3.84,5.36,7.08,13.05,4.18,5.05,11.64,4.13,3.92,11.03,5.67
alpha-D-glucose6-phosphate,5.19,3.81,3.12,2.75,4.73,5.05,3.83,4.36,5.14,8.43,5.01,3.93,5.06,11.48,4.33,4.41,11.19,5.57
alpha-D-mannose6-phosphate,5.32,5.26,3.12,2.75,4.73,5.14,4.99,4.36,5.14,11.95,12.65,5.21,5.06,11.48,4.33,4.41,11.19,5.57
alpha-D-quinovopyranose,4.96,4.07,3.33,3.01,4.71,5.19,5.12,3.47,5.32,2.52,10.69,4.36,5.06,11.19,2.89,4.18,10.79,5.78
alpha-Fluoro-carboxymethyldethiacoenzymeAcomplex,5.25,4.31,5.07,5.74,5.43,5.05,6.05,4.34,5.08,5.37,11.19,5.71,5.04,11.56,5.09,4.42,11.06,5.06
alpha-Ketoisovalerate,4.76,7.52,3.71,4.13,4.35,5.22,5.26,3.92,5.08,5.11,29.09,4.76,5.04,10.36,5.11,3.88,11.23,5.16
alpha-L-methyl-fucose,5.03,3.74,2.65,2.63,4.83,5.12,4.9,3.9,5.08,4.59,18.07,4.29,5.09,11.21,3.18,4.05,10.93,5.15
alpha-Tocopherolsuccinate,5.28,27.69,5.51,5.91,5.02,5.15,7.15,4.07,5.38,5.76,10.77,5.65,5.04,12.25,5.0,3.99,10.93,5.86
alpha-maltotriose,5.03,16.1,4.18,4.31,4.44,4.98,4.75,4.03,5.13,8.16,20.19,4.22,5.04,10.56,4.13,4.25,10.65,5.38
beta-D-Ribose-5-phosphate,5.28,2.07,3.16,2.84,4.56,5.21,4.72,4.48,5.18,4.59,13.29,5.68,5.06,11.67,4.42,4.48,11.12,5.67
"beta-D-fructofuranose1,6-bisphosphate",5.29,23.26,4.37,4.58,4.77,4.99,5.14,4.8,5.09,18.1,20.85,4.51,5.04,11.63,4.87,4.57,11.09,5.32
beta-Hydroxyasparagine,4.88,4.08,3.66,3.77,4.49,5.05,4.87,3.5,5.09,4.22,11.79,3.84,5.06,11.55,4.37,3.9,10.8,5.1
beta-L-fucose,4.79,2.88,3.33,3.01,4.71,5.04,2.89,3.47,5.32,2.1,10.66,4.04,5.06,11.19,2.89,4.18,10.79,5.78
beta-L-methyl-fucose,4.96,4.24,2.65,2.63,4.83,5.15,4.8,3.9,5.08,16.91,8.32,4.21,5.09,11.21,3.18,4.05,10.93,5.15
beta-Naphthoflavone,5.18,7.28,4.58,4.5,4.91,5.33,5.69,4.44,5.05,6.76,11.36,6.24,5.06,11.64,3.88,4.55,11.58,5.15
beta-phenyl-D-phenylalanyl-N-propyl-L-prolinamide,5.69,3.74,4.53,4.78,5.1,5.28,6.18,4.55,5.07,5.81,11.01,5.77,5.02,11.93,4.57,4.26,11.51,5.17
cis-Diamminechlorocholylglycinateplatinum(II),5.44,4.38,4.28,4.58,4.54,5.37,7.02,4.48,5.11,4.87,12.9,6.66,5.07,11.55,4.82,4.61,10.81,5.3
cis-tetracosenoylsulfatide,5.26,5.48,6.57,6.3,4.67,5.02,4.08,4.03,5.09,4.55,10.53,5.11,5.04,10.45,5.34,4.0,10.83,5.1
dATP,5.21,2.8,4.91,5.53,4.97,4.95,6.49,4.45,5.07,2.12,11.49,5.44,5.08,11.6,5.19,4.35,11.02,5.11
"dimethyl(1R,4S)-5,6-bis(4-hydroxyphenyl)-7-oxabicyclo[2.2.1]hepta-2,5-diene-2,3-dicarboxylate",5.17,6.42,4.04,4.19,5.52,5.24,5.43,4.11,5.44,4.7,10.93,6.67,5.04,11.55,5.6,4.25,11.14,5.31
gamma-Aminobutyricacid,4.76,3.74,3.65,4.08,4.97,5.09,4.39,5.07,5.07,2.76,11.54,4.1,5.04,10.3,4.97,5.01,11.56,5.14
gamma-Glutamyl[S-(2-iodobenzyl)cysteinyl]glycine,5.67,6.18,5.58,4.43,5.16,5.05,7.54,4.29,5.08,7.15,10.37,5.89,5.06,11.51,4.02,4.33,10.78,5.11
gamma-Glutamylcysteine,5.11,6.89,4.53,6.09,4.39,5.14,5.61,4.47,5.08,7.96,12.56,4.74,5.12,10.85,4.46,4.76,11.22,5.19
gamma-Hydroxybutyricacid,4.76,4.5,3.2,3.4,4.39,5.09,4.4,3.8,5.16,7.44,17.92,4.63,5.04,10.28,5.04,3.8,11.56,5.43
"methyl(1R,2S)-2-(hydroxycarbamoyl)-1-{4-[(2-methylquinolin-4-yl)methoxy]benzyl}cyclopropanecarboxylate",5.64,4.1,4.6,3.99,5.8,4.85,6.37,6.63,5.06,5.43,5.21,4.83,5.08,11.5,4.07,5.15,11.47,5.29
methyl(3S)-3-[(tert-butoxycarbonyl)amino]-4-oxopentanoate,4.94,8.98,4.15,4.46,5.0,5.16,4.47,4.23,5.08,2.41,7.65,4.43,5.06,10.34,3.34,4.25,11.22,5.2
"methyl4-(2,3-dihydroxy-5-methylphenoxy)-2-hydroxy-6-methylbenzoate",5.07,6.12,4.49,4.8,4.89,5.04,6.99,4.3,5.11,7.5,11.15,4.68,5.15,11.79,6.07,4.63,11.53,5.6
nocodazole,5.16,6.87,5.27,5.82,5.15,5.78,4.71,4.4,5.05,6.61,11.29,7.3,5.04,11.71,4.7,4.15,11.2,5.09
nor-NOHA,5.13,5.14,4.17,5.09,4.4,5.07,5.48,4.09,5.07,8.17,15.91,4.41,5.08,10.62,4.47,4.09,10.78,5.18
"octyl3-amino-3-deoxy-2-O-(2,6-dideoxy-alpha-L-lyxo-hexopyranosyl)-beta-D-galactopyranoside",5.15,6.06,5.71,5.23,4.73,4.95,5.75,3.64,5.08,4.36,10.86,5.6,5.05,11.28,6.43,3.74,10.77,5.08
octyl3-deoxy-2-O-(6-deoxy-alpha-L-galactopyranosyl)-beta-D-xylo-hexopyranoside,5.12,4.62,7.68,6.16,4.53,4.99,5.29,3.93,5.06,5.11,10.71,4.89,5.05,10.57,5.65,3.98,10.67,5.09
p-Hydroxymercuribenzoicacid,4.85,4.93,3.6,3.96,4.29,4.87,5.03,4.04,5.05,10.43,5.18,5.19,5.04,11.57,3.16,3.79,11.61,5.18
para-CoumaricAcid,4.86,7.04,3.92,4.06,4.53,5.07,3.82,3.99,5.24,11.6,13.25,6.0,5.05,11.1,5.08,3.95,11.59,5.75
scyllo-inositol,4.76,5.99,3.04,2.96,4.38,5.06,2.55,3.93,5.06,5.33,6.23,4.38,5.07,10.43,5.07,4.0,11.37,5.3
trans-2-hydroxycinnamicacid,4.77,4.5,5.49,5.67,4.35,5.51,5.6,4.12,5.07,4.61,10.72,5.27,5.06,11.89,5.35,3.83,11.52,5.56
trans-4-(7-carbamoyl-1H-benzimidazol-2-yl)-1-propylpiperidinium,5.1,6.11,7.25,7.7,5.35,5.57,4.5,5.04,5.15,6.19,11.88,7.47,5.05,11.58,7.44,4.66,11.54,5.39
trifluoro-[hydroxy-[hydroxy-[2-(N-methyl-2-nitro-anilino)ethoxy]phosphoryl]oxy-phosphoryl]oxy-beryllium(1-),5.26,,3.16,3.29,4.31,5.34,7.47,3.9,5.07,,,7.01,5.03,10.09,3.49,4.0,10.82,5.09
undecan-2-one,4.75,6.62,3.62,4.83,4.38,5.11,4.8,3.99,5.08,4.99,16.33,4.35,5.04,10.31,4.82,4.36,10.71,5.09
{(2S)-1-[N-(tert-butoxycarbonyl)glycyl]pyrrolidin-2-yl}methyl(3-chlorophenyl)acetate,5.24,5.57,6.61,6.7,5.64,5.03,6.27,4.44,5.1,5.83,13.35,5.83,5.26,11.9,3.91,4.5,11.3,5.51
"{3-[(4,5,7-TRIFLUORO-1,3-BENZOTHIAZOL-2-YL)METHYL]-1H-INDOL-1-YL}ACETICACID",5.3,8.81,5.59,4.5,5.15,5.04,7.37,4.92,5.07,6.08,12.17,6.28,5.02,11.64,5.58,4.7,10.82,5.32
"{3-[(5-CHLORO-1,3-BENZOTHIAZOL-2-YL)METHYL]-2,4-DIOXO-3,4-DIHYDROPYRIMIDIN-1(2H)-YL}ACETICACID",5.24,3.33,4.16,3.81,5.31,5.07,5.78,4.41,5.09,5.34,13.25,5.08,5.04,10.84,3.75,4.41,11.23,5.13
"{3-[3-(3,4-Dimethoxy-Phenyl)-1-(1-{1-[2-(3,4,5-Trimethoxy-Phenyl)-Butyryl]-Piperidin-2yl}-Vinyloxy)-Propyl]-Phenoxy}-AceticAcid",5.59,6.95,4.53,5.79,5.31,5.01,6.7,4.97,5.07,6.99,13.3,6.03,5.01,11.29,5.98,5.09,11.31,5.1
"{4-Amino-2-[(4-methoxyphenyl)amino]-1,3-thiazol-5-yl}(4-methoxyphenyl)methanone",4.92,4.34,4.82,5.91,4.59,5.68,5.77,4.49,5.08,6.01,11.05,6.91,5.14,11.62,4.68,4.31,11.04,5.02
{4-[(2S)-2-Acetamido-3-({(1S)-1-[3-carbamoyl-4-(cyclohexylmethoxy)phenyl]ethyl}amino)-3-oxopropyl]-2-phosphonophenoxy}aceticacid,6.1,10.82,5.81,4.68,5.36,5.26,7.22,3.92,5.05,20.6,12.26,6.09,5.05,11.58,6.57,4.51,11.56,5.13
"{4-[(2s,4e)-2-(1,3-Benzothiazol-2-Yl)-2-(1h-1,2,3-Benzotriazol-1-Yl)-5-Phenylpent-4-Enyl]Phenyl}(Difluoro)MethylphosphonicAcid",5.94,3.82,6.71,5.23,6.04,4.85,6.56,6.82,5.18,3.87,10.46,7.28,5.03,11.69,6.76,5.72,11.54,5.12
"{4-[(CARBOXYMETHOXY)CARBONYL]-3,3-DIOXIDO-1-OXONAPHTHO[1,2-D]ISOTHIAZOL-2(1H)-YL}ACETICACID",5.26,3.33,4.49,5.12,4.94,5.08,5.24,4.46,5.28,7.95,20.38,4.49,5.04,10.8,5.05,4.58,10.64,5.53
"{4-[2,2-BIS(5-METHYL-1,2,4-OXADIAZOL-3-YL)-3-PHENYLPROPYL]PHENYL}SULFAMICACID",5.3,7.15,3.64,4.65,4.9,5.07,6.13,4.25,5.07,6.86,18.05,4.39,5.17,11.01,4.99,4.62,11.34,5.13
{4-[2-BENZYL-3-METHOXY-2-(METHOXYCARBONYL)-3-OXOPROPYL]PHENYL}SULFAMICACID,5.14,2.36,3.89,4.08,4.76,5.1,6.03,4.68,5.06,2.7,14.86,4.49,5.04,11.13,4.36,4.63,11.29,5.08
{4-[3-(4-acetyl-3-hydroxy-2-propylphenoxy)propoxy]phenoxy}aceticacid,5.11,2.76,5.75,4.91,4.9,5.0,6.71,4.19,5.06,4.24,11.16,5.7,5.04,11.39,5.92,4.01,11.43,5.06
"{4-[3-(6,7-Diethoxy-Quinazolin-4-Ylamino)-Phenyl]-Thiazol-2-Yl}-Methanol",5.19,3.95,4.96,5.62,4.83,4.85,6.9,5.89,5.05,2.77,10.18,5.67,5.08,11.28,5.04,4.8,11.23,5.03
"{[(2,6-difluorophenyl)carbonyl]amino}-N-(4-fluorophenyl)-1H-pyrazole-3-carboxamide",5.46,3.09,4.23,4.6,5.06,5.03,5.14,4.5,5.07,3.03,11.78,7.09,5.03,11.18,5.82,4.62,11.6,5.14
"{[2-(1h-1,2,3-Benzotriazol-1-Yl)-2-(3,4-Difluorophenyl)Propane-1,3-Diyl]Bis[4,1-Phenylene(Difluoromethylene)]}Bis(PhosphonicAcid)",6.06,5.35,6.68,6.28,5.96,4.88,6.29,5.19,5.07,3.3,17.07,6.01,5.04,11.73,5.59,5.05,11.58,5.05
"{[2-Amino-4-oxo-6,7-di(sulfanyl-κS)-3,5,5a,8,9a,10-hexahydro-4H-pyrano[3,2-g]pteridin-8-yl]methyldihydrogenato(2-)phosphate}(dioxo)sulfanylmolybdenum",5.59,16.89,4.96,5.39,5.48,4.94,5.96,5.66,5.06,9.92,6.28,4.52,5.04,12.04,6.57,4.66,11.13,5.12
"{[5-(5-nitro-2-furyl)-1,3,4-oxadiazol-2-yl]thio}aceticacid",4.94,7.0,3.55,4.85,4.57,5.39,6.18,4.42,5.34,5.28,13.5,4.83,5.05,11.59,3.76,4.47,11.55,5.15
