Drug_InchiKey,P03254,P03322,P08668,P0DTC2,Q6WB98,Q6YMS1,Q710U6,Q86825,Q9IH62,Mean_Rank,Aggregate_Rank
PBCZSGKMGDDXIJ-HQCWYSJUSA-N,2,1,3,1,5,1,4,1,1,2.111111111111111,1
KSOVGRCOLZZTPF-QMKUDKLTSA-N,1,4,3,3,3,3,9,3,2,3.4444444444444446,2
VKHAHZOOUSRJNA-GCNJZUOMSA-N,10,2,1,7,4,2,10,7,7,5.555555555555555,3
OVDSPTSBIQCAIN-UHFFFAOYSA-N,3,9,2,12,2,7,13,5,6,6.555555555555555,4
UIARLYUEJFELEN-LROUJFHJSA-N,13,6,8,6,12,5,8,4,5,7.444444444444445,5
VERWOWGGCGHDQE-UHFFFAOYSA-N,6,14,12,2,9,4,12,9,4,8.0,6
AILRADAXUVEEIR-UHFFFAOYSA-N,4,8,9,10,15,11,2,6,15,8.88888888888889,7
LWQQLNNNIPYSNX-UROSTWAQSA-N,17,7,5,15,1,8,7,20,11,10.11111111111111,8
VVWSSVXERSACCP-ZUXWQOPOSA-N,25,5,34,4,10,6,5,2,27,13.11111111111111,9
OLCWFLWEHWLBTO-HSZRJFAPSA-N,46,15,7,9,28,12,11,8,3,15.444444444444445,10
BGLPECHZZQDNCD-UHFFFAOYSA-N,20,17,10,8,22,25,21,11,29,18.11111111111111,11
BCSHRERPHLTPEE-NRFANRHFSA-N,21,28,21,33,6,18,15,10,24,19.555555555555557,12
KELRBTWVTDHIHS-VENPPMLCSA-N,14,10,47,40,29,15,19,13,9,21.77777777777778,13
ZMKGDQSIRSGUDJ-IMVLJIQESA-N,52,20,22,25,8,18,32,23,42,26.88888888888889,14
HPLNQCPCUACXLM-PGUFJCEWSA-N,18,33,40,24,58,33,16,18,23,29.22222222222222,15
UCHDWCPVSPXUMX-TZIWLTJVSA-N,62,37,36,30,26,32,18,21,16,30.88888888888889,16
IHOVFYSQUDPMCN-XAKVHENESA-N,41,43,11,54,24,20,26,50,22,32.333333333333336,17
YUAALFPUEOYPNX-UHFFFAOYSA-N,9,110,33,17,11,66,28,11,13,33.111111111111114,18
ALKJNCZNEOTEMP-UHFFFAOYSA-N,16,19,38,27,57,27,63,28,31,34.0,19
LNGNTCFORRWFSF-DVTGEIKXSA-N,22,29,27,49,77,29,41,19,43,37.333333333333336,20
ZMKGDQSIRSGUDJ-VSROPUKISA-N,70,20,22,25,31,22,82,37,34,38.111111111111114,21
RYYNGWLOYLRZLK-UHFFFAOYSA-N,26,26,71,37,25,38,75,41,30,41.0,22
IHOVFYSQUDPMCN-QKUIIBHLSA-N,33,100,46,47,32,26,24,76,28,45.77777777777778,23
UQRCJCNVNUFYDX-UHFFFAOYSA-N,57,30,24,20,170,17,27,25,51,46.77777777777778,24
GNNDEPIMDAZHRQ-UHFFFAOYSA-N,60,64,20,18,98,42,49,87,11,49.888888888888886,25
PDOQBOJDRPLBQU-QMMMGPOBSA-N,36,11,72,91,59,14,43,118,8,50.22222222222222,26
UZWDCWONPYILKI-UHFFFAOYSA-N,65,34,35,41,53,23,33,138,41,51.44444444444444,27
NHHQJBCNYHBUSI-UHFFFAOYSA-N,42,66,86,39,13,28,67,77,67,53.888888888888886,28
GDCDJDVICJMYLY-HBMCJLEFSA-N,94,32,58,55,76,30,80,45,25,55.0,29
OHRURASPPZQGQM-HXFRDVPDSA-N,122,12,102,31,16,40,92,67,16,55.333333333333336,30
VXMOONUMYLCFJD-XADRRFQNSA-N,87,20,99,59,34,34,62,31,72,55.333333333333336,30
MGGBYMDAPCCKCT-UHFFFAOYSA-N,51,87,66,44,68,39,30,58,56,55.44444444444444,32
POTREZAYKLAUSX-HUFMRFRTSA-N,49,77,32,87,20,57,1,110,75,56.44444444444444,33
BNVPFDRNGHMRJS-UHFFFAOYSA-N,74,31,61,53,56,50,48,84,53,56.666666666666664,34
QAGYKUNXZHXKMR-HKWSIXNMSA-N,12,3,6,203,72,143,6,90,10,60.55555555555556,35
AUUKUAHPMHVZJL-NSHDSACASA-N,54,96,42,49,107,63,3,97,35,60.666666666666664,36
QGZYDVAGYRLSKP-UHFFFAOYSA-N,28,13,115,32,80,203,54,24,19,63.111111111111114,37
BDSYKGHYMJNPAB-LICBFIPMSA-N,5,116,52,79,21,36,20,187,57,63.666666666666664,38
WLAVZAAODLTUSW-UHFFFAOYSA-N,27,50,50,22,43,24,279,57,25,64.11111111111111,39
ZVYVPGLRVWUPMP-VOIUYBSRSA-N,45,69,120,29,64,16,47,49,143,64.66666666666667,40
LWQQLNNNIPYSNX-NNEHDCEKSA-N,35,79,13,183,85,119,31,22,20,65.22222222222223,41
LQVXSNNAFNGRAH-QHCPKHFHSA-N,23,63,67,148,30,128,37,34,73,67.0,42
SWHNZGMQMGFQGW-MSOLQXFVSA-N,39,59,92,86,74,125,73,14,62,69.33333333333333,43
HKPQFVAUXAZCDY-OAHLLOKOSA-N,100,123,137,13,39,107,56,48,50,74.77777777777777,44
KELRBTWVTDHIHS-KGTFJIFRSA-N,14,152,158,16,17,35,68,142,123,80.55555555555556,45
MZDKLVOWGIOKTN-UHFFFAOYSA-N,96,27,48,101,94,125,70,60,105,80.66666666666667,46
ZSWMIFNWDQEXDT-ZESJGQACSA-N,142,93,75,38,100,64,91,102,36,82.33333333333333,47
QHADVLVFMKEIIP-UHFFFAOYSA-N,116,51,83,28,216,9,53,26,178,84.44444444444444,48
LLYYNOVSVPBRGV-MVNKZKPCSA-N,87,25,116,106,43,150,175,47,18,85.22222222222223,49
ZVYVPGLRVWUPMP-FYSMJZIKSA-N,34,67,15,23,158,31,126,42,295,87.88888888888889,50
VZBVEWNPFLFUCS-FXADVQPWSA-N,54,24,96,98,18,105,36,104,261,88.44444444444444,51
WBNNIURTBZHJTI-WDCKKOMHSA-N,50,158,28,34,116,69,52,245,47,88.77777777777777,52
SHZPNDRIDUBNMH-NIJVSVLQSA-L,103,49,17,117,103,20,39,267,88,89.22222222222223,53
HJNZCOUKMKBKLV-CNZCJKERSA-N,66,69,53,257,193,51,38,15,66,89.77777777777777,54
RAGOYPUPXAKGKH-XAKZXMRKSA-N,84,73,86,96,116,75,65,134,80,89.88888888888889,55
IGUBBWJDMLCRIK-UHFFFAOYSA-N,130,71,79,104,137,49,46,32,161,89.88888888888889,55
UREBDLICKHMUKA-CXSFZGCWSA-N,31,84,153,84,73,83,35,51,223,90.77777777777777,57
HFNKQEVNSGCOJV-FBXGHSCESA-N,69,40,130,51,241,101,81,39,89,93.44444444444444,58
WGOJWDWKHJHXSV-UHFFFAOYSA-N,47,68,128,88,87,70,171,116,69,93.77777777777777,59
OAKGNIRUXAZDQF-TXHRRWQRSA-O,7,90,112,190,64,232,33,71,60,95.44444444444444,60
DIWDGCJUJQGVOU-RUZDIDTESA-N,64,98,90,158,94,91,79,59,153,98.44444444444444,61
BSMCAPRUBJMWDF-QGZVFWFLSA-N,95,98,84,70,93,97,185,73,112,100.77777777777777,62
GXXLUDOKHXEFBQ-YJFSRANCSA-N,83,127,91,142,141,52,107,96,84,102.55555555555556,63
OHRURASPPZQGQM-GCCNXGTGSA-N,129,48,292,83,54,44,210,17,47,102.66666666666667,64
TXGKRVFSSHPBAJ-JKSUJKDBSA-N,43,53,162,93,86,140,90,190,91,105.33333333333333,65
QZVNQOLPLYWLHQ-ZEQKJWHPSA-N,24,107,137,113,203,37,151,117,79,107.55555555555556,66
FQCKMBLVYCEXJB-ZDYNVFCDSA-L,66,41,199,90,111,13,104,226,125,108.33333333333333,67
RPJPZDVUUKWPGT-FOIHOXPVSA-N,218,106,78,55,119,78,140,83,107,109.33333333333333,68
VRORTNGXAKZJML-UHFFFAOYSA-N,57,391,57,111,101,125,150,16,14,113.55555555555556,69
CFCUWKMKBJTWLW-OQCYXQHVSA-N,144,169,53,245,107,90,110,38,68,113.77777777777777,70
MPUQHZXIXSTTDU-QXGSTGNESA-N,89,72,85,62,201,45,17,160,304,115.0,71
JDOZJEUDSLGTLU-YDAVOWJHSA-N,98,108,109,157,151,41,50,172,163,116.55555555555556,72
ZOWQTJXNFTWSCS-XHDPSFHLSA-N,187,198,70,144,36,75,178,78,83,116.55555555555556,72
MRFOPLWJZULAQD-SWGQDTFXSA-N,171,175,25,70,50,108,194,126,136,117.22222222222223,74
WOFMFGQZHJDGCX-ZULDAHANSA-N,213,170,113,5,41,73,298,94,55,118.0,75
OFXAEWYLVPBGGU-UHFFFAOYSA-N,229,115,77,45,61,72,175,123,169,118.44444444444444,76
KASDHRXLYQOAKZ-XDSKOBMDSA-N,8,469,14,11,7,132,23,70,343,119.66666666666667,77
RDQSNNMSDOHAPG-UHFFFAOYSA-N,171,54,43,75,37,151,201,54,301,120.77777777777777,78
PHXJVRSECIGDHY-UHFFFAOYSA-N,40,158,56,165,101,94,59,263,157,121.44444444444444,79
DALKLAYLIPSCQL-IBTLSYKSSA-N,75,149,171,155,83,237,96,103,32,122.33333333333333,80
LSXUTRRVVSPWDZ-MKKUMYSQSA-N,179,326,156,89,69,43,58,111,74,122.77777777777777,81
WOFMFGQZHJDGCX-DAUIHXSWSA-N,54,163,306,73,52,255,78,45,120,127.33333333333333,82
VHRSUDSXCMQTMA-WHRMJWEKSA-N,138,80,50,151,135,96,242,178,93,129.22222222222223,83
RFWVETIZUQEJEF-UHFFFAOYSA-N,215,89,62,163,149,223,101,133,47,131.33333333333334,84
ZOWQTJXNFTWSCS-IAQYHMDHSA-N,63,253,189,132,218,135,76,68,58,132.44444444444446,85
BLZRQJYPLPCJTR-KWCYVHTRSA-N,75,105,97,248,105,55,290,218,21,134.88888888888889,86
LJIZUXQINHXGAO-ITWZMISCSA-N,152,91,141,225,130,86,130,74,195,136.0,87
MNDBXUUTURYVHR-UHFFFAOYSA-N,47,155,111,108,183,220,108,137,180,138.77777777777777,88
HHJUWIANJFBDHT-KOTLKJBCSA-N,80,212,280,117,105,152,135,108,111,144.44444444444446,89
MPAZKXHCZWDZDY-FFNUKLMVSA-L,114,165,29,36,45,110,300,164,337,144.44444444444446,89
CNVPBZZBCDUDPL-NSHDSACASA-N,72,308,16,174,81,145,14,152,339,144.55555555555554,91
HHJUWIANJFBDHT-NYPCZBSSSA-N,80,95,241,130,148,272,159,81,100,145.11111111111111,92
HBXMSJLNXYLVTA-KCWPFWIISA-N,28,125,140,216,245,84,359,80,33,145.55555555555554,93
FDXQKWSTUZCCTM-ZUIJCZDSSA-N,133,188,124,143,124,92,223,191,112,147.77777777777777,94
LPFFKRSIFTURFF-SUMWQHHRSA-N,175,209,122,136,104,75,84,242,188,148.33333333333334,95
HBNPJJILLOYFJU-VMPREFPWSA-N,198,287,127,146,97,115,28,292,45,148.33333333333334,95
MDLAAYDRRZXJIF-UHFFFAOYSA-N,93,132,149,104,126,182,328,109,138,151.22222222222223,97
RHGYHLPFVJEAOC-MAGGFSPCSA-L,52,550,30,314,163,58,99,52,89,156.33333333333334,98
NMDYYWFGPIMTKO-UXSVTQCRSA-N,86,251,125,250,59,209,74,264,97,157.22222222222223,99
BMGQWWVMWDBQGC-IIFHNQTCSA-N,11,16,117,81,422,95,539,44,99,158.22222222222223,100
NMDYYWFGPIMTKO-HBVLKOHWSA-N,217,416,125,124,62,185,130,36,151,160.66666666666666,101
ZKFQEACEUNWPMT-UHFFFAOYSA-N,397,266,26,130,165,68,144,146,108,161.11111111111111,102
IBEANEPZNLVRRY-RCZVLFRGSA-N,174,176,209,67,129,163,310,33,196,161.88888888888889,103
RDONXGFGWSSFMY-UHFFFAOYSA-N,185,141,146,162,164,171,205,198,105,164.11111111111111,104
AKUJBENLRBOFTD-QZIXMDIESA-N,164,113,93,335,120,124,42,100,395,165.11111111111111,105
YBYYWUUUGCNAHQ-LLVKDONJSA-N,71,135,94,120,271,159,413,65,160,165.33333333333334,106
HBXMSJLNXYLVTA-HOFKKMOUSA-N,103,52,562,69,91,270,167,114,63,165.66666666666666,107
XWFCFMXQTBGXQW-GOSISDBHSA-N,250,57,223,115,292,106,122,127,205,166.33333333333334,108
QDWKGEFGLQMDAM-JJIBRWJFSA-N,73,415,181,57,227,108,156,75,209,166.77777777777777,109
RPDFDSQFBCJTDY-PXODCTBUSA-N,124,138,143,76,244,121,355,183,128,168.0,110
LBHLFPGPEGDCJG-UHFFFAOYSA-N,155,237,206,66,154,144,202,220,144,169.77777777777777,111
HBNPJJILLOYFJU-URLMMPGGSA-N,100,246,168,198,154,152,89,205,216,169.77777777777777,111
ANEBWFXPVPTEET-UHFFFAOYSA-N,126,18,517,43,120,351,275,43,46,171.0,113
GPNFRRPXCRWXHN-MNSAWQCASA-L,112,143,401,224,23,310,43,106,197,173.22222222222223,114
NOECSYBNZHIVHW-LKADTRSGSA-N,97,102,297,164,146,176,211,255,131,175.44444444444446,115
AKUJBENLRBOFTD-RPRRAYFGSA-N,154,81,234,114,215,102,465,121,101,176.33333333333334,116
HAWWPSYXSLJRBO-UHFFFAOYSA-N,44,288,219,195,118,165,114,200,250,177.0,117
RPDFDSQFBCJTDY-GAQXSTBRSA-N,107,138,143,222,304,229,112,212,128,177.22222222222223,118
BKWJAKQVGHWELA-UHFFFAOYSA-N,89,126,159,112,400,282,120,193,116,177.44444444444446,119
ZKUKMWMSYCIYRD-ZXFNITATSA-N,238,205,133,84,136,67,282,338,127,178.88888888888889,120
NCXMLFZGDNKEPB-FFPOYIOWSA-N,135,75,73,61,84,64,228,364,559,182.55555555555554,121
FQCKMBLVYCEXJB-MNSAWQCASA-L,103,41,307,230,365,10,104,335,168,184.77777777777777,122
QUHARGDBJJUOEB-UHFFFAOYSA-N,244,244,106,209,222,163,229,210,65,188.0,123
GBABOYUKABKIAF-IELIFDKJSA-N,158,102,160,153,127,355,127,374,156,190.22222222222223,124
MQTOSJVFKKJCRP-UHFFFAOYSA-N,131,167,98,138,147,421,208,151,278,193.22222222222223,125
STPKWKPURVSAJF-SWGHGFEUSA-N,279,83,80,35,532,249,117,237,136,194.22222222222223,126
VCCBCXVFGHTDQN-UODBTFMRSA-N,226,221,222,145,184,189,226,144,206,195.88888888888889,127
MFZWMTSUNYWVBU-UHFFFAOYSA-N,108,35,451,64,317,61,312,173,249,196.66666666666666,128
PEOGZQMDIONZGY-UHFFFAOYSA-N,957,349,81,52,89,53,57,94,39,196.77777777777777,129
CMEFLKIFRPLMJK-UHFFFAOYSA-N,202,225,36,134,132,272,25,442,305,197.0,130
DHMTURDWPRKSOA-RUZDIDTESA-N,82,146,173,177,35,542,189,85,355,198.22222222222223,131
PIDANAQULIKBQS-HNOCYJEDSA-N,165,222,65,223,189,115,596,148,71,199.33333333333334,132
HFNKQEVNSGCOJV-OAHLLOKOSA-N,498,154,177,20,82,87,495,166,115,199.33333333333334,132
JNKQAHJZAUFSLB-BAWYVGMJSA-N,113,570,263,78,225,169,88,218,87,201.22222222222223,134
QTBWCSQGBMPECM-UHFFFAOYSA-N,455,111,121,472,33,203,142,155,133,202.77777777777777,135
JDOZJEUDSLGTLU-JEFZWPMTSA-N,79,380,224,284,259,93,86,259,163,203.0,136
GBABOYUKABKIAF-DAIMWMSVSA-N,198,102,165,249,127,355,191,203,237,203.0,136
HYFHYPWGAURHIV-UHFFFAOYSA-N,157,224,88,82,46,330,187,395,329,204.22222222222223,138
OGWKCGZFUXNPDA-CFWMRBGOSA-N,239,233,191,241,213,142,109,251,225,204.88888888888889,139
SPBDXSGPUHCETR-JFUDTMANSA-N,533,394,114,389,90,98,64,92,85,206.55555555555554,140
HJYYPODYNSCCOU-SKSZWDJVSA-N,360,133,150,107,14,391,148,497,92,210.22222222222223,141
NCNRHFGMJRPRSK-MDZDMXLPSA-N,156,193,201,314,240,206,77,368,138,210.33333333333334,142
LDYMIBZOCSHLBG-QGTPRVQTSA-N,200,59,184,94,398,362,245,97,267,211.77777777777777,143
RAGOYPUPXAKGKH-GCLJMXFQSA-N,127,73,152,307,335,155,219,222,317,211.88888888888889,144
QOYHHIBFXOOADH-UHFFFAOYSA-N,140,189,154,334,19,424,233,217,212,213.55555555555554,145
KOHIRBRYDXPAMZ-UHFFFAOYSA-N,325,55,45,306,112,148,626,56,252,213.88888888888889,146
PFWVGKROPKKEDW-UHFFFAOYSA-N,317,85,275,318,124,154,302,123,227,213.88888888888889,146
GWRSATNRNFYMDI-UHFFFAOYSA-N,167,144,277,189,180,156,168,235,415,214.55555555555554,148
NAMOLZVVTPNNTE-UHFFFAOYSA-N,137,209,219,570,251,79,118,314,37,214.88888888888889,149
DMQYDVBIPXAAJA-VHXPQNKSSA-N,120,45,961,194,220,54,116,201,44,217.22222222222223,150
VRTWBAAJJOHBQU-KMWAZVGDSA-N,194,518,156,119,404,46,128,207,190,218.0,151
UPKQVEWZTKGCAR-ILWGZMRPSA-N,309,243,76,149,342,200,442,130,80,219.0,152
JMPZTWDLOGTBPM-OUQSKUGOSA-N,330,147,110,141,144,167,172,611,153,219.44444444444446,153
NMDYYWFGPIMTKO-ZSRSGXGDSA-N,253,358,297,250,139,192,184,64,240,219.66666666666666,154
GMIZZEXBPRLVIV-SECBINFHSA-N,188,36,554,127,48,197,124,312,405,221.22222222222223,155
GMIZZEXBPRLVIV-UHFFFAOYSA-N,294,58,282,127,71,485,227,224,232,222.22222222222223,156
RZERRLOTRSJIAW-NEPGVILWSA-N,121,181,136,338,345,323,159,294,112,223.22222222222223,157
WTHRRGMBUAHGNI-LCYNINFDSA-N,306,208,272,121,130,191,282,230,271,223.44444444444446,158
JPPWVBDKJMFGNI-VKPVFPLHSA-N,68,583,257,95,201,176,147,331,173,225.66666666666666,159
NSHPHXHGRHSMIK-JRIKCGFMSA-N,365,77,404,60,161,305,162,252,269,228.33333333333334,160
HFNKQEVNSGCOJV-HNNXBMFYSA-N,318,93,318,109,367,136,329,284,104,228.66666666666666,161
DZOJBGLFWINFBF-UMSFTDKQSA-N,170,310,119,239,92,80,338,220,497,229.44444444444446,162
FDXQKWSTUZCCTM-UHFFFAOYSA-N,196,113,139,263,364,180,223,424,163,229.44444444444446,162
WHRVRSCEWKLAHX-LQDWTQKMSA-N,150,121,161,102,67,286,317,462,407,230.33333333333334,164
JXLYSJRDGCGARV-CFWMRBGOSA-N,125,307,187,338,173,398,113,360,82,231.44444444444446,165
VCFBPAOSTLMYIV-SANMLTNESA-N,616,411,340,74,27,85,217,175,157,233.55555555555554,166
QEZYDSSGVBTNBH-UHFFFAOYSA-N,281,207,234,200,212,227,225,257,262,233.88888888888889,167
PIMQWRZWLQKKBJ-SFHVURJKSA-N,102,262,331,660,109,360,111,60,116,234.55555555555554,168
TVKGTSHBQZEFEE-UHFFFAOYSA-N,265,131,142,185,289,371,381,170,200,237.11111111111111,169
JIVPVXMEBJLZRO-UHFFFAOYSA-N,302,192,344,236,413,56,95,366,145,238.77777777777777,170
ILAYIAGXTHKHNT-UHFFFAOYSA-N,166,178,196,200,186,343,248,195,448,240.0,171
MUTBJZVSRNUIHA-UHFFFAOYSA-N,366,97,170,180,731,136,132,86,267,240.55555555555554,172
JSKFWUPVIZYJMR-UDOAKELVSA-N,123,347,451,146,177,280,149,136,371,242.22222222222223,173
WTHRRGMBUAHGNI-NCNRFQDUSA-N,306,273,238,179,191,208,287,201,310,243.66666666666666,174
CDKNUFNIFGPFSF-XZSSAKSRSA-N,275,161,173,272,232,202,306,295,287,244.77777777777777,175
JOOXLOJCABQBSG-UHFFFAOYSA-N,161,56,363,215,389,174,486,310,64,246.44444444444446,176
KDGFLJKFZUIJMX-UHFFFAOYSA-N,376,289,225,307,176,275,345,141,96,247.77777777777777,177
DENYZIUJOTUUNY-MRXNPFEDSA-N,276,182,216,330,275,102,506,63,287,248.55555555555554,178
FJADIVYKWUDMEW-PSXMRANNSA-N,108,200,338,270,339,454,123,152,259,249.22222222222223,179
SVJMLYUFVDMUHP-MGBGTMOVSA-N,408,161,480,176,206,182,259,55,318,249.44444444444446,180
GCUZFFAPBPDIFM-IKXQUJFKSA-M,19,461,413,356,122,46,94,146,589,249.55555555555554,181
NLJVXZFCYKWXLH-DXTIXLATSA-N,117,141,131,206,663,464,257,168,109,250.66666666666666,182
XFILPEOLDIKJHX-QYZOEREBSA-N,220,46,416,136,98,243,859,128,130,252.88888888888889,183
HYFHYPWGAURHIV-JFIAXGOJSA-N,171,342,101,257,243,330,245,261,329,253.22222222222223,184
JHVAMHSQVVQIOT-MFAJLEFUSA-N,311,191,229,329,419,292,103,167,251,254.66666666666666,185
AIJTTZAVMXIJGM-UHFFFAOYSA-N,377,411,409,199,152,62,96,543,59,256.44444444444446,186
GBOGMAARMMDZGR-TYHYBEHESA-N,239,257,184,294,403,100,259,321,256,257.0,187
GPNHMOZDMYNCPO-PDUMRIMRSA-N,206,213,59,381,145,305,426,291,335,262.3333333333333,188
UXOWGYHJODZGMF-NDBXHCKUSA-N,36,402,44,501,110,482,115,131,564,265.0,189
QWEWGXUTRTXFRF-KBPBESRZSA-N,185,129,316,228,96,334,166,360,572,265.1111111111111,190
NXKOWQUWRFWFDS-NOZJJQNGSA-N,208,265,242,221,234,406,55,249,515,266.1111111111111,191
OGWKCGZFUXNPDA-VCNVWOPNSA-P,208,108,369,323,357,268,203,150,411,266.3333333333333,192
VHEOUJNDDFHPGJ-UHFFFAOYSA-N,158,380,229,175,299,199,405,174,388,267.44444444444446,193
RGHYDLZMTYDBDT-UHFFFAOYSA-N,809,507,278,172,172,128,68,223,60,268.55555555555554,194
LTXREWYXXSTFRX-QGZVFWFLSA-N,115,275,394,331,281,120,153,520,231,268.8888888888889,195
GMIZZEXBPRLVIV-VIFPVBQESA-N,417,44,287,127,185,440,244,272,405,269.0,196
GYCPCOJTCINIFZ-UHFFFAOYSA-N,1179,771,63,58,55,71,61,92,77,269.6666666666667,197
XDBMBHVYXPBOPL-UHFFFAOYSA-N,605,61,134,135,248,145,193,368,538,269.6666666666667,197
OPGSFDUODIJJGF-DVODSNNVSA-N,227,281,425,353,258,130,237,442,78,270.1111111111111,199
OBMJQRLIQQTJLR-USGQOSEYSA-N,91,297,325,366,179,195,329,409,242,270.3333333333333,200
XSMSNFMDVXXHGJ-UHFFFAOYSA-N,162,138,164,456,437,162,251,482,183,270.55555555555554,201
ZRCVYEYHRGVLOC-HYARGMPZSA-N,330,350,342,211,208,318,213,239,227,270.8888888888889,202
OBMJQRLIQQTJLR-ZGSYAQDKSA-N,277,268,264,346,276,308,204,192,314,272.1111111111111,203
LILGMDXLRPEBNH-HFZDXXHNSA-N,139,250,297,344,213,171,231,650,157,272.44444444444446,204
DFBIRQPKNDILPW-CIVMWXNOSA-N,375,193,367,126,236,303,375,66,418,273.22222222222223,205
PADXFHBBNBUCNR-UMSFTDKQSA-N,111,219,303,274,480,284,164,159,470,273.77777777777777,206
VHRSUDSXCMQTMA-PJHHCJLFSA-N,231,193,368,186,160,132,564,322,335,276.77777777777777,207
GKJCVYLDJWTWQU-CXLRFSCWSA-N,628,163,39,46,74,114,188,894,359,278.3333333333333,208
MAVDNGWEBZTACC-HNNXBMFYSA-N,237,596,59,156,299,230,450,408,70,278.3333333333333,208
SNUDIPVBUUXCDG-QHSBEEBCSA-N,406,328,252,408,50,249,688,29,102,279.1111111111111,210
YJZSUCFGHXQWDM-UHFFFAOYSA-N,264,184,273,418,284,376,269,286,177,281.22222222222223,211
ZOWQTJXNFTWSCS-UHFFFAOYSA-N,337,254,393,154,245,185,367,226,385,282.8888888888889,212
PPUXXDKQNAHHON-BJLQDIEVSA-N,350,399,193,276,521,364,102,250,109,284.8888888888889,213
AKUJBENLRBOFTD-HIBZCRSPSA-N,302,81,249,92,335,682,86,68,683,286.44444444444446,214
HAVJATCHLFRDHY-KSZYUSJVSA-N,146,453,423,279,261,284,165,326,259,288.44444444444446,215
AYUNIORJHRXIBJ-TXHRRWQRSA-N,310,298,465,741,63,175,352,82,120,289.55555555555554,216
OJPLJFIFUQPSJR-INIZCTEOSA-N,91,289,243,392,547,368,232,187,281,292.22222222222223,217
UDSFVOAUHKGBEK-CNQKSJKFSA-N,77,293,436,348,457,434,173,170,242,292.22222222222223,217
HGGAKXAHAYOLDJ-FHZUQPTBSA-N,750,47,702,159,453,274,83,112,54,292.6666666666667,219
WMTNMICVHUBQRW-UHFFFAOYSA-N,504,199,104,220,329,122,562,394,208,293.55555555555554,220
SGKRLCUYIXIAHR-AKNGSSGZSA-N,577,369,128,321,251,217,153,385,244,293.8888888888889,221
HJYYPODYNSCCOU-ODRIEIDWSA-N,257,379,225,169,239,656,205,339,179,294.22222222222223,222
BFSMGDJOXZAERB-UHFFFAOYSA-N,385,600,424,72,462,240,280,160,39,295.77777777777777,223
AUVVAXYIELKVAI-CKBKHPSWSA-N,406,396,392,132,266,218,237,453,181,297.8888888888889,224
ZRCVYEYHRGVLOC-HMAPJEAMSA-N,330,350,169,326,295,401,213,392,227,300.3333333333333,225
AFYOQRIZFPJUAR-KOBPMBMUSA-N,813,88,135,288,42,216,596,209,357,304.8888888888889,226
JDOZJEUDSLGTLU-VWUMJDOOSA-N,132,501,145,576,259,244,374,478,38,305.22222222222223,227
OBMJQRLIQQTJLR-DNFUEQBLSA-N,211,277,248,346,237,308,308,382,436,305.8888888888889,228
PNUZDKCDAWUEGK-WCFLWFBJSA-N,315,293,204,499,442,158,352,254,265,309.1111111111111,229
GFUITADOEPNRML-SJORKVTESA-N,214,249,515,206,503,554,138,197,216,310.22222222222223,230
USZYSDMBJDPRIF-SVEJIMAYSA-N,379,257,700,125,158,265,243,489,216,314.6666666666667,231
RHGYHLPFVJEAOC-FFNUKLMVSA-L,395,486,95,311,49,438,298,52,710,314.8888888888889,232
CDKNUFNIFGPFSF-AYVLZSQQSA-N,290,185,227,374,460,193,273,454,378,314.8888888888889,232
YSWHPGYAPJLREH-UHFFFAOYSA-N,420,222,455,19,325,609,337,88,361,315.1111111111111,234
IZAOBRWCUGOKNH-OAHLLOKOSA-N,564,215,252,247,157,418,349,331,324,317.44444444444446,235
BIIVYFLTOXDAOV-UHFFFAOYSA-N,128,37,333,219,356,313,822,420,235,318.1111111111111,236
QSTYMRMEJNQSJW-UHFFFAOYSA-N,232,204,118,376,876,113,444,196,310,318.77777777777777,237
UOWZUVNAGUAEQC-UHFFFAOYSA-N,147,532,31,608,394,279,121,581,185,319.77777777777777,238
DYVIEGCPUPGXOH-HGGPGNIHSA-N,151,594,82,100,279,138,237,671,629,320.1111111111111,239
VQODGRNSFPNSQE-DVTGEIKXSA-N,271,766,180,116,169,173,119,925,187,322.8888888888889,240
WWOXKWLDMLMYQY-UHFFFAOYSA-N,534,327,41,65,425,290,233,910,86,323.44444444444446,241
AYOUDDAETNMCBW-GSHUGGBRSA-N,529,442,317,429,167,219,306,292,211,323.55555555555554,242
CMJCXYNUCSMDBY-ZDUSSCGKSA-N,32,409,1102,123,223,367,45,494,132,325.22222222222223,243
JOGKUKXHTYWRGZ-UHFFFAOYSA-N,426,157,209,226,261,185,368,465,653,327.77777777777777,244
JQBKWZPHJOEQAO-DVPVEWDBSA-N,515,331,421,288,331,60,411,354,240,327.8888888888889,245
STPKWKPURVSAJF-LJEWAXOPSA-N,394,101,702,526,382,188,152,267,246,328.6666666666667,246
FBQPGGIHOFZRGH-UHFFFAOYSA-N,348,399,266,161,642,149,660,183,150,328.6666666666667,246
FWFGIHPGRQZWIW-SQNIBIBYSA-N,239,563,483,268,173,213,454,362,209,329.3333333333333,248
LJIZUXQINHXGAO-OUKQBFOZSA-N,287,91,123,110,140,734,918,120,446,329.8888888888889,249
LYHNZWIPSZUYDT-UHFFFAOYSA-N,298,75,335,601,156,260,564,583,126,333.1111111111111,250
AYUNIORJHRXIBJ-BGGMETADSA-N,147,298,561,466,38,845,181,344,120,333.3333333333333,251
QVFVAKQHELFATN-UHFFFAOYSA-N,218,1028,273,140,290,212,169,213,462,333.8888888888889,252
FPOHNWQLNRZRFC-ZHACJKMWSA-N,848,570,155,171,250,259,292,178,284,334.1111111111111,253
ADNPLDHMAVUMIW-CUZNLEPHSA-N,510,123,517,300,166,515,334,305,264,337.1111111111111,254
BWDQBBCUWLSASG-MDZDMXLPSA-N,229,153,69,503,743,475,361,288,230,339.0,255
GIRQUEZTDUZNPE-GQKVEGPNSA-N,135,474,386,522,385,374,254,246,287,340.3333333333333,256
SQSZANZGUXWJEA-UHFFFAOYSA-N,823,217,246,234,578,226,310,210,239,342.55555555555554,257
XZXHXSATPCNXJR-ZIADKAODSA-N,179,302,376,97,673,234,271,468,484,342.6666666666667,258
PBHFNBQPZCRWQP-QUCCMNQESA-N,554,896,603,63,191,111,417,89,173,344.1111111111111,259
BIIVYFLTOXDAOV-PXAZEXFGSA-N,637,37,379,102,368,410,822,156,188,344.3333333333333,260
OODSRGGFVDYOSH-HIQGCBGQSA-N,437,976,165,229,134,178,252,204,528,344.77777777777777,261
KXDIHAQCVNNLIB-UHFFFAOYSA-N,147,245,292,233,388,237,264,622,677,345.0,262
JQBKWZPHJOEQAO-FEJOFABCSA-N,232,310,535,42,496,131,607,504,266,347.0,263
FWFGIHPGRQZWIW-ABHNRTSZSA-N,306,563,483,257,173,207,446,500,206,349.0,264
DTGZHCFJNDAHEN-RCBISRMCSA-N,647,480,208,182,206,87,748,335,253,349.55555555555554,265
KEIPNCCJPRMIAX-HNNXBMFYSA-N,38,583,204,122,457,347,409,430,589,353.22222222222223,266
DOMWKUIIPQCAJU-JKPPDDDBSA-N,378,65,73,302,516,498,474,288,587,353.44444444444446,267
YNIGIJNKAURBRK-CPJSRVTESA-N,327,251,656,416,211,469,446,284,146,356.22222222222223,268
HGGAKXAHAYOLDJ-PUCGJVDLSA-N,750,137,217,68,613,636,40,237,521,357.6666666666667,269
KSUDUUBCXJUFRL-SFHVURJKSA-N,281,489,183,541,294,470,137,279,558,359.1111111111111,270
PCHKPVIQAHNQLW-CQSZACIVSA-N,446,530,557,243,197,254,177,571,257,359.1111111111111,270
YDMBNDUHUNWWRP-VJBWXMMDSA-N,588,231,451,267,287,446,482,180,321,361.44444444444446,272
VMJKUCKTXMESQR-UHFFFAOYSA-N,560,344,287,384,281,316,351,379,355,361.8888888888889,273
HWNIPKHEEVNHMN-UHFFFAOYSA-N,761,378,179,482,168,165,237,487,401,362.0,274
VGKDLMBJGBXTGI-SJKOYZFVSA-N,686,205,214,241,225,430,671,282,327,364.55555555555554,275
MEKASOQEXYKAKM-UHFFFAOYSA-N,681,370,321,254,253,249,376,431,363,366.44444444444446,276
OHUHVTCQTUDPIJ-JYCIKRDWSA-N,285,261,351,682,515,294,322,337,255,366.8888888888889,277
RWZVMMQNDHPRQD-SFTDATJTSA-N,521,176,257,873,150,688,158,99,398,368.8888888888889,278
ACCFLVVUVBJNGT-AWEZNQCLSA-N,388,407,280,611,357,184,393,298,408,369.55555555555554,279
DEOYQVBCXCVHII-GSNHDGFMSA-N,143,880,495,574,350,104,414,30,339,369.8888888888889,280
PNUZDKCDAWUEGK-CYZMBNFOSA-N,369,442,255,669,442,268,220,355,309,369.8888888888889,280
LVEXHFZHOIWIIP-UHFFFAOYSA-N,470,484,227,282,208,739,325,464,172,374.55555555555554,282
NSHPHXHGRHSMIK-ZHKLBRLOSA-N,419,555,289,386,39,405,712,112,459,375.1111111111111,283
YZCUMZWULWOUMD-UHFFFAOYSA-N,912,219,209,252,199,637,429,261,271,376.55555555555554,284
DALKLAYLIPSCQL-YPYQNWSCSA-N,192,264,289,531,273,372,463,509,496,376.55555555555554,284
NDAZATDQFDPQBD-UHFFFAOYSA-N,501,738,163,253,314,159,194,605,462,376.55555555555554,284
KXMZDGSRSGHMMK-VWLOTQADSA-N,644,510,249,178,47,48,581,557,577,376.77777777777777,287
RXBWRFDZXRAEJT-SZNOJMITSA-N,59,156,644,837,760,260,135,91,468,378.8888888888889,288
VGKDLMBJGBXTGI-SJCJKPOMSA-N,929,130,193,277,141,394,769,452,133,379.77777777777777,289
LDVDKTLZRGWFID-UHFFFAOYSA-N,498,304,322,525,376,193,255,726,238,381.8888888888889,290
GXJABQQUPOEUTA-LDCVWXEPSA-N,424,272,641,370,346,181,495,348,368,382.77777777777777,291
VUGOJEFYZBZZBP-RMVMEJTISA-N,216,496,234,571,512,82,72,731,536,383.3333333333333,292
LDYMIBZOCSHLBG-UHFFFAOYSA-N,786,119,315,457,395,385,632,72,298,384.3333333333333,293
USZYSDMBJDPRIF-IBTSQXAUSA-N,291,147,776,205,217,265,318,902,347,385.3333333333333,294
GFUITADOEPNRML-IAGOWNOFSA-N,428,463,291,149,717,210,312,418,481,385.44444444444446,295
ZYJBOSYROBLSKR-UHFFFAOYSA-N,268,854,529,418,245,222,282,364,290,385.77777777777777,296
JROFGZPOBKIAEW-UHFFFAOYSA-N,202,539,404,664,617,394,162,148,347,386.3333333333333,297
WHMXDBPHBVLYRC-OFVILXPXSA-N,464,812,244,404,472,248,318,235,293,387.77777777777777,298
GQBRZBHEPUQRPL-LJQANCHMSA-N,340,657,148,234,749,98,197,239,829,387.8888888888889,299
OINMSSZOBLWDTB-LDPSCSCQSA-N,495,365,282,297,463,643,198,428,324,388.3333333333333,300
YIBOKAQCZWKXIM-NDEPHWFRSA-N,279,478,419,357,537,421,401,280,329,389.0,301
GZKLJWGUPQBVJQ-UHFFFAOYSA-N,747,335,687,238,843,81,269,253,75,392.0,302
CGBJSGAELGCMKE-UHFFFAOYSA-N,586,433,309,440,283,538,410,215,316,392.22222222222223,303
UAUIUKWPKRJZJV-QPLHLKROSA-N,385,174,428,278,829,313,257,496,371,392.3333333333333,304
AYUNIORJHRXIBJ-DCKFFROFSA-N,358,183,312,741,273,845,506,154,162,392.6666666666667,305
JZAMQDDHRXHDFR-UHFFFAOYSA-N,712,446,472,305,112,253,675,302,299,397.3333333333333,306
HKGUHEGKBLYKHY-QMOZSOIISA-N,134,944,327,352,143,619,480,118,461,397.55555555555554,307
XPNMCDYOYIKVGB-JSOSNVBQSA-N,403,170,512,284,402,547,523,363,376,397.77777777777777,308
ZKIAIYBUSXZPLP-UHFFFAOYSA-N,323,342,311,165,408,711,571,318,441,398.8888888888889,309
JTZZSQYMACOLNN-VDWJNHBNSA-N,212,336,381,448,311,514,397,636,365,400.0,310
PJSRXCKFAODLHJ-MVWHHIKCSA-N,415,259,268,461,661,408,291,476,387,402.8888888888889,311
YIBOKAQCZWKXIM-UHFFFAOYSA-N,333,421,543,295,415,454,411,391,366,403.22222222222223,312
XUKUURHRXDUEBC-KAYWLYCHSA-N,61,545,565,216,778,384,125,380,582,404.0,313
WAEXFXRVDQXREF-UHFFFAOYSA-N,472,275,294,482,804,527,401,248,141,404.8888888888889,314
NGGMYCMLYOUNGM-HTYDLQADSA-N,390,267,349,551,317,286,779,575,171,409.44444444444446,315
QNLSCNDZNSALTM-OYRHEFFESA-N,345,469,370,396,694,300,205,428,495,411.3333333333333,316
PWZUUYSISTUNDW-UHFFFAOYSA-N,235,170,433,535,307,440,357,523,725,413.8888888888889,317
GFQVFURAITYPCT-UHFFFAOYSA-N,192,23,379,291,171,1229,783,27,631,414.0,318
QRPSQQUYPMFERG-LFYBBSHMSA-N,382,425,689,192,722,511,562,107,148,415.3333333333333,319
JYJKOWWSKTWAJA-RTWAWAEBSA-N,191,362,1175,341,256,200,348,594,275,415.77777777777777,320
OHUHVTCQTUDPIJ-RNHBAAACSA-N,285,240,797,484,529,332,322,231,528,416.44444444444446,321
FMHQJXGMLMSMLC-WBUYAQKGSA-N,753,279,188,412,375,427,316,571,427,416.44444444444446,321
CFCUWKMKBJTWLW-BKHRDMLASA-N,449,545,55,563,343,393,494,631,281,417.1111111111111,323
NNBGCSGCRSCFEA-UHFFFAOYSA-N,266,429,632,361,265,339,674,345,443,417.1111111111111,323
UFPFGVNKHCLJJO-SSKFGXFMSA-N,580,437,397,200,435,444,429,511,322,417.22222222222223,325
FQSDVGNRPHHQCE-UHFFFAOYSA-N,117,488,323,690,395,169,580,696,299,417.44444444444446,326
QFJCIRLUMZQUOT-BLBZBZKNSA-N,433,772,151,377,362,297,340,276,776,420.44444444444446,327
QNLWMPLUWMWDMQ-YTTGMZPUSA-N,119,158,285,828,532,699,800,40,339,422.22222222222223,328
DWZAEMINVBZMHQ-UHFFFAOYSA-N,269,567,357,691,867,716,183,35,118,422.55555555555554,329
HXGBXQDTNZMWGS-RUZDIDTESA-N,259,506,667,324,348,260,556,529,377,425.1111111111111,330
QAWBIEIZDDIEMW-FPYGCLRLSA-N,85,750,448,76,433,327,788,257,667,425.6666666666667,331
XRYJULCDUUATMC-CYBMUJFWSA-N,453,196,492,670,459,809,377,185,197,426.44444444444446,332
XQVVPGYIWAGRNI-JOCHJYFZSA-N,271,572,747,767,137,688,155,206,303,427.3333333333333,333
XNDCPFTULXRWQH-HNENSFHCSA-N,806,353,240,534,301,682,361,224,347,427.55555555555554,334
ISJSHQTWOHGCMM-NDEPHWFRSA-N,320,170,218,498,609,350,441,757,504,429.6666666666667,335
XEZLBMHDUXSICI-UHFFFAOYSA-N,393,456,326,293,768,531,532,412,167,430.8888888888889,336
YRFXGQHBPBMFHW-SBTZIJSASA-N,106,798,498,861,79,326,265,636,310,431.0,337
PHEZJEYUWHETKO-UHFFFAOYSA-N,595,451,495,320,455,464,388,226,494,432.0,338
NDEXUOWTGYUVGA-LJQANCHMSA-N,467,779,132,256,626,386,419,471,378,434.8888888888889,339
VQYYQSZNRVQLIS-UHFFFAOYSA-N,739,745,195,274,663,220,427,489,170,435.77777777777777,340
SYWHXTATXSMDSB-KTPJVQSHSA-N,385,416,523,414,197,256,609,433,693,436.22222222222223,341
DYNHJHQFHQTFTP-UHFFFAOYSA-N,245,306,385,666,384,653,354,303,637,437.0,342
QBGKPEROWUKSBK-QPPIDDCLSA-N,225,458,359,348,596,781,261,125,780,437.0,342
GPSZYOIFQZPWEJ-UHFFFAOYSA-N,473,271,354,387,861,197,345,569,497,439.3333333333333,344
FONCZICQWCUXEB-RUZDIDTESA-N,400,651,458,211,450,353,471,480,481,439.44444444444446,345
AZZRFSWIWLKNLQ-UHFFFAOYSA-N,792,231,446,559,399,347,281,535,366,439.55555555555554,346
MKPLKVHSHYCHOC-VAOHUEEVSA-N,504,474,255,431,195,631,930,308,235,440.3333333333333,347
JWQOJVOKBAAAAR-UHFFFAOYSA-N,565,263,399,439,573,402,287,669,370,440.77777777777777,348
MNABRWLVTSGIMU-FQEVSTJZSA-N,842,526,529,295,315,286,192,657,333,441.6666666666667,349
YJEFYCWLQDIDFY-HLYDGJMNSA-N,370,586,1830,240,193,234,229,199,103,442.6666666666667,350
OMYYNMAXTHDLFS-KACYJRNJSA-N,239,589,215,444,444,203,302,402,1146,442.6666666666667,350
KPEUDULLQDHKAZ-VROINQGHSA-N,252,547,783,336,377,497,161,831,220,444.8888888888889,352
BYRVKDUQDLJUBX-JJCDCTGGSA-N,574,285,554,208,368,227,612,736,441,445.0,353
YIDDLAAKOYYGJG-UHFFFAOYSA-N,373,654,480,318,531,521,128,320,717,449.1111111111111,354
ALRZZABRVIYCNY-UHFFFAOYSA-N,482,659,387,338,469,426,656,488,138,449.22222222222223,355
ZLHFILGSQDJULK-UHFFFAOYSA-N,450,1142,232,269,456,156,332,323,690,450.0,356
QZUCKCLSVBFSOS-INIZCTEOSA-N,908,217,359,423,505,568,479,377,214,450.0,356
JDWLROHWYAZRBW-UHFFFAOYSA-N,287,552,476,734,220,617,305,342,536,452.1111111111111,358
VQODGRNSFPNSQE-CXSFZGCWSA-N,271,805,200,333,132,297,492,768,777,452.77777777777777,359
ZOCKGBMQLCSHFP-UHFFFAOYSA-N,361,336,397,621,649,459,423,242,598,454.0,360
UJCACMLMPLLRGW-UHFFFAOYSA-N,271,399,413,384,493,532,476,507,612,454.1111111111111,361
FUKHGCVTMAEHRG-NRFANRHFSA-N,176,511,550,544,325,551,579,390,473,455.44444444444446,362
XPNMCDYOYIKVGB-CONSDPRKSA-N,800,190,675,203,484,611,271,451,436,457.8888888888889,363
OONFNUWBHFSNBT-HXUWFJFHSA-N,635,234,498,883,204,932,480,79,194,459.8888888888889,364
CXQHYVUVSFXTMY-UHFFFAOYSA-N,641,579,18,243,1136,159,445,371,549,460.1111111111111,365
DOMWKUIIPQCAJU-RNAXJELESA-N,158,439,582,805,516,739,425,340,149,461.44444444444446,366
ZSERTYLZGRJLOO-QGZVFWFLSA-N,534,511,777,447,255,179,282,703,493,464.55555555555554,367
FIKYECRHLXONOX-UHFFFAOYSA-N,746,286,762,98,303,650,217,480,659,466.77777777777777,368
BIIVYFLTOXDAOV-YVEFUNNKSA-N,489,242,1363,273,368,410,221,522,327,468.3333333333333,369
BURHGPHDEVGCEZ-KJGLQBJMSA-N,250,315,264,254,204,427,790,973,749,469.55555555555554,370
ZVZRDFTXNAZBOX-UWVGGRQHSA-N,593,186,190,303,1054,224,342,1066,277,470.55555555555554,371
MCIACXAZCBVDEE-CUUWFGFTSA-N,917,247,212,1111,506,112,408,634,98,471.6666666666667,372
ATLJNLYIJOCWJE-NEKURZDCSA-N,769,118,320,619,347,296,913,101,777,473.3333333333333,373
HHCBMISMPSAZBF-UHFFFAOYSA-N,613,402,517,371,606,458,599,350,357,474.77777777777777,374
FECGNJPYVFEKOD-VMPITWQZSA-N,1003,368,412,188,88,215,1026,734,246,475.55555555555554,375
KJDAGXLMHXUAGV-DGWLBADLSA-N,502,636,376,435,539,493,60,544,707,476.8888888888889,376
HKVAMNSJSFKALM-GKUWKFKPSA-N,703,331,363,956,464,264,287,435,490,477.0,377
GMJWAIMJHBTYPD-UHFFFAOYSA-N,663,467,335,905,334,518,355,387,339,478.1111111111111,378
FFRFGVHNKJYNOV-ZCIMLLHDSA-N,453,270,413,196,918,310,329,164,1257,478.8888888888889,379
QDBPSMVYZMGGGG-UHFFFAOYSA-O,620,120,202,353,472,633,723,885,305,479.22222222222223,380
FABUFPQFXZVHFB-PVYNADRNSA-N,366,636,584,173,242,645,983,371,319,479.8888888888889,381
QFJCIRLUMZQUOT-HPLJOQBZSA-N,433,709,182,681,306,719,315,664,326,481.6666666666667,382
PMBHAWNZPPNADR-UHFFFAOYSA-N,680,650,672,428,188,439,215,595,470,481.8888888888889,383
QMLVECGLEOSESV-VXGBXAGGSA-N,78,376,798,403,704,622,368,514,478,482.3333333333333,384
BIAVGWDGIJKWRM-FQEVSTJZSA-N,847,296,260,230,1172,291,216,298,735,482.77777777777777,385
BKESGYCEDGCSAV-UHFFFAOYSA-N,464,391,635,429,840,419,248,532,397,483.8888888888889,386
WPHKIQPVPYJNAX-UHFFFAOYSA-N,730,414,950,139,254,419,397,462,598,484.77777777777777,387
RVFGKBWWUQOIOU-NDEPHWFRSA-N,601,151,737,567,451,374,655,565,271,485.77777777777777,388
LUUMLYXKTPBTQR-UHFFFAOYSA-N,162,128,191,1351,649,500,450,785,183,488.77777777777777,389
VKBBVOVNGWGZCA-HVIPQOSHSA-N,390,442,529,351,647,368,599,266,818,490.0,390
YOVVNQKCSKSHKT-HNNXBMFYSA-N,354,209,675,611,549,442,478,272,824,490.44444444444446,391
AHYMHWXQRWRBKT-UHFFFAOYSA-N,368,838,221,401,223,1155,539,406,286,493.0,392
RANJJVIMTOIWIN-UHFFFAOYSA-N,625,145,541,280,302,502,639,482,938,494.8888888888889,393
JBPUGFODGPKTDW-SFHVURJKSA-N,140,686,186,298,562,263,905,470,946,495.1111111111111,394
BKVIWGRFRKLFIO-UHFFFAOYSA-N,204,594,374,478,233,540,649,407,1017,499.55555555555554,395
BYRVKDUQDLJUBX-UHFFFAOYSA-N,296,730,440,703,368,445,612,318,589,500.1111111111111,396
WTSKMKRYHATLLL-UHFFFAOYSA-N,431,432,616,556,525,289,566,458,634,500.77777777777777,397
STCYUKSGPHEXDI-LJAQVGFWSA-N,396,634,462,657,263,545,618,454,484,501.44444444444446,398
ULRDYYKSPCRXAJ-KRWDZBQOSA-N,873,918,167,367,186,280,361,973,399,502.6666666666667,399
GXJABQQUPOEUTA-RDJZCZTQSA-N,727,341,312,672,512,214,556,531,663,503.1111111111111,400
XWPBINGFFFZAOZ-UMSFTDKQSA-N,458,645,359,641,292,472,360,626,677,503.3333333333333,401
FJHBVJOVLFPMQE-QFIPXVFZSA-N,456,302,604,605,573,412,635,410,546,504.77777777777777,402
YZBUIQWOLSBWEX-OAQYLSRUSA-N,551,463,430,1003,988,462,250,138,276,506.77777777777777,403
PAWIYAYFNXQGAP-UHFFFAOYSA-N,638,548,668,266,319,678,547,709,193,507.3333333333333,404
JADGCGSQDUSAED-UHFFFAOYSA-N,1078,576,68,459,499,89,297,684,821,507.8888888888889,405
VRHOBXXCNBZJRX-IBGZPJMESA-N,460,448,487,361,451,814,708,356,489,508.22222222222223,406
MPMZSZMDCRPSRF-UHFFFAOYSA-N,298,85,744,728,623,686,141,925,345,508.3333333333333,407
JQXXHWHPUNPDRT-WLSIYKJHSA-N,491,516,830,467,180,354,706,650,383,508.55555555555554,408
DKGZKTPJOSAWFA-UHFFFAOYSA-N,345,539,370,214,697,59,712,1273,368,508.55555555555554,408
VZYCZNZBPPHOFY-UHFFFAOYSA-N,493,494,573,799,78,572,607,539,429,509.3333333333333,410
ONIQOQHATWINJY-UHFFFAOYSA-N,486,365,19,358,1139,270,595,922,446,511.1111111111111,411
MOXXQFNQDDSJHT-UHFFFAOYSA-N,289,707,550,480,64,874,577,630,474,516.1111111111111,412
HRHKSTOGXBBQCB-AQWFHMNCSA-N,1421,480,89,332,706,377,506,612,124,516.3333333333334,413
ZGRDYKFVDCFJCZ-UHFFFAOYSA-N,652,756,521,739,325,336,209,256,862,517.3333333333334,414
GQJFGCIETONRNJ-UHFFFAOYSA-N,495,328,871,408,432,398,867,445,423,518.5555555555555,415
SFNSLLSYNZWZQG-LRTDYKAYSA-N,708,866,436,236,323,467,763,612,258,518.7777777777778,416
SRVFFFJZQVENJC-IHRRRGAJSA-N,1151,375,557,337,429,328,659,460,380,519.5555555555555,417
WRNKIDLXXXIELU-IEBWSBKVSA-N,426,318,362,230,504,856,970,562,450,519.7777777777778,418
MJMVUQNNSOBCGF-UHFFFAOYSA-N,408,629,378,883,640,421,326,631,371,520.7777777777778,419
JDHBSANRAFEDMI-QGZVFWFLSA-N,827,391,373,726,706,409,429,439,394,521.5555555555555,420
NRUKOCRGYNPUPR-QKZSFNSFSA-N,167,783,624,257,634,265,675,281,1019,522.7777777777778,421
ODUOJXZPIYUATO-UHFFFAOYSA-N,425,62,1477,631,321,941,145,610,94,522.8888888888889,422
GFBKORZTTCHDGY-UWVJOHFNSA-N,333,1247,207,519,945,134,518,652,155,523.3333333333334,423
CGTADGCBEXYWNE-JUKNQOCSSA-N,383,924,269,754,447,809,85,325,716,523.5555555555555,424
GKHRDWHFKKUYAX-KSZLIROESA-N,379,619,1148,994,713,233,106,333,213,526.4444444444445,425
SYOKIDBDQMKNDQ-XWTIBIIYSA-N,477,610,297,659,691,841,593,143,436,527.4444444444445,426
CMLUGNQVANVZHY-POURPWNDSA-N,223,492,788,424,638,412,181,1070,528,528.4444444444445,427
PSXOKXJMVRSARX-SCSAIBSYSA-N,685,402,323,911,219,138,807,484,791,528.8888888888889,428
PGNHBJGIQAEIHD-UHFFFAOYSA-N,411,348,974,597,472,366,815,412,371,529.5555555555555,429
BUPRVECGWBHCQV-UHFFFAOYSA-N,355,603,620,469,416,619,462,399,826,529.8888888888889,430
BMMXYEBLEBULND-UHFFFAOYSA-N,593,655,701,469,446,447,173,566,724,530.4444444444445,431
JENWDDCMEATQSR-ONSKYXJOSA-N,723,539,536,406,616,448,648,241,618,530.5555555555555,432
PWZUUYSISTUNDW-BOSQQAFTSA-N,204,410,296,716,788,703,357,494,811,531.0,433
PRXXYMVLYKJITB-IZZDOVSWSA-N,526,579,548,510,559,415,570,652,423,531.3333333333334,434
OPYGFNJSCUDTBT-PMLPCWDUSA-N,622,581,285,541,697,258,776,624,411,532.7777777777778,435
WDZCUPBHRAEYDL-GZAUEHORSA-N,735,318,550,506,390,1127,265,626,302,535.4444444444445,436
BAYYCLWCHFVRLV-UHFFFAOYSA-N,841,380,345,664,112,453,586,756,687,536.0,437
FBFAUZJZQKXEGH-IXOWOOARSA-N,509,560,770,486,405,615,98,879,507,536.5555555555555,438
MWOPHYKKEDTKAZ-HKBQPEDESA-N,381,626,900,435,673,565,482,326,450,537.5555555555555,439
BCJWHMFDQMMITC-AVPXBJHFSA-N,652,397,992,501,484,190,530,896,203,538.3333333333334,440
NSYZCCDSJNWWJL-HEESAXMSSA-N,567,427,794,594,285,533,809,571,269,538.7777777777778,441
ZWUFGBNOUKQGBR-UHFFFAOYSA-N,448,394,334,516,608,876,423,725,540,540.4444444444445,442
HVMKWKIPLGPYAR-UHFFFAOYSA-N,169,480,328,950,881,708,468,416,472,541.3333333333334,443
WIOGLCCGCVXFCT-YZPBMOCRSA-N,662,325,425,445,210,742,1023,504,549,542.7777777777778,444
PGSRKJVMAOWDEC-SXOMAYOGSA-N,942,291,485,191,528,74,1035,762,577,542.7777777777778,444
XCBUWCBDKKNTRF-DYERUGSUSA-N,443,917,100,973,361,934,710,129,319,542.8888888888889,446
IOMMMLWIABWRKL-WUTDNEBXSA-N,554,230,589,719,410,424,332,900,730,543.1111111111111,447
PIEUQSKUWLMALL-YABMTYFHSA-N,440,638,584,643,588,359,236,788,615,543.4444444444445,448
JEGGQYICWGMXOZ-GMPMKFSHSA-N,183,720,744,496,861,577,491,418,401,543.4444444444445,448
JYRHGXXQSIPDDP-IACUBPJLSA-N,392,435,698,526,704,612,429,416,686,544.2222222222222,450
AZSNMRSAGSSBNP-WBOWAXCQSA-N,744,737,598,603,353,500,133,1137,95,544.4444444444445,451
QADHLRWLCPCEKT-LOVVWNRFSA-N,689,586,503,517,475,147,365,724,896,544.6666666666666,452
ZPEIMTDSQAKGNT-UHFFFAOYSA-N,1338,235,439,246,897,464,371,181,733,544.8888888888889,453
VGIQUSQBXZXBGW-UHFFFAOYSA-N,1042,180,725,368,440,1040,196,301,622,546.0,454
YQYFEGTYCUQBEI-UHFFFAOYSA-N,110,805,805,926,161,563,642,135,770,546.3333333333334,455
VDJHFHXMUKFKET-QLYZSHOQSA-N,190,111,1452,372,565,310,459,326,1135,546.6666666666666,456
BAZRWWGASYWYGB-SNVBAGLBSA-N,194,631,885,394,372,377,605,739,733,547.7777777777778,457
QRXOZHSEEGNRFC-ZYHUDNBSSA-N,343,116,646,916,1319,807,335,233,221,548.4444444444445,458
VHZNMKYXMGMYLV-RUINGEJQSA-N,263,359,498,723,180,989,542,587,801,549.1111111111111,459
JHDKZFFAIZKUCU-ZRDIBKRKSA-N,481,255,932,374,554,622,812,395,517,549.1111111111111,459
OXLZNBCNGJWPRV-UHFFFAOYSA-N,599,689,419,478,577,590,501,604,486,549.2222222222222,461
PURKAOJPTOLRMP-NBDUPMGQSA-N,469,458,559,628,266,605,1042,502,418,549.6666666666666,462
FFRFGVHNKJYNOV-DOVUUNBWSA-N,262,613,175,1034,1190,745,134,286,510,549.8888888888889,463
VQODGRNSFPNSQE-IQSBSNNESA-N,399,872,233,755,629,297,265,688,830,552.0,464
SUJUHGSWHZTSEU-FYBSXPHGSA-N,373,473,1088,489,324,434,342,881,575,553.2222222222222,465
BBIPVJCGIASXJB-PKTZIBPZSA-N,304,471,435,565,538,502,1103,471,593,553.5555555555555,466
FFRFGVHNKJYNOV-ULCYVWNCSA-N,459,883,449,724,152,245,143,847,1082,553.7777777777778,467
NIBYCXOKANETJM-UHFFFAOYSA-N,422,489,303,1109,883,477,586,270,459,555.3333333333334,468
XRVDGNKRPOAQTN-FQEVSTJZSA-N,574,649,284,382,992,649,473,706,297,556.2222222222222,469
NKDFYOWSKOHCCO-QUOJMMGDSA-N,30,356,213,321,325,224,880,1359,1301,556.5555555555555,470
HTYBEXPZARGDNU-UHFFFAOYSA-N,589,555,612,227,738,691,680,356,598,560.6666666666666,471
VIUAUNHCRHHYNE-JTQLQIEISA-N,259,864,390,442,309,304,486,1014,982,561.1111111111111,472
MQTOSJVFKKJCRP-BICOPXKESA-N,804,355,308,187,322,795,884,1182,225,562.4444444444445,473
UJCYUJOQBXHJFH-DNTJNYDQSA-N,239,1028,1000,197,642,475,576,138,780,563.8888888888889,474
IFGWYHGYNVGVRB-UHFFFAOYSA-N,210,122,666,615,895,795,947,305,521,564.0,475
KPJDVVCDVBFRMU-AREMUKBSSA-N,176,934,348,668,319,976,253,402,1002,564.2222222222222,476
DSLCRNMTGWECHB-FHZYATBESA-N,808,433,458,533,645,666,520,433,592,565.3333333333334,477
ARJCBSRIPGJMAD-LLVKDONJSA-N,781,187,576,610,280,336,855,323,1143,565.6666666666666,478
MJHOMTRKVMKCNE-NWDGAFQWSA-N,358,996,1030,391,313,749,422,581,254,566.0,479
NRUKOCRGYNPUPR-OMLXZSNTSA-N,408,283,537,674,924,231,859,593,593,566.8888888888889,480
RJURFGZVJUQBHK-IIXSONLDSA-N,197,837,1038,506,543,283,392,931,380,567.4444444444445,481
VRQMAABPASPXMW-HDICACEKSA-N,548,509,467,511,549,594,523,718,697,568.4444444444445,482
WLOHNSSYAXHWNR-DWIOZXRMSA-N,786,747,388,596,598,569,640,402,393,568.7777777777778,483
SKYPQEVVXGJKIJ-NSHDSACASA-N,515,857,615,389,521,474,278,1024,452,569.4444444444445,484
GDCJHDUWWAKBIW-UHFFFAOYSA-N,480,628,623,799,414,798,448,388,549,569.6666666666666,485
YJQPYGGHQPGBLI-KGSXXDOSSA-N,665,842,108,643,614,434,519,888,426,571.0,486
KDCVCMJTEQZMEL-GOSISDBHSA-N,521,745,659,454,593,489,835,484,363,571.4444444444445,487
DWYRIWUZIJHQKQ-SANMLTNESA-N,315,597,590,418,329,751,1060,386,715,573.4444444444445,488
QROUIGQWVUTWFM-RWBWCDHPSA-N,510,166,399,983,918,944,380,114,749,573.6666666666666,489
RCLQNICOARASSR-SECBINFHSA-N,254,1263,244,398,825,168,389,869,763,574.7777777777778,490
UCVAQBJLJIKTFJ-MOPGFXCFSA-N,639,437,1077,181,288,494,1610,163,293,575.7777777777778,491
SYOKIDBDQMKNDQ-JULPFRMLSA-N,477,662,314,743,854,981,321,193,643,576.4444444444445,492
RJCWBNBKOKFWNY-IDPLTSGASA-N,717,844,821,264,733,346,200,353,917,577.2222222222222,493
HKVAMNSJSFKALM-ADNAJIBWSA-N,703,619,363,1159,464,319,416,552,609,578.2222222222222,494
ORJRYNKVKJAJPY-UHFFFAOYSA-N,562,644,1008,402,425,817,391,272,688,578.7777777777778,495
GMIGIKGMWTUBHA-UKQLQXPXSA-N,585,663,472,779,454,577,616,598,474,579.7777777777778,496
MSCWLMXCFHMGMN-SHUXQVCQSA-N,291,651,577,490,270,117,589,1276,964,580.5555555555555,497
MYPYJXKWCTUITO-GCTWTFLZSA-N,371,501,595,170,1120,900,178,1223,201,584.3333333333334,498
FBFAUZJZQKXEGH-OEAKJJBVSA-N,1080,353,545,486,495,691,511,686,417,584.8888888888889,499
AIIXYCDTEGICEE-HZVAOYAWSA-N,776,911,294,48,695,763,644,946,202,586.5555555555555,500
UFICVEHDQUKCEA-UHFFFAOYSA-N,429,703,610,546,652,637,139,647,917,586.6666666666666,501
TULGGJGJQXESOO-BJUDXGSMSA-N,247,478,641,287,677,987,636,398,938,587.6666666666666,502
SOLUWJRYJLAZCX-LYOVBCGYSA-N,388,293,147,448,1082,677,427,1044,799,589.4444444444445,503
OBMNJSNZOWALQB-NCQNOWPTSA-N,586,630,715,548,591,874,186,527,666,591.4444444444445,504
KLBQZWRITKRQQV-UHFFFAOYSA-N,1147,383,602,675,295,510,683,860,175,592.2222222222222,505
OBJKLVFDRLAGJI-UHFFFAOYSA-N,980,943,455,379,714,334,554,563,409,592.3333333333334,506
ZOCKGBMQLCSHFP-KQRAQHLDSA-N,361,304,715,567,545,820,1055,207,766,593.3333333333334,507
IKKXOSBHLYMWAE-QRPMWFLTSA-N,760,227,451,1143,276,668,731,439,649,593.7777777777778,508
MQTOSJVFKKJCRP-FHZDSTMTSA-N,1224,235,177,1215,115,1251,531,168,434,594.4444444444445,509
IBTISPLPBBHVSU-UVOOVGFISA-N,178,1018,1263,183,728,571,157,875,388,595.6666666666666,510
LYVZEIIGDIHNFA-UHFFFAOYSA-N,834,357,690,705,695,606,361,676,440,596.0,511
OTSOOHRUMBRSHZ-UHFFFAOYSA-N,1030,238,598,499,606,773,466,599,572,597.8888888888889,512
SPFYMRJSYKOXGV-UHFFFAOYSA-N,224,1729,450,1340,248,460,371,383,182,598.5555555555555,513
YYACLQUDUDXAPA-MRXNPFEDSA-N,221,284,1153,951,478,1206,286,175,634,598.6666666666666,514
ATLJNLYIJOCWJE-CWMZOUAVSA-N,885,321,103,579,312,434,1060,501,1197,599.1111111111111,515
YFXGICNMLCGLHJ-RSKRLRQZSA-N,739,647,868,490,562,558,747,473,314,599.7777777777778,516
DDNCQMVWWZOMLN-UHFFFAOYSA-N,452,940,577,519,686,762,399,708,360,600.3333333333334,517
JURYTIUJMYPBNN-GKCIPKSASA-N,438,442,841,1141,445,496,551,507,546,600.7777777777778,518
JEGHXKRHKHPBJD-UHFFFAOYSA-N,678,346,755,303,558,596,589,1062,545,603.5555555555555,519
DOMWKUIIPQCAJU-LJHIYBGHSA-N,254,439,683,830,489,739,828,554,623,604.3333333333334,520
UIAGMCDKSXEBJQ-UHFFFAOYSA-N,607,214,229,167,719,141,1169,1130,1074,605.5555555555555,521
AYCPARAPKDAOEN-LJQANCHMSA-N,466,494,749,647,810,826,326,669,468,606.1111111111111,522
OGIAVRWXUPYGGC-UHFFFAOYSA-N,682,665,465,599,623,863,434,580,546,606.3333333333334,523
RNRYULFRLCBRQS-UHFFFAOYSA-N,349,1457,345,210,968,1311,439,246,147,608.0,524
FUXVKZWTXQUGMW-FQEVSTJZSA-N,819,530,598,551,583,583,553,834,423,608.2222222222222,525
LRMJAFKKJLRDLE-UHFFFAOYSA-N,416,318,303,573,952,362,1235,697,627,609.2222222222222,526
DSDNAKHZNJAGHN-IHCAYWNCSA-N,1082,448,372,940,631,585,495,642,291,609.5555555555555,527
NHTKGYOMICWFQZ-KKQYNPQSSA-N,477,848,564,538,428,837,536,457,808,610.3333333333334,528
WPTTVJLTNAWYAO-KPOXMGGZSA-N,836,641,629,535,778,449,379,671,580,610.8888888888889,529
IMOZEMNVLZVGJZ-QGZVFWFLSA-N,952,567,817,621,354,592,777,541,283,611.5555555555555,530
SYWHXTATXSMDSB-GSLJADNHSA-N,591,247,639,891,890,402,609,910,334,612.5555555555555,531
BEUQXVWXFDOSAQ-UHFFFAOYSA-N,1142,328,478,312,471,429,1092,729,538,613.2222222222222,532
OURRXQUGYQRVML-AREMUKBSSA-N,474,673,894,873,628,471,506,660,343,613.5555555555555,533
HNAIZJDQDDXEGC-UHFFFAOYSA-N,562,462,1127,359,335,671,1258,181,567,613.5555555555555,533
AKLMUGFDGONMAA-UHFFFAOYSA-N,284,879,302,988,677,482,521,1158,233,613.7777777777778,535
IUQKXTKLHSXZNO-UHFFFAOYSA-N,738,457,1218,635,623,666,384,458,347,614.0,536
NNTYBKTXMKBRFA-CQSZACIVSA-N,470,446,693,1053,559,658,529,504,617,614.3333333333334,537
GAQZNFUDILDDDI-UHFFFAOYSA-N,1160,365,715,286,579,930,66,439,992,614.6666666666666,538
DBQMQBCSKXTCIJ-UHFFFAOYSA-N,964,733,407,758,598,643,956,234,244,615.2222222222222,539
PZBCKZWLPGJMAO-UHFFFAOYSA-N,412,309,363,480,884,355,938,965,835,615.6666666666666,540
PEQPFISMWLZTJZ-UHFFFAOYSA-N,404,500,817,427,1133,803,634,342,487,616.3333333333334,541
RVTSXVZXEGFIPW-UHFFFAOYSA-N,572,810,569,792,520,664,586,715,322,616.6666666666666,542
HGEYJZMMUGWEOT-UHFFFAOYSA-N,201,310,810,1194,532,449,977,511,568,616.8888888888889,543
MGQLHRYJBWGORO-UHFFFAOYSA-N,417,538,671,973,448,734,748,437,593,617.6666666666666,544
IAYGCINLNONXHY-GFCCVEGCSA-N,329,405,742,379,952,349,888,874,641,617.6666666666666,544
HOKDBMAJZXIPGC-MRXNPFEDSA-N,719,834,492,523,271,650,903,750,420,618.0,546
UWKQSNNFCGGAFS-MGBGTMOVSA-N,534,537,382,343,756,1059,581,967,403,618.0,546
DSLPMJSGSBLWRE-UHFFFAOYSA-N,311,229,432,787,392,472,1524,1044,391,620.2222222222222,548
QFFGVLORLPOAEC-SNVBAGLBSA-N,341,990,693,799,437,668,407,807,455,621.8888888888889,549
DDFOUSQFMYRUQK-RCDICMHDSA-N,1137,593,609,1010,285,812,262,399,492,622.1111111111111,550
NUAQIRUAZSJTAI-YRPZDAAMSA-N,795,989,430,316,349,1161,533,644,383,622.2222222222222,551
KIZITKARUSPCHY-UHFFFAOYSA-N,277,1082,406,1280,854,489,342,424,462,624.0,552
RDJQCOBTKKAQAH-FPOVZHCZSA-N,665,489,628,704,706,300,1108,445,571,624.0,552
DUYJMQONPNNFPI-UHFFFAOYSA-N,384,983,340,745,573,653,1227,313,422,626.6666666666666,554
VOVIALXJUBGFJZ-KWVAZRHASA-N,401,681,428,864,851,196,834,678,709,626.8888888888889,555
FABPRXSRWADJSP-MEDUHNTESA-N,246,768,1429,822,598,546,440,330,474,628.1111111111111,556
FLBNLJLONKAPLR-DQSJHHFOSA-N,333,808,721,682,893,634,419,177,995,629.1111111111111,557
WRLFHDDGGGWFLH-UHFFFAOYSA-N,998,516,954,840,439,317,211,1194,221,632.2222222222222,558
MKPLKVHSHYCHOC-AHTXBMBWSA-N,504,301,808,523,909,797,930,530,395,633.0,559
PURKAOJPTOLRMP-ASMGOKTBSA-N,627,1038,724,344,351,785,880,341,609,633.2222222222222,560
BENUHBSJOJMZEE-UHFFFAOYSA-N,301,1024,937,453,387,340,640,908,717,634.1111111111111,561
MNHDKMDLOJSCGN-UHFFFAOYSA-N,320,413,802,854,734,833,970,371,414,634.5555555555555,562
XZAFZXJXZHRNAQ-STQMWFEESA-N,692,624,727,441,629,518,828,579,673,634.5555555555555,562
GYCPCOJTCINIFZ-OXJNMPFZSA-N,571,799,63,558,390,956,513,1106,760,635.1111111111111,564
NSYZCCDSJNWWJL-YXOIYICCSA-N,700,427,583,600,435,894,867,518,705,636.5555555555555,565
MMNNTJYFHUDSKL-UHFFFAOYSA-N,580,526,538,945,777,509,526,591,743,637.2222222222222,566
FPQSMZBBNHABRA-UHFFFAOYSA-N,445,149,105,291,2048,675,503,1078,445,637.6666666666666,567
CDJNNOJINJAXPV-UHFFFAOYSA-N,766,726,259,464,1018,485,717,411,896,638.0,568
ULGZDMOVFRHVEP-RWJQBGPGSA-N,834,484,510,564,363,812,755,1070,352,638.2222222222222,569
XDZKBRJLTGRPSS-ZSKFQXOHSA-N,628,675,524,760,620,711,547,739,542,638.4444444444445,570
VQPFSIRUEPQQPP-MXBOTTGLSA-N,513,496,890,316,810,860,893,351,618,638.5555555555555,571
YJQPYGGHQPGBLI-UHFFFAOYSA-N,789,634,436,847,614,494,335,730,881,640.0,572
ZHJGWYRLJUCMRT-QGZVFWFLSA-N,846,794,266,632,227,333,660,1044,977,642.1111111111111,573
TULGGJGJQXESOO-UHFFFAOYSA-N,980,762,343,716,706,387,368,781,743,642.8888888888889,574
BPFYOAJNDMUVBL-UHFFFAOYSA-N,542,559,542,834,406,370,1000,605,934,643.5555555555555,575
OGHNVEJMJSYVRP-KRWDZBQOSA-N,644,1095,802,307,408,806,566,187,977,643.5555555555555,575
OHUCIUMMEAYVKS-UHFFFAOYSA-N,675,542,374,417,961,755,748,544,780,644.0,577
LUPHOOKVGNVAFT-UHFFFAOYSA-N,647,751,629,461,654,342,593,842,886,645.0,578
NCXMLFZGDNKEPB-YLTFDBFKSA-N,553,518,549,684,238,1415,615,375,859,645.1111111111111,579
WJSGOXONRXFGRY-UHFFFAOYSA-N,628,420,907,711,268,862,763,600,659,646.4444444444445,580
LHFTWCKXENCOHI-UHFFFAOYSA-N,487,679,554,1017,425,1046,386,473,764,647.8888888888889,581
HUADITLKOCMHSB-AVQIMAJZSA-N,1129,1021,202,360,823,507,886,447,457,648.0,582
DADASRPKWOGKCU-FVTQAUBDSA-N,261,514,921,412,854,533,967,476,901,648.7777777777778,583
KTEXNACQROZXEV-SLXBATTESA-N,649,499,517,808,464,900,685,761,556,648.7777777777778,583
BLUAFEHZUWYNDE-DCJAHCNHSA-N,1132,238,779,14,605,1100,721,821,432,649.1111111111111,585
CNIJVNPIIHWRRP-UHFFFAOYSA-N,757,757,506,368,1168,1048,396,278,566,649.3333333333334,586
ATHBCDQPZRXUNJ-UHFFFAOYSA-N,795,567,739,713,673,377,616,658,711,649.8888888888889,587
XXBDOTXPQDVHIP-JTQLQIEISA-N,998,316,661,1026,429,479,514,933,501,650.7777777777778,588
AGRJUZPPATWGHI-FQEVSTJZSA-N,720,1458,401,488,291,725,470,493,832,653.1111111111111,589
GJXWDTUCERCKIX-UHFFFAOYSA-N,538,514,434,341,1246,407,723,634,1057,654.8888888888889,590
FYMHQCNFKNMJAV-HOTGVXAUSA-N,1073,994,595,979,276,118,646,881,337,655.4444444444445,591
IPPHNIGBWNJLAF-RDQAVJLLSA-N,917,831,260,467,553,585,683,802,816,657.1111111111111,592
XDSXYMOZKDUASY-INIZCTEOSA-N,236,823,852,914,420,758,22,588,1321,659.3333333333334,593
KVLFRAWTRWDEDF-IRXDYDNUSA-N,254,696,849,662,511,820,378,831,943,660.4444444444445,594
GCIKSSRWRFVXBI-UHFFFAOYSA-N,772,1134,260,432,992,558,484,798,535,662.7777777777778,595
NJMYODHXAKYRHW-BLLMUTORSA-N,484,851,488,475,745,343,880,860,840,662.8888888888889,596
CJHRREBFISGMEQ-OQPBUACISA-N,656,1130,237,300,984,1169,393,563,540,663.5555555555555,597
GHWBYIZAYFIRPA-PPEAAZTNSA-N,864,300,687,679,493,527,806,731,894,664.5555555555555,598
CEDYGBVPEGWDRP-UHFFFAOYSA-N,281,1012,636,307,235,882,925,978,728,664.8888888888889,599
DDNCQMVWWZOMLN-IRLDBZIGSA-N,542,701,992,1125,736,779,366,392,352,665.0,600
VFCRSIORGUNNGT-UHFFFAOYSA-N,1162,726,501,538,593,905,419,538,609,665.6666666666666,601
OGHNVEJMJSYVRP-UHFFFAOYSA-N,414,134,727,862,333,542,539,1576,868,666.1111111111111,602
VWMJHAFYPMOMGF-ZCFIWIBFSA-N,548,544,926,626,412,845,574,804,717,666.2222222222222,603
DZZWHBIBMUVIIW-DTORHVGOSA-N,603,362,646,929,309,896,792,514,949,666.6666666666666,604
ORVNHOYNEHYKJG-UHFFFAOYSA-N,671,801,550,328,1057,788,455,636,732,668.6666666666666,605
XPIJWUTXQAGSLK-UHFFFAOYSA-N,1023,705,1030,697,768,498,296,356,647,668.8888888888889,606
BQSJTQLCZDPROO-UHFFFAOYSA-N,1193,279,708,1046,1148,277,99,454,826,670.0,607
ZDXUKAKRHYTAKV-UHFFFAOYSA-N,249,452,278,397,448,364,1802,688,1354,670.2222222222222,608
KXMAIWXPZGQNCR-UHFFFAOYSA-N,691,518,506,808,422,788,929,867,504,670.3333333333334,609
HUADITLKOCMHSB-UHFFFAOYSA-N,1107,566,416,544,985,507,714,768,431,670.8888888888889,610
RVAQIUULWULRNW-UHFFFAOYSA-N,996,725,478,602,562,372,546,595,1173,672.1111111111111,611
UARVFMMJGJJSNR-UHFFFAOYSA-N,854,850,547,736,464,953,642,484,528,673.1111111111111,612
DBOUGBAQLIXZLV-UHFFFAOYSA-N,1283,455,504,473,815,512,1105,503,409,673.2222222222222,613
QVNZBDLTUKCPGJ-SHQCIBLASA-N,554,1282,616,325,873,962,389,492,568,673.4444444444445,614
QGPKADBNRMWEQR-UHFFFAOYSA-N,723,766,890,836,190,647,1036,798,176,673.5555555555555,615
FDMQDKQUTRLUBU-UHFFFAOYSA-N,815,560,572,1483,521,1014,50,131,929,675.0,616
PHJVBZVDUNTGNR-UHFFFAOYSA-N,1268,691,607,363,682,336,566,957,607,675.2222222222222,617
BTXNYTINYBABQR-UHFFFAOYSA-N,1412,627,1471,555,297,431,233,405,655,676.2222222222222,618
JLGWAGKPIWGUEH-NGLMKZPHSA-O,600,528,486,1423,598,533,700,693,528,676.5555555555555,619
CWHUFRVAEUJCEF-UHFFFAOYSA-N,1327,603,758,609,1024,844,262,549,118,677.1111111111111,620
OJHIOZPNHWHGKG-WHKHEBITSA-N,345,751,425,1129,772,396,702,780,795,677.2222222222222,621
HDFMVHGMQMBXPU-AATRIKPKSA-N,1448,948,176,418,847,763,1110,259,141,678.8888888888889,622
SRVFFFJZQVENJC-UHFFFAOYSA-N,1624,496,462,864,422,432,884,460,477,680.1111111111111,623
ATEBXHFBFRCZMA-VXTBVIBXSA-N,827,893,238,213,1237,574,792,970,388,681.3333333333334,624
ZEUITGRIYCTCEM-KRWDZBQOSA-N,789,136,1113,192,692,976,1004,1044,191,681.8888888888889,625
UCFGDBYHRUNTLO-QHCPKHFHSA-N,514,718,1013,160,308,783,1168,663,814,682.3333333333334,626
HSQAARMBHJCUOK-UHFFFAOYSA-N,580,582,692,652,200,329,1434,982,691,682.4444444444445,627
PWPNYABQEOGNNC-UHFFFAOYSA-N,291,668,641,952,663,452,499,1060,917,682.5555555555555,628
VMZMNAABQBOLAK-DBILLSOUSA-N,326,784,455,577,745,807,876,697,893,684.4444444444445,629
NPJIOCBFOAHEDO-UHFFFAOYSA-N,1227,429,708,583,492,479,858,620,769,685.0,630
SWXOGPJRIDTIRL-UHFFFAOYSA-N,845,468,351,1104,372,404,702,577,1343,685.1111111111111,631
IJWPAFMIFNSIGD-UHFFFAOYSA-N,311,216,1292,897,1009,432,547,938,525,685.2222222222222,632
SPMVMDHWKHCIDT-UHFFFAOYSA-N,351,889,49,80,1003,1643,660,1113,391,686.5555555555555,633
VLEUZFDZJKSGMX-ONEGZZNKSA-N,297,389,835,511,1223,321,1124,214,1281,688.3333333333334,634
ULGZDMOVFRHVEP-TXJUTXNDSA-N,1048,518,516,635,231,477,838,885,1057,689.4444444444445,635
AQSSMEORRLJZLU-UHFFFAOYSA-N,577,197,935,584,1195,917,901,702,216,691.5555555555555,636
GTUIRORNXIOHQR-VIFPVBQESA-N,1037,535,410,621,647,745,371,1183,675,691.5555555555555,636
GZUITABIAKMVPG-UHFFFAOYSA-N,991,826,889,432,372,629,863,560,671,692.5555555555555,638
NGGMYCMLYOUNGM-CSDLUJIJSA-N,1168,902,490,514,631,596,848,575,525,694.3333333333334,639
ZISJNXNHJRQYJO-CMDGGOBGSA-N,234,439,744,377,1132,387,1595,893,452,694.7777777777778,640
DSDNAKHZNJAGHN-MXTYGGKSSA-N,1045,682,410,1077,340,585,495,1334,291,695.4444444444445,641
DOTGPNHGTYJDEP-UHFFFAOYSA-N,833,418,902,786,686,275,457,728,1175,695.5555555555555,642
XDZKBRJLTGRPSS-BGZQYGJUSA-N,829,705,702,796,796,626,789,636,382,695.6666666666666,643
MINDHVHHQZYEEK-HBBNESRFSA-N,1006,589,1384,878,642,678,274,424,399,697.1111111111111,644
AQRLDDAFYYAIJP-UHFFFAOYSA-N,435,314,1334,946,410,581,504,272,1487,698.1111111111111,645
HESAJCAYRSKRSG-UHFFFAOYSA-N,947,421,987,505,634,521,1147,620,512,699.3333333333334,646
SUDAHWBOROXANE-SECBINFHSA-N,304,872,390,1970,842,609,275,232,801,699.4444444444445,647
BLSQLHNBWJLIBQ-ZEQKJWHPSA-N,372,373,350,327,1616,731,1425,899,203,699.5555555555555,648
WVXNSAVVKYZVOE-UHFFFAOYSA-N,311,1493,800,298,1137,678,399,549,633,699.7777777777778,649
UWKQSNNFCGGAFS-XIFFEERXSA-N,864,573,621,404,491,1059,734,998,554,699.7777777777778,649
RWEVIPRMPFNTLO-UHFFFAOYSA-N,624,226,565,816,956,1386,406,375,954,700.8888888888889,651
FIMYFEGKMOCQKT-UHFFFAOYSA-N,181,1414,1011,1093,1253,355,300,552,152,701.2222222222222,652
CXHKZHZLDMQGFF-ZSDSSEDPSA-N,1157,492,460,774,525,830,504,909,669,702.2222222222222,653
PXZDWASDNFWKSD-UHFFFAOYSA-N,766,882,845,705,488,659,780,694,503,702.4444444444445,654
MMSNEKOTSJRTRI-LLVKDONJSA-N,546,738,675,946,761,627,964,271,816,704.8888888888889,655
QBDBUKJBJJWZMG-VIFPVBQESA-N,438,738,915,493,654,843,871,509,884,705.0,656
AXTAPYRUEKNRBA-JTQLQIEISA-N,1042,372,461,693,612,1455,938,269,509,705.6666666666666,657
KZCMMZOLCBZLNG-QHCPKHFHSA-N,966,203,828,765,986,823,527,527,754,708.7777777777778,658
XKFTZKGMDDZMJI-HSZRJFAPSA-N,873,898,271,548,902,647,501,842,912,710.4444444444445,659
PGSRKJVMAOWDEC-UHFFFAOYSA-N,558,1024,1142,556,659,323,606,951,577,710.6666666666666,660
ZSDCIRYNTCVTMF-UHFFFAOYSA-N,561,812,996,424,829,752,1163,308,552,710.7777777777778,661
UIEATEWHFDRYRU-UHFFFAOYSA-N,1242,684,354,1248,315,240,819,674,826,711.3333333333334,662
FLSUCZWOEMTFAQ-PRBGKLEPSA-N,837,695,540,697,556,725,915,801,648,712.6666666666666,663
KUFRQPKVAWMTJO-LMZWQJSESA-N,461,960,570,1127,532,457,1134,982,215,715.3333333333334,664
WJRRGYBTGDJBFX-UHFFFAOYSA-N,1218,677,665,290,496,237,1036,1123,699,715.6666666666666,665
JXAGDPXECXQWBC-UHFFFAOYSA-N,1159,562,850,797,973,703,547,347,521,717.6666666666666,666
ULGZDMOVFRHVEP-ZTCLHLGDSA-N,906,518,812,1015,298,315,755,1024,823,718.4444444444445,667
CSATZFOKBJPVHH-CRHVHDRLSA-N,456,1117,580,803,338,1029,1036,667,449,719.4444444444445,668
NPWTVYBPSXCRPM-UHFFFAOYSA-N,867,504,1436,509,620,555,859,697,434,720.1111111111111,669
QULDDKSCVCJTPV-UHFFFAOYSA-N,491,642,638,1292,1036,984,92,438,901,723.7777777777778,670
ZKEMUPZLDSXZCX-CEVDDVLHSA-N,1082,671,196,1049,1390,816,521,310,480,723.8888888888889,671
RCJYGWGQCPDYSL-OEMAIJDKSA-N,649,677,354,670,1521,725,895,399,629,724.3333333333334,672
YLBMXAVGXLBUCX-UHFFFAOYSA-N,337,1145,649,312,859,856,418,750,1200,725.1111111111111,673
HYNBNUYQTQIHJK-UHFFFAOYSA-N,589,471,1110,216,470,1492,1007,314,869,726.4444444444445,674
UCQXHOZNZSIQIO-TZYHBYERSA-N,793,954,737,408,393,295,1272,715,973,726.6666666666666,675
CPVZPPFHQBIJNB-KRWDZBQOSA-N,1288,511,444,569,377,906,832,1101,525,728.1111111111111,676
OEKXCVYZBVOWBR-BQYQJAHWSA-N,730,937,734,538,849,345,1212,757,452,728.2222222222222,677
NRUKOCRGYNPUPR-QBPJDGROSA-N,623,549,563,593,917,1013,820,422,1057,728.5555555555555,678
QSKQVZWVLOIIEV-NSHDSACASA-N,221,281,864,911,1007,1095,719,695,772,729.4444444444445,679
FGJIDQWRRLDGDB-RFUDPZKQSA-N,474,878,673,588,897,492,758,904,904,729.7777777777778,680
OASYWNFOHKQIGI-UHFFFAOYSA-N,228,1629,1495,614,580,245,556,104,1120,730.1111111111111,681
CFOOTBBXHJHHMT-UHFFFAOYSA-N,795,322,565,584,965,555,1137,734,915,730.2222222222222,682
KMSKQZKKOZQFFG-NCXNULAVSA-N,355,278,684,728,1046,1093,294,1079,1033,732.2222222222222,683
XUBOMFCQGDBHNK-UHFFFAOYSA-N,711,820,357,615,720,1362,618,797,605,733.8888888888889,684
NPGNOVNWUSPMDP-HLLBOEOZSA-N,688,606,580,1015,992,641,729,644,711,734.0,685
JTNIHNJCRCYZSU-UHFFFAOYSA-N,1261,642,711,633,499,934,632,661,634,734.1111111111111,686
VRQXRVAKPDCRCI-ZNMIVQPWSA-N,442,659,711,496,754,882,499,1070,1104,735.2222222222222,687
TVXOXGBTADZYCZ-UHFFFAOYSA-N,1071,772,742,859,406,572,827,854,517,735.5555555555555,688
QPDYBCZNGUJZDK-DNQXCXABSA-N,435,421,1268,876,527,869,566,829,835,736.2222222222222,689
TYZROVQLWOKYKF-ZDUSSCGKSA-N,181,474,106,854,699,547,1354,1101,1324,737.7777777777778,690
QZZUEBNBZAPZLX-QFIPXVFZSA-N,206,1184,922,493,595,701,463,845,1232,737.8888888888889,691
NJMYODHXAKYRHW-DVZOWYKESA-N,542,1196,626,475,1005,415,800,644,970,741.4444444444445,692
DHZBEENLJMYSHQ-UHFFFAOYSA-N,633,751,626,770,1307,695,664,348,894,743.1111111111111,693
MUKSDTOOLRNSIO-QMMMGPOBSA-N,854,757,1098,646,639,685,612,747,665,744.7777777777778,694
KGSXMPPBFPAXLY-UHFFFAOYSA-N,826,768,669,548,440,794,1077,1158,427,745.2222222222222,695
URLYINUFLXOMHP-UHFFFAOYSA-N,604,970,984,464,794,706,760,1009,439,747.7777777777778,696
HAYYBYPASCDWEQ-UHFFFAOYSA-N,421,1100,767,716,906,594,667,785,775,747.8888888888889,697
JGSARLDLIJGVTE-MBNYWOFBSA-N,778,1355,673,574,854,397,1100,546,458,748.3333333333334,698
HZCWPKGYTCJSEB-UHFFFAOYSA-N,524,426,929,897,761,1036,626,1157,385,749.0,699
LANOLOBXTHGFCJ-DWXAVSTPSA-N,546,772,1066,697,645,725,694,770,841,750.6666666666666,700
SRPXSILJHWNFMK-CHPOKUKFSA-N,1312,651,897,969,177,631,813,766,542,750.8888888888889,701
UIRKNQLZZXALBI-GSDBPZLUSA-N,639,883,788,652,670,970,930,654,587,752.5555555555555,702
AUJKWLGOXRSXRX-JVXZTZIISA-N,891,726,1269,460,475,859,515,862,717,752.6666666666666,703
AUGCSOFQTDKPSO-RGVLZGJSSA-N,960,615,1244,591,496,802,742,647,683,753.3333333333334,704
ITAMRBIZWGDOHW-UHFFFAOYSA-N,609,487,808,554,878,1051,1253,277,872,754.3333333333334,705
WPTTVJLTNAWYAO-GPJRJPTMSA-N,1533,376,632,691,701,449,991,938,511,758.0,706
GHASVSINZRGABV-UHFFFAOYSA-N,584,389,1431,283,728,1422,705,654,631,758.5555555555555,707
ACWKGTGIJRCOOM-UHFFFAOYSA-N,595,1736,469,435,1692,558,753,367,224,758.7777777777778,708
HOKDBMAJZXIPGC-INIZCTEOSA-N,837,842,937,854,123,564,1237,875,576,760.5555555555555,709
HKTBYUWLRDZAJK-UHFFFAOYSA-N,988,906,898,363,1439,716,434,326,780,761.1111111111111,710
CVBWTNHDKVVFMI-LBPRGKRZSA-N,602,387,913,895,661,852,722,706,1121,762.1111111111111,711
NVVPMZUGELHVMH-UHFFFAOYSA-N,609,689,1081,904,530,869,899,317,964,762.4444444444445,712
YECRYLBCIYSJSO-UHFFFAOYSA-N,870,1155,837,588,532,577,1350,537,430,764.0,713
RUZYUOTYCVRMRZ-FQEVSTJZSA-N,1307,405,788,1137,1040,781,255,815,351,764.3333333333334,714
OIZSVTOIBNSVOS-UHFFFAOYSA-N,1211,974,524,350,509,1349,691,671,603,764.6666666666666,715
VHXNKPBCCMUMSW-FQEVSTJZSA-N,769,240,1269,922,429,716,905,1024,623,766.3333333333334,716
WCKZRLOUKYFJDY-UHFFFAOYSA-N,849,480,594,537,659,456,1561,1038,729,767.0,717
ZRJBHWIHUMBLCN-QDEBKDIKSA-N,829,826,446,812,938,924,222,887,1019,767.0,717
SYYBDNPGDKKJDU-UHFFFAOYSA-N,1205,360,850,530,596,933,901,827,704,767.3333333333334,719
ZYVSOIYQKUDENJ-WKSBCEQHSA-N,730,1016,198,713,750,1572,237,731,976,769.2222222222222,720
LEILBPMISZFZQK-GFCCVEGCSA-N,735,631,804,442,395,612,714,1183,1407,769.2222222222222,720
RTHCYVBBDHJXIQ-UHFFFAOYSA-N,744,316,798,448,1181,1014,1411,352,677,771.2222222222222,722
IXOLUVCRGNJKSZ-UHFFFAOYSA-N,709,768,764,728,637,1031,652,854,818,773.4444444444445,723
ZZWWXIBKLBMSCS-FQEVSTJZSA-N,1168,819,586,781,686,742,741,1134,308,773.8888888888889,724
SRPXSILJHWNFMK-MEDUHNTESA-N,1312,646,653,969,656,625,936,881,295,774.7777777777778,725
BLSQLHNBWJLIBQ-OZXSUGGESA-N,816,1192,171,448,1108,307,1070,943,930,776.1111111111111,726
ZEWQUBUPAILYHI-UHFFFAOYSA-N,675,787,845,977,572,711,975,588,855,776.1111111111111,726
VMZMNAABQBOLAK-UHTANWJSSA-N,852,913,892,938,909,890,672,160,762,776.4444444444445,728
RJURFGZVJUQBHK-AQDADIDBSA-N,1013,1462,1325,280,580,852,556,566,354,776.4444444444445,728
QYBGBLQCOOISAR-UHFFFAOYSA-N,559,876,1199,617,652,1152,832,858,246,776.7777777777778,730
GUDVQJXODNJRIJ-CALCHBBNSA-N,515,385,1125,1150,509,854,1074,295,1099,778.4444444444445,731
RJKFOVLPORLFTN-LEKSSAKUSA-N,1047,419,663,588,1048,686,1019,999,544,779.2222222222222,732
SXERSHFSQXOIPF-UHFFFAOYSA-N,955,780,1020,781,851,558,673,618,787,780.3333333333334,733
AGOYDEPGAOXOCK-KCBOHYOISA-N,1095,557,330,1009,521,678,905,1070,860,780.5555555555555,734
CUNDRHORZHFPLY-UHFFFAOYSA-N,843,362,1214,506,745,949,1137,62,1210,780.8888888888889,735
ISJRMOARTUIEPA-UHFFFAOYSA-N,567,717,976,1008,903,800,538,680,841,781.1111111111111,736
WEEYASWRWODDTJ-ZDUSSCGKSA-N,811,1115,1197,518,710,745,544,535,855,781.1111111111111,736
VZWWTHTUQTYAGH-UHFFFAOYSA-N,606,977,1554,168,379,352,1092,1070,841,782.1111111111111,738
RGJOJUGRHPQXGF-INIZCTEOSA-N,659,787,394,1322,548,1480,302,473,1074,782.1111111111111,738
JXAGDPXECXQWBC-LJQANCHMSA-N,1191,292,618,797,973,527,918,1058,668,782.4444444444445,740
YIMHGPSYDOGBPI-IQQSWPBXSA-N,755,684,592,1010,785,736,964,746,780,783.5555555555555,741
YQNWZWMKLDQSAC-UHFFFAOYSA-N,1101,907,1041,580,1303,249,382,122,1369,783.7777777777778,742
OIFWQOKDSPDILA-XLPZGREQSA-N,432,608,952,708,1241,1034,1343,158,580,784.0,743
OKLKAFJDLMXNMT-GFCCVEGCSA-N,551,553,705,1388,1444,622,434,420,946,784.7777777777778,744
BVAHPPKGOOJSPU-UHFFFAOYSA-N,266,1340,269,1280,1226,1080,1157,264,199,786.7777777777778,745
ULDXWLCXEDXJGE-UHFFFAOYSA-N,351,782,1025,880,542,504,1021,1016,977,788.6666666666666,746
VRXORHRXNRJZCQ-ZUZCIYMTSA-N,851,913,1038,577,933,640,591,718,847,789.7777777777778,747
MHXGEROHKGDZGO-UHFFFAOYSA-N,1074,957,770,495,802,598,888,1216,313,790.3333333333334,748
RNKZWLLOIOLSMA-UHFFFAOYSA-N,950,747,751,789,656,1160,592,819,655,791.0,749
PWZXTLHDGIBNLG-UHFFFAOYSA-N,451,619,1142,843,798,911,574,848,951,793.0,750
QXRUCDDVUMKOPI-UHFFFAOYSA-N,971,168,1350,859,434,302,636,1355,1065,793.3333333333334,751
PWHNTOQANLCTHN-KRWDZBQOSA-N,538,622,860,586,571,1057,1439,1108,361,793.5555555555555,752
YAVZHCFFUATPRK-YZPBMOCRSA-N,1205,838,612,774,487,879,685,866,801,794.1111111111111,753
PURKAOJPTOLRMP-UHFFFAOYSA-N,652,1038,1062,720,351,673,1557,722,375,794.4444444444445,754
GQNZGCARKRHPOH-RQIKCTSVSA-N,300,1274,508,1020,1102,705,822,973,456,795.5555555555555,755
URLYINUFLXOMHP-HTVVRFAVSA-N,870,831,786,834,559,1097,760,943,481,795.6666666666666,756
FGUCVLMMGZZQBB-NSHDSACASA-N,1050,1194,684,765,590,659,474,442,1304,795.7777777777778,757
QWLNINWUBHHOLU-UHFFFAOYSA-N,248,1412,876,833,909,791,401,157,1541,796.4444444444445,758
IMOZEMNVLZVGJZ-UHFFFAOYSA-N,683,738,1206,996,583,592,979,541,855,797.0,759
KGPGQDLTDHGEGT-VBZOGQDBSA-N,748,1239,679,604,567,973,688,867,818,798.1111111111111,760
SBEOBYJLAQKTQX-UHFFFAOYSA-N,628,274,1258,1241,229,1048,953,436,1119,798.4444444444445,761
RCJYGWGQCPDYSL-HZPDHXFCSA-N,467,553,442,620,1262,931,320,1591,1010,799.5555555555555,762
IECPWNUMDGFDKC-OHKGZEFISA-N,1009,338,471,638,1454,577,922,583,1206,799.7777777777778,763
GOCUUDXEOKIQRU-GVDBMIGSSA-N,487,780,389,1258,539,1131,624,726,1264,799.7777777777778,763
MYSWGUAQZAJSOK-UHFFFAOYSA-N,895,1138,501,1860,366,1029,178,295,959,802.3333333333334,765
MJHYBJOMJPGNMM-KGWLDMEJSA-N,98,987,886,1194,610,210,190,1835,1232,804.6666666666666,766
WKDACQVEJIVHMZ-UHFFFAOYSA-N,920,1038,338,891,947,697,624,1126,663,804.8888888888889,767
MPMFCABZENCRHV-UHFFFAOYSA-N,1255,948,331,864,853,752,878,1092,280,805.8888888888889,768
AHJGUEMIZPMAMR-WZTVWXICSA-N,1099,557,705,448,1009,819,1097,906,642,809.1111111111111,769
XURFYCWNUGWGDL-VQJWOFKYSA-N,634,340,474,843,1363,805,1550,1044,233,809.5555555555555,770
XPPBBJCBDOEXDN-UHFFFAOYSA-N,1036,812,1374,422,1058,245,989,949,416,811.2222222222222,771
WIKYUJGCLQQFNW-UHFFFAOYSA-N,769,227,1325,650,715,414,1235,1374,593,811.3333333333334,772
FRYUKTHFAUUZRK-HYBUGGRVSA-N,476,1003,925,752,879,1014,838,586,835,812.0,773
FNDVKMABQZJHKI-GMDKYCAISA-N,716,940,843,424,421,1002,1161,1120,696,813.6666666666666,774
WDJUZGPOPHTGOT-UHFFFAOYSA-N,795,599,961,560,603,682,853,1659,612,813.7777777777778,775
FVZJIAUYFDQQKJ-JWQCQUIFSA-N,706,733,751,761,775,826,488,1198,1090,814.2222222222222,776
YVIUVYJJSZFGCX-LJQANCHMSA-N,723,847,955,461,958,1487,666,526,717,815.5555555555555,777
FHBQKTSCJKPYIO-XZGUSLHLSA-N,840,897,1150,696,490,724,880,468,1200,816.1111111111111,778
ZESFDAKNYJQYKO-UHFFFAOYSA-N,823,1010,624,958,844,733,679,829,846,816.2222222222222,779
IZBNNCFOBMGTQX-UHFFFAOYSA-N,1020,598,533,414,839,320,1585,917,1122,816.4444444444445,780
CEUORZQYGODEFX-UHFFFAOYSA-N,1882,352,522,789,617,619,1267,1021,279,816.4444444444445,780
KMSKQZKKOZQFFG-YXRRJAAWSA-N,591,902,977,940,940,845,294,999,872,817.7777777777778,782
ZEUITGRIYCTCEM-QGZVFWFLSA-N,939,1343,543,355,813,1585,1148,450,191,818.5555555555555,783
OAMZCCKOMNJAPV-GEVQPYONSA-N,1105,589,1018,967,807,763,704,870,559,820.2222222222222,784
BLUAFEHZUWYNDE-NNWCWBAJSA-N,1132,927,533,1212,566,491,720,770,1035,820.6666666666666,785
BLSQLHNBWJLIBQ-ANWICMFUSA-N,1293,201,1390,1696,70,837,623,959,329,822.0,786
MXAYKZJJDUDWDS-LBPRGKRZSA-N,949,858,843,1041,927,1043,542,539,659,822.3333333333334,787
QRGHOAATPOLDPF-BYICEURKSA-N,507,915,810,1057,591,840,961,870,851,822.4444444444445,788
HAGHKJDWBDSFKC-UHFFFAOYSA-N,580,1002,1127,830,1139,954,760,389,645,825.1111111111111,789
GERNFWKTMKWULM-UHFFFAOYSA-N,570,1055,907,435,619,865,618,1549,811,825.4444444444445,790
KJEBULYHNRNJTE-DHZHZOJOSA-N,665,1096,1249,983,379,234,1013,1066,748,825.8888888888889,791
QVNZBDLTUKCPGJ-LFHRXCRSSA-N,1298,424,598,841,873,1213,1203,422,568,826.6666666666666,792
HOKDBMAJZXIPGC-UHFFFAOYSA-N,952,936,868,973,256,831,1315,678,650,828.7777777777778,793
NEHWBYHLYZGBNO-BVEPWEIPSA-N,712,1099,1313,373,461,566,1475,282,1184,829.4444444444445,794
VMKVDAAFMQKZJS-LFIBNONCSA-N,902,794,868,976,673,911,800,712,835,830.1111111111111,795
CZFFBEXEKNGXKS-UHFFFAOYSA-N,781,1015,698,920,799,910,780,622,950,830.5555555555555,796
WFTSRDISOMSAQC-CYMJSXLZSA-N,333,1038,663,1409,725,515,322,1158,1315,830.8888888888889,797
WXUUCRLKXQMWRY-UHFFFAOYSA-N,1025,532,1134,1409,499,915,345,555,1070,831.5555555555555,798
RXZBMPWDPOLZGW-KMAKEOJNSA-N,816,523,648,876,999,1267,751,742,872,832.6666666666666,799
WYBNGERDAGUCOY-UHFFFAOYSA-N,743,322,1084,1060,418,957,1099,1058,767,834.2222222222222,800
NXQGEDVQXVTCDA-UHFFFAOYSA-N,1035,1255,682,561,867,758,1080,754,517,834.3333333333334,801
QQJHRQZZCNYDMX-VPUSJEBWSA-N,529,1133,734,1139,1018,922,657,333,1052,835.2222222222222,802
IECPWNUMDGFDKC-MZJAQBGESA-N,928,1045,247,826,978,695,983,945,871,835.3333333333334,803
JAUARQFUHQYXHN-UHFFFAOYSA-N,1201,310,927,1066,871,1091,895,384,787,836.8888888888889,804
BHYRGODCLWGHQG-LCBDOTBSSA-N,920,255,984,531,666,949,1375,690,1168,837.5555555555555,805
WUWFMDMBOJLQIV-UHFFFAOYSA-N,761,1312,787,789,996,888,675,551,795,839.3333333333334,806
VRQMYABRBQHVPL-NSHDSACASA-N,730,1147,545,1029,668,927,690,937,890,840.3333333333334,807
PGXYIBJJCLWJST-MUUNZHRXSA-N,655,855,579,688,1036,920,694,1355,793,841.6666666666666,808
OASYWNFOHKQIGI-SVBPBHIXSA-N,327,1498,619,455,1370,1283,434,316,1275,841.8888888888889,809
YVUQSNJEYSNKRX-UHFFFAOYSA-N,843,648,651,546,549,602,1726,781,1243,843.2222222222222,810
HYXITZLLTYIPOF-UHFFFAOYSA-N,960,997,982,626,817,934,993,380,909,844.2222222222222,811
KMNLXCBYBKHKSK-BKMJKUGQSA-N,686,984,1093,484,576,676,917,1038,1164,846.4444444444445,812
KUBPNVYPKPWGRJ-LIVOIKKVSA-N,723,523,1060,999,604,913,1160,307,1342,847.8888888888889,813
AQLVRTWKJDTWQQ-SDBHATRESA-N,1230,722,1140,983,845,590,772,798,552,848.0,814
HWKQYGBAAMKHDY-UHFFFAOYSA-N,986,608,1074,899,1169,1020,636,491,756,848.7777777777778,815
BIAVGWDGIJKWRM-HXUWFJFHSA-N,1115,333,781,395,1263,1004,469,1201,1088,849.8888888888889,816
BSMNRYCSBFHEMQ-GZMMTYOYSA-N,1471,924,961,886,549,256,944,583,1079,850.3333333333334,817
ZBSURXIIEJERBJ-KMUZCZNQSA-N,954,712,793,869,908,1085,769,715,851,850.6666666666666,818
JCZYXTVBWHAWLL-UHFFFAOYSA-N,888,1131,734,490,1383,662,993,870,512,851.4444444444445,819
HWXVIOGONBBTBY-ONEGZZNKSA-N,519,1042,489,434,1443,415,698,1248,1387,852.7777777777778,820
XCTYLCDETUVOIP-UHFFFAOYSA-N,1603,179,1465,363,1250,618,621,1013,564,852.8888888888889,821
WRHGGQFJPWBBTG-UHFFFAOYSA-N,1176,260,680,1088,931,1320,863,377,989,853.7777777777778,822
OZSXWXGDJLBJQO-UHFFFAOYSA-N,868,703,328,1179,1028,382,1330,749,1136,855.8888888888889,823
GMVPRGQOIOIIMI-ZWLIRFKBSA-N,1502,371,604,1229,933,552,903,628,989,856.7777777777778,824
HRJWTAWVFDCTGO-UHFFFAOYSA-N,1493,1107,815,151,742,387,949,1461,607,856.8888888888889,825
PUFQVTATUTYEAL-UHFFFAOYSA-N,1239,387,1331,617,1239,769,466,1178,497,858.1111111111111,826
HWGQMRYQVZSGDQ-HZPDHXFCSA-N,958,793,806,1414,814,804,654,571,913,858.5555555555555,827
KPZQRBACZSLMPH-UHFFFAOYSA-N,443,408,591,1192,1714,484,1368,514,1015,858.7777777777778,828
KKZJGLLVHKMTCM-UHFFFAOYSA-N,899,889,865,927,679,1254,835,602,787,859.6666666666666,829
QIIVJLHCZUTGSD-CUBQBAPOSA-N,720,1089,254,917,968,1146,1456,186,1010,860.6666666666666,830
RTHCYVBBDHJXIQ-INIZCTEOSA-N,819,1179,958,392,997,634,1065,690,1016,861.1111111111111,831
GMVPRGQOIOIIMI-DWKJAMRDSA-N,857,1484,524,1076,343,966,1367,548,602,863.0,832
KNHLHFDFFDCJJR-NXEZZACHSA-N,324,751,1000,728,956,1086,275,1233,1433,865.1111111111111,833
XDXDZDZNSLXDNA-TZNDIEGXSA-N,537,458,1273,959,933,1043,698,959,934,866.0,834
HGOAIWZFTWACBD-RRHRGVEJSA-O,440,743,1137,931,1185,1162,1181,750,271,866.6666666666666,835
KRMMQWXJLDORCJ-OALUTQOASA-N,1222,709,952,952,681,736,989,718,845,867.1111111111111,836
DXVUYOAEDJXBPY-NFFDBFGFSA-N,888,763,971,526,355,1143,1115,607,1446,868.2222222222222,837
QWKAUGRRIXBIPO-UHFFFAOYSA-N,876,638,828,1162,620,854,1046,931,864,868.7777777777778,838
BYPIURIATSUHDW-UHFFFAOYSA-N,1239,617,661,649,656,653,936,1228,1188,869.6666666666666,839
OUXXDXXQNWKOIF-RYUDHWBXSA-N,294,940,345,764,925,1130,972,1313,1161,871.5555555555555,840
URXMRSFPBTZPCZ-VLLYGJJVSA-N,850,1155,684,1073,978,785,599,946,780,872.2222222222222,841
UEFWDVMEDFCHGW-UHFFFAOYSA-N,702,808,731,770,1040,731,1013,517,1540,872.4444444444445,842
AOJJSUZBOXZQNB-VTZDEGQISA-N,337,718,1346,1082,805,1031,667,1478,403,874.1111111111111,843
RXZBMPWDPOLZGW-XMRMVWPWSA-N,613,763,915,792,475,836,1435,1174,872,875.0,844
FGJIDQWRRLDGDB-FRKPEAEDSA-N,1111,867,905,728,815,527,1252,776,904,876.1111111111111,845
RTHCYVBBDHJXIQ-MRXNPFEDSA-N,1065,1412,421,387,1189,536,1065,762,1055,876.8888888888889,846
AFJRDFWMXUECEW-LBPRGKRZSA-N,1154,799,773,526,1030,1257,714,992,677,880.2222222222222,847
WUWFMJLSHFBJBN-IBGZPJMESA-N,503,1308,597,1390,768,1381,71,356,1548,880.2222222222222,847
GSWINTXYUFHJGW-UHFFFAOYSA-N,515,550,444,1308,866,1059,1513,1264,411,881.1111111111111,849
FWYMMXUDTATKLG-PGLMLKKXSA-N,1015,860,827,635,689,1004,1128,791,982,881.2222222222222,850
KTCJYACFOQWRDO-SFHVURJKSA-N,1348,1354,731,684,702,742,1243,523,612,882.1111111111111,851
ZUZPCOQWSYNWLU-VIFPVBQESA-N,609,573,806,503,807,1633,967,762,1283,882.5555555555555,852
NPJIOCBFOAHEDO-AVWFULIKSA-N,1070,606,1053,805,827,965,979,723,928,884.0,853
QFOBHYKKXFZEPW-UHFFFAOYSA-N,1219,826,708,1199,640,1104,573,1041,650,884.4444444444445,854
MJZJYWCQPMNPRM-UHFFFAOYSA-N,355,932,614,920,1294,981,925,968,974,884.7777777777778,855
IDUYJRXRDSPPRC-NRFANRHFSA-N,668,1266,622,408,725,526,941,1380,1429,885.0,856
GGBCJUPWMZGCKM-UHFFFAOYSA-N,1248,505,778,1160,780,629,1383,684,801,885.3333333333334,857
HMRARORRDHCLOT-UHFFFAOYSA-N,1939,1259,783,1187,583,513,339,853,514,885.5555555555555,858
QMVPQBFHUJZJCS-AKGYMOPHSA-N,1662,577,571,1404,1151,521,742,690,653,885.6666666666666,859
VDJHFHXMUKFKET-WDUFCVPESA-N,1204,743,653,1145,464,754,1269,612,1131,886.1111111111111,860
NHTKGYOMICWFQZ-PCFRKJDASA-N,1198,977,766,883,748,1105,536,972,808,888.1111111111111,861
SWXOGPJRIDTIRL-DOUNNPEJSA-N,1529,732,383,843,915,1023,996,608,977,889.5555555555555,862
MPVGZUGXCQEXTM-UHFFFAOYSA-N,1189,1165,1199,270,1172,809,893,216,1093,889.5555555555555,862
MYPYJXKWCTUITO-LYRMYLQWSA-N,668,1294,691,400,1127,1182,1031,714,907,890.4444444444445,864
WXJFKKQWPMNTIM-VWLOTQADSA-N,924,1669,723,1237,567,947,516,903,528,890.4444444444445,864
XAKLYHGHEFMDAP-IAXKEJLGSA-N,1027,386,1582,701,689,792,414,1248,1177,890.6666666666666,866
QGQFNQWZHHSZIC-UHFFFAOYSA-N,643,893,845,1224,1009,773,785,781,1067,891.1111111111111,867
FGAPXYWEQVSGDJ-JVXZTZIISA-N,183,823,1294,594,478,1271,982,840,1563,892.0,868
DZSMTMGGLVZZLW-UHFFFAOYSA-N,1017,797,877,943,823,908,1068,686,917,892.8888888888889,869
MPEPVADGJPDEQT-UHFFFAOYSA-N,1212,802,731,678,634,1277,865,982,860,893.4444444444445,870
VLFJECXUHXIQBJ-HNNXBMFYSA-N,810,543,1325,1114,586,1166,1004,920,582,894.4444444444445,871
AOCCBINRVIKJHY-UHFFFAOYSA-N,1001,838,1077,963,1249,552,602,497,1272,894.5555555555555,872
ZBIAKUMOEKILTF-UHFFFAOYSA-N,1428,1024,249,406,973,924,1455,1065,561,898.3333333333334,873
QHMBSVQNZZTUGM-ZWKOTPCHSA-N,914,1441,1141,606,386,922,800,1210,675,899.4444444444445,874
PWWVAXIEGOYWEE-UHFFFAOYSA-N,1250,787,939,902,692,949,1280,624,683,900.6666666666666,875
UXNJSZBEHANTSL-YGCMUPCZSA-N,1779,829,1114,853,480,387,292,1392,985,901.2222222222222,876
KTEIFNKAUNYNJU-GFCCVEGCSA-N,992,1529,383,581,1103,645,1117,1002,764,901.7777777777778,877
KAZMQKPLIPWQNO-UHFFFAOYSA-N,485,1153,739,1118,761,1329,629,784,1127,902.7777777777778,878
CYCXZGUVPDRYLG-FQEVSTJZSA-N,1097,1430,468,819,1048,603,727,851,1088,903.4444444444445,879
KMSKQZKKOZQFFG-CXNRHWHDSA-N,446,902,932,960,1238,1079,488,988,1099,903.5555555555555,880
IBXDWOGXZNFARB-IBGZPJMESA-N,398,1174,741,647,1030,1302,923,904,1031,905.5555555555555,881
FLSUCZWOEMTFAQ-UHFFFAOYSA-N,1260,974,1110,946,556,1076,731,979,521,905.8888888888889,882
NZCRJKRKKOLAOJ-VJYREXROSA-N,1009,691,1535,1054,884,293,1329,616,745,906.2222222222222,883
ZXFQRFXLFWWKLX-UHFFFAOYSA-N,1317,1034,532,781,1139,906,1450,870,135,907.1111111111111,884
PBHFNBQPZCRWQP-AZUAARDMSA-N,495,712,1308,1078,1210,443,1078,744,1110,908.6666666666666,885
MUKSDTOOLRNSIO-UHFFFAOYSA-N,935,757,1098,673,685,672,979,920,1466,909.4444444444445,886
ANUCDXCTICZJRH-UHFFFAOYSA-N,813,1383,1365,888,331,463,1302,569,1072,909.5555555555555,887
KXDROGADUISDGY-UHFFFAOYSA-N,861,613,477,1005,951,971,1308,1044,959,909.8888888888889,888
RGFBZLBLQNVLCJ-UHFFFAOYSA-N,857,816,1544,979,570,1045,733,1092,561,910.7777777777778,889
WIDKTXGNSOORHA-CJHXQPGBSA-N,1298,507,1026,862,682,1004,909,815,1095,910.8888888888889,890
POERAARDVFVDLO-QGZVFWFLSA-N,742,956,1340,628,1427,829,384,1098,795,911.0,891
INAAIJLSXJJHOZ-UHFFFAOYSA-N,902,687,1264,895,722,788,734,1363,864,913.2222222222222,892
UGGPRXAHUOKTKV-IINYFYTJSA-N,521,1173,1004,1318,949,1397,438,616,824,915.5555555555555,893
HNTGDFCASLOZEZ-PGDDNOQISA-N,866,666,1420,819,1052,947,350,794,1337,916.7777777777778,894
WFNRNNUZFPVBSM-UHFFFAOYSA-N,1053,1076,524,774,1348,917,551,1342,669,917.1111111111111,895
QNUKRWAIZMBVCU-WCIBSUBMSA-N,804,448,1226,1650,518,698,1633,1092,185,917.1111111111111,895
VRQVVMDWGGWHTJ-CQSZACIVSA-N,832,668,974,1483,483,1249,911,1022,645,918.5555555555555,897
RSWOJTICKMKTER-QXLBVTBOSA-O,1267,474,1764,257,383,1291,544,711,1579,918.8888888888889,898
IPMYMEWFZKHGAX-ZKSIBHASSA-N,430,849,1098,936,263,966,1215,1267,1247,919.0,899
CSBQPRGTYHAYKS-AATRIKPKSA-N,1131,1239,750,908,544,487,1629,793,794,919.4444444444445,900
SEERZIQQUAZTOL-ANMDKAQQSA-N,1281,605,714,1224,915,768,895,888,989,919.8888888888889,901
ASSNCSVJAZEMQG-UHFFFAOYSA-N,994,1346,1228,780,817,1192,1117,298,508,920.0,902
FVZJIAUYFDQQKJ-DQEYMECFSA-N,1450,673,759,611,775,1110,488,1334,1090,921.1111111111111,903
HRHKSTOGXBBQCB-VFWICMBZSA-N,1208,338,1466,981,1486,377,506,1189,742,921.4444444444445,904
NZOONKHCNQFYCI-UHFFFAOYSA-N,607,701,1372,1749,1328,1009,449,427,652,921.5555555555555,905
ZJDCGVDEEHWEIG-UHFFFAOYSA-N,894,1140,565,1497,1366,1292,602,641,307,922.6666666666666,906
PZUJQWHTIRWCID-HXUWFJFHSA-N,1308,1011,1324,701,1254,770,693,824,421,922.8888888888889,907
ZVHNDZWQTBEVRY-UHFFFAOYSA-N,462,631,1016,960,1377,1449,1423,244,746,923.1111111111111,908
BIZCZAJFIUSFDU-UHFFFAOYSA-N,1031,1155,779,1017,833,1197,950,658,693,923.6666666666666,909
DHZBEENLJMYSHQ-XCVPVQRUSA-N,951,851,1070,1027,1486,581,664,465,1218,923.6666666666666,909
KFHYZKCRXNRKRC-MRXNPFEDSA-N,644,1262,1592,752,699,540,777,1280,767,923.6666666666666,909
UIRKNQLZZXALBI-MSVGPLKSSA-N,651,720,1131,1099,670,800,1348,914,981,923.7777777777778,912
NRJKIOCCERLIDG-GOSISDBHSA-N,1115,715,935,1466,741,612,555,938,1243,924.4444444444445,913
VRQVVMDWGGWHTJ-UHFFFAOYSA-N,1154,465,586,551,631,1850,697,762,1629,925.0,914
PTJGLFIIZFVFJV-UHFFFAOYSA-N,1025,610,574,756,1401,749,1885,642,693,926.1111111111111,915
SZQLTQPHXXXMNC-UHFFFAOYSA-N,1137,671,1195,993,880,926,855,766,917,926.6666666666666,916
HCKNYEGHWWKJLK-GOSISDBHSA-N,1578,1022,767,581,702,814,956,1018,909,927.4444444444445,917
FJZZPCZKBUKGGU-AUSIDOKSSA-N,1377,1023,693,1078,820,1507,682,412,758,927.7777777777778,918
INJPEINGXBVKEB-UHFFFAOYSA-N,860,1312,912,843,871,569,1570,710,708,928.3333333333334,919
JNIIDKODPGHQSS-DHDCSXOGSA-N,659,864,820,1043,1410,882,930,918,833,928.7777777777778,920
OKFDRAHPFKMAJH-UHFFFAOYSA-N,754,1520,1106,1058,1511,657,387,779,598,930.0,921
OEMZSJXPCJVMGB-UHFFFAOYSA-N,641,1086,961,847,1020,1095,535,896,1311,932.4444444444445,922
GUBJNPWVIUFSTR-UHFFFAOYSA-N,615,948,1011,1070,1275,1545,472,918,554,934.2222222222222,923
QMVPQBFHUJZJCS-NTKFZFFISA-N,1129,862,987,1088,835,659,742,647,1474,935.8888888888889,924
RUZYUOTYCVRMRZ-UHFFFAOYSA-N,897,333,852,1054,892,1300,820,1032,1250,936.6666666666666,925
ZGFJFBOLVLFLLN-MOLVWPNASA-N,1006,575,943,743,1417,123,1029,1890,722,938.6666666666666,926
GISXTRIGVCKQBX-UHFFFAOYSA-N,1268,915,650,851,992,898,930,712,1250,940.6666666666666,927
HGOAIWZFTWACBD-UHFFFAOYSA-O,152,1303,1232,1158,1485,758,649,415,1327,942.1111111111111,928
SRQKTCXJCCHINN-NYYWCZLTSA-N,1715,1233,462,592,417,598,1604,1255,603,942.1111111111111,928
DZMVCVHATYROOS-ZBFGKEHZSA-N,911,1044,1053,891,725,1118,584,1104,1055,942.7777777777778,930
HNTGDFCASLOZEZ-UHFFFAOYSA-N,904,1227,825,710,1185,872,941,928,899,943.4444444444445,931
VMDWTZZCNDEKIO-CBNJBKGYSA-N,145,1478,441,1659,817,1469,401,952,1136,944.2222222222222,932
AERLHOTUXIJQFV-RCPZPFRWSA-N,881,1024,854,458,1632,755,1330,1121,443,944.2222222222222,932
IQIBKLWBVJPOQO-UHFFFAOYSA-N,720,344,1956,1694,1205,898,842,558,285,944.6666666666666,934
JLRIJKVMMZEKDF-UHFFFAOYSA-N,734,666,1185,1271,1172,1121,913,590,851,944.7777777777778,935
LNMRSSIMGCDUTP-UHFFFAOYSA-N,519,735,721,675,1228,1460,646,1207,1324,946.1111111111111,936
PIQCTGMSNWUMAF-UHFFFAOYSA-N,693,429,860,968,907,1054,1345,432,1829,946.3333333333334,937
XDXDZDZNSLXDNA-MBQQHZQPSA-N,1273,967,972,1014,920,989,528,915,942,946.6666666666666,938
BTTNOGHPGJANSW-IBGZPJMESA-N,995,777,875,724,773,1277,873,789,1438,946.7777777777778,939
QJZRFPJCWMNVAV-HHHXNRCGSA-N,727,790,1131,652,1374,1056,1370,954,467,946.7777777777778,939
WCWSTNLSLKSJPK-LKFCYVNXSA-N,679,994,883,988,1072,938,773,933,1269,947.6666666666666,941
YBHNZQJIFKDDHM-UHFFFAOYSA-N,1049,730,1056,1006,793,1204,1089,900,705,948.0,942
LAGYWHSFHIMTPE-UHFFFAOYSA-N,901,977,1232,747,710,785,792,1176,1222,949.1111111111111,943
TXGZJQLMVSIZEI-RTGQUWHWSA-N,800,790,1074,965,1328,940,751,785,1110,949.2222222222222,944
AERLHOTUXIJQFV-AIAJZDAFSA-N,909,454,859,1156,946,1076,268,1257,1634,951.0,945
XDJYMJULXQKGMM-BZUHZWDSSA-N,1055,1274,1420,621,401,662,1317,478,1340,952.0,946
CDOOFZZILLRUQH-GDLZYMKVSA-N,920,1277,1026,473,1322,1140,873,857,700,954.2222222222222,947
KCFYEAOKVJSACF-UHFFFAOYSA-N,727,880,1549,1189,304,944,1459,915,626,954.7777777777778,948
VNIWZCGZPBJWBI-UHFFFAOYSA-N,1003,712,927,777,1143,921,1395,1062,657,955.2222222222222,949
QVNZBDLTUKCPGJ-UHFFFAOYSA-N,1055,1123,495,1099,1393,973,631,1055,787,956.7777777777778,950
FDMUNKXWYMSZIR-NQWKWHCYSA-N,1111,679,1052,1171,743,1065,1143,447,1212,958.1111111111111,951
AXNGJCOYCMDPQG-UHFFFAOYSA-N,1705,397,1177,1029,514,277,1150,1077,1299,958.3333333333334,952
KTEXNACQROZXEV-PWNZVWSESA-N,712,1701,1602,784,651,583,742,1214,643,959.1111111111111,953
RGSULKHNAKTFIZ-CEAXSRTFSA-N,498,1599,1229,917,1181,641,621,928,1019,959.2222222222222,954
NOMSFNRBXCWAIE-UHFFFAOYSA-N,781,960,1043,630,1569,1221,763,1024,657,960.8888888888889,955
DCDXHGMCXGHXBM-PMACEKPBSA-N,595,836,943,736,933,1298,1282,595,1439,961.8888888888889,956
GHASVSINZRGABV-SFIIULIVSA-N,1398,851,958,733,837,886,1291,640,1064,962.0,957
GKIRPKYJQBWNGO-QPLCGJKRSA-N,873,790,834,1210,753,1238,842,808,1339,965.2222222222222,958
RXTHKWVSXOIHJS-UHFFFAOYSA-N,524,1567,1071,873,1160,1400,700,447,964,967.3333333333334,959
CODRSYHZEISSJM-HNNXBMFYSA-N,1015,1085,1230,749,960,850,816,856,1152,968.1111111111111,960
BATCTBJIJJEPHM-UHFFFAOYSA-N,816,1243,775,1568,954,876,757,1002,725,968.4444444444445,961
XLSYZSRXVVCHLS-UHFFFAOYSA-N,322,1554,825,736,1612,637,452,1156,1431,969.4444444444445,962
SYBONVBDFTYUQP-UHFFFAOYSA-N,1005,1000,1183,805,899,694,1049,896,1221,972.4444444444445,963
ANZVBVKYXOGOQC-UHFFFAOYSA-N,616,886,1091,829,1175,892,1409,958,898,972.6666666666666,964
HBOMLICNUCNMMY-XLPZGREQSA-N,361,694,474,1171,195,1488,1668,1696,1013,973.3333333333334,965
BWBONKHPVHMQHE-UHFFFAOYSA-N,1371,1113,510,1061,1156,1014,1627,144,773,974.3333333333334,966
YPHMISFOHDHNIV-FSZOTQKASA-N,1037,763,508,1137,1207,722,1559,1082,771,976.2222222222222,967
VXHRQVMQVYQGQG-UHFFFAOYSA-N,527,1417,335,956,1004,976,1323,1527,730,977.2222222222222,968
KMIPKYQIOVAHOP-YLGJWRNMSA-N,1014,735,919,999,867,954,1026,1057,1236,978.5555555555555,969
MHJBZVSGOZTKRH-IZHYLOQSSA-N,1422,699,1296,383,1477,1109,681,736,1019,980.2222222222222,970
JETQIUPBHQNHNZ-OAYJICASSA-N,1359,1301,275,1003,1232,340,1341,1522,462,981.6666666666666,971
MQIMZDXIAHJKQP-UHFFFAOYSA-N,891,929,1328,924,1148,574,1480,773,798,982.7777777777778,972
VDGXZSSDCDPCRF-UHFFFAOYSA-N,1663,902,538,709,1048,938,825,1267,956,982.8888888888889,973
ARPYQKTVRGFPIS-VIFPVBQESA-N,1082,1247,911,932,825,927,1039,862,1025,983.3333333333334,974
CNTMOLDWXSVYKD-PSRNMDMQSA-N,664,970,1436,914,774,1258,780,683,1379,984.2222222222222,975
DSFNLJXHXBIKDS-UHFFFAOYSA-N,912,965,943,1093,1333,542,1440,888,746,984.6666666666666,976
ZSCDBOWYZJWBIY-UHFFFAOYSA-N,881,1043,1106,978,1034,1063,1470,345,956,986.2222222222222,977
HYIMSNHJOBLJNT-UHFFFAOYSA-N,673,601,297,1504,357,1105,1724,1360,1276,988.5555555555555,978
UIWZIDIJCUEOMT-PKNBQFBNSA-N,909,987,1030,1312,899,1143,841,850,996,996.3333333333334,979
WEEGYLXZBRQIMU-UHFFFAOYSA-N,1741,435,528,1796,357,242,2084,1527,263,997.0,980
PZFAZQUREQIODZ-LJQANCHMSA-N,1296,525,880,1229,1216,722,1442,523,1140,997.0,980
KJNNWYBAOPXVJY-UHFFFAOYSA-N,885,1360,1165,398,1016,1149,1139,568,1309,998.7777777777778,982
WWONFUQGBVOKOF-UHFFFAOYSA-N,529,1568,772,513,1507,1262,1157,511,1175,999.3333333333334,983
DCGOBMXDEKHEOP-KRWDZBQOSA-N,1474,1312,887,660,800,871,1021,1163,811,999.8888888888889,984
UHIXWHUVLCAJQL-MPBGBICISA-N,935,859,930,891,716,1073,1365,1624,618,1001.2222222222222,985
SFFSGPCYJCMDJM-UHFFFAOYSA-N,1848,691,490,1275,785,1122,1139,965,701,1001.7777777777778,986
BHXLLRXDAYEMPP-SBGRAJFYSA-O,779,757,1000,922,768,1339,649,1565,1257,1004.0,987
HBOMLICNUCNMMY-UHFFFAOYSA-N,361,1216,1322,879,831,833,1386,1255,954,1004.1111111111111,988
ZRJBHWIHUMBLCN-HZRLMBICSA-N,898,967,949,872,1040,1112,867,1326,1017,1005.3333333333334,989
JOWXJLIFIIOYMS-UHFFFAOYSA-N,529,615,1283,927,1162,1340,845,1235,1115,1005.6666666666666,990
AUXCHYJDVJZEPG-SFHVURJKSA-N,1088,1065,1102,1294,1030,555,1222,992,711,1006.5555555555555,991
JYIUNVOCEFIUIU-GHMZBOCLSA-N,1436,1194,512,639,684,1202,1493,757,1152,1007.6666666666666,992
SIYLLGKDQZGJHK-UHFFFAOYSA-N,1097,1221,907,1168,854,824,1427,519,1061,1008.6666666666666,993
VXBAJLGYBMTJCY-NSCUHMNNSA-N,1183,1274,658,1037,1064,962,800,845,1271,1010.4444444444445,994
PJFQWSNOXLEDDZ-MGPUTAFESA-N,1394,1234,1194,1315,1114,520,609,1143,572,1010.5555555555555,995
VFCRKLWBYMDAED-REWPJTCUSA-N,541,1353,608,1262,1322,1324,967,1087,639,1011.4444444444445,996
AFSDNFLWKVMVRB-UHFFFAOYSA-N,1354,982,1354,761,876,949,1059,804,964,1011.4444444444445,996
VAAUVRVFOQPIGI-SPQHTLEESA-N,1230,911,968,1147,1156,1122,710,834,1028,1011.7777777777778,998
XEFQLINVKFYRCS-UHFFFAOYSA-N,1651,360,707,1719,1533,558,718,1815,52,1012.5555555555555,999
LGFLRHWJJKLPCC-ZDUSSCGKSA-N,1271,617,631,999,1257,1206,1052,1183,899,1012.7777777777778,1000
WDPFJWLDPVQCAJ-UHFFFAOYSA-N,554,1072,1336,1024,1030,1227,577,1122,1177,1013.2222222222222,1001
GBTODAKMABNGIJ-VWLOTQADSA-N,493,1324,1766,837,1039,863,1163,817,830,1014.6666666666666,1002
UEVKMCOZLJYVNG-FOQLTGGSSA-N,1540,1072,1356,521,1598,745,308,1829,166,1015.0,1003
JJCFRYNCJDLXIK-UHFFFAOYSA-N,775,324,1631,705,938,1251,1554,465,1502,1016.1111111111111,1004
XMAYWYJOQHXEEK-NASUQTAISA-N,929,775,1046,773,1291,1088,1173,1218,855,1016.4444444444445,1005
QXRSDHAAWVKZLJ-PVYNADRNSA-N,257,709,1020,1493,1216,1243,959,628,1624,1016.5555555555555,1006
IOQRTGZPCYYQLE-RBUKOAKNSA-N,353,1666,1164,477,986,1101,1163,1392,849,1016.7777777777778,1007
GPRBEKHLDVQUJE-VINNURBNSA-N,1099,1179,1071,1229,1092,1415,763,681,623,1016.8888888888889,1008
ODKNJVUHOIMIIZ-FBHMCPIQSA-N,1181,563,860,445,506,1556,1411,1415,1229,1018.4444444444445,1009
HLKYSQGBIIIQJN-UHFFFAOYSA-N,341,869,1444,1553,269,919,899,1758,1122,1019.3333333333334,1010
JTOUASWUIMAMAD-UHFFFAOYSA-N,1050,1218,1214,688,1063,1172,1056,608,1109,1019.7777777777778,1011
PHEDXBVPIONUQT-RGYGYFBISA-N,944,1171,782,1121,1379,826,393,1295,1267,1019.7777777777778,1011
NJDRXTDGYFKORP-LLVKDONJSA-N,781,269,1098,919,1550,1302,1200,682,1384,1020.5555555555555,1013
JBSNALXXNTWUEC-SFQUDFHCSA-N,939,844,865,1522,545,995,930,1274,1279,1021.4444444444445,1014
PDGIENBVJWBSNG-GMAHTHKFSA-N,983,1201,865,1181,840,1048,1065,1002,1010,1021.6666666666666,1015
ZHOWHMXTJFZXRB-UHFFFAOYSA-N,1147,624,1116,1106,931,841,1336,888,1211,1022.2222222222222,1016
YTMOQFAFGKLYIW-CONSDPRKSA-N,1350,1076,765,1247,1113,627,727,991,1312,1023.1111111111111,1017
SFNSLLSYNZWZQG-VQIMIIECSA-N,988,1198,1796,264,1223,706,170,1629,1234,1023.1111111111111,1017
ZOBDWFRKFSPCRB-UNMCSNQZSA-N,1058,1030,791,854,1350,1080,848,1198,1008,1024.111111111111,1019
RVJIQAYFTOPTKK-UHFFFAOYSA-N,1145,1084,1322,606,904,1141,1082,755,1181,1024.4444444444443,1020
DADASRPKWOGKCU-IHKPOXLFSA-N,1216,1050,1220,1061,805,460,1183,1230,999,1024.888888888889,1021
ZKLIBSYZMKSRJE-UHFFFAOYSA-N,1132,586,1727,1400,602,985,944,817,1031,1024.888888888889,1021
SYYBDNPGDKKJDU-ZDUSSCGKSA-N,1205,876,1108,824,867,1014,1191,1413,735,1025.888888888889,1023
NKANXQFJJICGDU-QPLCGJKRSA-N,1184,802,1557,792,1145,1202,846,304,1402,1026.0,1024
UJEAABFSXKCSGI-UHFFFAOYSA-N,489,655,1180,715,1473,973,1243,1539,970,1026.3333333333333,1025
YCBAQKQAINQRFW-UGSOOPFHSA-N,1091,1111,653,1504,923,997,816,999,1164,1028.6666666666667,1026
ZSDCIRYNTCVTMF-GIGWZHCTSA-N,905,1093,1376,981,859,567,1103,1287,1096,1029.6666666666667,1027
CVAKNHIXTWLGJO-UHFFFAOYSA-N,189,1057,1157,819,1382,1493,146,1530,1499,1030.2222222222222,1028
FIADGNVRKBPQEU-UHFFFAOYSA-N,1119,910,1174,759,1287,730,1221,1012,1067,1031.0,1029
PQVILGHAVGQHRP-UHFFFAOYSA-N,412,1060,990,1407,1026,1555,581,1131,1118,1031.111111111111,1030
STQGQHZAVUOBTE-VGBVRHCVSA-N,1171,1252,1223,1182,381,1194,459,1181,1243,1031.7777777777778,1031
ZASYVQUJFRKPOO-NSHDSACASA-N,914,1072,1028,1040,943,1034,871,1153,1257,1034.6666666666667,1032
AOJJSUZBOXZQNB-TZSSRYMLSA-N,971,1456,1594,469,1358,1390,758,395,930,1035.6666666666667,1033
HXXOFKXVESEZNB-XLPZGREQSA-N,625,1409,1208,932,947,711,1230,1207,1053,1035.7777777777778,1034
KTQUNVRSLAGBSY-RRFJAZBJSA-N,1362,855,856,799,1351,1058,1186,1087,780,1037.111111111111,1035
FOHHNHSLJDZUGQ-UHFFFAOYSA-N,512,1445,1505,1102,1179,960,998,229,1419,1038.7777777777778,1036
WCWSTNLSLKSJPK-CUVJYRNJSA-N,1065,1279,812,988,1437,1059,953,739,1023,1039.4444444444443,1037
VTLCNEGVSVJLDN-UHFFFAOYSA-N,1027,1190,1044,1047,827,400,1759,1022,1040,1039.5555555555557,1038
DBXHTQKBPYCCQK-GHVJWSGMSA-N,270,668,1393,1497,1246,711,1504,794,1281,1040.4444444444443,1039
GWVJLVHNKMLXRM-RPWUZVMVSA-N,620,966,987,937,1403,1082,1000,1135,1234,1040.4444444444443,1039
QLUYMIVVAYRECT-PYMCNQPYSA-N,756,1165,1377,756,1128,1088,1095,1002,999,1040.6666666666667,1041
VAAUVRVFOQPIGI-DAMLXXHOSA-N,1090,1067,992,1477,1317,1430,340,834,821,1040.888888888889,1042
YSXKPIUOCJLQIE-UHFFFAOYSA-N,1009,1695,309,1086,759,536,740,1952,1288,1041.5555555555557,1043
SEDUMQWZEOMXSO-UHFFFAOYSA-N,673,990,940,543,1524,999,687,1911,1110,1041.888888888889,1044
HIBWHHQXUSKNOV-UHFFFAOYSA-N,1227,778,1417,954,922,325,1579,1325,862,1043.2222222222222,1045
FHELGPHQJUXHMT-VXKWHMMOSA-N,609,957,1261,639,1097,1596,923,1183,1127,1043.5555555555557,1046
RDALZZCKQFLGJP-UHFFFAOYSA-N,914,465,1384,1075,586,1125,1170,1460,1236,1046.111111111111,1047
UCJGJABZCDBEDK-UHFFFAOYSA-N,1128,1163,769,1567,482,1206,998,1033,1071,1046.3333333333333,1048
ZFDATWDBAKWOKP-UHFFFAOYSA-N,927,1165,995,823,812,1227,1180,1499,801,1047.6666666666667,1049
SCAGLYMBBLMFND-UHFFFAOYSA-N,1436,1005,319,750,1510,616,1509,532,1775,1050.2222222222222,1050
OVRBKKLFIRJPKY-UHFFFAOYSA-N,906,1135,1405,1239,1156,845,1110,601,1061,1050.888888888889,1051
JEYWNNAZDLFBFF-UHFFFAOYSA-N,861,1052,1077,1162,1016,1170,1156,894,1082,1052.2222222222222,1052
MYNQXTDIPMCJCR-UHFFFAOYSA-N,939,1093,924,810,1339,1230,1134,910,1115,1054.888888888889,1053
LHYMPSWMHXUWSK-STZFKDTASA-N,1331,1179,892,954,1081,574,1228,1002,1260,1055.6666666666667,1054
WIQRCHMSJFFONW-HNNXBMFYSA-N,1281,1494,586,1021,1089,1264,850,849,1078,1056.888888888889,1055
RXZBMPWDPOLZGW-DMXPWGSESA-N,776,886,915,1179,999,1073,1640,938,1106,1056.888888888889,1055
MBBCVAKAJPKAKM-UHFFFAOYSA-N,781,1143,1445,1178,1275,515,1018,1234,927,1057.3333333333333,1057
NQPDXQQQCQDHHW-UHFFFAOYSA-N,1361,932,856,1010,1577,1343,1009,558,877,1058.111111111111,1058
ZATDYQOGSPTLBG-UHFFFAOYSA-N,1031,583,1018,1111,588,1402,1684,1139,987,1060.3333333333333,1059
GPRBEKHLDVQUJE-QSWIMTSFSA-N,1023,952,1089,995,1339,1736,763,776,884,1061.888888888889,1060
QIPQASLPWJVQMH-DTORHVGOSA-N,538,1192,512,1510,1069,872,1155,1554,1160,1062.4444444444443,1061
NGFFVZQXSRKHBM-FKBYEOEOSA-N,659,923,979,949,1786,1503,691,1408,671,1063.2222222222222,1062
AIUHRQHVWSUTGJ-UHFFFAOYSA-N,1432,893,1201,869,983,607,1554,1332,701,1063.5555555555557,1063
HMABYWSNWIZPAG-UHFFFAOYSA-N,1261,1379,830,816,790,674,663,1485,1678,1064.0,1064
QGWIQIAWOCJRPI-BYQXAJIQSA-N,527,1466,1531,1084,761,1240,774,1024,1180,1065.2222222222222,1065
DUYNJNWVGIWJRI-LJAQVGFWSA-N,876,960,1256,1252,1163,1258,584,842,1401,1065.7777777777778,1066
BTTNOGHPGJANSW-UHFFFAOYSA-N,1428,1579,611,1010,736,1605,1062,970,618,1068.7777777777778,1067
MTUYOFGUEXWKLC-UHFFFAOYSA-N,1225,1389,1195,1078,720,505,1354,1320,877,1073.6666666666667,1068
TXGZJQLMVSIZEI-BOPWVZDGSA-N,1380,946,1167,965,1303,1221,891,656,1140,1074.3333333333333,1069
ZEZFKUBILQRZCK-MJSCXXSSSA-N,1880,944,858,812,1058,547,916,1909,749,1074.7777777777778,1070
ZXSGSFMORAILEY-HNNXBMFYSA-N,1077,1160,835,1237,977,1232,763,1243,1152,1075.111111111111,1071
CYCXZGUVPDRYLG-UHFFFAOYSA-N,1434,1383,656,1045,831,1230,987,808,1304,1075.3333333333333,1072
OJZYRQPMEIEQFC-UAWLTFRCSA-N,1202,1160,1028,697,1426,972,1258,838,1102,1075.888888888889,1073
ZCBUQCWBWNUWSU-SFHVURJKSA-N,1119,889,1480,1150,1305,1152,1717,370,516,1077.5555555555557,1074
MYNQXTDIPMCJCR-HUYCHCPVSA-N,883,1333,1243,841,961,1041,1179,1002,1225,1078.6666666666667,1075
ZXBCLVSLRUWISJ-UHFFFAOYSA-N,978,924,1519,908,1266,1323,921,834,1045,1079.7777777777778,1076
ZGTYTFYRCIRWBL-HYVNUMGLSA-N,1514,1055,1177,1283,611,1166,1042,718,1157,1080.3333333333333,1077
JDUBGYFRJFOXQC-KRWDZBQOSA-N,739,1429,1305,565,1409,1245,516,826,1694,1080.888888888889,1078
BHXLLRXDAYEMPP-FANKHUQVSA-O,1075,536,1313,1243,484,1543,670,1277,1596,1081.888888888889,1079
PSTDMIAVUUYOOQ-UHFFFAOYSA-N,757,1545,1116,1061,1151,1147,723,1436,810,1082.888888888889,1080
BDXXSFOJPYSYOC-UHFFFAOYSA-N,1327,729,1142,1108,1087,1206,628,1280,1250,1084.111111111111,1081
OIIMUKXVVLRCAF-UHFFFAOYSA-N,812,1086,753,1129,1105,668,1062,1947,1209,1085.6666666666667,1082
ZKRWPAYTJMRKLJ-BTYIYWSLSA-N,772,1297,480,1566,1422,1110,785,824,1523,1086.5555555555557,1083
SJFBTAPEPRWNKH-CCKFTAQKSA-N,1428,937,966,1175,1086,860,1631,1116,585,1087.111111111111,1084
PXGPLTODNUVGFL-AFSIVQRVSA-N,1338,1206,1023,1037,1118,1065,1269,776,953,1087.2222222222222,1085
GFFPVFWRCCFTOC-UHFFFAOYSA-N,1320,1016,972,1006,781,1103,1380,1106,1117,1089.0,1086
LAMIXXKAWNLXOC-INIZCTEOSA-N,717,1214,1429,1099,1544,1515,739,499,1046,1089.111111111111,1087
YJGVMLPVUAXIQN-XVVDYKMHSA-N,1009,1080,1339,726,1311,1335,850,1297,877,1091.5555555555557,1088
DBESQBZOXMCXPV-UHFFFAOYSA-N,1255,1437,652,1168,1300,1258,746,910,1101,1091.888888888889,1089
ONKUMRGIYFNPJW-WKPVTEASSA-N,1366,820,932,652,1151,1189,1143,1167,1412,1092.4444444444443,1090
NFTMKHWBOINJGM-UHFFFAOYSA-N,1041,622,1053,1381,1139,1326,1470,1129,677,1093.111111111111,1091
GCWIQUVXWZWCLE-INIZCTEOSA-N,1040,1137,996,1023,1193,1226,1006,1179,1043,1093.6666666666667,1092
QLUYMIVVAYRECT-OCCSQVGLSA-N,856,1147,1366,812,971,1325,1480,1163,725,1093.888888888889,1093
GEZHEQNLKAOMCA-RRZNCOCZSA-N,872,1105,1408,1027,756,1014,950,1700,1028,1095.5555555555557,1094
MLYYVTUWGNIJIB-PKEIRNPWSA-N,550,1547,1241,679,981,539,1373,1638,1313,1095.6666666666667,1095
JUSFANSTBFGBAF-IRXDYDNUSA-N,1115,1328,839,1262,1250,1288,1033,1292,466,1097.0,1096
QKDHBVNJCZBTMR-UHFFFAOYSA-N,668,1086,881,1157,1239,1369,1173,1064,1240,1097.4444444444443,1097
SRIOCKJKFXAKHK-UHFFFAOYSA-N,1332,1190,822,739,1218,708,1863,1002,1007,1097.888888888889,1098
HRHKSTOGXBBQCB-UHFFFAOYSA-N,1607,1489,1384,693,1688,377,792,1530,345,1100.5555555555557,1099
NOZIJMHMKORZBA-KJCUYJGMSA-N,1292,1286,394,987,1499,1293,484,1309,1361,1100.5555555555557,1099
AHOUBRCZNHFOSL-YOEHRIQHSA-N,763,907,1119,996,1269,1215,1139,1292,1206,1100.6666666666667,1101
TWHSQQYCDVSBRK-UHFFFAOYSA-N,672,1155,1579,1280,1219,913,852,956,1290,1101.7777777777778,1102
UDYUIWXQUBNDHC-UHFFFAOYSA-N,1274,947,940,1429,1046,1112,798,1433,938,1101.888888888889,1103
LHRJCEIKDHGLPS-IWBSMJKCSA-N,977,1371,1190,633,940,1041,1193,1113,1472,1103.3333333333333,1104
BGJMKHPWCFXMOW-UHFFFAOYSA-N,1442,699,1917,1113,909,382,1200,924,1347,1103.6666666666667,1105
QSPOQCXMGPDIHI-UHFFFAOYSA-N,795,816,1302,999,1316,1439,556,1326,1389,1104.2222222222222,1106
KDDVVMDIQCUZDI-UHFFFAOYSA-N,819,1716,645,571,1812,550,1098,1411,1324,1105.111111111111,1107
HBQCEICSYDCGJG-SZXLQUARSA-N,697,831,715,1122,1207,993,1219,1547,1617,1105.3333333333333,1108
SCVHJVCATBPIHN-SJCJKPOMSA-N,895,934,783,827,1427,1350,556,1637,1542,1105.6666666666667,1109
GBTODAKMABNGIJ-RUZDIDTESA-N,1031,1071,1698,906,896,775,1186,1070,1329,1106.888888888889,1110
BNJYXTGPJCEASP-UHFFFAOYSA-N,1791,657,1345,942,1125,886,1470,1108,639,1107.0,1111
NEMNPWINWMHUMR-UHFFFAOYSA-N,876,1090,761,746,1663,1149,1808,1147,749,1109.888888888889,1112
QQKKPWJFHBFCTH-UHFFFAOYSA-N,1018,1972,1918,684,668,360,2011,862,497,1110.0,1113
QHMWCHQXCUNUAK-UHFFFAOYSA-N,1110,638,693,1248,909,1621,645,1905,1231,1111.111111111111,1114
XMAYWYJOQHXEEK-ZEQKJWHPSA-N,703,992,1260,1082,1070,1009,1056,1377,1454,1111.4444444444443,1115
SWLMUYACZKCSHZ-UHFFFAOYSA-N,1388,747,907,1212,901,1531,1023,1112,1184,1111.6666666666667,1116
ZVGNESXIJDCBKN-UUEYKCAUSA-N,1569,1003,755,597,959,1411,1106,1734,881,1112.7777777777778,1117
QXTWSUQCXCWEHF-JXMROGBWSA-N,1132,804,900,1474,1092,1221,1369,697,1337,1114.0,1118
MAUCONCHVWBMHK-UHFFFAOYSA-N,1498,1736,1206,864,230,1533,783,973,1206,1114.3333333333333,1119
AETHRPHBGJAIBT-UHFFFAOYSA-N,980,1490,1499,1035,1203,772,946,1044,1061,1114.4444444444443,1120
UPALIKSFLSVKIS-UHFFFAOYSA-N,794,1367,403,1318,965,1198,1438,1326,1224,1114.7777777777778,1121
VSJKWCGYPAHWDS-HXUWFJFHSA-N,1123,1018,1500,929,833,976,1323,1190,1143,1115.0,1122
WQUZPRFCWILZJO-AREMUKBSSA-N,542,1672,1460,1446,1169,588,948,1143,1074,1115.7777777777778,1123
ARPYQKTVRGFPIS-UHFFFAOYSA-N,1520,986,1165,888,1236,876,1405,1179,791,1116.2222222222222,1124
UOBYJVFBFSLCTQ-UHFFFAOYSA-N,1443,659,1405,847,1394,1526,457,1231,1087,1116.5555555555557,1125
XNULRSOGWPFPBL-REWPJTCUSA-N,1425,1376,1544,1273,506,505,1530,1158,749,1118.4444444444443,1126
SFOADSRLCHRTKT-UHFFFAOYSA-N,463,1405,773,1174,1392,1064,1553,736,1514,1119.3333333333333,1127
ZCTJIMXXSXQXRI-UHFFFAOYSA-N,803,872,1425,1139,1637,1312,1225,747,917,1119.6666666666667,1128
NFEZZTICAUWDHU-UHFFFAOYSA-N,1164,1031,1112,1049,785,980,1336,1287,1334,1119.7777777777778,1129
NZCRJKRKKOLAOJ-XRCRFVBUSA-N,1094,1541,1296,1054,884,1613,199,827,1586,1121.5555555555557,1130
KNCHHDLOWPRRRD-YADXHAIOSA-N,1369,796,1116,761,539,1173,1731,1567,1046,1122.0,1131
YLMVVEDAZPUKCY-UHFFFAOYSA-N,1166,1126,872,1286,1165,1026,1079,1263,1131,1123.7777777777778,1132
LLVZBTWPGQVVLW-SNAWJCMRSA-N,1061,1555,1056,1182,1518,934,846,1086,889,1125.2222222222222,1133
KGWIADSYOGHOLK-JSOSNVBQSA-N,1106,1063,1153,1359,1078,894,1183,1152,1140,1125.3333333333333,1134
PXBZKHOQHTVCSQ-QZTJIDSGSA-N,1488,1234,1211,964,1235,820,1402,745,1035,1126.0,1135
WDEKUGNKKOGFOA-UHFFFAOYSA-N,697,1110,1563,983,1398,902,1241,963,1280,1126.3333333333333,1136
VVRREURVTJNTQQ-UHFFFAOYSA-N,1127,1091,839,1058,1212,966,1388,1042,1418,1126.7777777777778,1137
XEAOPVUAMONVLA-QGZVFWFLSA-N,1469,1201,1211,772,1137,1296,452,1257,1349,1127.111111111111,1138
IVBHGBMCVLDMKU-DZZKQEIESA-N,1165,1252,815,1220,1231,719,1223,794,1738,1128.5555555555557,1139
JLUPGSPHOGFEOB-WQLSENKSSA-N,1093,922,1685,824,909,1180,1110,987,1450,1128.888888888889,1140
XFALPSLJIHVRKE-GFCCVEGCSA-N,656,927,1240,1927,1354,1027,652,973,1405,1129.0,1141
STQGQHZAVUOBTE-XDNDZMDQSA-N,1566,1014,1774,812,1465,1318,459,1342,432,1131.3333333333333,1142
QUXRAOQDUJFWIA-UHFFFAOYSA-N,1814,675,1119,1525,1391,598,1176,1210,691,1133.2222222222222,1143
BJDCWCLMFKKGEE-DOUYTJENSA-N,1497,1083,1277,621,940,1137,1287,1383,992,1135.2222222222222,1144
URWAJWIAIPFPJE-YFMIWBNJSA-N,569,1201,1319,1260,1219,1264,961,1337,1105,1137.2222222222222,1145
HUNGUWOZPQBXGX-UHFFFAOYSA-N,482,948,878,1514,1655,1469,918,877,1495,1137.3333333333333,1146
OOUGLTULBSNHNF-UHFFFAOYSA-N,1312,1373,720,1074,1313,1011,887,1481,1080,1139.0,1147
TXGZJQLMVSIZEI-UQMAOPSPSA-N,1413,1282,1296,652,1266,1221,1173,814,1146,1140.3333333333333,1148
XCPGHVQEEXUHNC-UHFFFAOYSA-N,861,1327,1004,1025,1328,1695,737,808,1515,1144.4444444444443,1149
MHKAEITVUICXRN-BPGQXAFDSA-N,1527,1147,762,1199,1514,1611,830,631,1085,1145.111111111111,1150
KHPKQFYUPIUARC-UHFFFAOYSA-N,1295,1052,1382,908,1710,792,1012,1267,890,1145.3333333333333,1151
MCMSJVMUSBZUCN-UHFFFAOYSA-N,1722,610,882,1472,865,1390,1000,1614,760,1146.111111111111,1152
SFLSHLFXELFNJZ-QMMMGPOBSA-N,1085,1602,1296,1302,1575,904,995,803,754,1146.2222222222222,1153
UHSRTNOSWQFEHW-QGZVFWFLSA-N,404,528,1301,1687,1169,1736,1033,1043,1421,1146.888888888889,1154
PYKUTRHZEJHOFS-UHFFFAOYSA-N,1320,939,407,1198,2070,468,1102,1163,1658,1147.2222222222222,1155
PLDUPXSUYLZYBN-UHFFFAOYSA-N,978,716,1418,1248,1415,1328,1198,1467,561,1147.6666666666667,1156
ANNPALXBOKTDBF-VYIIXAMBSA-N,1525,1105,574,1537,1413,1112,805,757,1502,1147.7777777777778,1157
IVBHGBMCVLDMKU-GXNBUGAJSA-N,1385,1465,681,1497,672,719,1356,1195,1376,1149.5555555555557,1158
HUASEDVYRABWCV-NDEPHWFRSA-N,1242,1634,982,1838,884,1521,785,704,759,1149.888888888889,1159
XBJBPGROQZJDOJ-UHFFFAOYSA-N,749,1007,1253,1166,1204,1362,1485,808,1321,1150.5555555555557,1160
BTZCSXIUAFVRTE-CHGLIHOBSA-N,1053,1081,1526,1420,782,1025,1585,1150,735,1150.7777777777778,1161
XQFRJNBWHJMXHO-XCAQJPMGSA-N,1807,503,747,1266,1094,1251,1162,1198,1334,1151.3333333333333,1162
JLICHNCFTLFZJN-UHFFFAOYSA-N,879,811,1062,902,1342,1362,1209,1514,1289,1152.2222222222222,1163
SFLSHLFXELFNJZ-UHFFFAOYSA-N,1189,1272,1170,925,1575,1206,1170,906,964,1153.0,1164
UBPYILGKFZZVDX-UHFFFAOYSA-N,786,1692,1210,1325,1818,479,1766,546,757,1153.2222222222222,1165
LUKBXSAWLPMMSZ-OWOJBTEDSA-N,1179,1420,1639,662,1099,989,1348,959,1090,1153.888888888889,1166
GUGOEEXESWIERI-UHFFFAOYSA-N,1193,1437,1161,1229,1632,738,1042,1018,943,1154.7777777777778,1167
ZEYTZKVCOZMUKL-KRWDZBQOSA-N,1062,1376,1400,262,1383,1572,1309,986,1046,1155.111111111111,1168
UQOQENZZLBSFKO-POPPZSFYSA-N,1955,1268,1036,1208,739,650,771,1409,1392,1158.6666666666667,1169
OOPDAHSJBRZRPH-UHFFFAOYSA-L,937,1917,913,720,1120,1308,511,1947,1067,1160.0,1170
QBATWTOFDFHEDZ-UHFFFAOYSA-N,1020,1559,697,988,1427,1070,838,1388,1457,1160.4444444444443,1171
QJGVXJYGDBSPSJ-UHFFFAOYSA-N,1623,742,1095,642,1009,995,1591,1241,1513,1161.2222222222222,1172
ZRNLPHXYMGQDMJ-ICSRJNTNSA-N,1419,1351,1092,1458,988,966,1085,1395,697,1161.2222222222222,1172
GZSOKPMDWVRVMG-UHFFFAOYSA-N,1482,1385,715,1173,928,927,1864,1427,557,1162.0,1174
OSJJYEUEJRVVOD-UHFFFAOYSA-N,1064,1822,1264,803,846,993,1389,1768,517,1162.888888888889,1175
QFLNTQDOVCLQKW-UHFFFAOYSA-N,1284,1224,1201,972,1064,897,1013,1610,1202,1163.0,1176
XPRDUGXOWVXZLL-UHFFFAOYSA-N,1107,1297,1255,935,1044,1270,1019,1294,1256,1164.111111111111,1177
NZDYNTIKGPFZCN-JTQLQIEISA-N,1693,838,1401,1243,1096,867,734,1223,1385,1164.4444444444443,1178
UQOOPIMXBSPVJI-UHFFFAOYSA-N,763,1664,1177,1421,782,1369,1113,789,1431,1167.6666666666667,1179
XFKVLKLCLYJKNF-MZNJEOGPSA-N,1055,1052,1127,1098,1300,1177,1255,1095,1359,1168.6666666666667,1180
ZACWYYKZMLGOTG-UHFFFAOYSA-N,1652,776,1593,711,1082,777,1272,1446,1214,1169.2222222222222,1181
AMEWZCMTSIONOX-UHFFFAOYSA-N,1225,1100,1606,1088,1022,1008,973,1502,1001,1169.4444444444443,1182
HGVNLRPZOWWDKD-UHFFFAOYSA-N,1139,920,351,1441,1498,1383,1334,1431,1030,1169.6666666666667,1183
UBUIUJDXHGPJQV-UHFFFAOYSA-L,772,1420,1796,1353,1126,779,973,1317,996,1170.2222222222222,1184
VVBFISAUNSXQGZ-UHFFFAOYSA-N,1356,1076,1008,1400,1488,1141,477,1441,1150,1170.7777777777778,1185
CVEGTZWWWRJCFK-UHFFFAOYSA-N,1350,1299,1030,1117,750,1175,1284,1493,1042,1171.111111111111,1186
PRXZOPNJRFEGRH-UHFFFAOYSA-N,572,1005,1415,1162,728,1467,1630,1243,1319,1171.2222222222222,1187
XUHMGFKQBWZWPO-UHFFFAOYSA-N,1482,1816,1023,750,1184,1312,1478,1011,491,1171.888888888889,1188
GWQCGQYPYHOMSJ-UHFFFAOYSA-M,1080,757,996,1692,1212,909,797,1522,1584,1172.111111111111,1189
WGMASVSHOSNKMF-UHFFFAOYSA-N,1722,805,443,1228,1590,1312,729,1441,1285,1172.7777777777778,1190
RRGUKTPIGVIEKM-UHFFFAOYSA-N,1380,1629,905,969,1334,1152,1087,1176,952,1176.0,1191
MLYYVTUWGNIJIB-BXKDBHETSA-N,956,1104,1038,787,981,1065,1624,1607,1424,1176.2222222222222,1192
IYJMSDVSVHDVGT-HNDHMMHXSA-N,1343,868,1135,1497,928,1300,798,1170,1568,1178.5555555555557,1193
MSOUIIHPMJCUNI-LJAQVGFWSA-N,1184,1913,822,901,1740,1712,596,1055,689,1179.111111111111,1194
XZEUAXYWNKYKPL-WDYNHAJCSA-N,852,1204,1293,1204,1109,1329,1052,1360,1213,1179.5555555555557,1195
APQPVVOYBLOJDY-UHFFFAOYSA-N,1438,786,1223,1203,1544,1166,1518,1239,501,1179.7777777777778,1196
VEPKQEUBKLEPRA-UHFFFAOYSA-N,1142,1494,1306,818,1021,1529,1153,773,1408,1182.6666666666667,1197
ROMLGDPRVIVYSV-UHFFFAOYSA-N,1887,1777,1635,1523,789,688,456,1362,528,1182.7777777777778,1198
NXWASIVXQMMPLM-ZXMXYHOLSA-N,1230,1503,504,1273,1482,1329,1532,288,1533,1186.0,1199
OJICYBSWSZGRFB-UHFFFAOYSA-N,1052,1319,841,1394,1449,1559,433,1246,1385,1186.4444444444443,1200
KAKPGJJRYRYSTP-UHFFFAOYSA-N,1365,1206,977,1186,1233,1173,1334,1083,1127,1187.111111111111,1201
YJQZYXCXBBCEAQ-ACJLOTCBSA-N,926,1892,940,1240,1055,1031,1031,1590,998,1189.2222222222222,1202
DXTYGLAQRALLEG-LFYBBSHMSA-N,1560,1135,1191,1088,1457,701,1475,615,1481,1189.2222222222222,1202
BJDCWCLMFKKGEE-ISOSDAIHSA-N,1212,1151,1277,1102,1199,1137,1287,1383,958,1189.5555555555557,1204
NFASVSOLOYQBEH-UHFFFAOYSA-N,1736,957,854,1686,921,960,1411,884,1297,1189.5555555555557,1204
KOAWAWHSMVKCON-UHFFFAOYSA-N,919,1250,1587,1460,997,903,816,981,1794,1189.6666666666667,1206
KVHRYLNQDWXAGI-UHFFFAOYSA-N,712,1270,1358,1168,1283,1315,1157,1253,1197,1190.3333333333333,1207
NFEZZTICAUWDHU-RDTXWAMCSA-N,1343,1032,1462,1049,735,1409,1230,1485,970,1190.5555555555557,1208
ZGRIPYHIFXGCHR-UHFFFAOYSA-N,1542,1143,795,851,1688,1118,1029,1192,1361,1191.0,1209
MAJFXTGRPADJLU-UHFFFAOYSA-N,1568,1620,1289,562,794,1186,1336,1469,904,1192.0,1210
HMJIYCCIJYRONP-UHFFFAOYSA-N,1800,1221,1474,1185,1129,693,988,1118,1146,1194.888888888889,1211
XEEQGYMUWCZPDN-UHFFFAOYSA-N,1198,1402,1390,767,1378,1131,1242,1240,1006,1194.888888888889,1211
SULYVXZZUMRQAX-NSHDSACASA-N,1045,1308,943,1114,1258,1039,1422,1771,864,1196.0,1213
XBHBWNFJWIASRO-UHFFFAOYSA-N,616,683,1687,1561,1593,1825,1122,521,1161,1196.5555555555557,1214
LECZXZOBEZITCL-UHFFFAOYSA-N,695,722,1331,1041,1524,1930,1315,852,1360,1196.6666666666667,1215
BJCJYEYYYGBROF-UHFFFAOYSA-N,1088,1211,1852,837,1814,817,1049,1035,1106,1201.0,1216
SUPVGFZUWFMATN-UHFFFAOYSA-N,1594,1184,1204,1259,1146,1218,888,922,1397,1201.3333333333333,1217
LGGDLPSXAGQFSG-UHFFFAOYSA-N,1417,1572,1531,1106,582,1565,1016,982,1046,1201.888888888889,1218
LECZXZOBEZITCL-INIZCTEOSA-N,1553,722,1167,1155,1585,1920,952,831,936,1202.3333333333333,1219
KUNDLEJVAIBADY-UHFFFAOYSA-N,1261,1174,1185,1199,1315,1356,1048,1068,1241,1205.2222222222222,1220
ZHLWZRQBFUUDMG-PWABEOQWSA-J,1151,1290,418,1328,1381,1724,1521,577,1476,1207.3333333333333,1221
YSXKPIUOCJLQIE-UYWIDEMCSA-N,696,1695,469,1304,1089,604,1293,1952,1770,1208.0,1222
AZEXWHKOMMASPA-UHFFFAOYSA-N,964,751,1067,1803,722,1708,1467,1559,835,1208.4444444444443,1223
VJXSSYDSOJBUAV-UHFFFAOYSA-N,1880,1067,1035,1542,519,1149,1345,1309,1033,1208.7777777777778,1224
PLIVFNIUGLLCEK-UHFFFAOYSA-N,891,1620,1114,1194,1322,1505,1265,933,1035,1208.7777777777778,1224
ZCTJIMXXSXQXRI-KYJUHHDHSA-N,1438,1607,1097,1322,1319,665,1217,1306,917,1209.7777777777778,1226
RIKZRSJVZWKHNX-UHFFFAOYSA-N,920,1388,1480,1257,1263,1192,1421,1068,901,1210.0,1227
GBJVVSCPOBPEIT-UHFFFAOYSA-N,1276,785,1201,962,963,1245,1548,1552,1365,1210.7777777777778,1228
MVSQDUZRRVBYLA-HYARGMPZSA-N,1391,1131,1102,1309,1354,1377,706,1326,1202,1210.888888888889,1229
CZWCKYRVOZZJNM-USOAJAOKSA-N,1123,1381,759,1342,1191,1316,1514,1502,777,1211.6666666666667,1230
ISZNZKHCRKXXAU-UHFFFAOYSA-N,1529,1221,1036,1441,1313,865,1446,592,1466,1212.111111111111,1231
BLMPQMFVWMYDKT-NZTKNTHTSA-N,1601,1211,1542,514,1794,851,571,838,1996,1213.111111111111,1232
AHOUBRCZNHFOSL-UHFFFAOYSA-N,1284,1219,1864,1363,1120,1451,1320,750,584,1217.2222222222222,1233
XMAYWYJOQHXEEK-OZXSUGGESA-N,969,1362,1022,1166,1394,1088,1400,1158,1397,1217.3333333333333,1234
VSJKWCGYPAHWDS-FQEVSTJZSA-N,966,1333,1556,1358,1034,1256,1225,946,1285,1217.6666666666667,1235
YSPFONMJJGFGKC-KGEOJHTKSA-N,1668,1100,990,1474,1110,798,938,1024,1865,1218.5555555555557,1236
YMVWGSQGCWCDGW-UHFFFAOYSA-N,1245,1405,1279,586,767,999,1427,1220,2039,1218.5555555555557,1236
AUXCHYJDVJZEPG-UHFFFAOYSA-N,831,1528,1309,1422,1219,1249,1132,1490,801,1220.111111111111,1238
QDUIJCOKQCCXQY-MYKKPKGFSA-N,1454,1668,1628,777,1001,832,807,1207,1614,1220.888888888889,1239
YANGEESWIGIKOP-UUWRZZSWSA-N,884,1705,1478,784,1451,1269,383,1163,1874,1221.2222222222222,1240
QROONAIPJKQFMC-UHFFFAOYSA-N,1419,1138,1354,1481,1099,1200,959,1095,1269,1223.7777777777778,1241
IPQVTOJGNYVQEO-UHFFFAOYSA-N,1301,1174,1290,888,1287,1360,1275,1264,1177,1224.0,1242
RUJBDQSFYCKFAA-UHFFFAOYSA-N,1648,929,1042,1607,1684,321,976,1353,1460,1224.4444444444443,1243
HZQHAAFWVRDHMZ-JKSUJKDBSA-N,1304,1290,1340,1406,1531,1083,1258,1035,774,1224.5555555555557,1244
KGSZHKRKHXOAMG-HQKKAZOISA-N,1840,1256,968,1330,1082,1191,1258,1214,886,1225.0,1245
ACAXGYADTLFREX-CQSZACIVSA-N,701,829,817,1570,1468,1787,1254,1425,1181,1225.7777777777778,1246
XFYDIVBRZNQMJC-UHFFFAOYSA-N,1394,1121,1422,1312,1148,699,1193,1376,1370,1226.111111111111,1247
LLCRBOWRJOUJAE-UHFFFAOYSA-N,1020,1486,1145,1129,1489,1476,1282,1016,1005,1227.5555555555557,1248
GKIRPKYJQBWNGO-OCEACIFDSA-N,1803,1347,872,1067,1296,1346,842,808,1674,1228.3333333333333,1249
XZEUAXYWNKYKPL-UHFFFAOYSA-N,879,1216,1360,1204,1348,1396,961,1426,1267,1228.5555555555557,1250
XURFYCWNUGWGDL-VAQLIOGMSA-N,1219,696,1830,1769,1776,488,1656,1044,585,1229.2222222222222,1251
HJJDBAOLQAWBMH-YCRCPZNHSA-N,1209,1272,1244,1329,1199,1143,956,1489,1243,1231.5555555555557,1252
GUTCYOKMCPFRGH-UHFFFAOYSA-N,1616,1417,593,1337,978,1200,1154,1044,1757,1232.888888888889,1253
IPGLIOFIFLXLKR-UHFFFAOYSA-N,971,1263,1288,1277,1072,1497,1617,1154,963,1233.5555555555557,1254
FFSKQESNYWHALV-UHFFFAOYSA-N,319,1726,1576,1125,1700,1084,314,1419,1844,1234.111111111111,1255
RILWUTQZRXWBOB-GIDUJCDVSA-N,1794,1753,1498,992,502,1377,1246,1367,605,1237.111111111111,1256
FJLRGFADCXTJNV-CAWMZFRYSA-N,1103,977,1440,1147,1151,1076,1303,1593,1349,1237.6666666666667,1257
PHBRSMBCWZLOFO-PBSXUYDUSA-N,693,1568,1510,1210,1005,1281,867,1536,1481,1239.0,1258
JLPYLHLUHJOPNL-UHFFFAOYSA-N,737,1452,1570,1129,1431,1404,1163,1083,1186,1239.4444444444443,1259
OUKYUETWWIPKQR-UHFFFAOYSA-N,1440,1048,1159,1853,1076,1194,1119,1195,1072,1239.5555555555557,1260
UFRCBUVLZQZWPP-UHFFFAOYSA-N,1284,1168,1108,1254,1305,1262,1327,1415,1057,1242.2222222222222,1261
AKJHMTWEGVYYSE-FXILSDISSA-N,343,1691,1608,1603,1493,1752,245,791,1684,1245.5555555555557,1262
SIFNOOUKXBRGGB-AREMUKBSSA-N,1400,1199,1073,1119,1370,1215,1305,1326,1214,1246.7777777777778,1263
RZFNKJVCPDLQQA-UHFFFAOYSA-N,1353,1376,1058,1207,1269,1516,1278,676,1499,1248.0,1264
CTAHRHRYCPEDSR-UHFFFAOYSA-N,675,1008,1013,1208,1629,1569,1791,618,1723,1248.2222222222222,1265
WOVKYSAHUYNSMH-RRKCRQDMSA-N,1274,1032,845,1338,1015,1177,810,1658,2094,1249.2222222222222,1266
YJGVMLPVUAXIQN-HAEOHBJNSA-N,1160,899,1360,1097,1007,1394,1485,1617,1226,1249.4444444444443,1267
XGXOSJSGDNPEEF-NRFANRHFSA-N,566,1057,2002,693,1540,983,1009,1588,1807,1249.4444444444443,1267
LHNIIDJUOCFXAP-UHFFFAOYSA-N,1398,1582,1844,1285,807,1432,1172,1137,593,1250.0,1269
SERHTTSLBVGRBY-UHFFFAOYSA-N,1019,1072,1738,1360,1110,1274,1076,1341,1260,1250.0,1269
YKFWMDHZMQLWBO-UHFFFAOYSA-N,823,999,1818,1418,1343,1122,1203,1040,1486,1250.2222222222222,1271
ZZQMUJGZCZTLQD-UHFFFAOYSA-N,1750,1000,713,1150,1089,1366,1858,1218,1110,1250.4444444444443,1272
ITLRQEKXUKZTPG-UHFFFAOYSA-N,969,818,1885,1612,1214,1431,1106,704,1526,1251.6666666666667,1273
HXEHCCYOTHDPPI-NBHSMZAVSA-N,1357,1425,792,1455,1241,1272,985,1303,1443,1252.5555555555557,1274
IAKHMKGGTNLKSZ-INIZCTEOSA-N,1609,901,1080,1114,1647,1027,1572,1080,1250,1253.3333333333333,1275
PTQXTEKSNBVPQJ-UHFFFAOYSA-N,1826,929,559,1932,1052,1183,1695,938,1168,1253.5555555555557,1276
KBMJKFIPTVIFOH-UHFFFAOYSA-N,1673,1292,1064,1690,1163,1206,1230,927,1040,1253.888888888889,1277
AOJJSUZBOXZQNB-BLSUDJMZSA-N,971,1357,1346,1071,1327,1390,1800,1095,930,1254.111111111111,1278
LGWACEZVCMBSKW-UHFFFAOYSA-N,765,592,1378,869,1643,2100,1607,819,1534,1256.3333333333333,1279
MWULMTACIBZPGN-UHFFFAOYSA-N,1096,601,1617,1651,1530,777,943,1428,1665,1256.4444444444443,1280
HLFSDGLLUJUHTE-SNVBAGLBSA-N,1646,1147,1175,1283,1176,1184,1248,1136,1320,1257.2222222222222,1281
QLLGKCJUPWYJON-HLTSFMKQSA-N,1296,1320,1046,1634,1358,891,796,1673,1303,1257.4444444444443,1282
FFTVPQUHLQBXQZ-KVUCHLLUSA-N,1637,1389,1317,830,1205,1047,1278,1284,1331,1257.5555555555557,1283
HJXPKHCLLLRQDL-SZDZOZPASA-N,1580,889,1161,1425,1058,1305,1131,1340,1436,1258.3333333333333,1284
IKARRQFFZRTPEB-UHFFFAOYSA-N,1588,1312,660,1875,1036,607,1929,1827,504,1259.7777777777778,1285
PSJNVUMNHFTSSI-SREVYHEPSA-N,1202,993,1173,1262,1105,1730,1414,1546,915,1260.0,1286
CLPSAAPUJUVQPP-UHFFFAOYSA-N,1188,1151,1412,1129,1233,1424,1178,1220,1414,1261.0,1287
BOIPLTNGIAPDBY-UHFFFAOYSA-N,1315,1349,943,1441,1627,1020,1962,1080,615,1261.3333333333333,1288
JRNJNYBQQYBCLE-UHFFFAOYSA-N,656,820,984,1818,1527,1367,813,1754,1621,1262.2222222222222,1289
KSMZEXLVHXZPEF-UHFFFAOYSA-N,1310,1555,675,1218,1337,1534,1441,969,1321,1262.2222222222222,1289
ZDZOTLJHXYCWBA-IEXQXDKZSA-N,1192,1312,1204,1223,1116,1051,1224,1524,1519,1262.7777777777778,1291
IYJMSDVSVHDVGT-PEQKVOOWSA-N,1288,1164,1741,996,928,1574,658,1657,1371,1264.111111111111,1292
YYLKOELWSMRYHV-VXLYETTFSA-N,968,1519,837,1086,1569,1115,1294,1552,1457,1266.3333333333333,1293
DCRWIATZWHLIPN-UHFFFAOYSA-N,1153,1289,1253,1243,1195,1604,1213,1370,1080,1266.6666666666667,1294
CNKRAEIVSKYEGR-ZDUSSCGKSA-N,1506,1447,979,939,1665,880,1425,1313,1250,1267.111111111111,1295
RCSLUNOLLUVOOG-NSHDSACASA-N,932,202,1689,1967,835,2086,1760,1139,801,1267.888888888889,1296
ZEZFKUBILQRZCK-LLKQQYEVSA-N,628,1393,1431,1256,1517,957,1646,1317,1294,1271.0,1297
VERWQPYQDXWOGT-LVJNJWHOSA-N,1288,1710,955,1597,739,1472,1611,1345,723,1271.111111111111,1298
JLGWAGKPIWGUEH-OUKQBFOZSA-N,1850,1562,1261,1363,1223,1213,1197,1083,701,1272.5555555555557,1299
IINUNQPYJGJCJI-UHFFFAOYSA-N,2048,1351,922,1275,1040,710,996,1823,1294,1273.2222222222222,1300
OVSKGTONMLKNPZ-UHFFFAOYSA-N,1461,1079,1634,1043,717,1386,1803,1450,890,1273.6666666666667,1301
MPYLDWFDPHRTEG-PAAYLBSLSA-N,1535,1780,1653,1339,1351,601,737,879,1589,1273.7777777777778,1302
LUOUCHOLMUUZBO-SVSXJNCISA-N,1001,1045,1340,1606,1275,1437,1988,1110,673,1275.0,1303
MZGQIBQVSJDWHM-UHFFFAOYSA-N,1181,1320,1257,1456,1219,1342,1452,1128,1125,1275.5555555555557,1304
QEVHRUUCFGRFIF-MDEJGZGSSA-N,1173,954,1309,1900,790,1782,1000,1355,1222,1276.111111111111,1305
TVGRUCPXRHSHGG-UHFFFAOYSA-N,1599,1336,1273,1229,792,1283,1497,1519,959,1276.3333333333333,1306
MREBEPTUUMTTIA-PCLIKHOPSA-N,1636,907,1603,1093,1670,767,1477,1596,739,1276.4444444444443,1307
ORDHXXHTBUZRCN-NTEUORMPSA-N,1573,1642,1538,735,1013,521,1554,1526,1394,1277.3333333333333,1308
LKRDZKPBAOKJBT-CNPIRKNPSA-N,789,1765,1221,1435,1105,837,1360,1629,1361,1278.0,1309
HVFLCNVBZFFHBT-ZKDACBOMSA-N,1063,1318,1267,1189,1179,1350,1542,1090,1515,1279.2222222222222,1310
FIVSJYGQAIEMOC-SOJKGPRNSA-N,1173,1394,860,1136,1387,1135,1532,1441,1469,1280.7777777777778,1311
YABJJWZLRMPFSI-UHFFFAOYSA-N,1150,1405,1388,1490,1058,1254,1134,1286,1365,1281.111111111111,1312
FOIVPCKZDPCJJY-JQIJEIRASA-N,1352,846,1131,1384,731,1538,1216,1714,1627,1282.111111111111,1313
WPMJNLCLKAKMLA-UHFFFAOYSA-N,1656,981,1171,1450,758,889,1163,1880,1600,1283.111111111111,1314
MBUVEWMHONZEQD-UHFFFAOYSA-N,423,1492,1137,1348,1748,1054,1207,1558,1592,1284.3333333333333,1315
BEMNJULZEQTDJY-UHFFFAOYSA-N,1422,1654,1648,881,1290,783,1375,1417,1096,1285.111111111111,1316
LDEKQSIMHVQZJK-AAGLAYRLSA-N,1147,1234,832,1962,838,1716,1447,1347,1046,1285.4444444444443,1317
YALNUENQHAQXEA-UHFFFAOYSA-N,1478,825,1620,1343,1564,1472,1186,668,1417,1285.888888888889,1318
QGWIQIAWOCJRPI-WSCVWKGISA-N,1506,1466,1531,1493,754,1267,774,1024,1766,1286.7777777777778,1319
YLHJUSKJLHTVJY-UHFFFAOYSA-N,1400,1385,931,1675,1444,944,1524,1119,1168,1287.7777777777778,1320
CVCSXPUVXCTFBC-UHFFFAOYSA-N,1253,1238,1559,1371,1458,1127,1456,1326,814,1289.111111111111,1321
DNVVZWSVACQWJE-UHFFFAOYSA-N,1294,1246,1148,943,1507,1335,1049,1614,1473,1289.888888888889,1322
AERLHOTUXIJQFV-UHFFFAOYSA-N,1756,1367,1329,1306,679,770,1243,2025,1136,1290.111111111111,1323
GMJFVGRUYJHMCO-UHFFFAOYSA-N,1366,1479,1183,1189,1424,1622,1080,954,1316,1290.3333333333333,1324
AHBKIEXBQNRDNL-UHFFFAOYSA-N,983,1405,1469,645,1482,775,1660,1562,1632,1290.3333333333333,1324
SMTZFNFIKUPEJC-UHFFFAOYSA-N,971,1397,1755,1706,884,1497,1577,1201,637,1291.6666666666667,1326
ZADGGFKUEYIBJC-UHFFFAOYSA-N,929,1362,1353,1109,1658,1408,1176,1250,1389,1292.6666666666667,1327
JAHDAIPFBPPQHQ-UHFFFAOYSA-N,934,1228,1589,1600,1167,1567,1068,1100,1382,1292.7777777777778,1328
RUJBDQSFYCKFAA-OAHLLOKOSA-N,1798,373,1238,1607,1838,1162,1386,665,1568,1292.7777777777778,1328
YNZFUWZUGRBMHL-UHFFFAOYSA-N,1969,1231,1214,1229,1383,1220,865,1734,799,1293.7777777777778,1330
NIRXBXIPHUTNNI-UHFFFAOYSA-N,1245,1357,1522,1437,882,1648,1217,1297,1046,1294.5555555555557,1331
NOYPYLRCIDNJJB-UHFFFAOYSA-N,888,1828,1030,1816,1568,1135,1042,858,1492,1295.2222222222222,1332
JKDLOGLNPDVUCX-UHFFFAOYSA-N,1178,687,1493,1914,766,1792,1323,1629,881,1295.888888888889,1333
POPOYOKQQAEISW-UHFFFAOYSA-N,1877,1591,1084,1068,1245,588,1664,1815,735,1296.3333333333333,1334
SUXQDLLXIBLQHW-UHFFFAOYSA-N,1570,1117,1340,1295,1454,761,1541,1123,1476,1297.4444444444443,1335
HJXPKHCLLLRQDL-HFCXZPKYSA-N,1404,1234,1336,1425,1058,1463,1416,1188,1156,1297.7777777777778,1336
LTMHDMANZUZIPE-UHFFFAOYSA-N,1332,1597,1271,1363,1307,915,1304,1270,1332,1299.0,1337
AQASRZOCERRGBL-ROJLCIKYSA-N,1388,1113,757,1651,1404,1692,1191,1320,1192,1300.888888888889,1338
FZGVEKPRDOIXJY-UHFFFAOYSA-N,1616,1503,753,1334,963,1181,1139,1422,1803,1301.5555555555557,1339
HGXLJRWXCXSEJO-GMSGAONNSA-N,1266,1391,1458,1321,1129,1702,1189,995,1277,1303.111111111111,1340
DPSPPJIUMHPXMA-UHFFFAOYSA-N,1391,870,1422,1220,933,1769,853,1724,1553,1303.888888888889,1341
WZRFLSDVFPIXOV-LRQRDZAKSA-N,1162,1231,1317,1295,1274,1215,1447,1231,1565,1304.111111111111,1342
REOZWEGFPHTFEI-CVEARBPZSA-N,1673,1263,1552,792,1527,1243,1402,1453,834,1304.3333333333333,1343
PUOAETJYKQITMO-LANLRWRYSA-N,837,1614,1145,1578,1549,1238,1336,1422,1025,1304.888888888889,1344
DYDCPNMLZGFQTM-UHFFFAOYSA-N,1484,1301,1448,1295,1685,943,1311,1806,479,1305.7777777777778,1345
UQOSBPRTQFFUOA-SRZZPIQSSA-N,1603,1428,1095,1037,1736,1098,1196,1411,1168,1308.0,1346
UPQJYTNALAIZCC-UHFFFAOYSA-N,1505,1712,727,1837,970,1423,1262,1608,739,1309.2222222222222,1347
TYFTWYMXUWCOOB-YICLCXKGSA-N,1591,1100,1346,1343,1115,1236,1888,1301,870,1310.0,1348
QTWZICCBKBYHDM-UHFFFAOYSA-N,1963,1637,1016,1029,1070,988,1115,2040,937,1310.5555555555557,1349
AHOUBRCZNHFOSL-SVLNYFRSSA-N,1585,1744,1006,1604,1397,1004,1249,560,1648,1310.7777777777778,1350
UHRBTBZOWWGKMK-CVRLYYSRSA-N,1311,1548,1067,1542,1087,1155,873,1714,1501,1310.888888888889,1351
NCUCGYYHUFIYNU-UHFFFAOYSA-N,1445,1430,1284,1433,666,1125,1406,1502,1531,1313.5555555555557,1352
IFRGXKKQHBVPCQ-UHFFFAOYSA-N,595,1171,1670,1374,1068,1115,1695,1444,1696,1314.2222222222222,1353
BMQGVNUXMIRLCK-TXCRISOESA-N,1324,1184,1290,1519,1258,1369,1363,1260,1263,1314.4444444444443,1354
YTHQUBIKIOUZBQ-UHFFFAOYSA-N,1473,707,636,1267,1297,1288,1927,1647,1606,1316.4444444444443,1355
RFUIYSLMVBVREF-UHFFFAOYSA-N,1686,1649,1320,1187,1133,825,1883,1018,1152,1317.0,1356
VJJPUSNTGOMMGY-BQZFVAJISA-N,1689,1514,1069,1252,802,1476,1047,1338,1669,1317.3333333333333,1357
LLEJIEBFSOEYIV-UHFFFAOYSA-N,1613,1279,1321,811,1763,1011,1934,988,1139,1317.6666666666667,1358
LVASCWIMLIKXLA-LSDHHAIUSA-N,1448,1454,1722,1289,1258,1155,1460,1141,943,1318.888888888889,1359
RMSWMRJVUJSDGN-UHFFFAOYSA-N,1142,1012,1835,1683,1185,1184,696,2111,1023,1319.0,1360
WFPIAZLQTJBIFN-BLLMUTORSA-N,1920,1347,1223,1216,554,1455,1360,1520,1277,1319.111111111111,1361
UDDPPYHULIXFDV-UHFFFAOYSA-N,1664,1365,894,1416,1269,1398,1327,1475,1074,1320.2222222222222,1362
FJLRGFADCXTJNV-UHFFFAOYSA-N,1825,1127,1272,1096,1421,1261,1850,1169,877,1322.0,1363
JYVIMETTWDHLFH-UHFFFAOYSA-N,1408,1446,1214,1330,1302,1340,1287,1610,974,1323.4444444444443,1364
QIHLUZAFSSMXHQ-UHFFFAOYSA-N,1087,1724,494,1600,340,1521,1748,1336,2077,1325.2222222222222,1365
KKKRKRMVJRHDMG-UHFFFAOYSA-N,1767,1807,1282,932,864,1710,1444,1383,739,1325.3333333333333,1366
HUXYBQXJVXOMKX-UHFFFAOYSA-N,1059,1284,1844,1310,1074,1475,1070,1303,1512,1325.6666666666667,1367
HVFLCNVBZFFHBT-FKULVZFESA-N,1072,1367,1064,1363,1074,1350,1692,1629,1327,1326.4444444444443,1368
XEEQGYMUWCZPDN-DOMZBBRYSA-N,1198,1402,1744,1292,1430,391,1350,1455,1684,1327.3333333333333,1369
JATLJHBAMQKRDH-UHFFFAOYSA-N,924,1125,1480,1807,1013,1375,810,1793,1643,1330.0,1370
XCPPIJCBCWUBNT-UHFFFAOYSA-N,1607,1109,1208,1581,1269,1189,1275,1210,1535,1331.4444444444443,1371
RUEYEZADQJCKGV-UHFFFAOYSA-N,1500,1340,979,1415,1626,1436,991,1394,1375,1339.5555555555557,1372
NNRXCKZMQLFUPL-WBMZRJHASA-N,1359,984,960,1236,1241,1538,1512,1638,1596,1340.4444444444443,1373
MMURVNDSFNJHAM-OWOJBTEDSA-N,1679,1744,1313,1446,1266,1552,790,928,1351,1341.0,1374
ODJLBQGVINUMMR-HZXDTFASSA-N,1516,1709,1081,657,1657,1326,1532,1731,864,1341.4444444444443,1375
JHBIMJKLBUMNAU-UHFFFAOYSA-N,1237,1564,1058,1354,1515,1435,667,1659,1589,1342.0,1376
ZBYQBWHQMGPCBT-UHFFFAOYSA-N,507,1531,1553,1552,1436,1419,1635,1201,1266,1344.4444444444443,1377
DCDXHGMCXGHXBM-UHFFFAOYSA-N,1545,577,943,1464,1550,1298,1074,1907,1746,1344.888888888889,1378
QBKSWRVVCFFDOT-UHFFFAOYSA-N,1284,1420,1350,1826,873,1384,1614,1695,662,1345.3333333333333,1379
GBOQUHPYCRYKGV-UHFFFAOYSA-N,1795,1482,1119,1398,863,1543,1228,1501,1181,1345.5555555555557,1380
PMXCMJLOPOFPBT-HNNXBMFYSA-N,1238,1008,1650,1248,1726,1272,1211,1367,1395,1346.111111111111,1381
QUIJNHUBAXPXFS-XLJNKUFUSA-N,1415,1342,1445,1581,1448,1247,1255,1396,1008,1348.5555555555557,1382
ALBKMJDFBZVHAK-UHFFFAOYSA-N,899,1788,1912,650,1733,1673,492,1865,1149,1351.2222222222222,1383
KLRRGBHZCJLIEL-UHFFFAOYSA-N,983,1565,1060,911,1899,1288,955,1681,1824,1351.7777777777778,1384
DLPIYBKBHMZCJI-WBVHZDCISA-N,1492,1206,1244,1371,1520,1454,1391,988,1509,1352.7777777777778,1385
FUWFSXZKBMCSKF-UHFFFAOYSA-N,1170,1160,1171,1176,1379,1596,1396,1621,1509,1353.111111111111,1386
DZMVCVMFETWNIU-LDYMZIIASA-N,1683,1624,1358,1460,1076,1070,1070,1401,1437,1353.2222222222222,1387
UVNHKOOJXSALHN-ILQPJIFQSA-N,1502,1349,1372,1467,1697,1093,1023,1033,1661,1355.2222222222222,1388
VHEJZMZHDUPRNV-UZYVYHOESA-N,768,1611,604,1706,1535,1728,927,1573,1746,1355.3333333333333,1389
OYVAGSVQBOHSSS-UHFFFAOYSA-O,1209,973,1448,1752,1351,1497,1108,1307,1556,1355.6666666666667,1390
BPLVDYJDAVYLRQ-UHFFFAOYSA-N,1432,1693,1902,769,1787,1993,442,1280,909,1356.3333333333333,1391
QGYGTMZEJNOHNU-UHFFFAOYSA-N,401,1814,1597,1394,1322,1643,1128,1277,1636,1356.888888888889,1392
FXQIIDINBDJDKL-SNVBAGLBSA-N,2037,383,632,2003,1679,1574,1682,532,1694,1357.3333333333333,1393
YNCLPFSAZFGQCD-UHFFFAOYSA-N,1115,1409,1623,1531,1557,1199,895,1787,1102,1357.5555555555557,1394
JCYZMTMYPZHVBF-UHFFFAOYSA-N,1551,1391,919,1377,1533,957,1374,1537,1584,1358.111111111111,1395
DHYXCTSDXUOXGE-UHFFFAOYSA-N,1391,1858,1145,1984,1387,1688,675,1087,1013,1358.6666666666667,1396
JYJTVFIEFKZWCJ-JTQLQIEISA-N,1484,1718,1180,1544,1156,989,1301,1070,1794,1359.5555555555557,1397
BJDCWCLMFKKGEE-CMDXXVQNSA-N,1731,1267,1363,1363,1319,1137,1336,1624,1108,1360.888888888889,1398
ZAJXXUDARPGGOC-UHFFFAOYSA-N,1699,1116,814,1520,1317,1491,1713,1061,1530,1362.3333333333333,1399
LTDOHCZUKCZDEQ-BJOHPYRUSA-N,1276,1375,1548,1557,1362,1445,708,1664,1330,1362.7777777777778,1400
GNMUEVRJHCWKTO-FQEVSTJZSA-N,1068,1614,1707,1327,1469,1105,928,1448,1603,1363.2222222222222,1401
MITFXPHMIHQXPI-UHFFFAOYSA-N,1454,1497,1539,1088,972,2016,1086,1431,1188,1363.4444444444443,1402
XQFRJNBWHJMXHO-RRKCRQDMSA-N,1330,1206,1505,1394,712,1445,1729,1457,1495,1363.6666666666667,1403
PSBAIJVSCTZDDB-UHFFFAOYSA-N,1340,1355,1306,1773,1344,1394,1347,1024,1397,1364.4444444444443,1404
CTMCWCONSULRHO-UHQPFXKFSA-N,616,1385,1603,1574,1810,1356,878,1707,1354,1364.7777777777778,1405
JSPUCPNQXKTYRO-LWILDLIXSA-N,1660,1286,1663,1434,1480,1147,1263,1409,959,1366.7777777777778,1406
KPBNHDGDUADAGP-VAWYXSNFSA-N,1752,1366,883,1021,1473,1316,1964,1287,1239,1366.7777777777778,1406
KFXCYOSJSWUOEO-UHFFFAOYSA-N,1961,1140,1081,1381,1407,1501,1095,1747,992,1367.2222222222222,1408
QJNSUCWIIAABPO-UHFFFAOYSA-N,819,1511,1586,1400,1183,1399,1396,1647,1365,1367.3333333333333,1409
NUZMJDHDPVKFJN-ZGKJISJMSA-N,683,1586,1244,1620,1344,1466,1427,1250,1702,1369.111111111111,1410
YZOQZEXYFLXNKA-UHFFFAOYSA-N,1309,1199,1366,1539,1476,1196,1148,1652,1441,1369.5555555555557,1411
YQNQNVDNTFHQSW-UHFFFAOYSA-N,1540,1127,898,666,1295,1733,1712,1593,1769,1370.3333333333333,1412
SOROUYSPFADXSN-SUWVAFIASA-N,1458,1213,1544,847,1587,856,1793,1730,1308,1370.6666666666667,1413
GXFAIFRPOKBQRV-QPEQYQDCSA-N,1496,1182,1125,1360,1479,1404,1318,1597,1402,1373.6666666666667,1414
YULUCECVQOCQFQ-UHFFFAOYSA-N,1027,1994,902,1731,1965,881,1597,1398,872,1374.111111111111,1415
MJIHNNLFOKEZEW-RUZDIDTESA-N,1993,663,1747,1204,1103,1823,855,1512,1502,1378.0,1416
UBLHYKNVKKEDSV-UHFFFAOYSA-N,987,532,1242,1576,1400,1807,1644,1797,1419,1378.2222222222222,1417
BPVBTSVRULALAY-GUGJDKNPSA-O,1509,1594,1237,1314,820,1690,1515,1572,1168,1379.888888888889,1418
WJIGGYYSZBWCGC-MRXNPFEDSA-N,1404,1034,1087,2097,1595,1321,2082,775,1027,1380.2222222222222,1419
ZDUZYDDAHVZGCI-UHFFFAOYSA-N,1520,1308,1384,1356,1283,1360,1612,1117,1498,1382.0,1420
XIYDIPLATGRHEC-SFHVURJKSA-N,1484,1256,1510,1153,1504,1329,1398,1428,1378,1382.2222222222222,1421
SUPVGFZUWFMATN-JVYRTNJDSA-N,1806,1324,1723,1235,1283,1134,629,1364,1950,1383.111111111111,1422
JHWVXMIUCOQOCI-UHFFFAOYSA-N,1660,1224,1338,1104,1733,1115,1818,840,1616,1383.111111111111,1422
AUJXLBOHYWTPFV-UHFFFAOYSA-N,1631,1210,1462,1369,1064,1461,1291,1554,1425,1385.2222222222222,1424
IXXFZUPTQVDPPK-VPBIPTBPSA-N,1434,1214,801,1663,1503,1532,1271,1643,1414,1386.111111111111,1425
SCKYRAXSEDYPSA-UHFFFAOYSA-N,1450,1585,1720,1320,1297,1464,1375,933,1332,1386.2222222222222,1426
HDLFZCDEGAWEFX-UHFFFAOYSA-N,1543,964,1331,1119,1280,1797,1604,1315,1524,1386.3333333333333,1427
OGSBUKJUDHAQEA-WMCAAGNKSA-N,1480,1224,1369,1724,988,1660,1904,1149,1002,1388.888888888889,1428
LOLPPWBBNUVNQZ-UHFFFAOYSA-N,1193,1371,1713,1315,1207,1304,1806,1183,1408,1388.888888888889,1428
USAVJXBLQJXTSR-UHFFFAOYSA-N,806,1373,1124,1647,1707,1502,1646,1414,1291,1390.0,1430
FJEJHJINOKKDCW-INIZCTEOSA-N,1329,835,1666,1354,1579,1743,1275,1317,1412,1390.0,1430
QCJUVAWBUTUUML-KRWDZBQOSA-N,1408,960,1302,906,1845,1848,1842,1494,908,1390.3333333333333,1432
WSMQUUGTQYPVPD-OAHLLOKOSA-N,1317,812,1621,1525,1441,1485,1193,1485,1641,1391.111111111111,1433
MBQKTLYFUYNAPZ-FEZMQHRXSA-N,1664,1508,1515,1084,1265,1242,1530,1250,1484,1393.5555555555557,1434
GMYLVKUGJMYTFB-UHFFFAOYSA-N,1101,1430,1559,1380,1460,1158,1320,1143,2024,1397.2222222222222,1435
YLJOVCWVJCDPLN-UHFFFAOYSA-N,1715,1721,1453,1306,849,1073,1635,1173,1651,1397.3333333333333,1436
TUOZJWZCVIRDKO-UHFFFAOYSA-N,1119,1067,1646,1778,1449,1482,1470,1438,1131,1397.7777777777778,1437
IDUMOVRJNBNOTR-BIZLIJPVSA-N,1659,1794,1500,1479,944,1389,1539,1197,1085,1398.4444444444443,1438
XDXDZDZNSLXDNA-YMYDAGKFSA-N,1044,967,1558,1563,1946,1800,1128,1871,714,1399.0,1439
LVASCWIMLIKXLA-UHFFFAOYSA-N,1103,1652,1727,1333,1258,1036,1779,1857,847,1399.111111111111,1440
KDLRVYVGXIQJDK-NOWPCOIGSA-N,1498,1907,1378,1460,1185,1264,1007,1241,1661,1400.111111111111,1441
UXAWFWFJXIANHZ-UHFFFAOYSA-N,1666,1959,1750,1539,796,1566,602,1014,1723,1401.6666666666667,1442
BMQGVNUXMIRLCK-OAGWZNDDSA-N,1324,1184,1382,1177,1605,1051,1246,1782,1882,1403.6666666666667,1443
JVCPIJKPAKAIIP-UHFFFAOYSA-N,1034,1460,1520,1678,1561,1578,1576,877,1354,1404.2222222222222,1444
UHTHHESEBZOYNR-UHFFFAOYSA-N,1548,1769,878,1160,2024,1068,1356,1438,1397,1404.2222222222222,1444
PAVKBQLPQCDVNI-UHFFFAOYSA-N,1319,1479,1643,1352,1195,1510,1432,1476,1250,1406.2222222222222,1446
WEEYMMXMBFJUAI-UHFFFAOYSA-N,1684,1414,1074,1216,1370,1618,1527,1461,1301,1407.2222222222222,1447
GVEZIHKRYBHEFX-NQQPLRFYSA-N,1904,1245,1193,1400,1407,1283,1691,1297,1264,1409.3333333333333,1448
IDYKCXHJJGMAEV-FBHMCPIQSA-N,1255,918,1197,1345,1895,1652,1521,1350,1551,1409.3333333333333,1448
YPELFRMCRYSPKZ-UHFFFAOYSA-N,779,1336,965,1668,1687,1305,1723,1734,1493,1410.0,1450
JLFSBHQQXIAQEC-UHFFFAOYSA-N,1551,1628,1823,1634,847,755,1423,1848,1186,1410.5555555555557,1451
IWIVCNVLSKNJJS-VLMZJYNESA-N,1248,1402,1425,1563,1195,1494,1294,1527,1560,1412.0,1452
LVASCWIMLIKXLA-CABCVRRESA-N,1193,1050,1781,1385,1492,1350,1551,1599,1307,1412.0,1452
VPBYZLCHOKSGRX-UHFFFAOYSA-N,1242,1823,1045,1363,1366,2020,1695,1243,930,1414.111111111111,1454
INVGWHRKADIJHF-UHFFFAOYSA-N,1629,1091,1137,1490,1763,1294,1143,1573,1608,1414.2222222222222,1455
DCRWIATZWHLIPN-KRWDZBQOSA-N,1233,1322,1425,1469,1537,1091,1213,1707,1748,1416.111111111111,1456
LDEKQSIMHVQZJK-CAQYMETFSA-N,1343,920,795,1657,1912,1654,1755,1347,1383,1418.4444444444443,1457
BHELIUBJHYAEDK-OAIUPTLZSA-N,1537,1945,1279,1153,1099,1346,1495,1364,1560,1419.7777777777778,1458
ODKNJVUHOIMIIZ-RRKCRQDMSA-N,1343,1111,968,1048,1766,1961,1661,1284,1642,1420.4444444444443,1459
NJCJBUHJQLFDSW-UHFFFAOYSA-N,1386,1859,955,1508,1441,1623,1619,665,1738,1421.5555555555557,1460
GCVFQRRBTCHIPK-UHFFFAOYSA-N,1545,1305,1412,1425,1668,1524,1532,1147,1248,1422.888888888889,1461
DVNQWYLVSNPCJZ-UHFFFAOYSA-N,1866,1065,1159,1689,889,1086,1460,1886,1716,1424.0,1462
MHXVDXXARZCVRK-WCWDXBQESA-N,636,1707,1920,1651,1425,1329,1082,1383,1683,1424.0,1462
FEFIBEHSXLKJGI-UHFFFAOYSA-N,1079,1581,1153,1628,1511,1626,1435,1510,1298,1424.5555555555557,1464
MJIHNNLFOKEZEW-UHFFFAOYSA-N,1177,1420,1674,1568,1546,1426,1745,1270,1002,1425.3333333333333,1465
RQTZMTMTBWAQAI-UHFFFAOYSA-N,1234,1586,1883,1065,1582,1187,1495,1387,1411,1425.5555555555557,1466
KSGCNXAZROJSNW-UHFFFAOYSA-N,1595,1449,1284,1438,626,2027,1378,1534,1502,1425.888888888889,1467
OGJPXUAPXNRGGI-UHFFFAOYSA-N,1332,1239,1641,1844,1194,1991,1255,555,1790,1426.7777777777778,1468
SWZXEVABPLUDIO-QNLBTCDKSA-N,1989,1359,1792,1369,1143,1280,1309,1295,1318,1428.2222222222222,1469
BXCVNDLGUWFNBK-UHFFFAOYSA-O,1366,1913,1798,1456,1420,1020,1419,1338,1127,1428.5555555555557,1470
RBTBFTRPCNLSDE-UHFFFAOYSA-N,1600,860,1000,1162,1934,1732,1678,2014,886,1429.5555555555557,1471
MQIRDWDCKACDRZ-DUXPYHPUSA-N,1146,1854,1493,1771,1228,1637,1082,1776,914,1433.4444444444443,1472
UKOQVLAXCBRRGH-UHFFFAOYSA-N,1037,1450,1653,1061,1618,1672,1482,1436,1494,1433.6666666666667,1473
IVUGFMLRJOCGAS-UHFFFAOYSA-N,1622,1153,1401,1409,1022,1653,1124,1621,1906,1434.5555555555557,1474
XCOWUOOCXCXCNS-UHFFFAOYSA-N,1595,1614,1349,1288,1199,1439,1787,1451,1204,1436.2222222222222,1475
ODKNJVUHOIMIIZ-JXBXZBNISA-N,1400,2040,1486,1218,1292,1162,1239,1277,1818,1436.888888888889,1476
CEGSUKYESLWKJP-UHFFFAOYSA-N,1850,870,1244,2018,1793,1752,1305,1483,627,1438.0,1477
KRVMLPUDAOWOGN-UHFFFAOYSA-N,933,997,1990,1657,949,1845,1016,1747,1811,1438.3333333333333,1478
XRXDAJYKGWNHTQ-UHFFFAOYSA-N,1332,1487,1399,1687,1331,1896,1152,1496,1167,1438.5555555555557,1479
NZHGWWWHIYHZNX-CSKARUKUSA-N,1332,1847,1369,1438,1337,1356,1009,1617,1643,1438.6666666666667,1480
YEASNVKEKVHQLR-UHFFFAOYSA-N,1452,1614,1397,1269,1628,1409,1274,1316,1610,1441.0,1481
FASLTMSUPQDLIB-MHZLTWQESA-N,1400,1399,1621,1548,1339,1516,1312,1402,1464,1444.5555555555557,1482
QMVPQBFHUJZJCS-FEFYABCISA-N,1697,862,996,1398,1439,1551,1840,1744,1495,1446.888888888889,1483
UEBBYLJZCHTLEG-LAUBAEHRSA-N,1523,1096,1624,1577,1375,1346,1585,1235,1667,1447.5555555555557,1484
ANOGOQXCGBMIJV-UHFFFAOYSA-N,1119,1675,1993,1017,1779,2074,985,804,1594,1448.888888888889,1485
NUZMJDHDPVKFJN-TYDXHICZSA-N,1184,1586,1440,1634,1199,1595,1566,1170,1671,1449.4444444444443,1486
VQJHOPSWBGJHQS-UHFFFAOYSA-N,1708,1170,1611,1596,1404,942,1237,1676,1711,1450.5555555555557,1487
ZJFFPGMGWOEQLF-UHFFFAOYSA-N,1494,1470,1717,1381,1230,1643,1460,1238,1423,1450.6666666666667,1488
ZUCNNVYWVZZXGZ-AWEZNQCLSA-N,1772,1286,1102,1717,750,1898,1725,1779,1035,1451.5555555555557,1489
JXONINOYTKKXQQ-CQSZACIVSA-N,1579,1196,1973,1078,1505,1574,1230,1721,1226,1453.5555555555557,1490
QMOQDXXLQFOVNP-UHFFFAOYSA-N,1341,1586,1232,1271,1094,1745,1505,1705,1607,1454.0,1491
RITAVMQDGBJQJZ-FMIVXFBMSA-N,1480,1741,1130,1277,1311,1453,1570,1417,1710,1454.3333333333333,1492
NERXPXBELDBEPZ-RMKNXTFCSA-N,579,1716,1734,1559,1923,1841,1203,661,1883,1455.4444444444443,1493
ZHAKYGFJVGCOAE-UHFFFAOYSA-N,1404,1324,1503,1557,1356,1719,1356,1537,1343,1455.4444444444443,1493
RGCVKNLCSQQDEP-UHFFFAOYSA-N,1733,1380,1221,1720,1356,1381,977,2042,1291,1455.6666666666667,1495
KVSKGMLNBAPGKH-UHFFFAOYSA-N,1702,1063,1378,1508,1210,1591,1670,1509,1480,1456.7777777777778,1496
VAPNKLKDKUDFHK-UHFFFAOYSA-H,574,1881,1334,1416,1631,1721,1676,1390,1489,1456.888888888889,1497
BXNMTOQRYBFHNZ-UHFFFAOYSA-N,1428,1526,1680,1535,1097,1212,1189,1597,1863,1458.5555555555557,1498
BCEHBSKCWLPMDN-QLJPJBMISA-N,1533,1394,1294,1545,1602,1677,1838,821,1429,1459.2222222222222,1499
DLMNZGAILMQDHA-UHFFFAOYSA-N,1531,1427,1422,1581,1394,1885,830,1636,1428,1459.3333333333333,1500
RUXPNBWPIRDVTH-UHFFFAOYSA-N,1214,1594,1489,1559,1515,1637,1056,1698,1373,1459.4444444444443,1501
TXUZVZSFRXZGTL-QPLCGJKRSA-N,1357,1715,1875,900,1873,1459,1146,1054,1780,1462.111111111111,1502
HPNSFSBZBAHARI-RUDMXATFSA-N,1613,1812,639,1072,1178,1786,1692,1455,1921,1463.111111111111,1503
BATSJXIVNKJCKQ-AREMUKBSSA-N,1276,1490,1938,1722,1708,1529,1062,808,1636,1463.2222222222222,1504
UAWXGRJVZSAUSZ-UHFFFAOYSA-N,1999,1394,1701,1593,1051,1337,1791,1380,925,1463.4444444444443,1505
WVUNYSQLFKLYNI-AATRIKPKSA-N,697,1742,1468,1848,1795,1915,726,1174,1808,1463.6666666666667,1506
IFFPICMESYHZPQ-UHFFFAOYSA-N,1624,1447,1488,1129,1718,1379,1756,1190,1442,1463.6666666666667,1506
OKWNVUAQDQVEOQ-UHFFFAOYSA-N,1388,1057,1008,1513,1599,1860,2040,1533,1190,1465.3333333333333,1508
RXZMYLDMFYNEIM-UHFFFAOYSA-N,690,1501,1510,1429,1431,1948,876,1868,1946,1466.5555555555557,1509
KWPACVJPAFGBEQ-IKGGRYGDSA-N,1681,1536,1705,747,967,1605,1741,1588,1631,1466.7777777777778,1510
WXHHICFWKXDFOW-BJMVGYQFSA-N,1404,1562,1362,1660,1563,1386,1590,1290,1387,1467.111111111111,1511
HRNLUBSXIHFDHP-UHFFFAOYSA-N,1369,1464,1182,1764,1435,1701,1601,1132,1556,1467.111111111111,1511
GSDSWSVVBLHKDQ-JTQLQIEISA-N,1187,1470,1249,1975,1919,1580,1101,1204,1520,1467.2222222222222,1513
GPKJTRJOBQGKQK-UHFFFAOYSA-N,1713,1331,1119,1485,1480,1764,1342,1309,1664,1467.4444444444443,1514
ULXXDDBFHOBEHA-XDXRKHGRSA-N,707,1972,1920,1660,1511,1098,1797,1561,982,1467.5555555555557,1515
KDLRVYVGXIQJDK-AWPVFWJPSA-N,960,1688,1613,1675,761,1369,1738,1496,1911,1467.888888888889,1516
JSLORBCSMVYNTA-XBXARRHUSA-N,1913,1555,727,1833,569,867,1811,1958,1985,1468.6666666666667,1517
MNLHFGXIUJNDAF-UHFFFAOYSA-N,1488,1294,1232,1419,1651,1712,1091,1775,1574,1470.6666666666667,1518
GLTHSRFPHHLMIW-UHFFFAOYSA-N,1467,1250,1478,1581,1567,1545,1203,1481,1665,1470.7777777777778,1519
VJKZUTFFMNSTTD-UHFFFAOYSA-N,1446,1656,1227,1525,1902,1424,1207,1582,1274,1471.4444444444443,1520
NIFUKBQRKNNRPL-OMCISZLKSA-N,1591,1540,1232,1413,1292,1449,1515,1585,1627,1471.5555555555557,1521
SBRXTSOCZITGQG-UHFFFAOYSA-N,1948,1808,1445,1311,1693,1951,1350,697,1043,1471.7777777777778,1522
CVASBKDYSQKLSO-UHFFFAOYSA-N,990,1798,1753,1212,1553,1627,1779,772,1763,1471.888888888889,1523
SLZBEPLWGGRZAY-UHFFFAOYSA-N,1573,1524,1701,1477,1601,1101,1182,1516,1573,1472.0,1524
ZBNZXTGUTAYRHI-UHFFFAOYSA-N,1320,1900,1522,687,1604,1343,1684,1492,1697,1472.111111111111,1525
ZFUDULLGKXSPPH-UHFFFAOYSA-N,1387,1666,1275,1371,1762,1309,1266,1784,1450,1474.4444444444443,1526
PTOAARAWEBMLNO-KVQBGUIXSA-N,2028,1119,1093,1972,1344,1177,1664,1495,1391,1475.888888888889,1527
GSDSWSVVBLHKDQ-UHFFFAOYSA-N,1288,1672,1249,1670,1557,1482,1499,1262,1613,1476.888888888889,1528
SVYRYFAUQHVGAI-BMWLXYDHSA-N,1621,1494,1618,1470,1496,1559,1344,1115,1576,1477.0,1529
CUCSSYAUKKIDJV-FAXBSAIASA-N,1059,1618,1691,1909,1129,1287,1219,1692,1706,1478.888888888889,1530
WJHBDAIAIDOONY-UHFFFAOYSA-N,1545,1279,1794,1517,1583,1540,1284,1193,1576,1479.0,1531
ZHAGGRWTJXROKV-WXFUMESZSA-N,710,1723,1401,1840,1376,1236,1113,1867,2060,1480.6666666666667,1532
HQDXNTRZJRNPLD-UHFFFAOYSA-N,1215,1294,1615,1625,1151,1411,1732,1473,1817,1481.4444444444443,1533
UWJUQVWARXYRCG-UHFFFAOYSA-N,1978,899,1983,1632,890,1221,1967,1852,941,1484.7777777777778,1534
FDCJRJKVESWRDK-XJQDNNTCSA-N,1068,1270,1934,1348,1079,1232,1760,1604,2073,1485.3333333333333,1535
YYCCUFKHCNSRIA-HJWRWDBZSA-N,1557,1204,1484,1680,1493,1601,1127,1613,1611,1485.5555555555557,1536
YEWQCWVEXRSMSB-UHFFFAOYSA-M,1520,1183,1741,1547,1461,1274,1940,1790,917,1485.888888888889,1537
DKORMNNYNRPTBJ-UHFFFAOYSA-N,1408,1841,1666,1743,1269,1478,1026,1101,1841,1485.888888888889,1537
VWFVZMKHYHIITN-CEAXSRTFSA-N,1075,1648,1994,1528,1116,1691,1809,862,1667,1487.7777777777778,1539
FBOZXECLQNJBKD-ZDUSSCGKSA-N,1250,1983,1818,1878,1079,1406,1263,1035,1680,1488.0,1540
TXUZVZSFRXZGTL-OCEACIFDSA-N,1792,1442,1875,1122,1986,1334,909,1146,1792,1488.6666666666667,1541
ZTFBIUXIQYRUNT-MDWZMJQESA-N,1571,1684,1218,1146,1956,1663,1489,1709,969,1489.4444444444443,1542
QTRALMGDQMIVFF-UHFFFAOYSA-N,1509,1538,1211,1673,1624,1407,1594,1470,1402,1492.0,1543
GCWOCVTZGLAYIS-FNTLCPBMSA-N,1488,1525,915,1696,904,1537,1862,1742,1793,1495.7777777777778,1544
YEOTYALSMRNXLJ-UHFFFAOYSA-N,1440,1230,1573,1394,1745,1709,1485,1389,1515,1497.7777777777778,1545
UWXSAYUXVSFDBQ-CYBMUJFWSA-N,800,1958,1007,2011,1676,2051,1230,1806,946,1498.3333333333333,1546
DKOQGJHPHLTOJR-YSMPRRRNSA-O,1374,1047,1645,1725,1254,1658,1389,1473,1921,1498.4444444444443,1547
KUBARPMUNHKBIQ-VTHUDJRQSA-N,1590,1601,2058,1303,1767,962,825,1702,1679,1498.5555555555557,1548
BKJIXTWSNXCKJH-UHFFFAOYSA-N,1658,2122,1454,858,1867,1439,1323,888,1878,1498.5555555555557,1548
UUZPPAMZDFLUHD-IRFSDBDPSA-N,1642,1269,1356,1393,1622,1666,1574,1479,1489,1498.888888888889,1550
WOVKYSAHUYNSMH-UHFFFAOYSA-N,1955,1344,1680,720,1496,1897,1546,1769,1098,1500.5555555555557,1551
SQVRNKJHWKZAKO-KOCQRMDASA-N,1086,872,2031,1609,1579,1798,753,2168,1614,1501.111111111111,1552
ZEKZLJVOYLTDKK-UHFFFAOYSA-N,1603,1360,1440,1405,1760,1488,1638,1044,1789,1503.0,1553
IXXFZUPTQVDPPK-ZAWHAJPISA-N,1727,1462,1782,1760,1120,1816,1052,963,1855,1504.111111111111,1554
XSPUSVIQHBDITA-RKYNPMAHSA-N,1382,1774,1588,1356,1819,1608,1121,1290,1604,1504.6666666666667,1555
NQHNLNLJPDMBFN-UHFFFAOYSA-O,1125,2126,1720,864,1932,2068,1126,602,1988,1505.6666666666667,1556
BTUDYMZUFKDIFZ-PWSAKUHLSA-N,1236,2069,822,1727,1916,1439,1414,1170,1763,1506.2222222222222,1557
FIVSJYGQAIEMOC-ZGNKEGEESA-N,1173,1703,1688,1315,1752,1482,1073,1904,1469,1506.5555555555557,1558
ZHKNLJLMDFQVHJ-RUZDIDTESA-N,1707,1219,1443,2119,1547,1650,1240,1525,1110,1506.6666666666667,1559
CSHSXUZQMJVDJY-UHFFFAOYSA-N,1343,1458,1185,1124,1597,1534,1949,1725,1646,1506.7777777777778,1560
LRKDYEMHDRMUKA-WOJBJXKFSA-N,1531,1971,1697,677,1241,1793,1965,992,1708,1508.3333333333333,1561
HNIFCPBQMKPRCX-UHFFFAOYSA-N,1494,1594,1408,1510,1491,1646,1548,1540,1345,1508.4444444444443,1562
LSHVYAFMTMFKBA-TZIWHRDSSA-N,1684,1479,1366,1774,1584,1187,1626,1712,1173,1509.4444444444443,1563
OZOGDCZJYVSUBR-UHFFFAOYSA-N,1963,1303,1701,1277,1724,1598,1591,1582,851,1510.0,1564
CUDUXVBVSUAOTK-VEOFNUSFSA-N,1222,1542,1454,1701,1834,1509,1198,1688,1443,1510.111111111111,1565
LLVLMYRWABCVEU-UHFFFAOYSA-N,1631,1888,1389,1254,1335,1411,1465,1449,1773,1510.5555555555557,1566
UCBSXTTUNYWOCC-UHFFFAOYSA-N,1770,1736,1561,1472,1160,1445,1770,1237,1449,1511.111111111111,1567
DNTVJEMGHBIUMW-IBGZPJMESA-N,1893,1991,1415,1390,1651,1836,523,1562,1354,1512.7777777777778,1568
HVXKQKFEHMGHSL-GOOCMWNKSA-N,1508,1794,1123,1450,1703,1569,1517,1582,1376,1513.5555555555557,1569
SWZXEVABPLUDIO-WSZYKNRRSA-N,1456,1452,1676,1655,1453,1455,1445,1535,1509,1515.111111111111,1570
WZHJKEUHNJHDLS-QTGUNEKASA-N,945,1990,2018,1533,893,1677,1871,1010,1703,1515.5555555555557,1571
ZRTQSJFIDWNVJW-WYMLVPIESA-N,1835,1487,1510,1069,1703,1428,1803,1692,1126,1517.0,1572
ZVXNYZWXUADSRV-UHFFFAOYSA-N,1601,1816,1084,1487,1531,1356,1951,1576,1260,1518.0,1573
DKOQGJHPHLTOJR-WHRDSVKCSA-N,1488,1749,1495,1617,1383,1510,1122,1602,1697,1518.111111111111,1574
XQCGNURMLWFQJR-HLPDFKCVSA-N,1332,1460,1396,1989,1024,1439,1708,1428,1890,1518.4444444444443,1575
WZHJKEUHNJHDLS-JRSYVHTFSA-N,1235,1174,2094,1035,1671,1939,1673,1863,987,1519.0,1576
WSEKTEUGRLFBSE-UHFFFAOYSA-N,1539,1573,950,1869,1495,1310,1745,2036,1164,1520.111111111111,1577
XVDXNSRMHBAVAX-UHFFFAOYSA-N,1808,1950,1475,1127,1214,2011,964,1895,1238,1520.2222222222222,1578
QDUIJCOKQCCXQY-WHJQOFBOSA-O,1502,1787,1407,1141,1840,1281,1572,1307,1855,1521.3333333333333,1579
INVTYAOGFAGBOE-UHFFFAOYSA-N,1276,1626,1731,1438,1640,1563,1363,1633,1434,1522.6666666666667,1580
QDITZBLZQQZVEE-MHWRWJLKSA-N,942,1793,2101,1740,1751,835,1998,1098,1468,1525.111111111111,1581
NVZLKNHDHPPJHL-RMIXPHLWSA-N,1611,1936,1089,1759,1135,1283,1921,1940,1054,1525.3333333333333,1582
UWJUQVWARXYRCG-HIFRSBDPSA-N,1140,1306,1983,2129,1056,1941,1722,1609,849,1526.111111111111,1583
RTIZZWMBGKGLFO-YWQXDYITSA-N,1456,1703,1313,1453,1696,1451,1394,1565,1717,1527.5555555555557,1584
ZCJYUTQZBAIHBS-UHFFFAOYSA-N,1111,1048,1150,2032,1526,1924,1463,1580,1929,1529.2222222222222,1585
GXDALQBWZGODGZ-UHFFFAOYSA-N,759,1611,1264,1388,1916,1798,1404,2058,1575,1530.3333333333333,1586
VHIJFTXYGDWRBH-UHFFFAOYSA-N,1250,1419,1812,1289,1822,1068,1784,1752,1582,1530.888888888889,1587
VWOIKFDZQQLJBJ-SSZFMOIBSA-N,1778,1435,1694,1614,1466,1384,1948,1301,1158,1530.888888888889,1587
FVIZARNDLVOMSU-IRFFNABBSA-N,1255,1256,1685,1999,1894,1549,1210,1274,1659,1531.2222222222222,1589
LITNEAPWQHVPOK-FFSVYQOJSA-N,1006,1711,1842,1722,1671,1844,1092,1223,1684,1532.7777777777778,1590
MLDQJTXFUGDVEO-FIBGUPNXSA-N,1564,1841,1049,1300,1572,1611,1539,1733,1586,1532.7777777777778,1590
RUJBDQSFYCKFAA-HNNXBMFYSA-N,2008,1484,1997,1481,1979,729,1151,1404,1568,1533.4444444444443,1592
ZSBXGIUJOOQZMP-JLNYLFASSA-N,992,1647,1827,1392,1287,1587,2049,1673,1348,1533.5555555555557,1593
JPTSIWRGXIZEOO-UHFFFAOYSA-N,1132,1174,1805,1795,1718,1757,1296,1378,1750,1533.888888888889,1594
MXJWRABVEGLYDG-UHFFFAOYSA-N,1741,1124,1454,1788,1540,1617,1683,1744,1124,1535.0,1595
XVAPNQFQPDAROQ-CAPSWCROSA-N,1107,1664,1986,1377,1678,2140,1591,1264,1039,1538.4444444444443,1596
CPRASSMXAHKLHY-UHFFFAOYSA-N,1584,1184,1747,1883,1250,1865,1615,1799,926,1539.2222222222222,1597
ZCMFEWUYBFMLIN-UHFFFAOYSA-N,1993,1096,902,1715,1505,1641,1551,1858,1600,1540.111111111111,1598
XXJWYDDUDKYVKI-UHFFFAOYSA-N,1562,1645,1594,1545,1434,1176,1406,1576,1924,1540.2222222222222,1599
ACWZRVQXLIRSDF-UHFFFAOYSA-N,1261,2032,1672,1492,1146,1655,1039,1673,1893,1540.3333333333333,1600
JPOJKNJIKXMZRB-UHFFFAOYSA-N,963,2043,888,1488,925,1778,1680,2036,2064,1540.5555555555557,1601
WTPSHLVHJOJDIF-UHFFFAOYSA-N,1840,2083,1185,1861,1883,999,1581,1141,1296,1541.0,1602
WYUSVOMTXWRGEK-HBWVYFAYSA-N,1560,1062,1563,1930,1502,1567,1383,1371,1940,1542.0,1603
IFSDAJWBUCMOAH-HNNXBMFYSA-N,1518,1317,1185,1955,2013,997,1690,1976,1229,1542.2222222222222,1604
AIUJHENHBJHHMY-UHFFFAOYSA-N,1634,1145,1978,1811,1658,1648,1333,1222,1456,1542.7777777777778,1605
RDXLYGJSWZYTFJ-UHFFFAOYSA-N,1268,1924,1606,1446,1469,1485,1662,1839,1219,1546.4444444444443,1606
AAKJLRGGTJKAMG-JVVVGQRLSA-N,959,1863,1750,1628,1813,1297,1679,1576,1364,1547.6666666666667,1607
WJLQPSZXCOYTHS-UHFFFAOYSA-N,1424,2014,1715,1665,784,1171,1510,1999,1648,1547.7777777777778,1608
IDYKCXHJJGMAEV-RRKCRQDMSA-N,1549,1552,1832,1677,1673,1488,1350,1260,1551,1548.0,1609
DGCSBHYGDCRAOB-UHFFFAOYSA-N,1669,1788,1397,1622,1560,1809,1449,1549,1093,1548.4444444444443,1610
JLPDBLFIVFSOCC-KRNKPDPWSA-N,1781,1159,2006,1298,1950,1461,1370,1483,1439,1549.6666666666667,1611
OTDRIRFHGNXOBO-HNNXBMFYSA-N,2097,1034,1825,1980,1693,521,1400,1747,1671,1552.0,1612
WDDPHFBMKLOVOX-CZKFYJPXSA-N,1904,1067,1947,1774,973,1613,1296,1915,1488,1553.0,1613
OKBVVJOGVLARMR-QSWIMTSFSA-N,1415,1736,1893,1129,1676,1362,1249,1567,1955,1553.5555555555557,1614
XPEXCFSBFPOSQR-UHFFFAOYSA-N,1914,1061,2133,1523,1176,1668,1946,979,1596,1555.111111111111,1615
IPHKVWAKDXKJRE-UHFFFAOYSA-N,1091,1367,1847,1804,1930,1513,1766,1399,1285,1555.7777777777778,1616
AQWKVJFRGORALM-UHFFFAOYSA-N,1649,1507,1817,1330,1599,1832,1672,1419,1197,1558.0,1617
RPWFJAMTCNSJKK-UHFFFAOYSA-N,1785,1443,1738,1574,1729,1736,1578,950,1491,1558.2222222222222,1618
WZHKXNSOCOQYQX-FUAFALNISA-N,1298,1815,1412,1192,2119,1693,1620,1358,1528,1559.4444444444443,1619
OJSFTALXCYKKFQ-UHFFFAOYSA-N,1724,1284,1579,1736,1085,1954,1039,1962,1677,1560.0,1620
OMZCMEYTWSXEPZ-UHFFFAOYSA-N,1670,1730,1775,1227,1901,1526,1599,962,1675,1562.7777777777778,1621
RPVGLMKJGQMQSN-UHFFFAOYSA-N,1758,1127,1895,2054,1771,1350,911,1928,1293,1565.2222222222222,1622
MLDQJTXFUGDVEO-UHFFFAOYSA-N,1714,1515,1279,1887,820,2035,1268,1641,1933,1565.7777777777778,1623
CNSIELLVDSSIAM-JTQLQIEISA-N,1554,1882,1309,1260,1772,1318,1775,1490,1735,1566.111111111111,1624
CTQMJYWDVABFRZ-UHFFFAOYSA-N,1878,1731,1628,1489,1358,1480,1313,1694,1556,1569.6666666666667,1625
WNMIAFVZPGVGGG-HNNXBMFYSA-N,1172,2001,1889,1436,1297,1666,892,1932,1849,1570.4444444444443,1626
RPHLQSHHTJORHI-UHFFFAOYSA-N,1255,1632,1644,1744,1521,1590,1635,1739,1379,1571.0,1627
FASDKYOPVNHBLU-UHFFFAOYSA-N,1932,696,1549,1953,1644,1965,1280,1922,1226,1574.111111111111,1628
LVXJQMNHJWSHET-AATRIKPKSA-N,1512,2019,1664,1345,2025,1367,1313,1787,1143,1575.0,1629
MYEJFUXQJGHEQK-DYDCTSDLSA-N,1758,1259,1434,1880,1654,1321,1705,1893,1272,1575.111111111111,1630
AOJJSUZBOXZQNB-OUSUFOHXSA-N,971,1783,1898,1539,1358,1414,1830,1763,1625,1575.6666666666667,1631
XFZJEEAOWLFHDH-NFJBMHMQSA-N,1616,1247,1768,1917,955,1682,1760,1542,1714,1577.888888888889,1632
WBKHQQZRHCECKK-UHFFFAOYSA-N,868,1949,1563,1751,1848,1995,1621,1247,1368,1578.888888888889,1633
UGJWRPJDTDGERK-UHFFFAOYSA-N,1737,1503,1618,1889,1064,1775,1832,1364,1434,1579.5555555555557,1634
OBATZBGFDSVCJD-UHFFFAOYSA-N,1348,1577,1964,2040,1248,1675,1452,1790,1134,1580.888888888889,1635
YQCGBHBRCNCNLL-UHFFFAOYSA-N,1374,1884,1718,1431,1539,1563,1621,1562,1539,1581.2222222222222,1636
RTGDFNSFWBGLEC-SYZQJQIISA-N,1823,2069,1048,2078,1026,1375,2018,1729,1065,1581.2222222222222,1636
OCAPBUJLXMYKEJ-UHFFFAOYSA-N,1474,1586,2024,1514,1535,1900,1781,995,1426,1581.6666666666667,1638
GCFBRXLSHGKWDP-KVUOWAFTSA-N,1216,1679,1699,1822,1446,1343,1884,1799,1351,1582.111111111111,1639
MSHZHSPISPJWHW-PVDLLORBSA-N,1417,1653,1051,1693,1980,1002,1871,1937,1643,1583.0,1640
FGTCROZDHDSNIO-UHFFFAOYSA-N,857,1835,1802,1680,1412,1865,1741,1150,1907,1583.2222222222222,1641
JUZYLCPPVHEVSV-LJQANCHMSA-N,1158,1726,1539,1452,1776,1659,1673,1567,1703,1583.6666666666667,1642
QYQDKDWGWDOFFU-IUODEOHRSA-N,1748,1229,1980,1757,1118,1521,1649,1496,1757,1583.888888888889,1643
VMDUABMKBUKKPG-UHFFFAOYSA-N,1783,1608,1862,1587,1925,1108,1751,1223,1410,1584.111111111111,1644
WHPAGCJNPTUGGD-UHFFFAOYSA-N,1972,1582,1735,1628,1489,1241,1670,1599,1346,1584.6666666666667,1645
AFNXATANNDIXLG-UHFFFAOYSA-N,1837,1306,1880,1326,1590,1634,1700,1253,1743,1585.4444444444443,1646
XDRYMKDFEDOLFX-UHFFFAOYSA-N,1804,1625,1515,1641,1363,1739,1607,1664,1314,1585.7777777777778,1647
CYXKNKQEMFBLER-UHFFFAOYSA-N,1708,1950,1249,2073,1370,1159,1467,2109,1192,1586.3333333333333,1648
LSPANGZZENHZNJ-BJUDXGSMSA-N,750,1984,1448,1830,2149,2071,1467,1371,1217,1587.4444444444443,1649
LJIUXAHLYIPHOK-UHFFFAOYSA-N,1373,1843,1832,1504,1398,1393,1937,1688,1334,1589.111111111111,1650
VFUXSYAXEKYYMB-UHFFFAOYSA-N,1464,1559,1575,1931,1415,1133,1996,1686,1545,1589.3333333333333,1651
CIKWKGFPFXJVGW-UHFFFAOYSA-N,1377,1918,1947,1454,1286,1953,835,1986,1553,1589.888888888889,1652
HSJFYRYGGKLQBT-UHFFFAOYSA-N,1362,1846,1529,1374,1621,1740,1568,1309,1962,1590.111111111111,1653
WVLHHLRVNDMIAR-IBGZPJMESA-N,1831,1308,1631,1634,1254,1613,1602,1542,1907,1591.3333333333333,1654
HSGZLFWXBIVLBD-LBPRGKRZSA-N,1715,1660,1782,1646,1472,1591,1588,1132,1737,1591.4444444444443,1655
XOKJUSAYZUAMGJ-WOUKDFQISA-N,1227,1527,1150,1909,2061,1685,1305,1932,1536,1592.4444444444443,1656
QVZCXCJXTMIDME-UHFFFAOYSA-P,1711,1682,1671,1548,1572,1588,1393,1614,1566,1593.888888888889,1657
BUXIWTJVINPFPP-UHFFFAOYSA-N,1374,1976,1828,1670,1860,763,1526,1459,1902,1595.3333333333333,1658
FEJKLNWAOXSSNR-UHFFFAOYSA-N,1840,1515,1473,1725,1971,1120,1658,1379,1687,1596.4444444444443,1659
GSDSWSVVBLHKDQ-SNVBAGLBSA-N,946,1470,1601,1805,1557,1791,1830,1849,1520,1596.5555555555557,1660
BYKBUQDQTLDNLE-KBPBESRZSA-N,2045,1663,1369,1537,1822,1512,1416,1521,1485,1596.6666666666667,1661
GYNNRVJJLAVVTQ-UHFFFAOYSA-N,1629,1860,1330,1956,1001,1780,1861,1167,1788,1596.888888888889,1662
NOXZTWCSCDTWKJ-HNNXBMFYSA-N,1830,1168,1770,1304,1410,1778,1606,1669,1841,1597.3333333333333,1663
YTRRAUACYORZLX-UHFFFAOYSA-N,1689,1651,1777,1458,1336,1699,1435,1697,1639,1597.888888888889,1664
CJPLEFFCVDQQFZ-UHFFFAOYSA-N,1580,1876,1718,1485,1906,1439,1392,1803,1190,1598.7777777777778,1665
WMBWREPUVVBILR-WIYYLYMNSA-N,1872,1700,1300,1222,1674,1036,2078,1972,1545,1599.888888888889,1666
SGDBTWWWUNNDEQ-LBPRGKRZSA-N,1695,2008,833,1873,1789,1519,1284,1993,1416,1601.111111111111,1667
FNDDDNOJWPQCBZ-ZDUSSCGKSA-N,1126,1938,1469,1199,1768,1494,1853,1812,1754,1601.4444444444443,1668
STQGQHZAVUOBTE-MFXFIFEASA-N,1691,1252,1651,1182,1785,1775,1826,1342,1912,1601.7777777777778,1669
JABSKGQQWUDVRU-UHFFFAOYSA-O,1477,1720,1937,1476,1454,1702,1366,1626,1661,1602.111111111111,1670
YBBLVLTVTVSKRW-UHFFFAOYSA-N,1979,1534,1536,1781,1226,1876,1490,1664,1354,1604.4444444444443,1671
OGSBUKJUDHAQEA-IURRXHLWSA-N,1693,1959,1581,1862,988,2051,1993,1332,985,1604.888888888889,1672
FNHKPVJBJVTLMP-UHFFFAOYSA-N,1789,2067,1302,1502,1029,1872,1641,1681,1566,1605.4444444444443,1673
BEJJGVDFQORITE-UHFFFAOYSA-N,1901,1292,1818,1941,1663,1881,1119,1300,1537,1605.7777777777778,1674
DUHARNKZLBMPBS-UHFFFAOYSA-N,1982,1736,1340,1029,1463,2115,1967,742,2084,1606.4444444444443,1675
PQHLRGARXNPFCF-UHFFFAOYSA-N,1950,1122,1489,1733,1906,1599,1943,1270,1448,1606.6666666666667,1676
WOVTUUKKGNHVFZ-UHFFFAOYSA-N,1469,1602,1466,1899,1832,1417,1842,1227,1715,1607.6666666666667,1677
DJUFPMUQJKWIJB-UHFFFAOYSA-N,1762,1848,1759,1620,1589,1608,1507,1154,1625,1608.0,1678
ZFSXZJXLKAJIGS-UHFFFAOYSA-N,1773,1868,1709,1594,1732,1676,1652,952,1531,1609.6666666666667,1679
JPLQUMVXDBHHSG-UHFFFAOYSA-N,1305,1755,1563,1149,1566,1979,1500,1785,1893,1610.5555555555557,1680
PFTAWBLQPZVEMU-DZGCQCFKSA-N,1817,1561,1393,1665,1458,1795,1362,1402,2058,1612.3333333333333,1681
ZHFIAFNZGWCLHU-YPMHNXCESA-N,1443,1239,1934,1052,1921,1472,1813,1820,1818,1612.4444444444443,1682
KJCLPXFGPVCAKL-UHFFFAOYSA-N,1855,1780,1458,1554,1581,1434,1695,1541,1623,1613.4444444444443,1683
VSWBSWWIRNCQIJ-HUUCEWRRSA-N,1845,1826,1723,1246,1387,1630,862,1935,2076,1614.4444444444443,1684
XJXLRNPVSQADMZ-UHFFFAOYSA-N,1193,1430,1761,1556,1519,1706,1735,1918,1717,1615.0,1685
IPVFGAYTKQKGBM-GDBQBOEPSA-N,1166,1750,1585,1711,1569,1582,1842,1716,1619,1615.5555555555557,1686
IICCLYANAQEHCI-UHFFFAOYSA-N,1819,1816,1589,1289,1688,1670,1655,1815,1204,1616.111111111111,1687
BABFYCSPNDKXRI-UHFFFAOYSA-N,938,1879,1563,1734,1929,1893,1617,1367,1629,1616.5555555555557,1688
VJJPUSNTGOMMGY-MRVIYFEKSA-N,1747,1575,1570,1757,1307,1721,1320,1841,1719,1617.4444444444443,1689
DKULOVKANLVDEA-UHFFFAOYSA-N,1771,1848,1439,1648,1852,1619,1474,1404,1508,1618.111111111111,1690
HSKAZIJJKRAJAV-KOEQRZSOSA-N,1788,1440,1259,1663,1344,1715,1815,1965,1576,1618.3333333333333,1691
KPMDCTAAOGEIKO-UHFFFAOYSA-N,1818,1591,1626,1833,2079,1162,1408,1866,1214,1621.888888888889,1692
RFIXURDMUINBMD-UHFFFAOYSA-N,1728,1599,1676,1262,1418,1772,2104,1681,1372,1623.5555555555557,1693
HDZAQYPYABGTCL-UHFFFAOYSA-N,1065,1451,1982,1798,1307,1724,1921,1320,2050,1624.2222222222222,1694
MDNWOSOZYLHTCG-UHFFFAOYSA-N,1765,1474,1547,1853,1746,1706,1490,1446,1594,1624.5555555555557,1695
CQVAQQNDZCZBSU-UHFFFAOYSA-N,1744,1502,1627,1555,1632,1650,1597,1669,1648,1624.888888888889,1696
QFGMXJOBTNZHEL-UHFFFAOYSA-N,1775,886,1897,1385,1419,1553,1940,1655,2128,1626.4444444444443,1697
SIMWTRCFFSTNMG-AWEZNQCLSA-N,1559,1750,872,1465,1609,1932,1641,2029,1781,1626.4444444444443,1697
VYKKDKFTDMVOBU-UHFFFAOYSA-N,1789,1523,1573,1425,1910,1528,1506,1764,1622,1626.6666666666667,1699
PTOAARAWEBMLNO-UHFFFAOYSA-N,1997,1573,1419,1407,2026,1635,1649,1499,1445,1627.7777777777778,1700
NCPLTAGJJVCHOW-UHFFFAOYSA-N,1572,1454,1738,1739,2029,1547,1675,1514,1395,1629.2222222222222,1701
UHRBTBZOWWGKMK-DOMZBBRYSA-N,1301,1796,1638,1747,1808,1918,1087,1451,1918,1629.3333333333333,1702
TVYLLZQTGLZFBW-HOCLYGCPSA-N,1754,1437,2151,1754,1366,1277,1581,1619,1730,1629.888888888889,1703
QRJJEGAJXVEBNE-HKOYGPOVSA-N,1927,1466,1284,1690,1461,1232,1882,1878,1874,1632.6666666666667,1704
XIUUSFJTJXFNGH-UHFFFAOYSA-N,1862,1510,2033,1673,1542,1627,1370,1435,1654,1634.0,1705
VWOIKFDZQQLJBJ-DTQAZKPQSA-N,1756,1808,1350,1997,1814,1825,1903,1104,1158,1635.0,1706
YQZNKYXGZSVEHI-VXKWHMMOSA-N,1959,1659,1769,886,2002,1795,1646,1545,1460,1635.6666666666667,1707
SZFPYBIJACMNJV-UHFFFAOYSA-N,1241,2155,1757,1241,1484,2014,2005,675,2150,1635.7777777777778,1708
WKRFERLNJPHDOT-ZDUSSCGKSA-N,1471,1329,2030,1685,1611,985,2013,1998,1602,1636.0,1709
LACIBZRFAYFTOV-UHFFFAOYSA-N,1316,1654,1700,1197,1928,1694,1747,1567,1947,1638.888888888889,1710
LFVVNPBBFUSSHL-UHFFFAOYSA-N,1870,1534,1752,1595,1720,882,1707,1773,1918,1639.0,1711
VLULRUCCHYVXOH-UHFFFAOYSA-N,1855,1475,1578,1737,1772,1685,1521,1350,1781,1639.3333333333333,1712
BCEHBSKCWLPMDN-MGPLVRAMSA-N,1822,1477,1886,1858,1322,1274,1568,1547,2002,1639.5555555555557,1713
RTGDFNSFWBGLEC-TVPGTPATSA-N,1845,1333,1975,1029,1774,1811,1847,1518,1632,1640.4444444444443,1714
AYXKVDRDWWQQTD-UHFFFAOYSA-N,1816,1909,1524,1563,1658,1419,1298,1808,1775,1641.111111111111,1715
JWNPDZNEKVCWMY-VQHVLOKHSA-N,1261,1757,1854,1512,1624,1910,1251,1512,2100,1642.3333333333333,1716
GPTURHKXTUDRPC-UHFFFAOYSA-N,1549,1904,1775,1445,1507,1928,1694,1510,1474,1642.888888888889,1717
TXOKWXJQVFUUDD-UHFFFAOYSA-N,1785,1636,1536,1350,1824,1497,1565,1875,1719,1643.0,1718
WJUGGKGTCAVATA-UHFFFAOYSA-N,1710,1782,1438,1828,1691,1585,1765,1228,1760,1643.0,1718
SGDBTWWWUNNDEQ-GFCCVEGCSA-N,1872,1243,894,1920,1578,1671,1975,1832,1813,1644.2222222222222,1720
BFCDFTHTSVTWOG-YLJYHZDGSA-N,1922,1845,1401,1670,1463,1759,1990,1090,1711,1650.111111111111,1721
DRXHAKVGNKHFMB-UHFFFAOYSA-N,1414,1851,1789,1441,1906,1631,1664,1465,1691,1650.2222222222222,1722
YAKRKFCZKPDKHG-UHFFFAOYSA-N,1628,1499,1471,1643,1681,1689,1822,1770,1652,1650.5555555555557,1723
WZXHSWVDAYOFPE-UHFFFAOYSA-N,1731,1968,2016,1922,1616,1402,1913,1820,488,1652.888888888889,1724
DOUYETYNHWVLEO-UHFFFAOYSA-N,1972,1783,2064,1502,1939,1421,1684,1216,1306,1654.111111111111,1725
ULXXDDBFHOBEHA-QDLOVBKTSA-N,1501,1824,1914,1760,1945,1865,1431,1407,1241,1654.2222222222222,1726
FGBGXESDYFKUFX-UHFFFAOYSA-N,1692,1961,1049,1493,1710,1337,1859,1907,1880,1654.2222222222222,1726
TVYLLZQTGLZFBW-BZSJEYESSA-N,1382,1549,1594,1789,2037,1810,1581,1691,1460,1654.7777777777778,1728
NNULBSISHYWZJU-OQDJZFHQSA-N,1645,1698,1678,1809,1365,1996,1484,1651,1580,1656.2222222222222,1729
OPQRBXUBWHDHPQ-UHFFFAOYSA-N,2066,2077,725,1268,1590,1374,1915,2101,1796,1656.888888888889,1730
UMSHZWFCVXIDEO-UHFFFAOYSA-N,1814,1707,1684,1709,1723,1540,1501,1567,1669,1657.111111111111,1731
ZDKIAVFEUPUCMR-UHFFFAOYSA-N,1980,1577,1230,1862,1870,1636,1536,1652,1586,1658.7777777777778,1732
HESSNRGIEVBPRB-QDDPNBLJSA-N,1446,1632,1639,1598,1729,1813,1409,1655,2009,1658.888888888889,1733
PWAUCHMQEXVFJR-ZAZMHIJSSA-N,1397,1499,2024,1975,1466,1718,1298,1480,2075,1659.111111111111,1734
GYLDXIAOMVERTK-UHFFFAOYSA-N,1582,1513,1933,1423,1910,1469,1544,1721,1845,1660.0,1735
UXZFQZANDVDGMM-UHFFFAOYSA-N,1646,1483,1884,1535,1668,1967,1633,1549,1581,1660.6666666666667,1736
RXWNCPJZOCPEPQ-DYIOZPFISA-N,1639,1799,1569,1467,1658,1878,1561,1932,1450,1661.4444444444443,1737
GCFBRXLSHGKWDP-XCGNWRKASA-N,1635,1853,1813,1530,1446,1861,1794,1676,1351,1662.111111111111,1738
BOFMSBVSYVESTM-UHFFFAOYSA-N,1848,1416,1491,1717,1826,1760,1921,1642,1340,1662.3333333333333,1739
XDBHURGONHZNJF-UHFFFAOYSA-N,1537,1434,1529,1517,1790,1892,2046,1419,1798,1662.4444444444443,1740
GNRIZKKCNOBBMO-UHFFFAOYSA-N,1525,1844,1610,1591,1939,1513,1842,1621,1479,1662.6666666666667,1741
UJRRDDHEMZLWFI-UHFFFAOYSA-N,2014,1618,1828,1377,1648,1024,1704,1906,1855,1663.7777777777778,1742
FOOHYFUHXGIXNK-UHFFFAOYSA-N,2067,1966,1390,1909,2053,1426,1542,1461,1161,1663.888888888889,1743
RWZVPVOZTJJMNU-UHFFFAOYSA-N,1874,1515,1659,1745,1475,1432,1676,1664,1935,1663.888888888889,1743
WIPRQKODGRKUEW-UHFFFAOYSA-N,1649,1570,1191,1772,2075,1963,1928,1680,1150,1664.2222222222222,1745
OLJMSXRNFOUYJF-XDHUDOTRSA-N,1554,1955,1950,881,1782,1891,1466,1669,1833,1664.5555555555557,1746
LPFWVDIFUFFKJU-UHFFFAOYSA-N,1695,1839,669,1793,1845,2095,1420,1923,1706,1665.0,1747
WNAQOLSMVPFGTE-UHFFFAOYSA-N,1988,1597,1736,1701,1830,1547,1380,1404,1820,1667.0,1748
GUOQUXNJZHGPQF-UHFFFAOYSA-N,1751,1876,1275,1580,1878,1369,1380,2062,1850,1669.0,1749
QCDFBFJGMNKBDO-UHFFFAOYSA-N,1564,1733,1672,1504,1282,1972,2023,1808,1464,1669.111111111111,1750
SETMAZMOXYOEJA-NRFANRHFSA-N,1474,2060,2032,2086,800,1804,2033,1433,1300,1669.111111111111,1750
MPMKMQHJHDHPBE-RUZDIDTESA-N,1467,1466,1509,1667,1855,1757,1644,1754,1934,1672.5555555555557,1752
OCAXFDULERPAJM-UHFFFAOYSA-N,1738,1804,1503,1789,1893,1682,1183,1647,1816,1672.7777777777778,1753
KPOOEHKKVJXAEF-VPYKRRBTSA-N,1394,1819,1517,1781,1892,1697,1716,1702,1542,1673.3333333333333,1754
WZRCQWQRFZITDX-UHFFFAOYSA-N,1896,1732,1484,1528,2000,1817,1700,1635,1317,1678.7777777777778,1755
HULMNSIAKWANQO-UZQFYTNMSA-N,1464,1686,1766,1715,1622,1839,1744,1720,1553,1678.7777777777778,1755
XEDWWPGWIXPVRQ-UHFFFAOYSA-N,1587,2162,1464,1460,1733,1561,1934,1844,1374,1679.888888888889,1757
MPTNDTIREFCQLK-HRAACVKBSA-N,1626,1566,1731,2100,1646,1760,1452,1542,1703,1680.6666666666667,1758
PHOZLMDTTWWBAH-UHFFFAOYSA-N,1711,1119,1475,1322,1888,2104,1751,1886,1874,1681.111111111111,1759
YZQRAQOSAPWELU-UHFFFAOYSA-O,1700,1802,1635,1680,1422,1697,1735,1766,1711,1683.111111111111,1760
OUSFTKFNBAZUKL-UHFFFAOYSA-N,1154,1866,2003,1619,1919,1973,1878,1345,1392,1683.2222222222222,1761
XUOAKFNMJMYKBY-UHFFFAOYSA-N,1733,1336,1867,1712,2044,2049,1490,1728,1195,1683.7777777777778,1762
YZPOQCQXOSEMAZ-UHFFFAOYSA-N,1902,1576,1487,1335,1585,1760,2009,1911,1589,1683.7777777777778,1762
HPIUHDCRVYDAEJ-UHFFFAOYSA-N,1524,1999,2042,1341,1280,1554,1848,1852,1719,1684.3333333333333,1764
NCKMMSIFQUPKCK-UHFFFAOYSA-N,1961,2032,1743,1579,1819,1507,1738,1323,1460,1684.6666666666667,1765
JFPVXVDWJQMJEE-IZRZKJBUSA-N,1951,883,1408,1960,1881,1205,2076,2125,1680,1685.4444444444443,1766
OKBVVJOGVLARMR-VINNURBNSA-N,1728,1411,1600,1915,2009,1832,1458,1476,1745,1686.0,1767
VZXULFIUJKSVJY-UHFFFAOYSA-N,1968,1473,1163,1571,1618,1954,1684,1950,1798,1686.5555555555557,1768
BCFGMOOMADDAQU-UHFFFAOYSA-N,1364,1713,1747,1768,1714,1724,1684,1772,1699,1687.2222222222222,1769
FAYAUAZLLLJJGH-UHFFFAOYSA-N,1865,1808,1460,1533,1710,1577,1653,1854,1728,1687.5555555555557,1770
SHAZGXQGMWOJSM-HNNXBMFYSA-N,1937,1184,1800,2013,1984,1865,1300,995,2115,1688.111111111111,1771
ARFHIAQFJWUCFH-IZZDOVSWSA-N,1975,1344,1603,2026,1192,1072,1768,2144,2078,1689.111111111111,1772
FNSHYEAUAUHIMB-UHFFFAOYSA-N,1458,1508,2069,1446,1680,1840,1885,1888,1447,1691.2222222222222,1773
JYJTVFIEFKZWCJ-UHFFFAOYSA-N,1484,1893,1614,1741,1555,1664,1497,1919,1863,1692.2222222222222,1774
QNPNRSMUYWHWJK-RELWKKBWSA-N,1928,1937,1727,1409,1120,1787,1595,1992,1736,1692.3333333333333,1775
BVLLRNZKAURPNA-UHFFFAOYSA-N,1797,1635,1755,1721,1720,1746,1537,1850,1476,1693.0,1776
NNULBSISHYWZJU-LLKWHZGFSA-N,1686,1591,1941,1809,1278,1931,1511,1805,1719,1696.7777777777778,1777
PDJFCIIMPPXKEZ-UHFFFAOYSA-N,2086,1695,1889,1940,1165,1851,905,1825,1921,1697.4444444444443,1778
CVRXLMUYFMERMJ-UHFFFAOYSA-N,1715,1536,1929,1588,1501,1295,1877,2003,1845,1698.7777777777778,1779
LRHPCRBOMKRVOA-UHFFFAOYSA-N,1425,1425,1886,1731,1636,1714,1974,1457,2054,1700.2222222222222,1780
ARPRLCXPAGXBRL-UHFFFAOYSA-N,1748,952,1858,2047,1641,1887,1869,1836,1469,1700.7777777777778,1781
WHTVZRBIWZFKQO-UHFFFAOYSA-N,2098,1606,1157,1760,1757,1935,1557,1893,1550,1701.4444444444443,1782
ADGGYDAFIHSYFI-UHFFFAOYSA-N,2025,1713,1628,1926,1874,2053,533,1995,1592,1704.3333333333333,1783
YQNRVGJCPCNMKT-LFVJCYFKSA-N,1673,1299,1898,1645,1681,1749,1832,1767,1803,1705.2222222222222,1784
GXWKSXUPEFVUOO-UHFFFAOYSA-N,1576,1770,1691,1643,1614,1908,1695,1754,1729,1708.888888888889,1785
QCSDJDQOJBQTDV-UHFFFAOYSA-N,1785,1922,1908,2008,1851,1247,1559,1204,1904,1709.7777777777778,1786
MAUYWACILHVRLR-UHFFFAOYSA-N,1667,1891,1013,1737,2052,1519,1720,1921,1887,1711.888888888889,1787
KKHZFGDLQNWZMS-VAWYXSNFSA-N,1701,1860,1505,1848,1760,1802,1639,1507,1786,1712.0,1788
CUDUXVBVSUAOTK-UHFFFAOYSA-N,1652,1542,1568,1696,1909,1743,1866,1917,1515,1712.0,1788
DBOZSKOENGSGEJ-UHFFFAOYSA-N,2145,1932,1905,1336,1749,1890,1433,1832,1195,1713.0,1790
JKCSODVERGVDLT-UHFFFAOYSA-N,1509,1626,1849,1800,1699,1728,1800,1669,1753,1714.7777777777778,1791
NJSMWLQOCQIOPE-OCHFTUDZSA-N,1221,1520,1801,1970,1883,1813,1936,1470,1829,1715.888888888889,1792
MJOGWNMYQLVUOU-UHFFFAOYSA-N,1793,1397,1869,1760,1700,1616,1951,1399,1962,1716.3333333333333,1793
ZJVFLBOZORBYFE-UHFFFAOYSA-N,1821,1034,2037,1892,1863,1710,1721,1485,1887,1716.6666666666667,1794
WDDPHFBMKLOVOX-AYQXTPAHSA-N,1834,1779,1947,1774,1703,1464,1200,1795,1960,1717.3333333333333,1795
DYKFIFLJEJVONL-UHFFFAOYSA-O,1777,2038,1668,1531,1656,1894,1839,1530,1524,1717.4444444444443,1796
ZLHZLMOSPGACSZ-NSHDSACASA-N,1916,1362,1524,1823,1805,1631,1729,1987,1680,1717.4444444444443,1796
BMKPVDQDJQWBPD-UHFFFAOYSA-N,1923,2047,1862,1571,1110,1861,1664,1731,1691,1717.7777777777778,1798
UBQYURCVBFRUQT-UHFFFAOYSA-N,1894,1555,1788,1668,1693,1669,1442,1820,1937,1718.4444444444443,1799
GJUFPAZNBPFNRI-UHFFFAOYSA-N,1986,1724,1725,1634,1537,1869,1527,1832,1634,1718.6666666666667,1800
VNFPBHJOKIVQEB-UHFFFAOYSA-N,1637,1671,1689,1709,1874,1861,1493,1699,1836,1718.7777777777778,1801
MPIPASJGOJYODL-UHFFFAOYSA-N,2153,1907,1682,1226,2049,2057,1132,1506,1771,1720.3333333333333,1802
QRJJEGAJXVEBNE-MOHJPFBDSA-N,1768,1774,1284,2045,1855,1232,2057,1605,1874,1721.5555555555557,1803
WOZSCQDILHKSGG-UHFFFAOYSA-N,1595,1444,1840,1818,1883,1784,1527,1863,1749,1722.5555555555557,1804
JXJPYHDHJZJWRI-UHFFFAOYSA-N,1582,1742,1926,1747,1564,1657,1538,1941,1810,1723.0,1805
MTJHLONVHHPNSI-IBGZPJMESA-N,1371,1622,1528,1893,1758,2049,1483,1846,1964,1723.7777777777778,1806
HLCHRSFXEXAMLU-YDQNRGGDSA-N,1843,1642,1958,1927,1529,1640,1820,1424,1756,1726.5555555555557,1807
RADMJHVVIZTENA-UHFFFAOYSA-N,2058,1747,1615,1521,1740,1494,1615,2009,1755,1728.2222222222222,1808
GWWLWDURRGNSRS-UHFFFAOYSA-N,1453,2002,1838,1818,1331,1742,1993,1930,1454,1729.0,1809
LEZWWPYKPKIXLL-UHFFFAOYSA-N,1411,1761,1834,1585,1805,1700,1963,1444,2059,1729.111111111111,1810
XESARGFCSKSFID-FLLFQEBCSA-N,1983,1332,1655,1812,1542,1685,1748,2032,1774,1729.2222222222222,1811
RKEWSXXUOLRFBX-UHFFFAOYSA-N,1611,1693,1312,1880,1980,1599,1757,1985,1750,1729.6666666666667,1812
LXBIFEVIBLOUGU-DPYQTVNSSA-N,2044,1018,1981,1493,1863,1702,2074,1782,1612,1729.888888888889,1813
OKRSVUYYCJPECG-LFGMFVMYSA-N,1864,1322,1815,2083,1769,1400,1418,2078,1833,1731.3333333333333,1814
YVPGZQLRPAGKLA-UHFFFAOYSA-N,1642,1645,1393,1616,1861,1889,1832,1929,1784,1732.3333333333333,1815
UTDAKQMBNSHJJB-JWGURIENSA-N,1589,1791,1939,1550,1609,1829,1658,1758,1870,1732.5555555555557,1816
OWBFCJROIKNMGD-BQYQJAHWSA-N,1679,1675,1970,1945,1801,1129,1772,1702,1950,1735.888888888889,1817
RZLHGQLYNZQZQQ-UHFFFAOYSA-N,1655,1942,1374,1947,1662,1642,1318,2078,2011,1736.5555555555557,1818
VTGBZWHPJFMTKS-UHFFFAOYSA-N,1479,1918,1433,1786,1779,1894,1501,1876,1972,1737.5555555555557,1819
QXHHHPZILQDDPS-UHFFFAOYSA-N,1341,1688,1946,1589,1897,1836,1868,1508,1967,1737.7777777777778,1820
WPSYODSLCGCWDB-UHFFFAOYSA-N,1516,1728,1773,1651,1763,1843,2071,1659,1671,1741.6666666666667,1821
KTUFNOKKBVMGRW-UHFFFAOYSA-N,1466,1901,1900,2006,1717,1876,1564,1713,1548,1743.4444444444443,1822
NZHMAQSCHUSSSJ-UHFFFAOYSA-N,1673,1911,1561,1727,1855,1655,1818,1554,1939,1743.6666666666667,1823
LSPANGZZENHZNJ-UHFFFAOYSA-N,887,1920,1448,1561,2090,1869,1960,1954,2005,1743.7777777777778,1824
NOCJXYPHIIZEHN-UHFFFAOYSA-N,1762,1886,1822,1696,1738,1835,1450,1873,1639,1744.5555555555557,1825
ALQXIMVNPRVWQA-VHDGCEQUSA-N,1562,1762,1737,1992,2104,1848,1332,1461,1910,1745.3333333333333,1826
DHBUGPKREPJNHI-RFXYBNFFSA-N,1535,1755,1707,1909,1827,1516,1700,1858,1912,1746.5555555555557,1827
BTKHXNIRAYKGMN-KHPPLWFESA-N,1730,1943,2036,1622,1898,1455,2063,1353,1620,1746.6666666666667,1828
LFDOEFHQLNGBQQ-HNNXBMFYSA-N,1953,1649,1793,1609,1890,1549,1944,1573,1760,1746.6666666666667,1828
ROWSTIYZUWEOMM-UHFFFAOYSA-N,1826,1639,1810,1683,1674,1821,1837,1760,1688,1748.6666666666667,1830
QZPQTZZNNJUOLS-UHFFFAOYSA-N,2007,1657,1408,2037,2004,1588,1856,1204,1980,1749.0,1831
CTNQAPPDQTYTHM-UHFFFAOYSA-N,1111,1927,1754,1600,1550,1723,2138,1988,1950,1749.0,1831
JHBWYQRKOUBPCA-UHFFFAOYSA-N,948,2078,1665,2080,1925,2027,1621,1586,1826,1750.6666666666667,1833
LRIFUWJWOSDOMV-UHFFFAOYSA-N,1766,1552,1712,2024,2026,1942,1479,2073,1192,1751.7777777777778,1834
WVXRAFOPTSTNLL-UHFFFAOYSA-N,2109,1637,1931,1907,1044,1958,2002,1757,1426,1752.3333333333333,1835
FBSKJMQYURKNSU-ZLSOWSIRSA-N,2061,1604,1696,1604,1685,1558,1873,2038,1655,1752.6666666666667,1836
QDYLMAYUEZBUFO-UHFFFAOYSA-N,1463,1895,2140,1286,2046,1479,2064,1701,1701,1752.7777777777778,1837
OOXQDZTUGOJLHK-CZIZESTLSA-N,2059,1888,1744,1877,1847,1959,1899,821,1688,1753.5555555555557,1838
HJORMJIFDVBMOB-ZYZCRDMLSA-N,1867,1754,1531,1634,1859,1903,1790,1874,1583,1755.0,1839
URCVCIZFVQDVPM-UHFFFAOYSA-N,1670,2091,1554,1774,1977,1834,1849,1110,1943,1755.7777777777778,1840
IPVFGAYTKQKGBM-BYPJNBLXSA-N,1512,1339,1943,1713,1964,1684,1842,1813,1992,1755.7777777777778,1840
AAKJLRGGTJKAMG-UHFFFAOYSA-N,1326,2028,1813,1628,1914,1975,1768,1602,1762,1757.3333333333333,1842
SGDBTWWWUNNDEQ-UHFFFAOYSA-N,2094,1762,1758,1825,1452,1623,1501,1836,1980,1759.0,1843
SINZZLKFRXIFDJ-UHFFFAOYSA-N,1425,1805,1909,1750,2063,1561,1797,1643,1880,1759.2222222222222,1844
ALCSGJCIESECFD-UHFFFAOYSA-N,1936,1424,1903,1764,1861,1679,1894,1610,1778,1761.0,1845
DQKXQSGTHWVTAD-UHFFFAOYSA-N,1768,1613,1570,2067,1547,1557,1787,1850,2103,1762.4444444444443,1846
WVLHHLRVNDMIAR-UHFFFAOYSA-N,1943,1582,1763,1770,1644,1534,1937,1664,2034,1763.4444444444443,1847
JRFYJULGAGLHHN-KCJUWKMLSA-O,1276,2005,1837,1470,2062,1637,1897,2120,1568,1763.5555555555557,1848
BQWPMXGVSJTVAL-UHFFFAOYSA-N,1703,1791,1966,1792,1700,1681,1774,1719,1750,1764.0,1849
IDCHQQSVJAAUQQ-UHFFFAOYSA-N,1556,1952,1839,1269,1739,2046,1657,1846,1973,1764.111111111111,1850
OPAKEJZFFCECPN-XQRVVYSFSA-N,1518,1796,1914,1796,1790,1540,1748,1793,1983,1764.2222222222222,1851
DFXFDNPRHWLXON-AANMMBORSA-N,1876,1570,1597,1929,1834,1772,1520,1803,1984,1765.0,1852
PWFIFNGOPQUNIT-NHYXAHLCSA-N,2009,1867,1457,1626,1852,1774,1738,2043,1520,1765.111111111111,1853
MXWZRRPNVLCHMY-UHFFFAOYSA-N,1779,1475,1810,1967,2078,892,1932,2052,1902,1765.2222222222222,1854
HESSNRGIEVBPRB-PLBXONRJSA-N,1557,1872,1888,1347,2026,1914,1287,1973,2030,1766.0,1855
GFMMXOIFOQCCGU-UHFFFAOYSA-N,998,1863,2148,1972,2005,1379,2005,1841,1691,1766.888888888889,1856
SVGRIJCSKWXOPA-UHFFFAOYSA-N,2029,1718,1853,1678,1811,1749,1733,1633,1709,1768.111111111111,1857
ZBJBRUSGEJORQL-UHFFFAOYSA-N,1639,2040,1662,1851,1827,1785,1599,1976,1568,1771.888888888889,1858
DQOYUDHAZMAVLD-UHFFFAOYSA-N,1892,2085,1597,2088,2110,1305,2025,1210,1636,1772.0,1859
MYEJFUXQJGHEQK-CZIOHNRYSA-N,1845,1831,1434,1838,1648,1817,1705,1943,1890,1772.3333333333333,1860
WCWUXEGQKLTGDX-LLVKDONJSA-N,1247,1887,1656,1879,2016,1823,1753,1739,1968,1774.2222222222222,1861
FOFDIMHVKGYHRU-UHFFFAOYSA-N,1253,2051,1526,1514,1958,2021,2050,1881,1725,1775.4444444444443,1862
FASDKYOPVNHBLU-SSDOTTSWSA-N,1932,2058,2124,2064,1612,1780,1588,1981,841,1775.5555555555557,1863
AELCINSCMGFISI-UHFFFAOYSA-N,1753,1542,2081,1727,1618,1883,1820,1619,1942,1776.111111111111,1864
HJORMJIFDVBMOB-UHFFFAOYSA-N,1823,1854,1625,1735,1950,1763,1715,1870,1656,1776.7777777777778,1865
UTDAKQMBNSHJJB-CJLVFECKSA-N,1382,1970,1939,1550,1755,2036,1813,1679,1870,1777.111111111111,1866
VHOGYURTWQBHIL-UHFFFAOYSA-N,1566,1854,2033,1988,2022,1900,1924,1465,1248,1777.7777777777778,1867
LGLFFNDHMLKUMI-UHFFFAOYSA-N,1616,1381,1910,1818,1795,1740,2106,1628,2025,1779.888888888889,1868
QBSGXIBYUQJHMJ-UHFFFAOYSA-N,1678,1834,1960,1714,1969,1853,1826,1350,1837,1780.111111111111,1869
HTAFVGKAHGNWQO-UHFFFAOYSA-N,2038,1978,1582,1598,1431,2033,1782,1808,1790,1782.2222222222222,1870
TUTBQGAMVCUYQM-UHFFFAOYSA-N,1672,972,2115,2095,2153,1437,2079,1762,1763,1783.111111111111,1871
ABQYZRZVRIPTPI-UHFFFAOYSA-N,2117,1778,1238,2111,1831,1775,1581,1716,1912,1784.3333333333333,1872
GBVQWZXJDIIUCC-UHFFFAOYSA-N,1909,1925,1549,1827,1437,1980,1519,1915,2005,1785.111111111111,1873
IKIIZLYTISPENI-ZFORQUDYSA-N,1271,2044,1927,2106,2034,1802,1919,1747,1219,1785.4444444444443,1874
UPJSUQWHUVLLNW-XMMPIXPASA-N,1871,1641,1759,1641,2083,1503,1574,2026,1973,1785.6666666666667,1875
IPVFGAYTKQKGBM-UHFFFAOYSA-N,1379,1957,1483,2114,1962,1733,1786,1923,1742,1786.5555555555557,1876
FYDWDCIFZSGNBU-UHFFFAOYSA-N,1884,1766,1923,1742,2015,1855,1379,1883,1646,1788.111111111111,1877
QTTYQKNTVMKMMI-GQCTYLIASA-N,2111,1684,1791,1913,1413,1418,1772,2095,1907,1789.3333333333333,1878
SRIJFPBZWUFLFD-UHFFFAOYSA-N,1889,1687,1695,1945,1788,1584,1631,1945,1941,1789.4444444444443,1879
VPTONMHDLLMOOV-UHFFFAOYSA-N,1855,1934,1651,1824,1667,1951,1383,1909,1932,1789.5555555555557,1880
GZTMFRUGZMZCRD-CFBAGHHKSA-N,2030,1984,1611,2043,2033,1524,1089,1876,1920,1790.0,1881
DBRXOUCRJQVYJQ-RTZFTBETSA-N,1744,2120,1744,1841,1279,2087,1925,1257,2120,1790.7777777777778,1882
BBTFKAOFCSOZMB-UHFFFAOYSA-N,1958,1644,1659,1705,1986,1582,1841,1726,2017,1790.888888888889,1883
RYBJORHCUPVNMB-UHFFFAOYSA-N,1721,2053,1836,1592,1995,1664,1681,1752,1827,1791.2222222222222,1884
XBGNERSKEKDZDS-UHFFFAOYSA-N,2072,2072,1608,2024,1642,1858,1881,1438,1526,1791.2222222222222,1884
SWFXMFDHMPMWMA-UHFFFAOYSA-N,1458,1976,1711,2022,1809,1646,1822,1738,1943,1791.6666666666667,1886
KCVLNFSMKJDCRV-UHFFFAOYSA-N,1606,1758,1807,1844,1797,1825,1959,1709,1820,1791.6666666666667,1886
QAWIHIJWNYOLBE-UHFFFAOYSA-N,2079,2117,1425,1865,1804,1350,1983,1969,1538,1792.2222222222222,1888
NJSMWLQOCQIOPE-JEGUCOMDSA-N,2002,1520,1576,1964,1977,1962,1463,1839,1829,1792.4444444444443,1889
SCKXBVLYWLLALY-CZCYGEDCSA-N,1836,1579,1987,1701,2141,1569,2012,2015,1310,1794.4444444444443,1890
TVYLLZQTGLZFBW-GOEBONIOSA-N,1639,1549,1942,1789,1366,2093,1603,2073,2101,1795.0,1891
BLPUOQGPBJPXRL-FNORWQNLSA-N,2021,1531,1864,1848,1499,1806,2053,1638,1901,1795.6666666666667,1892
SVUJNSGGPUCLQZ-FQQAACOVSA-N,1911,1608,1500,1943,1840,1747,1984,1824,1805,1795.7777777777778,1893
IWUCXVSUMQZMFG-ORYDJHDTSA-N,1733,2104,967,1143,2136,2138,1895,1963,2086,1796.111111111111,1894
GXQCVUZORDAARJ-UHFFFAOYSA-N,1615,2004,2003,2091,1632,1804,1613,1746,1660,1796.4444444444443,1895
VLPADTBFADIFKG-UHFFFAOYSA-N,2086,1920,1889,1300,1404,1445,2119,1958,2065,1798.4444444444443,1896
CXGTZJYQWSUFET-IBGZPJMESA-N,1819,1963,1705,1901,1871,1755,1853,1781,1545,1799.2222222222222,1897
FASDKYOPVNHBLU-ZETCQYMHSA-N,1804,2058,2113,1362,2000,1934,1609,2035,1284,1799.888888888889,1898
OJSFTALXCYKKFQ-YLJYHZDGSA-N,1654,1770,1857,1694,1555,1767,1930,2121,1859,1800.7777777777778,1899
JAZBEHYOTPTENJ-JLNKQSITSA-N,1744,1675,2077,1805,1887,1853,1727,1841,1604,1801.4444444444443,1900
QYQDKDWGWDOFFU-KEKZHRQWSA-N,1921,2000,1542,1784,1477,1829,1859,2045,1757,1801.5555555555557,1901
TVYLLZQTGLZFBW-ZBFHGGJFSA-N,1954,1549,1761,1865,1931,1976,1901,1601,1690,1803.111111111111,1902
OGSBUKJUDHAQEA-UHFFFAOYSA-N,1859,1702,2046,1833,1880,1986,1579,1889,1457,1803.4444444444443,1903
FHFYDNQZQSQIAI-UHFFFAOYSA-N,1633,1773,2015,2068,1588,1859,1855,1647,1796,1803.7777777777778,1904
XFCLJVABOIYOMF-QPLCGJKRSA-N,1758,1669,1967,1626,1941,2067,1427,2008,1798,1806.7777777777778,1905
HIANJWSAHKJQTH-UHFFFAOYSA-N,1626,1972,1960,1841,1980,1847,1399,1785,1853,1807.0,1906
WTFXJFJYEJZMFO-UHFFFAOYSA-N,1688,1832,1985,1793,1607,2017,1717,1774,1873,1809.5555555555557,1907
KYLIZBIRMBGUOP-UHFFFAOYSA-N,2022,1747,1807,1817,1703,1912,1996,1516,1772,1810.2222222222222,1908
MAFACRSJGNJHCF-UHFFFAOYSA-N,1681,1799,1866,1585,1871,1938,1737,1979,1840,1810.6666666666667,1909
IAJOMYABKVAZCN-AATRIKPKSA-N,2010,1912,1505,1859,2042,1619,1908,1626,1833,1812.6666666666667,1910
QDITZBLZQQZVEE-YBEGLDIGSA-N,2062,1906,1790,1764,1838,1898,1760,1126,2171,1812.7777777777778,1911
JGGNOCUEWOGWPL-MUUNZHRXSA-N,1861,1530,1795,1875,1755,1800,2001,1818,1883,1813.111111111111,1912
ULXXDDBFHOBEHA-CWDCEQMOSA-N,1528,1832,1920,1479,2032,1916,1995,1595,2043,1815.5555555555557,1913
NYKPKXPWOWUPJV-UHFFFAOYSA-N,1900,1969,1916,2042,1561,2068,1867,1371,1656,1816.6666666666667,1914
WDFKMLRRRCGAKS-UHFFFAOYSA-N,1706,1399,1679,1905,1729,1999,2133,1799,2002,1816.7777777777778,1915
NFSKEXQRNDSSAN-NSHDSACASA-N,2033,1640,1764,1633,1879,1755,2035,1723,1893,1817.2222222222222,1916
ABJKWBDEJIDSJZ-UHFFFAOYSA-N,1943,1875,1903,1708,1614,2056,1733,1739,1801,1819.111111111111,1917
XQFRJNBWHJMXHO-UHFFFAOYSA-N,1955,1884,1539,1937,1957,2006,1907,1323,1893,1822.3333333333333,1918
UNJFKXSSGBWRBZ-BJCIPQKHSA-N,1782,1828,1518,1872,1886,1947,1787,1854,1927,1822.3333333333333,1918
QGFORSXNKQLDNO-UHFFFAOYSA-N,1616,2193,1855,1609,1986,1747,2083,1505,1814,1823.111111111111,1920
UWXSAYUXVSFDBQ-UHFFFAOYSA-N,1461,1868,1649,2047,1798,2126,1803,1798,1869,1824.3333333333333,1921
UCPMSMNKGXUFCC-UHFFFAOYSA-N,1762,1622,1928,2031,1902,1719,1910,1813,1734,1824.5555555555557,1922
PDMUULPVBYQBBK-UHFFFAOYSA-N,1305,2124,2011,1612,2134,1990,1812,1303,2137,1825.3333333333333,1923
SRVJKTDHMYAMHA-WUXMJOGZSA-N,2000,1657,1803,1871,1769,1963,1954,1968,1450,1826.111111111111,1924
CUQJLYFFQBHUGW-UHFFFAOYSA-N,2071,2039,1520,2145,1890,1673,1816,1391,1893,1826.4444444444443,1925
ODUBEYQKYAQFNS-UHFFFAOYSA-N,1995,1629,1510,1800,2087,1974,1775,1790,1879,1826.5555555555557,1926
VIWMXLPFMKLOCQ-UHFFFAOYSA-N,1844,2055,1167,2061,2092,1717,1947,1705,1859,1827.4444444444443,1927
SQVRNKJHWKZAKO-PFQGKNLYSA-N,1738,2101,1855,1298,2107,1831,1356,2086,2081,1828.111111111111,1928
MGSNWNLPMHXGDD-DFWOJPNQSA-N,1725,1610,1497,1938,1958,1752,2070,1862,2042,1828.2222222222222,1929
ZDRFDHHANOYUTE-IOSLPCCCSA-N,1882,2146,1153,1874,2112,1660,2081,1380,2174,1829.111111111111,1930
REOJLIXKJWXUGB-UHFFFAOYSA-N,2055,1435,1881,1958,1594,1922,2118,1681,1828,1830.2222222222222,1931
HFHZKZSRXITVMK-UHFFFAOYSA-N,2083,1107,2160,1374,2039,2024,1972,1580,2141,1831.111111111111,1932
AELCINSCMGFISI-BDAKNGLRSA-N,1906,1545,1968,1932,1574,1702,1978,1819,2061,1831.6666666666667,1933
YJMYSLFFZJUXOA-UHFFFAOYSA-N,1878,1988,1799,1865,1833,1978,1711,1898,1544,1832.6666666666667,1934
DTOSIQBPPRVQHS-PDBXOOCHSA-N,2133,1277,1987,1786,2069,1983,1709,1685,1865,1832.6666666666667,1934
MFGSDSRTGUVZQG-DFQSSKMNSA-N,1829,2119,1929,1571,1608,1900,1717,2100,1732,1833.888888888889,1936
RYBOXBBYCVOYNO-UHFFFAOYSA-N,1795,1925,2078,2028,1638,1883,1566,1605,1991,1834.3333333333333,1937
PPUDLEUZKVJXSZ-VPCXQMTMSA-N,1943,1531,2022,2060,1922,1907,1975,1776,1381,1835.2222222222222,1938
JFVZFKDSXNQEJW-AWEZNQCLSA-N,1918,1762,1491,2090,1947,1771,2020,1742,1805,1838.4444444444443,1939
UHQFBTAJFNVZIV-UHFFFAOYSA-N,2018,1821,1674,2133,1651,2080,1970,1467,1744,1839.7777777777778,1940
JFVZFKDSXNQEJW-CQSZACIVSA-N,1967,1899,1135,1932,1874,1918,2102,1881,1900,1845.3333333333333,1941
GXCZZAKPGMYPDJ-UHFFFAOYSA-N,1868,1785,1841,1830,1925,1932,1961,1554,1916,1845.7777777777778,1942
XXSMGPRMXLTPCZ-UHFFFAOYSA-N,1715,1605,1727,1987,2034,1872,1826,2012,1845,1847.0,1943
PZDPVSFZTKORSP-OAHLLOKOSA-N,2129,1674,2104,1590,1648,2005,1893,1663,1925,1847.888888888889,1944
IXWNTLSTOZFSCM-YVACAVLKSA-N,1642,1811,2057,2007,2038,1909,2043,1123,2007,1848.5555555555557,1945
ICUTUKXCWQYESQ-UHFFFAOYSA-N,2003,2065,1821,1497,2016,1608,1709,1966,1975,1851.111111111111,1946
CHILCFMQWMQVAL-UHFFFAOYSA-N,1909,1878,1731,1887,1750,1660,1899,2051,1917,1853.5555555555557,1947
SNHCRNMVYDHVDT-UHFFFAOYSA-N,1813,1956,1669,1915,1934,1735,1727,1885,2053,1854.111111111111,1948
ZJVAVRRLTFVZIP-UHFFFAOYSA-N,1918,1330,1771,2101,2050,2018,1775,2054,1675,1854.6666666666667,1949
DXKRGNXUIRKXNR-UHFFFAOYSA-N,1941,1705,1710,1884,2041,1749,1684,2060,1927,1855.6666666666667,1950
WVXRAFOPTSTNLL-NKWVEPMBSA-N,2109,1868,1919,1662,1986,1905,2010,1686,1563,1856.4444444444443,1951
PLSOFLNMARXGBD-UHFFFAOYSA-N,1935,2035,1963,1836,1753,1851,1668,1827,1845,1857.0,1952
MUOKSQABCJCOPU-UHFFFAOYSA-N,1609,1839,1726,1907,1726,1946,1904,2039,2028,1858.2222222222222,1953
XZNUGFQTQHRASN-XQENGBIVSA-N,1514,2044,1701,2041,1725,1579,2111,1891,2129,1859.4444444444443,1954
YPQVDFLBDPTGLB-UHFFFAOYSA-N,2063,2111,1713,2163,2036,2143,2028,1396,1082,1859.4444444444443,1954
PXSOHRWMIRDKMP-UHFFFAOYSA-N,1949,1827,1825,1985,1799,2048,1649,1645,2020,1860.7777777777778,1956
FILYHFFLMZBUSY-UHFFFAOYSA-N,1987,1733,2000,2028,1746,1766,2040,1919,1529,1860.888888888889,1957
ZAKKEARLDPTRLX-UHFFFAOYSA-N,1885,1944,1910,1920,1955,2090,1627,1802,1618,1861.2222222222222,1958
JFIWEPHGRUDAJN-DYUFWOLASA-N,2070,1953,1842,1618,2012,2090,1547,2140,1481,1861.4444444444443,1959
VFOKSTCIRGDTBR-UHFFFAOYSA-N,1673,2003,1889,1844,1716,2026,1643,1978,1996,1863.111111111111,1960
ZPBLNADJHWHOEP-UHFFFAOYSA-N,1738,1933,1805,1922,1807,1945,1869,1902,1859,1864.4444444444443,1961
PRXHANOJNVGVGC-UHFFFAOYSA-N,1715,1854,1962,1870,1783,1888,1713,2009,2026,1868.888888888889,1962
BZGHPHUNZKSCKZ-UHFFFAOYSA-N,1926,2012,1874,1828,1740,1936,1902,1711,1893,1869.111111111111,1963
RXXJCNMVVRGOJB-UHFFFAOYSA-O,1989,1895,1900,2033,1962,1911,1890,1283,1969,1870.2222222222222,1964
DDYJDIHOSRTMSE-FLIBITNWSA-N,1966,1401,1780,1622,1843,2062,2056,2103,2015,1872.0,1965
HSNUXANXVHLGQT-HXUWFJFHSA-N,2127,1812,2082,1902,1521,1997,2107,1896,1421,1873.888888888889,1966
YTFBNFMILWHYAP-UWJYYQICSA-N,1942,1770,1656,1830,1710,2119,1836,2000,2007,1874.4444444444443,1967
CJILPKIVYILOEF-UHFFFAOYSA-N,2057,2075,1589,1814,1868,1821,1784,2063,1801,1874.6666666666667,1968
LXBIFEVIBLOUGU-CLEROBSHSA-N,1800,1503,2110,2082,2112,1813,2074,1347,2031,1874.6666666666667,1968
BHQCQFFYRZLCQQ-OELDTZBJSA-N,2076,1759,1905,1895,1975,1929,1978,1374,1990,1875.6666666666667,1970
IJTPLVAAROHGGB-UHFFFAOYSA-N,1960,1930,1659,1944,1895,2099,1700,1716,1993,1877.3333333333333,1971
QXOPTIPQEVJERB-JQWIXIFHSA-N,1320,1975,1875,1922,1952,1984,2014,1899,1961,1878.0,1972
IWUCXVSUMQZMFG-RGDLXGNYSA-N,1301,2096,1972,1704,1938,2138,1741,1963,2049,1878.0,1972
DWAFYCQODLXJNR-UHFFFAOYSA-L,2186,2149,2021,2122,1994,1629,2059,2088,677,1880.5555555555557,1974
AEOCXXJPGCBFJA-UHFFFAOYSA-N,1595,1767,1896,2020,1726,2047,2145,1966,1775,1881.888888888889,1975
RNLQIBCLLYYYFJ-UHFFFAOYSA-N,997,2158,2134,1753,2126,2153,2048,1470,2107,1882.888888888889,1976
NHUBNGBTNGRPMH-MFOYZWKCSA-N,2075,1744,2027,1982,1665,1820,1955,1796,1885,1883.2222222222222,1977
BVRPESWOSNFUCJ-UHFFFAOYSA-N,2084,1512,1803,1857,1993,1846,1973,2030,1853,1883.4444444444443,1978
XGALLCVXEZPNRQ-UHFFFAOYSA-N,1355,2084,2008,2001,1801,1999,1851,1845,2012,1884.0,1979
RGTPDNXJDCPXAB-UHFFFAOYSA-N,1915,1836,1658,1855,2077,1680,1980,1861,2110,1885.7777777777778,1980
POXUJOYUVLWPQN-ZDUSSCGKSA-N,1544,1941,2120,1800,1970,1968,1488,2087,2056,1886.0,1981
SYZWOOODCAMXPL-SFHVURJKSA-N,2034,1910,2083,1385,1961,1767,1969,1871,1996,1886.2222222222222,1982
XBPZXDSZHPDXQU-UHFFFAOYSA-N,1839,1987,1785,1967,2094,1959,1624,1676,2047,1886.4444444444443,1983
ZCENNVQCOZQSGH-UHFFFAOYSA-N,2027,1698,1682,1727,1965,2062,2042,1831,1955,1887.6666666666667,1984
HJLSLZFTEKNLFI-UHFFFAOYSA-N,2042,1871,1844,1851,1638,2054,1958,2004,1733,1888.3333333333333,1985
DWGXUDUOJPYAOR-UHFFFAOYSA-N,2149,1675,2116,1778,1783,1607,1906,1899,2097,1890.0,1986
UXXQOJXBIDBUAC-UHFFFAOYSA-N,1908,1939,1954,1932,1753,1939,1770,1747,2071,1890.3333333333333,1987
KQZVSTAVTJCKDG-DRSBITMPSA-N,2031,1538,1975,2155,1943,1602,1985,2056,1731,1890.6666666666667,1988
SGTNSNPWRIOYBX-MHZLTWQESA-N,1808,2076,2104,1655,1836,2113,1878,1808,1741,1891.0,1989
HXQRGYNEDCHJPJ-UHFFFAOYSA-N,1952,1801,1584,1894,2074,2079,1864,1943,1839,1892.2222222222222,1990
JKOQGQFVAUAYPM-UHFFFAOYSA-N,2064,1660,2035,1756,1401,2083,2079,2103,1851,1892.4444444444443,1991
WNGFKUOERJDDIY-OQLLNIDSSA-N,2040,1786,1871,2035,1912,1878,1920,1829,1766,1893.0,1992
VKSPIPWLHGKJQO-UHFFFAOYSA-N,1783,1825,1907,2054,1819,1906,1932,1868,1947,1893.4444444444443,1993
FFGSXKJJVBXWCY-UHFFFAOYSA-N,1140,2029,1777,2076,2106,2171,2101,2090,1560,1894.4444444444443,1994
WJEOLQLKVOPQFV-UHFFFAOYSA-N,1698,2079,1990,2137,1827,1793,1895,2041,1596,1895.111111111111,1995
RDUHXGIIUDVSHR-UHFFFAOYSA-N,1995,2082,1782,1954,1709,1981,1890,1971,1700,1896.0,1996
VOJLELRQLPENHL-UHFFFAOYSA-N,1828,2089,2016,1764,1554,1937,1992,2065,1820,1896.111111111111,1997
FBOZXECLQNJBKD-UHFFFAOYSA-N,1887,1259,2071,1431,2099,2103,2031,2069,2127,1897.4444444444443,1998
QQOBRRFOVWGIMD-OJAKKHQRSA-N,1837,1679,1647,1808,2082,1944,2116,1954,2010,1897.4444444444443,1998
XXVLKDRPHSFIIB-UHFFFAOYSA-N,2065,1981,1641,1959,1801,1817,2031,1942,1852,1898.7777777777778,2000
VYQNWZOUAUKGHI-UHFFFAOYSA-N,1854,1964,2009,1898,1779,1970,1913,1891,1812,1898.888888888889,2001
XRVJPLDTMUSSDE-UHFFFAOYSA-N,2039,1767,2107,2015,2105,1467,1982,2050,1559,1899.0,2002
RJIWZDNTCBHXAL-UHFFFAOYSA-N,2051,1838,1997,1990,1740,2077,1822,1646,1993,1906.0,2003
YTAOBBFIOAEMLL-REQDGWNSSA-N,1943,2057,1867,1784,1948,1808,2088,1760,1904,1906.5555555555557,2004
OVCDSSHSILBFBN-UHFFFAOYSA-N,1947,2035,2074,1798,1965,1782,1852,1826,1887,1907.3333333333333,2005
ARMFEKPMFQQBNM-UHFFFAOYSA-N,1585,2018,2130,2092,2022,1580,1757,1856,2126,1907.3333333333333,2005
PWAUCHMQEXVFJR-PMAPCBKXSA-N,1741,1994,2043,2071,1737,1591,1874,2083,2044,1908.6666666666667,2007
HOBAELRKJCKHQD-YHTMAJSVSA-N,1863,2021,2075,1614,2096,1811,1942,1838,1926,1909.5555555555557,2008
SMQXDOVGKKMUIZ-UHFFFAOYSA-N,2100,1682,2011,1980,1943,1602,1918,2097,1868,1911.2222222222222,2009
VBSPHZOBAOWFCL-UHFFFAOYSA-O,1591,1948,2129,1886,2148,2009,1925,1559,2015,1912.2222222222222,2010
PWAUCHMQEXVFJR-YZZKKUAISA-N,2031,1774,2024,1932,1602,1965,1953,1896,2044,1913.4444444444443,2011
ZVMMVSSEAMUNGI-UHFFFAOYSA-N,1989,1662,1957,1942,2122,1986,1794,1737,2047,1915.111111111111,2012
TYTYIUANSACAEM-UHFFFAOYSA-M,1758,1915,2043,2036,2007,1880,1937,1690,1970,1915.111111111111,2012
IZZYUABKZYIINT-UHFFFAOYSA-N,1802,1901,1824,1994,2159,1731,1775,2113,1955,1917.111111111111,2014
NUNIWXHYABYXKF-UHFFFAOYSA-N,1808,1873,1989,2044,1933,1882,2021,1926,1779,1917.2222222222222,2015
LXBIFEVIBLOUGU-JGWLITMVSA-N,2102,1978,2110,1891,1863,1218,2165,1902,2034,1918.111111111111,2016
LKCWBDHBTVXHDL-RMDFUYIESA-N,1573,1788,2145,1885,1882,2147,1545,2156,2151,1919.111111111111,2017
PWFIFNGOPQUNIT-ITMZJIMRSA-N,2081,2106,1850,1918,1852,1428,2107,2063,1872,1919.6666666666667,2018
WINXAKJYORVNHU-UHFFFAOYSA-N,2115,1679,1999,1983,1992,1869,1654,2044,1955,1921.111111111111,2019
MJJALKDDGIKVBE-UHFFFAOYSA-N,1898,1988,2068,2046,1629,1790,1797,2004,2078,1922.0,2020
MIWWSGDADVMLTG-UHFFFAOYSA-N,2068,1905,1860,1951,1595,2121,1950,2135,1726,1923.4444444444443,2021
ACGUYXCXAPNIKK-UHFFFAOYSA-N,1924,1806,2090,1814,1874,1956,1991,2049,1809,1923.6666666666667,2022
VAZAPHZUAVEOMC-UHFFFAOYSA-N,1812,1962,1894,2089,2084,1998,1810,1764,1912,1925.0,2023
PCAWDBXDEJVICI-UHFFFAOYSA-N,2096,1916,2055,2126,1720,1764,1753,1884,2034,1927.5555555555557,2024
GDXHUQOLWNEHCJ-UHFFFAOYSA-N,2078,1759,2014,1856,1995,1969,1908,1954,1820,1928.111111111111,2025
MDSQOJYHHZBZKA-GBXCKJPGSA-N,1799,2065,2054,1783,1904,1926,1796,1988,2040,1928.3333333333333,2026
IYIKLHRQXLHMJQ-UHFFFAOYSA-N,2012,1836,1859,1985,1817,1875,1999,2020,1966,1929.888888888889,2027
OEAXOGPMLCXNMV-UHFFFAOYSA-N,1924,2047,2007,2022,1924,1855,1890,1726,1977,1930.2222222222222,2028
ZQTNQVWKHCQYLQ-UHFFFAOYSA-N,2114,1733,1881,2028,1900,1970,1782,1990,1986,1931.5555555555557,2029
SGTNSNPWRIOYBX-UHFFFAOYSA-N,1808,1895,2119,2005,1836,2109,1878,1979,1786,1935.0,2030
WELIVEBWRWAGOM-UHFFFAOYSA-N,2178,2094,2126,1649,2085,1591,1662,2166,1865,1935.111111111111,2031
DKVNAGXPRSYHLB-UHFFFAOYSA-N,1928,2080,2001,1755,2091,1724,2067,1779,2014,1937.6666666666667,2032
IJMBOKOTALXLKS-UHFFFAOYSA-N,2056,1690,2023,2078,1953,2037,2003,1787,1815,1938.0,2033
SYZWOOODCAMXPL-GOSISDBHSA-N,2034,1888,1953,1640,1915,2003,1986,2000,2023,1938.0,2033
YFGQJKBUXPKSAW-OQHPCPMASA-N,1853,2050,2049,1948,1605,2137,1760,2013,2029,1938.2222222222222,2035
RHRAMPXHWHSKQB-UHFFFAOYSA-N,1833,1894,2095,2101,1825,1769,2019,2068,1841,1938.3333333333333,2036
UZVHFVZFNXBMQJ-UHFFFAOYSA-N,2124,1830,1850,1904,1855,2136,1912,2076,1766,1939.2222222222222,2037
OTVAEFIXJLOWRX-NXEZZACHSA-N,1937,1852,2089,1778,2068,1505,2072,2057,2104,1940.2222222222222,2038
FBWNMEQMRUMQSO-UHFFFAOYSA-N,2084,1953,1691,1957,1740,1885,2016,2096,2080,1944.6666666666667,2039
PQLXHQMOHUQAKB-UHFFFAOYSA-N,1577,2105,2097,1963,1697,2013,1875,2103,2084,1946.0,2040
HOBAELRKJCKHQD-QNEBEIHSSA-N,1886,2113,1787,2125,1905,2085,2069,2065,1502,1948.5555555555557,2041
YXUPZGKORWTXID-UHFFFAOYSA-N,1981,1929,2072,1745,1974,2111,1930,1938,1862,1949.111111111111,2042
OVPNQJVDAFNBDN-UHFFFAOYSA-N,1656,2024,2053,1948,1849,2041,1835,2124,2041,1952.3333333333333,2043
VVSVBZTVALYDMC-UHFFFAOYSA-N,1989,1927,2075,1895,1843,2070,1966,1858,1950,1952.5555555555557,2044
LFUMGIOQKSBEQA-UHFFFAOYSA-N,1972,1518,2050,2016,2010,1922,2059,1994,2032,1952.5555555555557,2044
YREYEVIYCVEVJK-UHFFFAOYSA-N,2069,1930,1872,2085,1469,2108,1910,2069,2067,1953.2222222222222,2046
ZUQBAQVRAURMCL-DOMZBBRYSA-N,1907,2046,1923,1964,1868,2065,2131,1982,1738,1958.2222222222222,2047
MHDPPLULTMGBSI-UUOKFMHZSA-N,1850,2030,2088,2049,1792,1924,1944,2000,1959,1959.5555555555557,2048
XMYKNCNAZKMVQN-NYYWCZLTSA-N,2018,1981,2144,1865,1937,1836,2058,1913,1893,1960.5555555555557,2049
OIQJEQLSYJSNDS-UHFFFAOYSA-N,2011,2138,1785,1905,2058,1986,2015,1969,1784,1961.2222222222222,2050
JJBMTUJJQREOPY-NSHDSACASA-N,2119,2017,1631,1903,2003,1872,2027,2022,2072,1962.888888888889,2051
ZUQBAQVRAURMCL-IUODEOHRSA-N,1899,2024,1923,2117,1814,2009,1857,1982,2056,1964.5555555555557,2052
PULHLIOPJXPGJN-UHFFFAOYSA-N,2195,2060,1779,2142,2066,1625,1563,2143,2109,1964.6666666666667,2053
YOQPCWIXYUNEET-UHFFFAOYSA-N,2134,1721,1994,2008,1840,2142,1916,2020,1949,1969.3333333333333,2054
JFWGYKRUMPKNKF-UHFFFAOYSA-N,2014,1947,2078,2132,1758,2065,2150,1586,1996,1969.5555555555557,2055
GAOHLWCIAJNSEE-JTQLQIEISA-N,1897,2110,2009,1918,2060,1903,1826,1939,2068,1970.0,2056
NFRPNQDSKJJQGV-UHFFFAOYSA-N,1755,2112,2125,2073,1866,2149,1507,2019,2135,1971.2222222222222,2057
JFJZZMVDLULRGK-UHFFFAOYSA-O,2144,1873,1381,2039,2172,2030,1917,2109,2091,1972.888888888889,2058
PWHROYKAGRUWDQ-UHFFFAOYSA-N,1928,1802,2162,1975,1888,2089,2073,2022,1832,1974.5555555555557,2059
PKZCOQYQGMAVLN-UHFFFAOYSA-N,1858,2073,2039,1939,1936,1789,2091,2077,1976,1975.3333333333333,2060
IPWKIXLWTCNBKN-UHFFFAOYSA-N,2208,2040,1809,2096,1972,2128,2051,1974,1502,1975.5555555555557,2061
OWEGWHBOCFMBLP-UHFFFAOYSA-N,2022,2064,1861,2147,2021,1993,1816,1914,1950,1976.4444444444443,2062
OALDDSAHYZPJQM-UHFFFAOYSA-N,1776,2069,2131,2052,1681,2102,2065,2016,1935,1980.7777777777778,2063
IPWKIXLWTCNBKN-ZCFIWIBFSA-N,2187,1820,2080,1882,1972,2128,2051,2082,1652,1983.7777777777778,2064
HSNUXANXVHLGQT-UHFFFAOYSA-N,1998,2052,2100,2070,1949,2105,2029,1454,2114,1985.6666666666667,2065
PSWOBQSIXLVPDV-CXUHLZMHSA-N,1895,1901,2029,1844,2065,2030,2035,1957,2124,1986.6666666666667,2066
YNWCUCSDUMVJKR-UHFFFAOYSA-N,1726,2118,2176,1964,2139,1855,2025,2084,1825,1990.2222222222222,2067
FVYRUSCZCWSFLT-UHFFFAOYSA-N,2076,2027,1635,2038,2054,2012,2059,2071,1943,1990.5555555555557,2068
GNDPAVKYAUIVEB-ZROIWOOFSA-N,2041,2081,1716,1960,2042,2034,1987,2006,2052,1991.0,2069
WBBZUHMHBSXBDT-UHFFFAOYSA-N,1983,1863,2063,1972,2008,2064,1885,2106,1979,1991.4444444444443,2070
KHAWQRZRRJLHHX-UHFFFAOYSA-N,1940,1848,2121,2002,2111,1989,2089,1901,1931,1992.4444444444443,2071
ZGJHIFYEQJEUKA-UHFFFAOYSA-N,2119,2023,2011,1897,1960,2008,1999,2075,1855,1994.111111111111,2072
ISSKMEQROMFEHL-UHFFFAOYSA-N,1928,1940,2020,1995,2080,2076,2151,1879,1890,1995.4444444444443,2073
WKLGNFJHVJIZPK-UHFFFAOYSA-N,2006,1882,2045,2050,2101,2087,1822,1949,2018,1995.5555555555557,2074
IIJQICKYWPGJDT-UHFFFAOYSA-L,1975,2141,1996,2127,2076,1926,1806,1776,2139,1995.7777777777778,2075
GBBJCSTXCAQSSJ-JVZYCSMKSA-N,2152,1860,1944,2069,2005,1861,2023,2026,2083,2002.5555555555557,2076
CZCHIEJNWPNBDE-UHFFFAOYSA-N,2047,2047,2061,2027,1778,1917,2096,2031,2027,2003.4444444444443,2077
MHFRGQHAERHWKZ-UHFFFAOYSA-N,2106,2135,2060,1812,2039,2078,2095,1591,2116,2003.5555555555557,2078
LHIALLMPKJMSIQ-NSCUHMNNSA-N,2043,1923,1875,2058,2014,2025,2077,2033,1993,2004.5555555555557,2079
KHOITXIGCFIULA-UHFFFAOYSA-N,1868,2034,2027,2059,1968,2001,2007,2149,1937,2005.5555555555557,2080
GABVDWALKPAUEQ-UHFFFAOYSA-M,1985,2009,2175,2177,1775,2131,2127,2081,1609,2007.6666666666667,2081
CJXAEXPPLWQRFR-UHFFFAOYSA-N,1917,2021,1872,2080,2058,2125,2004,1925,2068,2007.7777777777778,2082
XDUOTWNXVDBCDY-VOTSOKGWSA-N,2014,2086,1964,2016,1998,2038,1956,1991,2063,2014.0,2083
IAIWVQXQOWNYOU-FPYGCLRLSA-N,2046,2009,2067,2051,2051,1695,2105,1958,2148,2014.4444444444443,2084
JZRWCGZRTZMZEH-UHFFFAOYSA-N,2073,2095,1870,1841,2109,2007,2114,1926,2108,2015.888888888889,2085
KUXUALPOSMRJSW-IFWQJVLJSA-N,2034,1879,1879,1948,2100,2101,1981,2055,2169,2016.2222222222222,2086
KKGQTZUTZRNORY-UHFFFAOYSA-N,2050,2015,2051,2008,2072,1949,2039,1974,2089,2027.4444444444443,2087
XDUOTWNXVDBCDY-SREVYHEPSA-N,2014,2106,2037,2018,1998,2058,1956,1997,2068,2028.0,2088
KJAAEKQTENJMDT-SFECMWDFSA-N,1874,2128,2005,2034,2071,2021,2085,2093,1965,2030.6666666666667,2089
KVBGVZZKJNLNJU-UHFFFAOYSA-N,1969,2012,2142,1862,2080,2156,1988,2072,2004,2031.6666666666667,2090
SQVRNKJHWKZAKO-YRMXFSIDSA-N,2004,1752,2069,1979,2198,2210,1888,1996,2201,2033.0,2091
QAWIHIJWNYOLBE-OKKQSCSOSA-N,2079,2062,1954,1978,2146,2060,2007,2084,1929,2033.2222222222222,2092
ZUQBAQVRAURMCL-UHFFFAOYSA-N,2112,1935,2073,2092,1985,2135,2112,1982,1886,2034.6666666666667,2093
ACTRVOBWPAIOHC-UHFFFAOYSA-N,1859,2102,2048,1999,2117,1912,2187,2122,1970,2035.111111111111,2094
MRUDSZSRLQAPOG-UHFFFAOYSA-N,1890,2132,2086,2142,2098,2098,2094,1659,2121,2035.5555555555557,2095
XACKNLSZYYIACO-UHFFFAOYSA-N,1902,2100,1950,2107,2137,1828,2122,2099,2082,2036.3333333333333,2096
UNRCMCRRFYFGFX-TYPNBTCFSA-N,1831,2088,2107,1696,2151,2096,2155,2048,2159,2036.7777777777778,2097
DGWUVKLBXCWNTA-UHFFFAOYSA-N,2048,2133,1973,2153,1918,2041,2033,1946,2094,2037.6666666666667,2098
ADFCQWZHKCXPAJ-UHFFFAOYSA-N,2146,1964,2018,2064,1991,2029,2054,2047,2033,2038.4444444444443,2099
JMOVFFLYGIQXMM-UHFFFAOYSA-N,2005,1945,1934,2108,2125,2038,2098,2061,2046,2040.0,2100
BUXNKFNNJJTLOS-UHFFFAOYSA-N,1890,2182,1978,1992,2067,1977,2161,2108,2019,2041.5555555555557,2101
ADFCQWZHKCXPAJ-GFCCVEGCSA-N,2160,2020,2109,2064,1849,2083,2044,2028,2038,2043.888888888889,2102
FLOJCNYYPGNYBP-RQJHMYQMSA-N,2138,2031,2122,2186,2057,2155,2144,2175,1405,2045.888888888889,2103
UZDQAKCZSLBAOL-QGZVFWFLSA-N,2012,1997,2051,2054,1976,2043,2127,2114,2051,2047.2222222222222,2104
ZDASUJMDVPTNTF-UHFFFAOYSA-N,2092,2007,1977,2103,2064,2119,2068,2016,1986,2048.0,2105
OQBORDVFGPUGDV-UHFFFAOYSA-N,2103,2151,2047,2159,1980,1943,2191,2022,1837,2048.1111111111113,2106
SGTNSNPWRIOYBX-HUHUVLBOSA-N,2150,1895,2104,1922,2019,2109,2141,1961,2137,2048.6666666666665,2107
GPTXWRGISTZRIO-UHFFFAOYSA-N,2132,1991,2056,2114,2087,2044,2149,2089,1783,2049.4444444444443,2108
MFDFERRIHVXMIY-UHFFFAOYSA-N,1912,2156,1971,2120,2123,2094,2035,1950,2086,2049.6666666666665,2109
GLBJJMFZWDBELO-UHFFFAOYSA-N,2118,2098,2161,2121,2031,2073,2115,1652,2091,2051.1111111111113,2110
GQYIWUVLTXOXAJ-UHFFFAOYSA-N,2156,2164,2132,2109,2016,2038,2125,2006,1727,2052.5555555555557,2111
CZRCFAOMWRAFIC-UHFFFAOYSA-N,2091,2054,1815,2103,2179,1957,2098,2034,2154,2053.8888888888887,2112
IRRYFLAZTLGICF-UHFFFAOYSA-N,1969,1966,2085,2118,1995,2082,2100,2098,2089,2055.777777777778,2113
ODEDPKNSRBCSDO-UHFFFAOYSA-N,2101,2099,1848,2138,1953,2055,2123,2094,2093,2056.0,2114
CUUCCLJJOWSASK-UHFFFAOYSA-N,2059,2165,2136,2052,2047,2045,1876,2137,1988,2056.1111111111113,2115
QILRYFCEXLFIDS-UHFFFAOYSA-N,2086,1991,2065,2094,2102,2060,2044,2078,1996,2057.3333333333335,2116
RYJLVAQAWJNSLS-UHFFFAOYSA-N,2155,1994,2093,1991,2011,2106,2022,2126,2020,2057.5555555555557,2117
VEVMYTDOWUQLGI-UHFFFAOYSA-N,2095,2035,1990,2175,2045,2081,2136,1935,2066,2062.0,2118
ASQRQYODAQUVBR-UHFFFAOYSA-L,2123,2068,1931,2097,2135,2023,2035,2092,2074,2064.222222222222,2119
ILBRKJBKDGCSCB-UHFFFAOYSA-N,2140,2016,1958,2071,2156,1920,2120,2046,2177,2067.1111111111113,2120
WBLXZPHICYCDGN-UHFFFAOYSA-N,2140,2073,1944,2169,1799,2014,2135,2165,2183,2069.1111111111113,2121
WRADPCFZZWXOTI-BMRADRMJSA-N,1977,2097,2102,2057,2087,1982,2087,2119,2117,2069.4444444444443,2122
HCIBTBXNLVOFER-UHFFFAOYSA-N,2175,1978,1913,2164,2019,2158,2178,2018,2022,2069.4444444444443,2122
ONJQDTZCDSESIW-UHFFFAOYSA-N,1773,2135,1950,2200,2124,2092,2113,2163,2130,2075.5555555555557,2124
XACKNLSZYYIACO-DJLDLDEBSA-N,2092,1997,2103,2172,1942,1950,2193,2134,2102,2076.1111111111113,2125
IWUCXVSUMQZMFG-LBSIEXDVSA-N,2121,2092,1772,2004,2103,2176,2096,2154,2189,2078.5555555555557,2126
SBHDKYTVDCRMOE-BUXSGADYSA-L,2086,2056,2097,2112,2054,2075,2017,2067,2166,2081.1111111111113,2127
XWRBMHSLXKNRJX-UHFFFAOYSA-N,2166,2163,1969,2156,2157,2134,1897,2129,1982,2083.6666666666665,2128
VEZJRJGLFIXQHG-UHFFFAOYSA-N,2105,2103,2059,2149,2097,1991,2055,2112,2096,2085.222222222222,2129
KYGZCKSPAKDVKC-UHFFFAOYSA-N,1934,2131,2184,2063,2128,2171,2066,2091,2013,2086.777777777778,2130
ULDZFCNXQRYRSI-UHFFFAOYSA-N,2173,2113,2096,1951,2086,1842,2168,2162,2202,2088.1111111111113,2131
WYXSYVWAUAUWLD-SHUUEZRQSA-N,1703,2191,2185,2208,1986,2001,2174,2189,2170,2089.6666666666665,2132
HPHBOJANXDKUQD-UHFFFAOYSA-N,2113,2108,2039,2012,2120,2058,2047,2194,2119,2090.0,2133
XRGNABQSJLQUGV-UHFFFAOYSA-N,1965,2142,2154,2145,2146,2188,1971,1931,2179,2091.222222222222,2134
BNQDCRGUHNALGH-UHFFFAOYSA-N,2165,2006,2117,2114,2131,2003,2142,2181,1996,2095.0,2135
CTUICISGLKIJLG-UHFFFAOYSA-N,2172,2063,2092,2099,2093,2019,2103,2122,2099,2095.777777777778,2136
PMTSPAGBAFCORP-YAIMHKQCSA-N,2001,2089,2152,2140,2128,2072,2092,2059,2132,2096.1111111111113,2137
DGGKRIGJIQRXQD-LLVKDONJSA-N,2167,2026,2039,2021,2108,2130,2158,2147,2104,2100.0,2138
SBHDKYTVDCRMOE-NLRRAJSESA-L,2024,2157,2136,2165,2149,2123,2030,2011,2122,2101.8888888888887,2139
XJHSMFDIQHVMCY-UHFFFAOYSA-M,2051,2169,2084,2139,2163,2124,1977,2117,2098,2102.4444444444443,2140
MHDPPLULTMGBSI-LZGMGDPASA-N,2154,2109,2118,1998,2116,2145,2127,2151,2062,2108.8888888888887,2141
WDOGQTQEKVLZIJ-WAYWQWQTSA-N,2020,2143,2123,2014,2158,2146,2195,2180,2034,2112.5555555555557,2142
QPFYXYFORQJZEC-UHFFFAOYSA-N,2169,2174,2164,2083,2056,2096,2062,2102,2111,2113.0,2143
UJJUKZPBUMCSJZ-BQYQJAHWSA-N,2026,2145,2062,2128,2154,2165,2147,2118,2164,2123.222222222222,2144
SBHDKYTVDCRMOE-JPAPVDFESA-L,2104,2093,2136,2105,2132,2167,2086,2115,2175,2123.6666666666665,2145
CTPKSRZFJSJGML-UHFFFAOYSA-N,2181,2125,2179,1995,2133,2178,2176,2169,1978,2123.777777777778,2146
OVEVHVURWWTPFC-UHFFFAOYSA-N,2121,2116,2128,2112,2115,2112,2160,2128,2136,2125.3333333333335,2147
RJMUSRYZPJIFPJ-UHFFFAOYSA-N,2054,2171,2091,2166,2118,2114,2132,2150,2144,2126.6666666666665,2148
HXQVQGWHFRNKMS-UHFFFAOYSA-M,2074,2137,2127,2073,2214,2182,2169,2142,2055,2130.3333333333335,2149
DXDRHHKMWQZJHT-FPYGCLRLSA-N,2131,2188,2146,2076,2130,2173,2130,2107,2113,2132.6666666666665,2150
QIADQCOYEFCREQ-UHFFFAOYSA-N,2147,2154,2113,2061,2185,2030,2181,2195,2134,2133.3333333333335,2151
CBQJSKKFNMDLON-UHFFFAOYSA-N,2210,2199,2099,1889,2029,2209,2174,2202,2205,2135.1111111111113,2152
QTSJJDIDTYFLFC-BJMVGYQFSA-O,2099,2130,2134,2130,2121,2181,2093,2158,2185,2136.777777777778,2153
LDMWSLGGVTVJPG-UHFFFAOYSA-N,2157,2134,2157,2168,2142,2154,2109,2053,2159,2137.0,2154
QXWKHSSBFQDQPR-UHFFFAOYSA-N,2082,2167,2065,2182,2186,2107,2146,2155,2152,2138.0,2155
XHVAWZZCDCWGBK-WYRLRVFGSA-M,2204,2194,2199,2147,2073,1984,2139,2160,2146,2138.4444444444443,2156
GDHMBNWVLWMONW-UHFFFAOYSA-N,2115,2011,2173,2154,2140,2200,2117,2199,2140,2138.777777777778,2157
RVWNMGKSNGWLOL-GIIHNPQRSA-N,2136,2150,2149,2136,2114,2157,2148,2163,2112,2140.5555555555557,2158
YIMGGHGOVMBIJO-UHFFFAOYSA-N,2139,1986,2172,2195,2162,2116,2123,2205,2180,2142.0,2159
WWCIFIOLOMCRET-UHFFFAOYSA-N,2162,2189,2086,2161,2143,2150,2121,2130,2143,2142.777777777778,2160
MDFXJBQEWLCGHP-RQZCQDPDSA-N,2086,2115,2191,2160,2196,2163,2090,2145,2152,2144.222222222222,2161
ZBYVTTSIVDYQSO-UWTATZPHSA-N,2198,2139,2165,2110,2192,2117,2152,2127,2117,2146.3333333333335,2162
VCAVAURZPNANDQ-UHFFFAOYSA-N,2143,2127,2194,2124,2126,2160,2164,2133,2148,2146.5555555555557,2163
NOIIUHRQUVNIDD-UHFFFAOYSA-N,2137,2161,2141,2150,2145,2144,2159,2141,2145,2147.0,2164
SSLKKMZJCJBOML-UHFFFAOYSA-N,2189,2148,2112,2158,2144,2141,2137,2137,2166,2148.0,2165
COVZYZSDYWQREU-UHFFFAOYSA-N,2053,2140,2190,2087,2202,2180,2209,2169,2106,2148.4444444444443,2166
VAOCPAMSLUNLGC-UHFFFAOYSA-N,2128,2160,2209,2123,2176,2151,2185,2136,2088,2150.6666666666665,2167
NIJJYAXOARWZEE-UHFFFAOYSA-N,2157,2086,2196,2187,2181,2133,2110,2131,2182,2151.4444444444443,2168
GQZQCROBCYNTMU-UHFFFAOYSA-N,2126,2187,2180,2157,2187,2118,2134,2161,2125,2152.777777777778,2169
AUZONCFQVSMFAP-UHFFFAOYSA-N,2140,2122,2170,2131,2188,2166,2154,2147,2195,2157.0,2170
BODKAQWWZBLGOU-UHFFFAOYSA-N,2129,2173,2147,2152,2191,2127,2126,2172,2207,2158.222222222222,2171
GIIGAFADHXYOPM-UHFFFAOYSA-N,2106,2144,2163,2179,2152,2189,2173,2153,2177,2159.5555555555557,2172
QUKGLNCXGVWCJX-UHFFFAOYSA-N,2209,2207,2159,2135,2095,2122,2166,2176,2191,2162.222222222222,2173
GLFDLEXFOHUASB-UHFFFAOYSA-N,2157,2178,2156,2176,2173,2152,2140,2173,2158,2162.5555555555557,2174
XVQUOJBERHHONY-UHFFFAOYSA-N,2188,2168,2181,2141,2170,2161,2208,2116,2133,2162.8888888888887,2175
WBSWOKCKZUNHQV-ZETCQYMHSA-N,2163,2185,2136,2188,2138,2191,2157,2146,2176,2164.4444444444443,2176
WQXNXVUDBPYKBA-YFKPBYRVSA-N,2134,2146,2155,2203,2206,2183,2163,2139,2156,2165.0,2177
QNIVIMYXGGFTAK-UHFFFAOYSA-N,2148,2176,2177,2170,2164,2168,2171,2174,2163,2167.8888888888887,2178
UEMLYRZWLVXWRU-UHFFFAOYSA-N,2108,2181,2149,2166,2195,2197,2170,2193,2154,2168.1111111111113,2179
QTNZYVAMNRDUAD-UHFFFAOYSA-N,2176,2129,2168,2162,2161,2186,2196,2152,2198,2169.777777777778,2180
KJVQYDYPDFFJMP-UHFFFAOYSA-N,2197,2197,2143,2174,2154,2164,2143,2171,2188,2170.1111111111113,2181
XSIOKTWDEOJMGG-UHFFFAOYSA-O,2174,2202,2153,2192,2174,2202,2167,2159,2142,2173.8888888888887,2182
XOZUGNYVDXMRKW-AATRIKPKSA-N,2125,2185,2186,2150,2175,2162,2201,2192,2194,2174.4444444444443,2183
VRDIULHPQTYCLN-UHFFFAOYSA-N,2168,2153,2158,2198,2193,2174,2183,2186,2161,2174.8888888888887,2184
BSMJHJAWPFPTKW-UHFFFAOYSA-N,2180,2159,2168,2171,2180,2185,2184,2167,2184,2175.3333333333335,2185
IFWMVQUGSGWCRP-UHFFFAOYSA-N,2201,2152,2174,2173,2170,2187,2172,2179,2173,2175.6666666666665,2186
GLVAUDGFNGKCSF-UHFFFAOYSA-N,2164,2200,2195,2196,2168,2192,2156,2188,2123,2175.777777777778,2187
DPHUWDIXHNQOSY-UHFFFAOYSA-N,2203,2166,2200,2179,2165,2148,2188,2184,2172,2178.3333333333335,2188
WDVSHHCDHLJJJR-UHFFFAOYSA-N,2200,2179,2187,2194,2181,2177,2177,2157,2157,2178.777777777778,2189
PBZBXDCHQQCLGL-UHFFFAOYSA-M,2177,2205,2165,2144,2198,2208,2179,2132,2206,2179.3333333333335,2190
XIROXSOOOAZHLL-UHFFFAOYSA-N,2193,2196,2171,2201,2159,2170,2153,2185,2196,2180.4444444444443,2191
AERBNCYCJBRYDG-KSZLIROESA-N,2194,2175,2192,2181,2183,2132,2198,2204,2168,2180.777777777778,2192
XBEDAMVJWVPVDS-UHFFFAOYSA-N,2182,2121,2201,2178,2201,2199,2180,2208,2162,2181.3333333333335,2193
SQGYOTSLMSWVJD-UHFFFAOYSA-N,2184,2192,2205,2133,2166,2190,2190,2199,2186,2182.777777777778,2194
OFCNXPDARWKPPY-UHFFFAOYSA-N,2189,2177,2183,2184,2177,2194,2189,2182,2186,2184.5555555555557,2195
DLGOEMSEDOSKAD-UHFFFAOYSA-N,2160,2195,2197,2192,2183,2184,2199,2191,2165,2185.1111111111113,2196
WYWHKKSPHMUBEB-UHFFFAOYSA-N,2199,2190,2188,2205,2197,2179,2162,2178,2181,2186.5555555555557,2197
AAFJXZWCNVJTMK-UHFFFAOYSA-N,2151,2170,2189,2211,2209,2203,2202,2214,2131,2186.6666666666665,2198
KPQZUUQMTUIKBP-UHFFFAOYSA-N,2206,2211,2167,2190,2167,2159,2206,2183,2197,2187.3333333333335,2199
VAPDZNUFNKUROY-UHFFFAOYSA-N,2185,2171,2182,2199,2204,2169,2186,2206,2193,2188.3333333333335,2200
YRYJJIXWWQLGGV-ZWKOTPCHSA-N,2183,2180,2198,2210,2205,2175,2205,2203,2146,2189.4444444444443,2201
PVBQYTCFVWZSJK-UHFFFAOYSA-O,2191,2184,2211,2185,2169,2215,2197,2196,2192,2193.3333333333335,2202
QRXWMOHMRWLFEY-UHFFFAOYSA-N,2179,2209,2193,2211,2190,2207,2192,2196,2203,2197.777777777778,2203
NEUSVAOJNUQRTM-UHFFFAOYSA-N,2204,2183,2202,2189,2200,2196,2182,2210,2215,2197.8888888888887,2204
KIVUHCNVDWYUNP-UHFFFAOYSA-N,2171,2206,2204,2204,2194,2193,2210,2201,2200,2198.1111111111113,2205
DFPAKSUCGFBDDF-UHFFFAOYSA-N,2169,2204,2203,2206,2203,2198,2194,2211,2199,2198.5555555555557,2206
AAFJXZWCNVJTMK-GUCUJZIJSA-N,2202,2203,2208,2183,2178,2201,2214,2187,2213,2198.777777777778,2207
PICXIOQBANWBIZ-UHFFFAOYSA-N,2192,2212,2178,2207,2212,2205,2211,2176,2212,2200.5555555555557,2208
LMBWSYZSUOEYSN-UHFFFAOYSA-N,2211,2201,2212,2202,2189,2214,2200,2190,2190,2201.0,2209
WUBBRNOQWQTFEX-UHFFFAOYSA-N,2212,2198,2207,2197,2207,2204,2207,2198,2209,2204.3333333333335,2210
OEXJBTRYLHGHNY-UHFFFAOYSA-N,2195,2208,2210,2213,2210,2212,2203,2207,2209,2207.4444444444443,2211
UFULAYFCSOUIOV-UHFFFAOYSA-N,2216,2213,2215,2191,2208,2195,2213,2216,2204,2207.8888888888887,2212
REYHXKZHIMGNSE-UHFFFAOYSA-M,2207,2210,2206,2209,2211,2211,2212,2209,2208,2209.222222222222,2213
WSFSSNUMVMOOMR-UHFFFAOYSA-N,2213,2214,2213,2214,2213,2206,2204,2212,2211,2211.1111111111113,2214
MHAJPDPJQMAIIY-UHFFFAOYSA-N,2215,2215,2214,2216,2215,2216,2216,2213,2214,2214.8888888888887,2215
JXTHNDFMNIQAHM-UHFFFAOYSA-N,2214,2216,2216,2215,2216,2213,2215,2215,2216,2215.1111111111113,2216
